#pragma once

#include <cstdint>

constexpr int off_image_width = 320;
constexpr int off_image_height = 240;
const uint16_t off_image[76800] = {
    0x0000, 0x0000, 0x0000, 0x0000, 0x0000, 0x0000, 0x0000, 0x0000, 0x0000, 0x0000, 0x0000, 0x0000, 0x0000, 0x0000, 0x0000, 0x0000,
    0x0000, 0x0000, 0x0000, 0x0000, 0x0000, 0x0000, 0x0000, 0x0000, 0x0000, 0x0000, 0x0000, 0x0000, 0x0000, 0x0000, 0x0000, 0x0000,
    0x0000, 0x0000, 0x0000, 0x0000, 0x0000, 0x0000, 0x0000, 0x0000, 0x0000, 0x0000, 0x0000, 0x0000, 0x0000, 0x0000, 0x0000, 0x0000,
    0x0000, 0x0000, 0x0000, 0x0000, 0x0000, 0x0000, 0x0000, 0x0000, 0x0000, 0x0000, 0x0000, 0x0000, 0x0000, 0x0000, 0x0000, 0x0000,
    0x0000, 0x0000, 0x0000, 0x0000, 0x0000, 0x0000, 0x0000, 0x0000, 0x0000, 0x0000, 0x0000, 0x0000, 0x0000, 0x0000, 0x0000, 0x0000,
    0x0000, 0x0000, 0x0000, 0x0000, 0x0000, 0x0000, 0x0000, 0x0000, 0x0000, 0x0000, 0x0000, 0x0000, 0x0000, 0x0000, 0x0000, 0x0000,
    0x0000, 0x0000, 0x0000, 0x0000, 0x0000, 0x0000, 0x0000, 0x0000, 0x0000, 0x0000, 0x0000, 0x0000, 0x0000, 0x0000, 0x0000, 0x0000,
    0x0000, 0x0000, 0x0000, 0x0000, 0x0000, 0x0000, 0x0000, 0x0000, 0x0000, 0x0000, 0x0000, 0x0000, 0x0000, 0x0000, 0x0000, 0x0000,
    0x0000, 0x0000, 0x0000, 0x0000, 0x0000, 0x0000, 0x0000, 0x0000, 0x0000, 0x0000, 0x0000, 0x0000, 0x0000, 0x0000, 0x0000, 0x0000,
    0x0000, 0x0000, 0x0000, 0x0000, 0x0000, 0x0000, 0x0000, 0x0000, 0x0000, 0x0000, 0x0000, 0x0000, 0x0000, 0x0000, 0x0000, 0x0000,
    0x0000, 0x0000, 0x0000, 0x0000, 0x0000, 0x0000, 0x0000, 0x0000, 0x0000, 0x0000, 0x0000, 0x0000, 0x0000, 0x0000, 0x0000, 0x0000,
    0x0000, 0x0000, 0x0000, 0x0000, 0x0000, 0x0000, 0x0000, 0x0000, 0x0000, 0x0000, 0x0000, 0x0000, 0x0000, 0x0000, 0x0000, 0x0000,
    0x0000, 0x0000, 0x0000, 0x0000, 0x0000, 0x0000, 0x0000, 0x0000, 0x0000, 0x0000, 0x0000, 0x0000, 0x0000, 0x0000, 0x0000, 0x0000,
    0x0000, 0x0000, 0x0000, 0x0000, 0x0000, 0x0000, 0x0000, 0x0000, 0x0000, 0x0000, 0x0000, 0x0000, 0x0000, 0x0000, 0x0000, 0x0000,
    0x0000, 0x0000, 0x0000, 0x0000, 0x0000, 0x0000, 0x0000, 0x0000, 0x0000, 0x0000, 0x0000, 0x0000, 0x0000, 0x0000, 0x0000, 0x0000,
    0x0000, 0x0000, 0x0000, 0x0000, 0x0000, 0x0000, 0x0000, 0x0000, 0x0000, 0x0000, 0x0000, 0x0000, 0x0000, 0x0000, 0x0000, 0x0000,
    0x0000, 0x0000, 0x0000, 0x0000, 0x0000, 0x0000, 0x0000, 0x0000, 0x0000, 0x0000, 0x0000, 0x0000, 0x0000, 0x0000, 0x0000, 0x0000,
    0x0000, 0x0000, 0x0000, 0x0000, 0x0000, 0x0000, 0x0000, 0x0000, 0x0000, 0x0000, 0x0000, 0x0000, 0x0000, 0x0000, 0x0000, 0x0000,
    0x0000, 0x0000, 0x0000, 0x0000, 0x0000, 0x0000, 0x0000, 0x0000, 0x0000, 0x0000, 0x0000, 0x0000, 0x0000, 0x0000, 0x0000, 0x0000,
    0x0000, 0x0000, 0x0000, 0x0000, 0x0000, 0x0000, 0x0000, 0x0000, 0x0000, 0x0000, 0x0000, 0x0000, 0x0000, 0x0000, 0x0000, 0x0000,
    0x0000, 0x0000, 0x0000, 0x0000, 0x0000, 0x0000, 0x0000, 0x0000, 0x0000, 0x0000, 0x0000, 0x0000, 0x0000, 0x0000, 0x0000, 0x0000,
    0x0000, 0x0000, 0x0000, 0x0000, 0x0000, 0x0000, 0x0000, 0x0000, 0x0000, 0x0000, 0x0000, 0x0000, 0x0000, 0x0000, 0x0000, 0x0000,
    0x0000, 0x0000, 0x0000, 0x0000, 0x0000, 0x0000, 0x0000, 0x0000, 0x0000, 0x0000, 0x0000, 0x0000, 0x0000, 0x0000, 0x0000, 0x0000,
    0x0000, 0x0000, 0x0000, 0x0000, 0x0000, 0x0000, 0x0000, 0x0000, 0x0000, 0x0000, 0x0000, 0x0000, 0x0000, 0x0000, 0x0000, 0x0000,
    0x0000, 0x0000, 0x0000, 0x0000, 0x0000, 0x0000, 0x0000, 0x0000, 0x0000, 0x0000, 0x0000, 0x0000, 0x0000, 0x0000, 0x0000, 0x0000,
    0x0000, 0x0000, 0x0000, 0x0000, 0x0000, 0x0000, 0x0000, 0x0000, 0x0000, 0x0000, 0x0000, 0x0000, 0x0000, 0x0000, 0x0000, 0x0000,
    0x0000, 0x0000, 0x0000, 0x0000, 0x0000, 0x0000, 0x0000, 0x0000, 0x0000, 0x0000, 0x0000, 0x0000, 0x0000, 0x0000, 0x0000, 0x0000,
    0x0000, 0x0000, 0x0000, 0x0000, 0x0000, 0x0000, 0x0000, 0x0000, 0x0000, 0x0000, 0x0000, 0x0000, 0x0000, 0x0000, 0x0000, 0x0000,
    0x0000, 0x0000, 0x0000, 0x0000, 0x0000, 0x0000, 0x0000, 0x0000, 0x0000, 0x0000, 0x0000, 0x0000, 0x0000, 0x0000, 0x0000, 0x0000,
    0x0000, 0x0000, 0x0000, 0x0000, 0x0000, 0x0000, 0x0000, 0x0000, 0x0000, 0x0000, 0x0000, 0x0000, 0x0000, 0x0000, 0x0000, 0x0000,
    0x0000, 0x0000, 0x0000, 0x0000, 0x0000, 0x0000, 0x0000, 0x0000, 0x0000, 0x0000, 0x0000, 0x0000, 0x0000, 0x0000, 0x0000, 0x0000,
    0x0000, 0x0000, 0x0000, 0x0000, 0x0000, 0x0000, 0x0000, 0x0000, 0x0000, 0x0000, 0x0000, 0x0000, 0x0000, 0x0000, 0x0000, 0x0000,
    0x0000, 0x0000, 0x0000, 0x0000, 0x0000, 0x0000, 0x0000, 0x0000, 0x0000, 0x0000, 0x0000, 0x0000, 0x0000, 0x0000, 0x0000, 0x0000,
    0x0000, 0x0000, 0x0000, 0x0000, 0x0000, 0x0000, 0x0000, 0x0000, 0x0000, 0x0000, 0x0000, 0x0000, 0x0000, 0x0000, 0x0000, 0x0000,
    0x0000, 0x0000, 0x0000, 0x0000, 0x0000, 0x0000, 0x0000, 0x0000, 0x0000, 0x0000, 0x0000, 0x0000, 0x0000, 0x0000, 0x0000, 0x0000,
    0x0000, 0x0000, 0x0000, 0x0000, 0x0000, 0x0000, 0x0000, 0x0000, 0x0000, 0x0000, 0x0000, 0x0000, 0x0000, 0x0000, 0x0000, 0x0000,
    0x0000, 0x0000, 0x0000, 0x0000, 0x0000, 0x0000, 0x0000, 0x0000, 0x0000, 0x0000, 0x0000, 0x0000, 0x0000, 0x0000, 0x0000, 0x0000,
    0x0000, 0x0000, 0x0000, 0x0000, 0x0000, 0x0000, 0x0000, 0x0000, 0x0000, 0x0000, 0x0000, 0x0000, 0x0000, 0x0000, 0x0000, 0x0000,
    0x0000, 0x0000, 0x0000, 0x0000, 0x0000, 0x0000, 0x0000, 0x0000, 0x0000, 0x0000, 0x0000, 0x0000, 0x0000, 0x0000, 0x0000, 0x0000,
    0x0000, 0x0000, 0x0000, 0x0000, 0x0000, 0x0000, 0x0000, 0x0000, 0x0000, 0x0000, 0x0000, 0x0000, 0x0000, 0x0000, 0x0000, 0x0000,
    0x0000, 0x0000, 0x0000, 0x0000, 0x0000, 0x0000, 0x0000, 0x0000, 0x0000, 0x0000, 0x0000, 0x0000, 0x0000, 0x0000, 0x0000, 0x0000,
    0x0000, 0x0000, 0x0000, 0x0000, 0x0000, 0x0000, 0x0000, 0x0000, 0x0000, 0x0000, 0x0000, 0x0000, 0x0000, 0x0000, 0x0000, 0x0000,
    0x0000, 0x0000, 0x0000, 0x0000, 0x0000, 0x0000, 0x0000, 0x0000, 0x0000, 0x0000, 0x0000, 0x0000, 0x0000, 0x0000, 0x0000, 0x0000,
    0x0000, 0x0000, 0x0000, 0x0000, 0x0000, 0x0000, 0x0000, 0x0000, 0x0000, 0x0000, 0x0000, 0x0000, 0x0000, 0x0000, 0x0000, 0x0000,
    0x0000, 0x0000, 0x0000, 0x0000, 0x0000, 0x0000, 0x0000, 0x0000, 0x0000, 0x0000, 0x0000, 0x0000, 0x0000, 0x0000, 0x0000, 0x0000,
    0x0000, 0x0000, 0x0000, 0x0000, 0x0000, 0x0000, 0x0000, 0x0000, 0x0000, 0x0000, 0x0000, 0x0000, 0x0000, 0x0000, 0x0000, 0x0000,
    0x0000, 0x0000, 0x0000, 0x0000, 0x0000, 0x0000, 0x0000, 0x0000, 0x0000, 0x0000, 0x0000, 0x0000, 0x0000, 0x0000, 0x0000, 0x0000,
    0x0000, 0x0000, 0x0000, 0x0000, 0x0000, 0x0000, 0x0000, 0x0000, 0x0000, 0x0000, 0x0000, 0x0000, 0x0000, 0x0000, 0x0000, 0x0000,
    0x0000, 0x0000, 0x0000, 0x0000, 0x0000, 0x0000, 0x0000, 0x0000, 0x0000, 0x0000, 0x0000, 0x0000, 0x0000, 0x0000, 0x0000, 0x0000,
    0x0000, 0x0000, 0x0000, 0x0000, 0x0000, 0x0000, 0x0000, 0x0000, 0x0000, 0x0000, 0x0000, 0x0000, 0x0000, 0x0000, 0x0000, 0x0000,
    0x0000, 0x0000, 0x0000, 0x0000, 0x0000, 0x0000, 0x0000, 0x0000, 0x0000, 0x0000, 0x0000, 0x0000, 0x0000, 0x0000, 0x0000, 0x0000,
    0x0000, 0x0000, 0x0000, 0x0000, 0x0000, 0x0000, 0x0000, 0x0000, 0x0000, 0x0000, 0x0000, 0x0000, 0x0000, 0x0000, 0x0000, 0x0000,
    0x0000, 0x0000, 0x0000, 0x0000, 0x0000, 0x0000, 0x0000, 0x0000, 0x0000, 0x0000, 0x0000, 0x0000, 0x0000, 0x0000, 0x0000, 0x0000,
    0x0000, 0x0000, 0x0000, 0x0000, 0x0000, 0x0000, 0x0000, 0x0000, 0x0000, 0x0000, 0x0000, 0x0000, 0x0000, 0x0000, 0x0000, 0x0000,
    0x0000, 0x0000, 0x0000, 0x0000, 0x0000, 0x0000, 0x0000, 0x0000, 0x0000, 0x0000, 0x0000, 0x0000, 0x0000, 0x0000, 0x0000, 0x0000,
    0x0000, 0x0000, 0x0000, 0x0000, 0x0000, 0x0000, 0x0000, 0x0000, 0x0000, 0x0000, 0x0000, 0x0000, 0x0000, 0x0000, 0x0000, 0x0000,
    0x0000, 0x0000, 0x0000, 0x0000, 0x0000, 0x0000, 0x0000, 0x0000, 0x0000, 0x0000, 0x0000, 0x0000, 0x0000, 0x0000, 0x0000, 0x0000,
    0x0000, 0x0000, 0x0000, 0x0000, 0x0000, 0x0000, 0x0000, 0x0000, 0x0000, 0x0000, 0x0000, 0x0000, 0x0000, 0x0000, 0x0000, 0x0000,
    0x0000, 0x0000, 0x0000, 0x0000, 0x0000, 0x0000, 0x0000, 0x0000, 0x0000, 0x0000, 0x0000, 0x0000, 0x0000, 0x0000, 0x0000, 0x0000,
    0x0000, 0x0000, 0x0000, 0x0000, 0x0000, 0x0000, 0x0000, 0x0000, 0x0000, 0x0000, 0x0000, 0x0000, 0x0000, 0x0000, 0x0000, 0x0000,
    0x0000, 0x0000, 0x0000, 0x0000, 0x0000, 0x0000, 0x0000, 0x0000, 0x0000, 0x0000, 0x0000, 0x0000, 0x0000, 0x0000, 0x0000, 0x0000,
    0x0000, 0x0000, 0x0000, 0x0000, 0x0000, 0x0000, 0x0000, 0x0000, 0x0000, 0x0000, 0x0000, 0x0000, 0x0000, 0x0000, 0x0000, 0x0000,
    0x0000, 0x0000, 0x0000, 0x0000, 0x0000, 0x0000, 0x0000, 0x0000, 0x0000, 0x0000, 0x0000, 0x0000, 0x0000, 0x0000, 0x0000, 0x0000,
    0x0000, 0x0000, 0x0000, 0x0000, 0x0000, 0x0000, 0x0000, 0x0000, 0x0000, 0x0000, 0x0000, 0x0000, 0x0000, 0x0000, 0x0000, 0x0000,
    0x0000, 0x0000, 0x0000, 0x0000, 0x0000, 0x0000, 0x0000, 0x0000, 0x0000, 0x0000, 0x0000, 0x0000, 0x0000, 0x0000, 0x0000, 0x0000,
    0x0000, 0x0000, 0x0000, 0x0000, 0x0000, 0x0000, 0x0000, 0x0000, 0x0000, 0x0000, 0x0000, 0x0000, 0x0000, 0x0000, 0x0000, 0x0000,
    0x0000, 0x0000, 0x0000, 0x0000, 0x0000, 0x0000, 0x0000, 0x0000, 0x0000, 0x0000, 0x0000, 0x0000, 0x0000, 0x0000, 0x0000, 0x0000,
    0x0000, 0x0000, 0x0000, 0x0000, 0x0000, 0x0000, 0x0000, 0x0000, 0x0000, 0x0000, 0x0000, 0x0000, 0x0000, 0x0000, 0x0000, 0x0000,
    0x0000, 0x0000, 0x0000, 0x0000, 0x0000, 0x0000, 0x0000, 0x0000, 0x0000, 0x0000, 0x0000, 0x0000, 0x0000, 0x0000, 0x0000, 0x0000,
    0x0000, 0x0000, 0x0000, 0x0000, 0x0000, 0x0000, 0x0000, 0x0000, 0x0000, 0x0000, 0x0000, 0x0000, 0x0000, 0x0000, 0x0000, 0x0000,
    0x0000, 0x0000, 0x0000, 0x0000, 0x0000, 0x0000, 0x0000, 0x0000, 0x0000, 0x0000, 0x0000, 0x0000, 0x0000, 0x0000, 0x0000, 0x0000,
    0x0000, 0x0000, 0x0000, 0x0000, 0x0000, 0x0000, 0x0000, 0x0000, 0x0000, 0x0000, 0x0000, 0x0000, 0x0000, 0x0000, 0x0000, 0x0000,
    0x0000, 0x0000, 0x0000, 0x0000, 0x0000, 0x0000, 0x0000, 0x0000, 0x0000, 0x0000, 0x0000, 0x0000, 0x0000, 0x0000, 0x0000, 0x0000,
    0x0000, 0x0000, 0x0000, 0x0000, 0x0000, 0x0000, 0x0000, 0x0000, 0x0000, 0x0000, 0x0000, 0x0000, 0x0000, 0x0000, 0x0000, 0x0000,
    0x0000, 0x0000, 0x0000, 0x0000, 0x0000, 0x0000, 0x0000, 0x0000, 0x0000, 0x0000, 0x0000, 0x0000, 0x0000, 0x0000, 0x0000, 0x0000,
    0x0000, 0x0000, 0x0000, 0x0000, 0x0000, 0x0000, 0x0000, 0x0000, 0x0000, 0x0000, 0x0000, 0x0000, 0x0000, 0x0000, 0x0000, 0x0000,
    0x0000, 0x0000, 0x0000, 0x0000, 0x0000, 0x0000, 0x0000, 0x0000, 0x0000, 0x0000, 0x0000, 0x0000, 0x0000, 0x0000, 0x0000, 0x0000,
    0x0000, 0x0000, 0x0000, 0x0000, 0x0000, 0x0000, 0x0000, 0x0000, 0x0000, 0x0000, 0x0000, 0x0000, 0x0000, 0x0000, 0x0000, 0x0000,
    0x0000, 0x0000, 0x0000, 0x0000, 0x0000, 0x0000, 0x0000, 0x0000, 0x0000, 0x0000, 0x0000, 0x0000, 0x0000, 0x0000, 0x0000, 0x0000,
    0x0000, 0x0000, 0x0000, 0x0000, 0x0000, 0x0000, 0x0000, 0x0000, 0x0000, 0x0000, 0x0000, 0x0000, 0x0000, 0x0000, 0x0000, 0x0000,
    0x0000, 0x0000, 0x0000, 0x0000, 0x0000, 0x0000, 0x0000, 0x0000, 0x0000, 0x0000, 0x0000, 0x0000, 0x0000, 0x0000, 0x0000, 0x0000,
    0x0000, 0x0000, 0x0000, 0x0000, 0x0000, 0x0000, 0x0000, 0x0000, 0x0000, 0x0000, 0x0000, 0x0000, 0x0000, 0x0000, 0x0000, 0x0000,
    0x0000, 0x0000, 0x0000, 0x0000, 0x0000, 0x0000, 0x0000, 0x0000, 0x0000, 0x0000, 0x0000, 0x0000, 0x0000, 0x0000, 0x0000, 0x0000,
    0x0000, 0x0000, 0x0000, 0x0000, 0x0000, 0x0000, 0x0000, 0x0000, 0x0000, 0x0000, 0x0000, 0x0000, 0x0000, 0x0000, 0x0000, 0x0000,
    0x0000, 0x0000, 0x0000, 0x0000, 0x0000, 0x0000, 0x0000, 0x0000, 0x0000, 0x0000, 0x0000, 0x0000, 0x0000, 0x0000, 0x0000, 0x0000,
    0x0000, 0x0000, 0x0000, 0x0000, 0x0000, 0x0000, 0x0000, 0x0000, 0x0000, 0x0000, 0x0000, 0x0000, 0x0000, 0x0000, 0x0000, 0x0000,
    0x0000, 0x0000, 0x0000, 0x0000, 0x0000, 0x0000, 0x0000, 0x0000, 0x0000, 0x0000, 0x0000, 0x0000, 0x0000, 0x0000, 0x0000, 0x0000,
    0x0000, 0x0000, 0x0000, 0x0000, 0x0000, 0x0000, 0x0000, 0x0000, 0x0000, 0x0000, 0x0000, 0x0000, 0x0000, 0x0000, 0x0000, 0x0000,
    0x0000, 0x0000, 0x0000, 0x0000, 0x0000, 0x0000, 0x0000, 0x0000, 0x0000, 0x0000, 0x0000, 0x0000, 0x0000, 0x0000, 0x0000, 0x0000,
    0x0000, 0x0000, 0x0000, 0x0000, 0x0000, 0x0000, 0x0000, 0x0000, 0x0000, 0x0000, 0x0000, 0x0000, 0x0000, 0x0000, 0x0000, 0x0000,
    0x0000, 0x0000, 0x0000, 0x0000, 0x0000, 0x0000, 0x0000, 0x0000, 0x0000, 0x0000, 0x0000, 0x0000, 0x0000, 0x0000, 0x0000, 0x0000,
    0x0000, 0x0000, 0x0000, 0x0000, 0x0000, 0x0000, 0x0000, 0x0000, 0x0000, 0x0000, 0x0000, 0x0000, 0x0000, 0x0000, 0x0000, 0x0000,
    0x0000, 0x0000, 0x0000, 0x0000, 0x0000, 0x0000, 0x0000, 0x0000, 0x0000, 0x0000, 0x0000, 0x0000, 0x0000, 0x0000, 0x0000, 0x0000,
    0x0000, 0x0000, 0x0000, 0x0000, 0x0000, 0x0000, 0x0000, 0x0000, 0x0000, 0x0000, 0x0000, 0x0000, 0x0000, 0x0000, 0x0000, 0x0000,
    0x0000, 0x0000, 0x0000, 0x0000, 0x0000, 0x0000, 0x0000, 0x0000, 0x0000, 0x0000, 0x0000, 0x0000, 0x0000, 0x0000, 0x0000, 0x0000,
    0x0000, 0x0000, 0x0000, 0x0000, 0x0000, 0x0000, 0x0000, 0x0000, 0x0000, 0x0000, 0x0000, 0x0000, 0x0000, 0x0000, 0x0000, 0x0000,
    0x0000, 0x0000, 0x0000, 0x0000, 0x0000, 0x0000, 0x0000, 0x0000, 0x0000, 0x0000, 0x0000, 0x0000, 0x0000, 0x0000, 0x0000, 0x0000,
    0x0000, 0x0000, 0x0000, 0x0000, 0x0000, 0x0000, 0x0000, 0x0000, 0x0000, 0x0000, 0x0000, 0x0000, 0x0000, 0x0000, 0x0000, 0x0000,
    0x0000, 0x0000, 0x0000, 0x0000, 0x0000, 0x0000, 0x0000, 0x0000, 0x0000, 0x0000, 0x0000, 0x0000, 0x0000, 0x0000, 0x0000, 0x0000,
    0x0000, 0x0000, 0x0000, 0x0000, 0x0000, 0x0000, 0x0000, 0x0000, 0x0000, 0x0000, 0x0000, 0x0000, 0x0000, 0x0000, 0x0000, 0x0000,
    0x0000, 0x0000, 0x0000, 0x0000, 0x0000, 0x0000, 0x0000, 0x0000, 0x0000, 0x0000, 0x0000, 0x0000, 0x0000, 0x0000, 0x0000, 0x0000,
    0x0000, 0x0000, 0x0000, 0x0000, 0x0000, 0x0000, 0x0000, 0x0000, 0x0000, 0x0000, 0x0000, 0x0000, 0x0000, 0x0000, 0x0000, 0x0000,
    0x0000, 0x0000, 0x0000, 0x0000, 0x0000, 0x0000, 0x0000, 0x0000, 0x0000, 0x0000, 0x0000, 0x0000, 0x0000, 0x0000, 0x0000, 0x0000,
    0x0000, 0x0000, 0x0000, 0x0000, 0x0000, 0x0000, 0x0000, 0x0000, 0x0000, 0x0000, 0x0000, 0x0000, 0x0000, 0x0000, 0x0000, 0x0000,
    0x0000, 0x0000, 0x0000, 0x0000, 0x0000, 0x0000, 0x0000, 0x0000, 0x0000, 0x0000, 0x0000, 0x0000, 0x0000, 0x0000, 0x0000, 0x0000,
    0x0000, 0x0000, 0x0000, 0x0000, 0x0000, 0x0000, 0x0000, 0x0000, 0x0000, 0x0000, 0x0000, 0x0000, 0x0000, 0x0000, 0x0000, 0x0000,
    0x0000, 0x0000, 0x0000, 0x0000, 0x0000, 0x0000, 0x0000, 0x0000, 0x0000, 0x0000, 0x0000, 0x0000, 0x0000, 0x0000, 0x0000, 0x0000,
    0x0000, 0x0000, 0x0000, 0x0000, 0x0000, 0x0000, 0x0000, 0x0000, 0x0000, 0x0000, 0x0000, 0x0000, 0x0000, 0x0000, 0x0000, 0x0000,
    0x0000, 0x0000, 0x0000, 0x0000, 0x0000, 0x0000, 0x0000, 0x0000, 0x0000, 0x0000, 0x0000, 0x0000, 0x0000, 0x0000, 0x0000, 0x0000,
    0x0000, 0x0000, 0x0000, 0x0000, 0x0000, 0x0000, 0x0000, 0x0000, 0x0000, 0x0000, 0x0000, 0x0000, 0x0000, 0x0000, 0x0000, 0x0000,
    0x0000, 0x0000, 0x0000, 0x0000, 0x0000, 0x0000, 0x0000, 0x0000, 0x0000, 0x0000, 0x0000, 0x0000, 0x0000, 0x0000, 0x0000, 0x0000,
    0x0000, 0x0000, 0x0000, 0x0000, 0x0000, 0x0000, 0x0000, 0x0000, 0x0000, 0x0000, 0x0000, 0x0000, 0x0000, 0x0000, 0x0000, 0x0000,
    0x0000, 0x0000, 0x0000, 0x0000, 0x0000, 0x0000, 0x0000, 0x0000, 0x0000, 0x0000, 0x0000, 0x0000, 0x0000, 0x0000, 0x0000, 0x0000,
    0x0000, 0x0000, 0x0000, 0x0000, 0x0000, 0x0000, 0x0000, 0x0000, 0x0000, 0x0000, 0x0000, 0x0000, 0x0000, 0x0000, 0x0000, 0x0000,
    0x0000, 0x0000, 0x0000, 0x0000, 0x0000, 0x0000, 0x0000, 0x0000, 0x0000, 0x0000, 0x0000, 0x0000, 0x0000, 0x0000, 0x0000, 0x0000,
    0x0000, 0x0000, 0x0000, 0x0000, 0x0000, 0x0000, 0x0000, 0x0000, 0x0000, 0x0000, 0x0000, 0x0000, 0x0000, 0x0000, 0x0000, 0x0000,
    0x0000, 0x0000, 0x0000, 0x0000, 0x0000, 0x0000, 0x0000, 0x0000, 0x0000, 0x0000, 0x0000, 0x0000, 0x0000, 0x0000, 0x0000, 0x0000,
    0x0000, 0x0000, 0x0000, 0x0000, 0x0000, 0x0000, 0x0000, 0x0000, 0x0000, 0x0000, 0x0000, 0x0000, 0x0000, 0x0000, 0x0000, 0x0000,
    0x0000, 0x0000, 0x0000, 0x0000, 0x0000, 0x0000, 0x0000, 0x0000, 0x0000, 0x0000, 0x0000, 0x0000, 0x0000, 0x0000, 0x0000, 0x0000,
    0x0000, 0x0000, 0x0000, 0x0000, 0x0000, 0x0000, 0x0000, 0x0000, 0x0000, 0x0000, 0x0000, 0x0000, 0x0000, 0x0000, 0x0000, 0x0000,
    0x0000, 0x0000, 0x0000, 0x0000, 0x0000, 0x0000, 0x0000, 0x0000, 0x0000, 0x0000, 0x0000, 0x0000, 0x0000, 0x0000, 0x0000, 0x0000,
    0x0000, 0x0000, 0x0000, 0x0000, 0x0000, 0x0000, 0x0000, 0x0000, 0x0000, 0x0000, 0x0000, 0x0000, 0x0000, 0x0000, 0x0000, 0x0000,
    0x0000, 0x0000, 0x0000, 0x0000, 0x0000, 0x0000, 0x0000, 0x0000, 0x0000, 0x0000, 0x0000, 0x0000, 0x0000, 0x0000, 0x0000, 0x0000,
    0x0000, 0x0000, 0x0000, 0x0000, 0x0000, 0x0000, 0x0000, 0x0000, 0x0000, 0x0000, 0x0000, 0x0000, 0x0000, 0x0000, 0x0000, 0x0000,
    0x0000, 0x0000, 0x0000, 0x0000, 0x0000, 0x0000, 0x0000, 0x0000, 0x0000, 0x0000, 0x0000, 0x0000, 0x0000, 0x0000, 0x0000, 0x0000,
    0x0000, 0x0000, 0x0000, 0x0000, 0x0000, 0x0000, 0x0000, 0x0000, 0x0000, 0x0000, 0x0000, 0x0000, 0x0000, 0x0000, 0x0000, 0x0000,
    0x0000, 0x0000, 0x0000, 0x0000, 0x0000, 0x0000, 0x0000, 0x0000, 0x0000, 0x0000, 0x0000, 0x0000, 0x0000, 0x0000, 0x0000, 0x0000,
    0x0000, 0x0000, 0x0000, 0x0000, 0x0000, 0x0000, 0x0000, 0x0000, 0x0000, 0x0000, 0x0000, 0x0000, 0x0000, 0x0000, 0x0000, 0x0000,
    0x0000, 0x0000, 0x0000, 0x0000, 0x0000, 0x0000, 0x0000, 0x0000, 0x0000, 0x0000, 0x0000, 0x0000, 0x0000, 0x0000, 0x0000, 0x0000,
    0x0000, 0x0000, 0x0000, 0x0000, 0x0000, 0x0000, 0x0000, 0x0000, 0x0000, 0x0000, 0x0000, 0x0000, 0x0000, 0x0000, 0x0000, 0x0000,
    0x0000, 0x0000, 0x0000, 0x0000, 0x0000, 0x0000, 0x0000, 0x0000, 0x0000, 0x0000, 0x0000, 0x0000, 0x0000, 0x0000, 0x0000, 0x0000,
    0x0000, 0x0000, 0x0000, 0x0000, 0x0000, 0x0000, 0x0000, 0x0000, 0x0000, 0x0000, 0x0000, 0x0000, 0x0000, 0x0000, 0x0000, 0x0000,
    0x0000, 0x0000, 0x0000, 0x0000, 0x0000, 0x0000, 0x0000, 0x0000, 0x0000, 0x0000, 0x0000, 0x0000, 0x0000, 0x0000, 0x0000, 0x0000,
    0x0000, 0x0000, 0x0000, 0x0000, 0x0000, 0x0000, 0x0000, 0x0000, 0x0000, 0x0000, 0x0000, 0x0000, 0x0000, 0x0000, 0x0000, 0x0000,
    0x0000, 0x0000, 0x0000, 0x0000, 0x0000, 0x0000, 0x0000, 0x0000, 0x0000, 0x0000, 0x0000, 0x0000, 0x0000, 0x0000, 0x0000, 0x0000,
    0x0000, 0x0000, 0x0000, 0x0000, 0x0000, 0x0000, 0x0000, 0x0000, 0x0000, 0x0000, 0x0000, 0x0000, 0x0000, 0x0000, 0x0000, 0x0000,
    0x0000, 0x0000, 0x0000, 0x0000, 0x0000, 0x0000, 0x0000, 0x0000, 0x0000, 0x0000, 0x0000, 0x0000, 0x0000, 0x0000, 0x0000, 0x0000,
    0x0000, 0x0000, 0x0000, 0x0000, 0x0000, 0x0000, 0x0000, 0x0000, 0x0000, 0x0000, 0x0000, 0x0000, 0x0000, 0x0000, 0x0000, 0x0000,
    0x0000, 0x0000, 0x0000, 0x0000, 0x0000, 0x0000, 0x0000, 0x0000, 0x0000, 0x0000, 0x0000, 0x0000, 0x0000, 0x0000, 0x0000, 0x0000,
    0x0000, 0x0000, 0x0000, 0x0000, 0x0000, 0x0000, 0x0000, 0x0000, 0x0000, 0x0000, 0x0000, 0x0000, 0x0000, 0x0000, 0x0000, 0x0000,
    0x0000, 0x0000, 0x0000, 0x0000, 0x0000, 0x0000, 0x0000, 0x0000, 0x0000, 0x0000, 0x0000, 0x0000, 0x0000, 0x0000, 0x0000, 0x0000,
    0x0000, 0x0000, 0x0000, 0x0000, 0x0000, 0x0000, 0x0000, 0x0000, 0x0000, 0x0000, 0x0000, 0x0000, 0x0000, 0x0000, 0x0000, 0x0000,
    0x0000, 0x0000, 0x0000, 0x0000, 0x0000, 0x0000, 0x0000, 0x0000, 0x0000, 0x0000, 0x0000, 0x0000, 0x0000, 0x0000, 0x0000, 0x0000,
    0x0000, 0x0000, 0x0000, 0x0000, 0x0000, 0x0000, 0x0000, 0x0000, 0x0000, 0x0000, 0x0000, 0x0000, 0x0000, 0x0000, 0x0000, 0x0000,
    0x0000, 0x0000, 0x0000, 0x0000, 0x0000, 0x0000, 0x0000, 0x0000, 0x0000, 0x0000, 0x0000, 0x0000, 0x0000, 0x0000, 0x0000, 0x0000,
    0x0000, 0x0000, 0x0000, 0x0000, 0x0000, 0x0000, 0x0000, 0x0000, 0x0000, 0x0000, 0x0000, 0x0000, 0x0000, 0x0000, 0x0000, 0x0000,
    0x0000, 0x0000, 0x0000, 0x0000, 0x0000, 0x0000, 0x0000, 0x0000, 0x0000, 0x0000, 0x0000, 0x0000, 0x0000, 0x0000, 0x0000, 0x0000,
    0x0000, 0x0000, 0x0000, 0x0000, 0x0000, 0x0000, 0x0000, 0x0000, 0x0000, 0x0000, 0x0000, 0x0000, 0x0000, 0x0000, 0x0000, 0x0000,
    0x0000, 0x0000, 0x0000, 0x0000, 0x0000, 0x0000, 0x0000, 0x0000, 0x0000, 0x0000, 0x0000, 0x0000, 0x0000, 0x0000, 0x0000, 0x0000,
    0x0000, 0x0000, 0x0000, 0x0000, 0x0000, 0x0000, 0x0000, 0x0000, 0x0000, 0x0000, 0x0000, 0x0000, 0x0000, 0x0000, 0x0000, 0x0000,
    0x0000, 0x0000, 0x0000, 0x0000, 0x0000, 0x0000, 0x0000, 0x0000, 0x0000, 0x0000, 0x0000, 0x0000, 0x0000, 0x0000, 0x0000, 0x0000,
    0x0000, 0x0000, 0x0000, 0x0000, 0x0000, 0x0000, 0x0000, 0x0000, 0x0000, 0x0000, 0x0000, 0x0000, 0x0000, 0x0000, 0x0000, 0x0000,
    0x0000, 0x0000, 0x0000, 0x0000, 0x0000, 0x0000, 0x0000, 0x0000, 0x0000, 0x0000, 0x0000, 0x0000, 0x0000, 0x0000, 0x0000, 0x0000,
    0x0000, 0x0000, 0x0000, 0x0000, 0x0000, 0x0000, 0x0000, 0x0000, 0x0000, 0x0000, 0x0000, 0x0000, 0x0000, 0x0000, 0x0000, 0x0000,
    0x0000, 0x0000, 0x0000, 0x0000, 0x0000, 0x0000, 0x0000, 0x0000, 0x0000, 0x0000, 0x0000, 0x0000, 0x0000, 0x0000, 0x0000, 0x0000,
    0x0000, 0x0000, 0x0000, 0x0000, 0x0000, 0x0000, 0x0000, 0x0000, 0x0000, 0x0000, 0x0000, 0x0000, 0x0000, 0x0000, 0x0000, 0x0000,
    0x0000, 0x0000, 0x0000, 0x0000, 0x0000, 0x0000, 0x0000, 0x0000, 0x0000, 0x0000, 0x0000, 0x0000, 0x0000, 0x0000, 0x0000, 0x0000,
    0x0000, 0x0000, 0x0000, 0x0000, 0x0000, 0x0000, 0x0000, 0x0000, 0x0000, 0x0000, 0x0000, 0x0000, 0x0000, 0x0000, 0x0000, 0x0000,
    0x0000, 0x0000, 0x0000, 0x0000, 0x0000, 0x0000, 0x0000, 0x0000, 0x0000, 0x0000, 0x0000, 0x0000, 0x0000, 0x0000, 0x0000, 0x0000,
    0x0000, 0x0000, 0x0000, 0x0000, 0x0000, 0x0000, 0x0000, 0x0000, 0x0000, 0x0000, 0x0000, 0x0000, 0x0000, 0x0000, 0x0000, 0x0000,
    0x0000, 0x0000, 0x0000, 0x0000, 0x0000, 0x0000, 0x0000, 0x0000, 0x0000, 0x0000, 0x0000, 0x0000, 0x0000, 0x0000, 0x0000, 0x0000,
    0x0000, 0x0000, 0x0000, 0x0000, 0x0000, 0x0000, 0x0000, 0x0000, 0x0000, 0x0000, 0x0000, 0x0000, 0x0000, 0x0000, 0x0000, 0x0000,
    0x0000, 0x0000, 0x0000, 0x0000, 0x0000, 0x0000, 0x0000, 0x0000, 0x0000, 0x0000, 0x0000, 0x0000, 0x0000, 0x0000, 0x0000, 0x0000,
    0x0000, 0x0000, 0x0000, 0x0000, 0x0000, 0x0000, 0x0000, 0x0000, 0x0000, 0x0000, 0x0000, 0x0000, 0x0000, 0x0000, 0x0000, 0x0000,
    0x0000, 0x0000, 0x0000, 0x0000, 0x0000, 0x0000, 0x0000, 0x0000, 0x0000, 0x0000, 0x0000, 0x0000, 0x0000, 0x0000, 0x0000, 0x0000,
    0x0000, 0x0000, 0x0000, 0x0000, 0x0000, 0x0000, 0x0000, 0x0000, 0x0000, 0x0000, 0x0000, 0x0000, 0x0000, 0x0000, 0x0000, 0x0000,
    0x0000, 0x0000, 0x0000, 0x0000, 0x0000, 0x0000, 0x0000, 0x0000, 0x0000, 0x0000, 0x0000, 0x0000, 0x0000, 0x0000, 0x0000, 0x0000,
    0x0000, 0x0000, 0x0000, 0x0000, 0x0000, 0x0000, 0x0000, 0x0000, 0x0000, 0x0000, 0x0000, 0x0000, 0x0000, 0x0000, 0x0000, 0x0000,
    0x0000, 0x0000, 0x0000, 0x0000, 0x0000, 0x0000, 0x0000, 0x0000, 0x0000, 0x0000, 0x0000, 0x0000, 0x0000, 0x0000, 0x0000, 0x0000,
    0x0000, 0x0000, 0x0000, 0x0000, 0x0000, 0x0000, 0x0000, 0x0000, 0x0000, 0x0000, 0x0000, 0x0000, 0x0000, 0x0000, 0x0000, 0x0000,
    0x0000, 0x0000, 0x0000, 0x0000, 0x0000, 0x0000, 0x0000, 0x0000, 0x0000, 0x0000, 0x0000, 0x0000, 0x0000, 0x0000, 0x0000, 0x0000,
    0x0000, 0x0000, 0x0000, 0x0000, 0x0000, 0x0000, 0x0000, 0x0000, 0x0000, 0x0000, 0x0000, 0x0000, 0x0000, 0x0000, 0x0000, 0x0000,
    0x0000, 0x0000, 0x0000, 0x0000, 0x0000, 0x0000, 0x0000, 0x0000, 0x0000, 0x0000, 0x0000, 0x0000, 0x0000, 0x0000, 0x0000, 0x0000,
    0x0000, 0x0000, 0x0000, 0x0000, 0x0000, 0x0000, 0x0000, 0x0000, 0x0000, 0x0000, 0x0000, 0x0000, 0x0000, 0x0000, 0x0000, 0x0000,
    0x0000, 0x0000, 0x0000, 0x0000, 0x0000, 0x0000, 0x0000, 0x0000, 0x0000, 0x0000, 0x0000, 0x0000, 0x0000, 0x0000, 0x0000, 0x0000,
    0x0000, 0x0000, 0x0000, 0x0000, 0x0000, 0x0000, 0x0000, 0x0000, 0x0000, 0x0000, 0x0000, 0x0000, 0x0000, 0x0000, 0x0000, 0x0000,
    0x0000, 0x0000, 0x0000, 0x0000, 0x0000, 0x0000, 0x0000, 0x0000, 0x0000, 0x0000, 0x0000, 0x0000, 0x0000, 0x0000, 0x0000, 0x0000,
    0x0000, 0x0000, 0x0000, 0x0000, 0x0000, 0x0000, 0x0000, 0x0000, 0x0000, 0x0000, 0x0000, 0x0000, 0x0000, 0x0000, 0x0000, 0x0000,
    0x0000, 0x0000, 0x0000, 0x0000, 0x0000, 0x0000, 0x0000, 0x0000, 0x0000, 0x0000, 0x0000, 0x0000, 0x0000, 0x0000, 0x0000, 0x0000,
    0x0000, 0x0000, 0x0000, 0x0000, 0x0000, 0x0000, 0x0000, 0x0000, 0x0000, 0x0000, 0x0000, 0x0000, 0x0000, 0x0000, 0x0000, 0x0000,
    0x0000, 0x0000, 0x0000, 0x0000, 0x0000, 0x0000, 0x0000, 0x0000, 0x0000, 0x0000, 0x0000, 0x0000, 0x0000, 0x0000, 0x0000, 0x0000,
    0x0000, 0x0000, 0x0000, 0x0000, 0x0000, 0x0000, 0x0000, 0x0000, 0x0000, 0x0000, 0x0000, 0x0000, 0x0000, 0x0000, 0x0000, 0x0000,
    0x0000, 0x0000, 0x0000, 0x0000, 0x0000, 0x0000, 0x0000, 0x0000, 0x0000, 0x0000, 0x0000, 0x0000, 0x0000, 0x0000, 0x0000, 0x0000,
    0x0000, 0x0000, 0x0000, 0x0000, 0x0000, 0x0000, 0x0000, 0x0000, 0x0000, 0x0000, 0x0000, 0x0000, 0x0000, 0x0000, 0x0000, 0x0000,
    0x0000, 0x0000, 0x0000, 0x0000, 0x0000, 0x0000, 0x0000, 0x0000, 0x0000, 0x0000, 0x0000, 0x0000, 0x0000, 0x0000, 0x0000, 0x0000,
    0x0000, 0x0000, 0x0000, 0x0000, 0x0000, 0x0000, 0x0000, 0x0000, 0x0000, 0x0000, 0x0000, 0x0000, 0x0000, 0x0000, 0x0000, 0x0000,
    0x0000, 0x0000, 0x0000, 0x0000, 0x0000, 0x0000, 0x0000, 0x0000, 0x0000, 0x0000, 0x0000, 0x0000, 0x0000, 0x0000, 0x0000, 0x0000,
    0x0000, 0x0000, 0x0000, 0x0000, 0x0000, 0x0000, 0x0000, 0x0000, 0x0000, 0x0000, 0x0000, 0x0000, 0x0000, 0x0000, 0x0000, 0x0000,
    0x0000, 0x0000, 0x0000, 0x0000, 0x0000, 0x0000, 0x0000, 0x0000, 0x0000, 0x0000, 0x0000, 0x0000, 0x0000, 0x0000, 0x0000, 0x0000,
    0x0000, 0x0000, 0x0000, 0x0000, 0x0000, 0x0000, 0x0000, 0x0000, 0x0000, 0x0000, 0x0000, 0x0000, 0x0000, 0x0000, 0x0000, 0x0000,
    0x0000, 0x0000, 0x0000, 0x0000, 0x0000, 0x0000, 0x0000, 0x0000, 0x0000, 0x0000, 0x0000, 0x0000, 0x0000, 0x0000, 0x0000, 0x0000,
    0x0000, 0x0000, 0x0000, 0x0000, 0x0000, 0x0000, 0x0000, 0x0000, 0x0000, 0x0000, 0x0000, 0x0000, 0x0000, 0x0000, 0x0000, 0x0000,
    0x0000, 0x0000, 0x0000, 0x0000, 0x0000, 0x0000, 0x0000, 0x0000, 0x0000, 0x0000, 0x0000, 0x0000, 0x0000, 0x0000, 0x0000, 0x0000,
    0x0000, 0x0000, 0x0000, 0x0000, 0x0000, 0x0000, 0x0000, 0x0000, 0x0000, 0x0000, 0x0000, 0x0000, 0x0000, 0x0000, 0x0000, 0x0000,
    0x0000, 0x0000, 0x0000, 0x0000, 0x0000, 0x0000, 0x0000, 0x0000, 0x0000, 0x0000, 0x0000, 0x0000, 0x0000, 0x0000, 0x0000, 0x0000,
    0x0000, 0x0000, 0x0000, 0x0000, 0x0000, 0x0000, 0x0000, 0x0000, 0x0000, 0x0000, 0x0000, 0x0000, 0x0000, 0x0000, 0x0000, 0x0000,
    0x0000, 0x0000, 0x0000, 0x0000, 0x0000, 0x0000, 0x0000, 0x0000, 0x0000, 0x0000, 0x0000, 0x0000, 0x0000, 0x0000, 0x0000, 0x0000,
    0x0000, 0x0000, 0x0000, 0x0000, 0x0000, 0x0000, 0x0000, 0x0000, 0x0000, 0x0000, 0x0000, 0x0000, 0x0000, 0x0000, 0x0000, 0x0000,
    0x0000, 0x0000, 0x0000, 0x0000, 0x0000, 0x0000, 0x0000, 0x0000, 0x0000, 0x0000, 0x0000, 0x0000, 0x0000, 0x0000, 0x0000, 0x0000,
    0x0000, 0x0000, 0x0000, 0x0000, 0x0000, 0x0000, 0x0000, 0x0000, 0x0000, 0x0000, 0x0000, 0x0000, 0x0000, 0x0000, 0x0000, 0x0000,
    0x0000, 0x0000, 0x0000, 0x0000, 0x0000, 0x0000, 0x0000, 0x0000, 0x0000, 0x0000, 0x0000, 0x0000, 0x0000, 0x0000, 0x0000, 0x0000,
    0x0000, 0x0000, 0x0000, 0x0000, 0x0000, 0x0000, 0x0000, 0x0000, 0x0000, 0x0000, 0x0000, 0x0000, 0x0000, 0x0000, 0x0000, 0x0000,
    0x0000, 0x0000, 0x0000, 0x0000, 0x0000, 0x0000, 0x0000, 0x0000, 0x0000, 0x0000, 0x0000, 0x0000, 0x0000, 0x0000, 0x0000, 0x0000,
    0x0000, 0x0000, 0x0000, 0x0000, 0x0000, 0x0000, 0x0000, 0x0000, 0x0000, 0x0000, 0x0000, 0x0000, 0x0000, 0x0000, 0x0000, 0x0000,
    0x0000, 0x0000, 0x0000, 0x0000, 0x0000, 0x0000, 0x0000, 0x0000, 0x0000, 0x0000, 0x0000, 0x0000, 0x0000, 0x0000, 0x0000, 0x0000,
    0x0000, 0x0000, 0x0000, 0x0000, 0x0000, 0x0000, 0x0000, 0x0000, 0x0000, 0x0000, 0x0000, 0x0000, 0x0000, 0x0000, 0x0000, 0x0000,
    0x0000, 0x0000, 0x0000, 0x0000, 0x0000, 0x0000, 0x0000, 0x0000, 0x0000, 0x0000, 0x0000, 0x0000, 0x0000, 0x0000, 0x0000, 0x0000,
    0x0000, 0x0000, 0x0000, 0x0000, 0x0000, 0x0000, 0x0000, 0x0000, 0x0000, 0x0000, 0x0000, 0x0000, 0x0000, 0x0000, 0x0000, 0x0000,
    0x0000, 0x0000, 0x0000, 0x0000, 0x0000, 0x0000, 0x0000, 0x0000, 0x0000, 0x0000, 0x0000, 0x0000, 0x0000, 0x0000, 0x0000, 0x0000,
    0x0000, 0x0000, 0x0000, 0x0000, 0x0000, 0x0000, 0x0000, 0x0000, 0x0000, 0x0000, 0x0000, 0x0000, 0x0000, 0x0000, 0x0000, 0x0000,
    0x0000, 0x0000, 0x0000, 0x0000, 0x0000, 0x0000, 0x0000, 0x0000, 0x0000, 0x0000, 0x0000, 0x0000, 0x0000, 0x0000, 0x0000, 0x0000,
    0x0000, 0x0000, 0x0000, 0x0000, 0x0000, 0x0000, 0x0000, 0x0000, 0x0000, 0x0000, 0x0000, 0x0000, 0x0000, 0x0000, 0x0000, 0x0000,
    0x0000, 0x0000, 0x0000, 0x0000, 0x0000, 0x0000, 0x0000, 0x0000, 0x0000, 0x0000, 0x0000, 0x0000, 0x0000, 0x0000, 0x0000, 0x0000,
    0x0000, 0x0000, 0x0000, 0x0000, 0x0000, 0x0000, 0x0000, 0x0000, 0x0000, 0x0000, 0x0000, 0x0000, 0x0000, 0x0000, 0x0000, 0x0000,
    0x0000, 0x0000, 0x0000, 0x0000, 0x0000, 0x0000, 0x0000, 0x0000, 0x0000, 0x0000, 0x0000, 0x0000, 0x0000, 0x0000, 0x0000, 0x0000,
    0x0000, 0x0000, 0x0000, 0x0000, 0x0000, 0x0000, 0x0000, 0x0000, 0x0000, 0x0000, 0x0000, 0x0000, 0x0000, 0x0000, 0x0000, 0x0000,
    0x0000, 0x0000, 0x0000, 0x0000, 0x0000, 0x0000, 0x0000, 0x0000, 0x0000, 0x0000, 0x0000, 0x0000, 0x0000, 0x0000, 0x0000, 0x0000,
    0x0000, 0x0000, 0x0000, 0x0000, 0x0000, 0x0000, 0x0000, 0x0000, 0x0000, 0x0000, 0x0000, 0x0000, 0x0000, 0x0000, 0x0000, 0x0000,
    0x0000, 0x0000, 0x0000, 0x0000, 0x0000, 0x0000, 0x0000, 0x0000, 0x0000, 0x0000, 0x0000, 0x0000, 0x0000, 0x0000, 0x0000, 0x0000,
    0x0000, 0x0000, 0x0000, 0x0000, 0x0000, 0x0000, 0x0000, 0x0000, 0x0000, 0x0000, 0x0000, 0x0000, 0x0000, 0x0000, 0x0000, 0x0000,
    0x0000, 0x0000, 0x0000, 0x0000, 0x0000, 0x0000, 0x0000, 0x0000, 0x0000, 0x0000, 0x0000, 0x0000, 0x0000, 0x0000, 0x0000, 0x0000,
    0x0000, 0x0000, 0x0000, 0x0000, 0x0000, 0x0000, 0x0000, 0x0000, 0x0000, 0x0000, 0x0000, 0x0000, 0x0000, 0x0000, 0x0000, 0x0000,
    0x0000, 0x0000, 0x0000, 0x0000, 0x0000, 0x0000, 0x0000, 0x0000, 0x0000, 0x0000, 0x0000, 0x0000, 0x0000, 0x0000, 0x0000, 0x0000,
    0x0000, 0x0000, 0x0000, 0x0000, 0x0000, 0x0000, 0x0000, 0x0000, 0x0000, 0x0000, 0x0000, 0x0000, 0x0000, 0x0000, 0x0000, 0x0000,
    0x0000, 0x0000, 0x0000, 0x0000, 0x0000, 0x0000, 0x0000, 0x0000, 0x0000, 0x0000, 0x0000, 0x0000, 0x0000, 0x0000, 0x0000, 0x0000,
    0x0000, 0x0000, 0x0000, 0x0000, 0x0000, 0x0000, 0x0000, 0x0000, 0x0000, 0x0000, 0x0000, 0x0000, 0x0000, 0x0000, 0x0000, 0x0000,
    0x0000, 0x0000, 0x0000, 0x0000, 0x0000, 0x0000, 0x0000, 0x0000, 0x0000, 0x0000, 0x0000, 0x0000, 0x0000, 0x0000, 0x0000, 0x0000,
    0x0000, 0x0000, 0x0000, 0x0000, 0x0000, 0x0000, 0x0000, 0x0000, 0x0000, 0x0000, 0x0000, 0x0000, 0x0000, 0x0000, 0x0000, 0x0000,
    0x0000, 0x0000, 0x0000, 0x0000, 0x0000, 0x0000, 0x0000, 0x0000, 0x0000, 0x0000, 0x0000, 0x0000, 0x0000, 0x0000, 0x0000, 0x0000,
    0x0000, 0x0000, 0x0000, 0x0000, 0x0000, 0x0000, 0x0000, 0x0000, 0x0000, 0x0000, 0x0000, 0x0000, 0x0000, 0x0000, 0x0000, 0x0000,
    0x0000, 0x0000, 0x0000, 0x0000, 0x0000, 0x0000, 0x0000, 0x0000, 0x0000, 0x0000, 0x0000, 0x0000, 0x0000, 0x0000, 0x0000, 0x0000,
    0x0000, 0x0000, 0x0000, 0x0000, 0x0000, 0x0000, 0x0000, 0x0000, 0x0000, 0x0000, 0x0000, 0x0000, 0x0000, 0x0000, 0x0000, 0x0000,
    0x0000, 0x0000, 0x0000, 0x0000, 0x0000, 0x0000, 0x0000, 0x0000, 0x0000, 0x0000, 0x0000, 0x0000, 0x0000, 0x0000, 0x0000, 0x0000,
    0x0000, 0x0000, 0x0000, 0x0000, 0x0000, 0x0000, 0x0000, 0x0000, 0x0000, 0x0000, 0x0000, 0x0000, 0x0000, 0x0000, 0x0000, 0x0000,
    0x0000, 0x0000, 0x0000, 0x0000, 0x0000, 0x0000, 0x0000, 0x0000, 0x0000, 0x0000, 0x0000, 0x0000, 0x0000, 0x0000, 0x0000, 0x0000,
    0x0000, 0x0000, 0x0000, 0x0000, 0x0000, 0x0000, 0x0000, 0x0000, 0x0000, 0x0000, 0x0000, 0x0000, 0x0000, 0x0000, 0x0000, 0x0000,
    0x0000, 0x0000, 0x0000, 0x0000, 0x0000, 0x0000, 0x0000, 0x0000, 0x0000, 0x0000, 0x0000, 0x0000, 0x0000, 0x0000, 0x0000, 0x0000,
    0x0000, 0x0000, 0x0000, 0x0000, 0x0000, 0x0000, 0x0000, 0x0000, 0x0000, 0x0000, 0x0000, 0x0000, 0x0000, 0x0000, 0x0000, 0x0000,
    0x0000, 0x0000, 0x0000, 0x0000, 0x0000, 0x0000, 0x0000, 0x0000, 0x0000, 0x0000, 0x0000, 0x0000, 0x0000, 0x0000, 0x0000, 0x0000,
    0x0000, 0x0000, 0x0000, 0x0000, 0x0000, 0x0000, 0x0000, 0x0000, 0x0000, 0x0000, 0x0000, 0x0000, 0x0000, 0x0000, 0x0000, 0x0000,
    0x0000, 0x0000, 0x0000, 0x0000, 0x0000, 0x0000, 0x0000, 0x0000, 0x0000, 0x0000, 0x0000, 0x0000, 0x0000, 0x0000, 0x0000, 0x0000,
    0x0000, 0x0000, 0x0000, 0x0000, 0x0000, 0x0000, 0x0000, 0x0000, 0x0000, 0x0000, 0x0000, 0x0000, 0x0000, 0x0000, 0x0000, 0x0000,
    0x0000, 0x0000, 0x0000, 0x0000, 0x0000, 0x0000, 0x0000, 0x0000, 0x0000, 0x0000, 0x0000, 0x0000, 0x0000, 0x0000, 0x0000, 0x0000,
    0x0000, 0x0000, 0x0000, 0x0000, 0x0000, 0x0000, 0x0000, 0x0000, 0x0000, 0x0000, 0x0000, 0x0000, 0x0000, 0x0000, 0x0000, 0x0000,
    0x0000, 0x0000, 0x0000, 0x0000, 0x0000, 0x0000, 0x0000, 0x0000, 0x0000, 0x0000, 0x0000, 0x0000, 0x0000, 0x0000, 0x0000, 0x0000,
    0x0000, 0x0000, 0x0000, 0x0000, 0x0000, 0x0000, 0x0000, 0x0000, 0x0000, 0x0000, 0x0000, 0x0000, 0x0000, 0x0000, 0x0000, 0x0000,
    0x0000, 0x0000, 0x0000, 0x0000, 0x0000, 0x0000, 0x0000, 0x0000, 0x0000, 0x0000, 0x0000, 0x0000, 0x0000, 0x0000, 0x0000, 0x0000,
    0x0000, 0x0000, 0x0000, 0x0000, 0x0000, 0x0000, 0x0000, 0x0000, 0x0000, 0x0000, 0x0000, 0x0000, 0x0000, 0x0000, 0x0000, 0x0000,
    0x0000, 0x0000, 0x0000, 0x0000, 0x0000, 0x0000, 0x0000, 0x0000, 0x0000, 0x0000, 0x0000, 0x0000, 0x0000, 0x0000, 0x0000, 0x0000,
    0x0000, 0x0000, 0x0000, 0x0000, 0x0000, 0x0000, 0x0000, 0x0000, 0x0000, 0x0000, 0x0000, 0x0000, 0x0000, 0x0000, 0x0000, 0x0000,
    0x0000, 0x0000, 0x0000, 0x0000, 0x0000, 0x0000, 0x0000, 0x0000, 0x0000, 0x0000, 0x0000, 0x0000, 0x0000, 0x0000, 0x0000, 0x0000,
    0x0000, 0x0000, 0x0000, 0x0000, 0x0000, 0x0000, 0x0000, 0x0000, 0x0000, 0x0000, 0x0000, 0x0000, 0x0000, 0x0000, 0x0000, 0x0000,
    0x0000, 0x0000, 0x0000, 0x0000, 0x0000, 0x0000, 0x0000, 0x0000, 0x0000, 0x0000, 0x0000, 0x0000, 0x0000, 0x0000, 0x0000, 0x0000,
    0x0000, 0x0000, 0x0000, 0x0000, 0x0000, 0x0000, 0x0000, 0x0000, 0x0000, 0x0000, 0x0000, 0x0000, 0x0000, 0x0000, 0x0000, 0x0000,
    0x0000, 0x0000, 0x0000, 0x0000, 0x0000, 0x0000, 0x0000, 0x0000, 0x0000, 0x0000, 0x0000, 0x0000, 0x0000, 0x0000, 0x0000, 0x0000,
    0x0000, 0x0000, 0x0000, 0x0000, 0x0000, 0x0000, 0x0000, 0x0000, 0x0000, 0x0000, 0x0000, 0x0000, 0x0000, 0x0000, 0x0000, 0x0000,
    0x0000, 0x0000, 0x0000, 0x0000, 0x0000, 0x0000, 0x0000, 0x0000, 0x0000, 0x0000, 0x0000, 0x0000, 0x0000, 0x0000, 0x0000, 0x0000,
    0x0000, 0x0000, 0x0000, 0x0000, 0x0000, 0x0000, 0x0000, 0x0000, 0x0000, 0x0000, 0x0000, 0x0000, 0x0000, 0x0000, 0x0000, 0x0000,
    0x0000, 0x0000, 0x0000, 0x0000, 0x0000, 0x0000, 0x0000, 0x0000, 0x0000, 0x0000, 0x0000, 0x0000, 0x0000, 0x0000, 0x0000, 0x0000,
    0x0000, 0x0000, 0x0000, 0x0000, 0x0000, 0x0000, 0x0000, 0x0000, 0x0000, 0x0000, 0x0000, 0x0000, 0x0000, 0x0000, 0x0000, 0x0000,
    0x0000, 0x0000, 0x0000, 0x0000, 0x0000, 0x0000, 0x0000, 0x0000, 0x0000, 0x0000, 0x0000, 0x0000, 0x0000, 0x0000, 0x0000, 0x0000,
    0x0000, 0x0000, 0x0000, 0x0000, 0x0000, 0x0000, 0x0000, 0x0000, 0x0000, 0x0000, 0x0000, 0x0000, 0x0000, 0x0000, 0x0000, 0x0000,
    0x0000, 0x0000, 0x0000, 0x0000, 0x0000, 0x0000, 0x0000, 0x0000, 0x0000, 0x0000, 0x0000, 0x0000, 0x0000, 0x0000, 0x0000, 0x0000,
    0x0000, 0x0000, 0x0000, 0x0000, 0x0000, 0x0000, 0x0000, 0x0000, 0x0000, 0x0000, 0x0000, 0x0000, 0x0000, 0x0000, 0x0000, 0x0000,
    0x0000, 0x0000, 0x0000, 0x0000, 0x0000, 0x0000, 0x0000, 0x0000, 0x0000, 0x0000, 0x0000, 0x0000, 0x0000, 0x0000, 0x0000, 0x0000,
    0x0000, 0x0000, 0x0000, 0x0000, 0x0000, 0x0000, 0x0000, 0x0000, 0x0000, 0x0000, 0x0000, 0x0000, 0x0000, 0x0000, 0x0000, 0x0000,
    0x0000, 0x0000, 0x0000, 0x0000, 0x0000, 0x0000, 0x0000, 0x0000, 0x0000, 0x0000, 0x0000, 0x0000, 0x0000, 0x0000, 0x0000, 0x0000,
    0x0000, 0x0000, 0x0000, 0x0000, 0x0000, 0x0000, 0x0000, 0x0000, 0x0000, 0x0000, 0x0000, 0x0000, 0x0000, 0x0000, 0x0000, 0x0000,
    0x0000, 0x0000, 0x0000, 0x0000, 0x0000, 0x0000, 0x0000, 0x0000, 0x0000, 0x0000, 0x0000, 0x0000, 0x0000, 0x0000, 0x0000, 0x0000,
    0x0000, 0x0000, 0x0000, 0x0000, 0x0000, 0x0000, 0x0000, 0x0000, 0x0000, 0x0000, 0x0000, 0x0000, 0x0000, 0x0000, 0x0000, 0x0000,
    0x0000, 0x0000, 0x0000, 0x0000, 0x0000, 0x0000, 0x0000, 0x0000, 0x0000, 0x0000, 0x0000, 0x0000, 0x0000, 0x0000, 0x0000, 0x0000,
    0x0000, 0x0000, 0x0000, 0x0000, 0x0000, 0x0000, 0x0000, 0x0000, 0x0000, 0x0000, 0x0000, 0x0000, 0x0000, 0x0000, 0x0000, 0x0000,
    0x0000, 0x0000, 0x0000, 0x0000, 0x0000, 0x0000, 0x0000, 0x0000, 0x0000, 0x0000, 0x0000, 0x0000, 0x0000, 0x0000, 0x0000, 0x0000,
    0x0000, 0x0000, 0x0000, 0x0000, 0x0000, 0x0000, 0x0000, 0x0000, 0x0000, 0x0000, 0x0000, 0x0000, 0x0000, 0x0000, 0x0000, 0x0000,
    0x0000, 0x0000, 0x0000, 0x0000, 0x0000, 0x0000, 0x0000, 0x0000, 0x0000, 0x0000, 0x0000, 0x0000, 0x0000, 0x0000, 0x0000, 0x0000,
    0x0000, 0x0000, 0x0000, 0x0000, 0x0000, 0x0000, 0x0000, 0x0000, 0x0000, 0x0000, 0x0000, 0x0000, 0x0000, 0x0000, 0x0000, 0x0000,
    0x0000, 0x0000, 0x0000, 0x0000, 0x0000, 0x0000, 0x0000, 0x0000, 0x0000, 0x0000, 0x0000, 0x0000, 0x0000, 0x0000, 0x0000, 0x0000,
    0x0000, 0x0000, 0x0000, 0x0000, 0x0000, 0x0000, 0x0000, 0x0000, 0x0000, 0x0000, 0x0000, 0x0000, 0x0000, 0x0000, 0x0000, 0x0000,
    0x0000, 0x0000, 0x0000, 0x0000, 0x0000, 0x0000, 0x0000, 0x0000, 0x0000, 0x0000, 0x0000, 0x0000, 0x0000, 0x0000, 0x0000, 0x0000,
    0x0000, 0x0000, 0x0000, 0x0000, 0x0000, 0x0000, 0x0000, 0x0000, 0x0000, 0x0000, 0x0000, 0x0000, 0x0000, 0x0000, 0x0000, 0x0000,
    0x0000, 0x0000, 0x0000, 0x0000, 0x0000, 0x0000, 0x0000, 0x0000, 0x0000, 0x0000, 0x0000, 0x0000, 0x0000, 0x0000, 0x0000, 0x0000,
    0x0000, 0x0000, 0x0000, 0x0000, 0x0000, 0x0000, 0x0000, 0x0000, 0x0000, 0x0000, 0x0000, 0x0000, 0x0000, 0x0000, 0x0000, 0x0000,
    0x0000, 0x0000, 0x0000, 0x0000, 0x0000, 0x0000, 0x0000, 0x0000, 0x0000, 0x0000, 0x0000, 0x0000, 0x0000, 0x0000, 0x0000, 0x0000,
    0x0000, 0x0000, 0x0000, 0x0000, 0x0000, 0x0000, 0x0000, 0x0000, 0x0000, 0x0000, 0x0000, 0x0000, 0x0000, 0x0000, 0x0000, 0x0000,
    0x0000, 0x0000, 0x0000, 0x0000, 0x0000, 0x0000, 0x0000, 0x0000, 0x0000, 0x0000, 0x0000, 0x0000, 0x0000, 0x0000, 0x0000, 0x0000,
    0x0000, 0x0000, 0x0000, 0x0000, 0x0000, 0x0000, 0x0000, 0x0000, 0x0000, 0x0000, 0x0000, 0x0000, 0x0000, 0x0000, 0x0000, 0x0000,
    0x0000, 0x0000, 0x0000, 0x0000, 0x0000, 0x0000, 0x0000, 0x0000, 0x0000, 0x0000, 0x0000, 0x0000, 0x0000, 0x0000, 0x0000, 0x0000,
    0x0000, 0x0000, 0x0000, 0x0000, 0x0000, 0x0000, 0x0000, 0x0000, 0x0000, 0x0000, 0x0000, 0x0000, 0x0000, 0x0000, 0x0000, 0x0000,
    0x0000, 0x0000, 0x0000, 0x0000, 0x0000, 0x0000, 0x0000, 0x0000, 0x0000, 0x0000, 0x0000, 0x0000, 0x0000, 0x0000, 0x0000, 0x0000,
    0x0000, 0x0000, 0x0000, 0x0000, 0x0000, 0x0000, 0x0000, 0x0000, 0x0000, 0x0000, 0x0000, 0x0000, 0x0000, 0x0000, 0x0000, 0x0000,
    0x0000, 0x0000, 0x0000, 0x0000, 0x0000, 0x0000, 0x0000, 0x0000, 0x0000, 0x0000, 0x0000, 0x0000, 0x0000, 0x0000, 0x0000, 0x0000,
    0x0000, 0x0000, 0x0000, 0x0000, 0x0000, 0x0000, 0x0000, 0x0000, 0x0000, 0x0000, 0x0000, 0x0000, 0x0000, 0x0000, 0x0000, 0x0000,
    0x0000, 0x0000, 0x0000, 0x0000, 0x0000, 0x0000, 0x0000, 0x0000, 0x0000, 0x0000, 0x0000, 0x0000, 0x0000, 0x0000, 0x0000, 0x0000,
    0x0000, 0x0000, 0x0000, 0x0000, 0x0000, 0x0000, 0x0000, 0x0000, 0x0000, 0x0000, 0x0000, 0x0000, 0x0000, 0x0000, 0x0000, 0x0000,
    0x0000, 0x0000, 0x0000, 0x0000, 0x0000, 0x0000, 0x0000, 0x0000, 0x0000, 0x0000, 0x0000, 0x0000, 0x0000, 0x0000, 0x0000, 0x0000,
    0x0000, 0x0000, 0x0000, 0x0000, 0x0000, 0x0000, 0x0000, 0x0000, 0x0000, 0x0000, 0x0000, 0x0000, 0x0000, 0x0000, 0x0000, 0x0000,
    0x0000, 0x0000, 0x0000, 0x0000, 0x0000, 0x0000, 0x0000, 0x0000, 0x0000, 0x0000, 0x0000, 0x0000, 0x0000, 0x0000, 0x0000, 0x0000,
    0x0000, 0x0000, 0x0000, 0x0000, 0x0000, 0x0000, 0x0000, 0x0000, 0x0000, 0x0000, 0x0000, 0x0000, 0x0000, 0x0000, 0x0000, 0x0000,
    0x0000, 0x0000, 0x0000, 0x0000, 0x0000, 0x0000, 0x0000, 0x0000, 0x0000, 0x0000, 0x0000, 0x0000, 0x0000, 0x0000, 0x0000, 0x0000,
    0x0000, 0x0000, 0x0000, 0x0000, 0x0000, 0x0000, 0x0000, 0x0000, 0x0000, 0x0000, 0x0000, 0x0000, 0x0000, 0x0000, 0x0000, 0x0000,
    0x0000, 0x0000, 0x0000, 0x0000, 0x0000, 0x0000, 0x0000, 0x0000, 0x0000, 0x0000, 0x0000, 0x0000, 0x0000, 0x0000, 0x0000, 0x0000,
    0x0000, 0x0000, 0x0000, 0x0000, 0x0000, 0x0000, 0x0000, 0x0000, 0x0000, 0x0000, 0x0000, 0x0000, 0x0000, 0x0000, 0x0000, 0x0000,
    0x0000, 0x0000, 0x0000, 0x0000, 0x0000, 0x0000, 0x0000, 0x0000, 0x0000, 0x0000, 0x0000, 0x0000, 0x0000, 0x0000, 0x0000, 0x0000,
    0x0000, 0x0000, 0x0000, 0x0000, 0x0000, 0x0000, 0x0000, 0x0000, 0x0000, 0x0000, 0x0000, 0x0000, 0x0000, 0x0000, 0x0000, 0x0000,
    0x0000, 0x0000, 0x0000, 0x0000, 0x0000, 0x0000, 0x0000, 0x0000, 0x0000, 0x0000, 0x0000, 0x0000, 0x0000, 0x0000, 0x0000, 0x0000,
    0x0000, 0x0000, 0x0000, 0x0000, 0x0000, 0x0000, 0x0000, 0x0000, 0x0000, 0x0000, 0x0000, 0x0000, 0x0000, 0x0000, 0x0000, 0x0000,
    0x0000, 0x0000, 0x0000, 0x0000, 0x0000, 0x0000, 0x0000, 0x0000, 0x0000, 0x0000, 0x0000, 0x0000, 0x0000, 0x0000, 0x0000, 0x0000,
    0x0000, 0x0000, 0x0000, 0x0000, 0x0000, 0x0000, 0x0000, 0x0000, 0x0000, 0x0000, 0x0000, 0x0000, 0x0000, 0x0000, 0x0000, 0x0000,
    0x0000, 0x0000, 0x0000, 0x0000, 0x0000, 0x0000, 0x0000, 0x0000, 0x0000, 0x0000, 0x0000, 0x0000, 0x0000, 0x0000, 0x0000, 0x0000,
    0x0000, 0x0000, 0x0000, 0x0000, 0x0000, 0x0000, 0x0000, 0x0000, 0x0000, 0x0000, 0x0000, 0x0000, 0x0000, 0x0000, 0x0000, 0x0000,
    0x0000, 0x0000, 0x0000, 0x0000, 0x0000, 0x0000, 0x0000, 0x0000, 0x0000, 0x0000, 0x0000, 0x0000, 0x0000, 0x0000, 0x0000, 0x0000,
    0x0000, 0x0000, 0x0000, 0x0000, 0x0000, 0x0000, 0x0000, 0x0000, 0x0000, 0x0000, 0x0000, 0x0000, 0x0000, 0x0000, 0x0000, 0x0000,
    0x0000, 0x0000, 0x0000, 0x0000, 0x0000, 0x0000, 0x0000, 0x0000, 0x0000, 0x0000, 0x0000, 0x0000, 0x0000, 0x0000, 0x0000, 0x0000,
    0x0000, 0x0000, 0x0000, 0x0000, 0x0000, 0x0000, 0x0000, 0x0000, 0x0000, 0x0000, 0x0000, 0x0000, 0x0000, 0x0000, 0x0000, 0x0000,
    0x0000, 0x0000, 0x0000, 0x0000, 0x0000, 0x0000, 0x0000, 0x0000, 0x0000, 0x0000, 0x0000, 0x0000, 0x0000, 0x0000, 0x0000, 0x0000,
    0x0000, 0x0000, 0x0000, 0x0000, 0x0000, 0x0000, 0x0000, 0x0000, 0x0000, 0x0000, 0x0000, 0x0000, 0x0000, 0x0000, 0x0000, 0x0000,
    0x0000, 0x0000, 0x0000, 0x0000, 0x0000, 0x0000, 0x0000, 0x0000, 0x0000, 0x0000, 0x0000, 0x0000, 0x0000, 0x0000, 0x0000, 0x0000,
    0x0000, 0x0000, 0x0000, 0x0000, 0x0000, 0x0000, 0x0000, 0x0000, 0x0000, 0x0000, 0x0000, 0x0000, 0x0000, 0x0000, 0x0000, 0x0000,
    0x0000, 0x0000, 0x0000, 0x0000, 0x0000, 0x0000, 0x0000, 0x0000, 0x0000, 0x0000, 0x0000, 0x0000, 0x0000, 0x0000, 0x0000, 0x0000,
    0x0000, 0x0000, 0x0000, 0x0000, 0x0000, 0x0000, 0x0000, 0x0000, 0x0000, 0x0000, 0x0000, 0x0000, 0x0000, 0x0000, 0x0000, 0x0000,
    0x0000, 0x0000, 0x0000, 0x0000, 0x0000, 0x0000, 0x0000, 0x0000, 0x0000, 0x0000, 0x0000, 0x0000, 0x0000, 0x0000, 0x0000, 0x0000,
    0x0000, 0x0000, 0x0000, 0x0000, 0x0000, 0x0000, 0x0000, 0x0000, 0x0000, 0x0000, 0x0000, 0x0000, 0x0000, 0x0000, 0x0000, 0x0000,
    0x0000, 0x0000, 0x0000, 0x0000, 0x0000, 0x0000, 0x0000, 0x0000, 0x0000, 0x0000, 0x0000, 0x0000, 0x0000, 0x0000, 0x0000, 0x0000,
    0x0000, 0x0000, 0x0000, 0x0000, 0x0000, 0x0000, 0x0000, 0x0000, 0x0000, 0x0000, 0x0000, 0x0000, 0x0000, 0x0000, 0x0000, 0x0000,
    0x0000, 0x0000, 0x0000, 0x0000, 0x0000, 0x0000, 0x0000, 0x0000, 0x0000, 0x0000, 0x0000, 0x0000, 0x0000, 0x0000, 0x0000, 0x0000,
    0x0000, 0x0000, 0x0000, 0x0000, 0x0000, 0x0000, 0x0000, 0x0000, 0x0000, 0x0000, 0x0000, 0x0000, 0x0000, 0x0000, 0x0000, 0x0000,
    0x0000, 0x0000, 0x0000, 0x0000, 0x0000, 0x0000, 0x0000, 0x0000, 0x0000, 0x0000, 0x0000, 0x0000, 0x0000, 0x0000, 0x0000, 0x0000,
    0x0000, 0x0000, 0x0000, 0x0000, 0x0000, 0x0000, 0x0000, 0x0000, 0x0000, 0x0000, 0x0000, 0x0000, 0x0000, 0x0000, 0x0000, 0x0000,
    0x0000, 0x0000, 0x0000, 0x0000, 0x0000, 0x0000, 0x0000, 0x0000, 0x0000, 0x0000, 0x0000, 0x0000, 0x0000, 0x0000, 0x0000, 0x0000,
    0x0000, 0x0000, 0x0000, 0x0000, 0x0000, 0x0000, 0x0000, 0x0000, 0x0000, 0x0000, 0x0000, 0x0000, 0x0000, 0x0000, 0x0000, 0x0000,
    0x0000, 0x0000, 0x0000, 0x0000, 0x0000, 0x0000, 0x0000, 0x0000, 0x0000, 0x0000, 0x0000, 0x0000, 0x0000, 0x0000, 0x0000, 0x0000,
    0x0000, 0x0000, 0x0000, 0x0000, 0x0000, 0x0000, 0x0000, 0x0000, 0x0000, 0x0000, 0x0000, 0x0000, 0x0000, 0x0000, 0x0000, 0x0000,
    0x0000, 0x0000, 0x0000, 0x0000, 0x0000, 0x0000, 0x0000, 0x0000, 0x0000, 0x0000, 0x0000, 0x0000, 0x0000, 0x0000, 0x0000, 0x0000,
    0x0000, 0x0000, 0x0000, 0x0000, 0x0000, 0x0000, 0x0000, 0x0000, 0x0000, 0x0000, 0x0000, 0x0000, 0x0000, 0x0000, 0x0000, 0x0000,
    0x0000, 0x0000, 0x0000, 0x0000, 0x0000, 0x0000, 0x0000, 0x0000, 0x0000, 0x0000, 0x0000, 0x0000, 0x0000, 0x0000, 0x0000, 0x0000,
    0x0000, 0x0000, 0x0000, 0x0000, 0x0000, 0x0000, 0x0000, 0x0000, 0x0000, 0x0000, 0x0000, 0x0000, 0x0000, 0x0000, 0x0000, 0x0000,
    0x0000, 0x0000, 0x0000, 0x0000, 0x0000, 0x0000, 0x0000, 0x0000, 0x0000, 0x0000, 0x0000, 0x0000, 0x0000, 0x0000, 0x0000, 0x0000,
    0x0000, 0x0000, 0x0000, 0x0000, 0x0000, 0x0000, 0x0000, 0x0000, 0x0000, 0x0000, 0x0000, 0x0000, 0x0000, 0x0000, 0x0000, 0x0000,
    0x0000, 0x0000, 0x0000, 0x0000, 0x0000, 0x0000, 0x0000, 0x0000, 0x0000, 0x0000, 0x0000, 0x0000, 0x0000, 0x0000, 0x0000, 0x0000,
    0x0000, 0x0000, 0x0000, 0x0000, 0x0000, 0x0000, 0x0000, 0x0000, 0x0000, 0x0000, 0x0000, 0x0000, 0x0000, 0x0000, 0x0000, 0x0000,
    0x0000, 0x0000, 0x0000, 0x0000, 0x0000, 0x0000, 0x0000, 0x0000, 0x0000, 0x0000, 0x0000, 0x0000, 0x0000, 0x0000, 0x0000, 0x0000,
    0x0000, 0x0000, 0x0000, 0x0000, 0x0000, 0x0000, 0x0000, 0x0000, 0x0000, 0x0000, 0x0000, 0x0000, 0x0000, 0x0000, 0x0000, 0x0000,
    0x0000, 0x0000, 0x0000, 0x0000, 0x0000, 0x0000, 0x0000, 0x0000, 0x0000, 0x0000, 0x0000, 0x0000, 0x0000, 0x0000, 0x0000, 0x0000,
    0x0000, 0x0000, 0x0000, 0x0000, 0x0000, 0x0000, 0x0000, 0x0000, 0x0000, 0x0000, 0x0000, 0x0000, 0x0000, 0x0000, 0x0000, 0x0000,
    0x0000, 0x0000, 0x0000, 0x0000, 0x0000, 0x0000, 0x0000, 0x0000, 0x0000, 0x0000, 0x0000, 0x0000, 0x0000, 0x0000, 0x0000, 0x0000,
    0x0000, 0x0000, 0x0000, 0x0000, 0x0000, 0x0000, 0x0000, 0x0000, 0x0000, 0x0000, 0x0000, 0x0000, 0x0000, 0x0000, 0x0000, 0x0000,
    0x0000, 0x0000, 0x0000, 0x0000, 0x0000, 0x0000, 0x0000, 0x0000, 0x0000, 0x0000, 0x0000, 0x0000, 0x0000, 0x0000, 0x0000, 0x0000,
    0x0000, 0x0000, 0x0000, 0x0000, 0x0000, 0x0000, 0x0000, 0x0000, 0x0000, 0x0000, 0x0000, 0x0000, 0x0000, 0x0000, 0x0000, 0x0000,
    0x0000, 0x0000, 0x0000, 0x0000, 0x0000, 0x0000, 0x0000, 0x0000, 0x0000, 0x0000, 0x0000, 0x0000, 0x0000, 0x0000, 0x0000, 0x0000,
    0x0000, 0x0000, 0x0000, 0x0000, 0x0000, 0x0000, 0x0000, 0x0000, 0x0000, 0x0000, 0x0000, 0x0000, 0x0000, 0x0000, 0x0000, 0x0000,
    0x0000, 0x0000, 0x0000, 0x0000, 0x0000, 0x0000, 0x0000, 0x0000, 0x0000, 0x0000, 0x0000, 0x0000, 0x0000, 0x0000, 0x0000, 0x0000,
    0x0000, 0x0000, 0x0000, 0x0000, 0x0000, 0x0000, 0x0000, 0x0000, 0x0000, 0x0000, 0x0000, 0x0000, 0x0000, 0x0000, 0x0000, 0x0000,
    0x0000, 0x0000, 0x0000, 0x0000, 0x0000, 0x0000, 0x0000, 0x0000, 0x0000, 0x0000, 0x0000, 0x0000, 0x0000, 0x0000, 0x0000, 0x0000,
    0x0000, 0x0000, 0x0000, 0x0000, 0x0000, 0x0000, 0x0000, 0x0000, 0x0000, 0x0000, 0x0000, 0x0000, 0x0000, 0x0000, 0x0000, 0x0000,
    0x0000, 0x0000, 0x0000, 0x0000, 0x0000, 0x0000, 0x0000, 0x0000, 0x0000, 0x0000, 0x0000, 0x0000, 0x0000, 0x0000, 0x0000, 0x0000,
    0x0000, 0x0000, 0x0000, 0x0000, 0x0000, 0x0000, 0x0000, 0x0000, 0x0000, 0x0000, 0x0000, 0x0000, 0x0000, 0x0000, 0x0000, 0x0000,
    0x0000, 0x0000, 0x0000, 0x0000, 0x0000, 0x0000, 0x0000, 0x0000, 0x0000, 0x0000, 0x0000, 0x0000, 0x0000, 0x0000, 0x0000, 0x0000,
    0x0000, 0x0000, 0x0000, 0x0000, 0x0000, 0x0000, 0x0000, 0x0000, 0x0000, 0x0000, 0x0000, 0x0000, 0x0000, 0x0000, 0x0000, 0x0000,
    0x0000, 0x0000, 0x0000, 0x0000, 0x0000, 0x0000, 0x0000, 0x0000, 0x0000, 0x0000, 0x0000, 0x0000, 0x0000, 0x0000, 0x0000, 0x0000,
    0x0000, 0x0000, 0x0000, 0x0000, 0x0000, 0x0000, 0x0000, 0x0000, 0x0000, 0x0000, 0x0000, 0x0000, 0x0000, 0x0000, 0x0000, 0x0000,
    0xFFFF, 0xFFFF, 0xFFFF, 0xFFFF, 0xFFFF, 0xFFFF, 0xFFFF, 0xFFFF, 0xFFFF, 0xFFFF, 0xFFFF, 0xFFFF, 0xFFFF, 0xFFFF, 0xFFFF, 0xFFFF,
    0xFFFF, 0xFFFF, 0xFFFF, 0xFFFF, 0xFFFF, 0xFFFF, 0xFFFF, 0xFFFF, 0xFFFF, 0xFFFF, 0xFFFF, 0xFFFF, 0xFFFF, 0xFFFF, 0xFFFF, 0xFFFF,
    0xFFFF, 0xFFFF, 0xFFFF, 0xFFFF, 0xFFFF, 0xFFFF, 0xFFFF, 0xFFFF, 0xFFFF, 0xFFFF, 0xFFFF, 0xFFFF, 0xFFFF, 0xFFFF, 0xFFFF, 0xFFFF,
    0xFFFF, 0xFFFF, 0xFFFF, 0xFFFF, 0xFFFF, 0xFFFF, 0xFFFF, 0xFFFF, 0xFFFF, 0xFFFF, 0xFFFF, 0xFFFF, 0xFFFF, 0xFFFF, 0xFFFF, 0xFFFF,
    0xFFFF, 0xFFFF, 0xFFFF, 0xFFFF, 0xFFFF, 0xFFFF, 0xFFFF, 0xFFFF, 0xFFFF, 0xFFFF, 0xFFFF, 0xFFFF, 0xFFFF, 0xFFFF, 0xFFFF, 0xFFFF,
    0xFFFF, 0xFFFF, 0xFFFF, 0xFFFF, 0xFFFF, 0xFFFF, 0xFFFF, 0xFFFF, 0xFFFF, 0xFFFF, 0xFFFF, 0xFFFF, 0xFFFF, 0xFFFF, 0xFFFF, 0xFFFF,
    0xFFFF, 0xFFFF, 0xFFFF, 0xFFFF, 0xFFFF, 0xFFFF, 0xFFFF, 0xFFFF, 0xFFFF, 0xFFFF, 0xFFFF, 0xFFFF, 0xFFFF, 0xFFFF, 0xFFFF, 0xFFFF,
    0xFFFF, 0xFFFF, 0xFFFF, 0xFFFF, 0xFFFF, 0xFFFF, 0xFFFF, 0xFFFF, 0xFFFF, 0xFFFF, 0xFFFF, 0xFFFF, 0xFFFF, 0xFFFF, 0xFFFF, 0xFFFF,
    0xFFFF, 0xFFFF, 0xFFFF, 0xFFFF, 0xFFFF, 0xFFFF, 0xFFFF, 0xFFFF, 0xFFFF, 0xFFFF, 0xFFFF, 0xFFFF, 0xFFFF, 0xFFFF, 0xFFFF, 0xFFFF,
    0xFFFF, 0xFFFF, 0xFFFF, 0xFFFF, 0xFFFF, 0xFFFF, 0xFFFF, 0xFFFF, 0xFFFF, 0xFFFF, 0xFFFF, 0xFFFF, 0xFFFF, 0xFFFF, 0xFFFF, 0xFFFF,
    0xFFFF, 0xFFFF, 0xFFFF, 0xFFFF, 0xFFFF, 0xFFFF, 0xFFFF, 0xFFFF, 0xFFFF, 0xFFFF, 0xFFFF, 0xFFFF, 0xFFFF, 0xFFFF, 0xFFFF, 0xFFFF,
    0xFFFF, 0xFFFF, 0xFFFF, 0xFFFF, 0xFFFF, 0xFFFF, 0xFFFF, 0xFFFF, 0xFFFF, 0xFFFF, 0xFFFF, 0xFFFF, 0xFFFF, 0xFFFF, 0xFFFF, 0xFFFF,
    0xFFFF, 0xFFFF, 0xFFFF, 0xFFFF, 0xFFFF, 0xFFFF, 0xFFFF, 0xFFFF, 0xFFFF, 0xFFFF, 0xFFFF, 0xFFFF, 0xFFFF, 0xFFFF, 0xFFFF, 0xFFFF,
    0xFFFF, 0xFFFF, 0xFFFF, 0xFFFF, 0xFFFF, 0xFFFF, 0xFFFF, 0xFFFF, 0xFFFF, 0xFFFF, 0xFFFF, 0xFFFF, 0xFFFF, 0xFFFF, 0xFFFF, 0xFFFF,
    0xFFFF, 0xFFFF, 0xFFFF, 0xFFFF, 0xFFFF, 0xFFFF, 0xFFFF, 0xFFFF, 0xFFFF, 0xFFFF, 0xFFFF, 0xFFFF, 0xFFFF, 0xFFFF, 0xFFFF, 0xFFFF,
    0xFFFF, 0xFFFF, 0xFFFF, 0xFFFF, 0xFFFF, 0xFFFF, 0xFFFF, 0xFFFF, 0xFFFF, 0xFFFF, 0xFFFF, 0xFFFF, 0xFFFF, 0xFFFF, 0xFFFF, 0xFFFF,
    0xFFFF, 0xFFFF, 0xFFFF, 0xFFFF, 0xFFFF, 0xFFFF, 0xFFFF, 0xFFFF, 0xFFFF, 0xFFFF, 0xFFFF, 0xFFFF, 0xFFFF, 0xFFFF, 0xFFFF, 0xFFFF,
    0xFFFF, 0xFFFF, 0xFFFF, 0xFFFF, 0xFFFF, 0xFFFF, 0xFFFF, 0xFFFF, 0xFFFF, 0xFFFF, 0xFFFF, 0xFFFF, 0xFFFF, 0xFFFF, 0xFFFF, 0xFFFF,
    0xFFFF, 0xFFFF, 0xFFFF, 0xFFFF, 0xFFFF, 0xFFFF, 0xFFFF, 0xFFFF, 0xFFFF, 0xFFFF, 0xFFFF, 0xFFFF, 0xFFFF, 0xFFFF, 0xFFFF, 0xFFFF,
    0xFFFF, 0xFFFF, 0xFFFF, 0xFFFF, 0xFFFF, 0xFFFF, 0xFFFF, 0xFFFF, 0xFFFF, 0xFFFF, 0xFFFF, 0xFFFF, 0xFFFF, 0xFFFF, 0xFFFF, 0xFFFF,
    0xFFFF, 0xFFFF, 0xFFFF, 0xFFFF, 0xFFFF, 0xFFFF, 0xFFFF, 0xFFFF, 0xFFFF, 0xFFFF, 0xFFFF, 0xFFFF, 0xFFFF, 0xFFFF, 0xFFFF, 0xFFFF,
    0xFFFF, 0xFFFF, 0xFFFF, 0xFFFF, 0xFFFF, 0xFFFF, 0xFFFF, 0xFFFF, 0xFFFF, 0xFFFF, 0xFFFF, 0xFFFF, 0xFFFF, 0xFFFF, 0xFFFF, 0xFFFF,
    0xFFFF, 0xFFFF, 0xFFFF, 0xFFFF, 0xFFFF, 0xFFFF, 0xFFFF, 0xFFFF, 0xFFFF, 0xFFFF, 0xFFFF, 0xFFFF, 0xFFFF, 0xFFFF, 0xFFFF, 0xFFFF,
    0xFFFF, 0xFFFF, 0xFFFF, 0xFFFF, 0xFFFF, 0xFFFF, 0xFFFF, 0xFFFF, 0xFFFF, 0xFFFF, 0xFFFF, 0xFFFF, 0xFFFF, 0xFFFF, 0xFFFF, 0xFFFF,
    0xFFFF, 0xFFFF, 0xFFFF, 0xFFFF, 0xFFFF, 0xFFFF, 0xFFFF, 0xFFFF, 0xFFFF, 0xFFFF, 0xFFFF, 0xFFFF, 0xFFFF, 0xFFFF, 0xFFFF, 0xFFFF,
    0xFFFF, 0xFFFF, 0xFFFF, 0xFFFF, 0xFFFF, 0xFFFF, 0xFFFF, 0xFFFF, 0xFFFF, 0xFFFF, 0xFFFF, 0xFFFF, 0xFFFF, 0xFFFF, 0xFFFF, 0xFFFF,
    0xFFFF, 0xFFFF, 0xFFFF, 0xFFFF, 0xFFFF, 0xFFFF, 0xFFFF, 0xFFFF, 0xFFFF, 0xFFFF, 0xFFFF, 0xFFFF, 0xFFFF, 0xFFFF, 0xFFFF, 0xFFFF,
    0xFFFF, 0xFFFF, 0xFFFF, 0xFFFF, 0xFFFF, 0xFFFF, 0xFFFF, 0xFFFF, 0xFFFF, 0xFFFF, 0xFFFF, 0xFFFF, 0xFFFF, 0xFFFF, 0xFFFF, 0xFFFF,
    0xFFFF, 0xFFFF, 0xFFFF, 0xFFFF, 0xFFFF, 0xFFFF, 0xFFFF, 0xFFFF, 0xFFFF, 0xFFFF, 0xFFFF, 0xFFFF, 0xFFFF, 0xFFFF, 0xFFFF, 0xFFFF,
    0xFFFF, 0xFFFF, 0xFFFF, 0xFFFF, 0xFFFF, 0xFFFF, 0xFFFF, 0xFFFF, 0xFFFF, 0xFFFF, 0xFFFF, 0xFFFF, 0xFFFF, 0xFFFF, 0xFFFF, 0xFFFF,
    0xFFFF, 0xFFFF, 0xFFFF, 0xFFFF, 0xFFFF, 0xFFFF, 0xFFFF, 0xFFFF, 0xFFFF, 0xFFFF, 0xFFFF, 0xFFFF, 0xFFFF, 0xFFFF, 0xFFFF, 0xFFFF,
    0xFFFF, 0xFFFF, 0xFFFF, 0xFFFF, 0xFFFF, 0xFFFF, 0xFFFF, 0xFFFF, 0xFFFF, 0xFFFF, 0xFFFF, 0xFFFF, 0xFFFF, 0xFFFF, 0xFFFF, 0xFFFF,
    0xFFFF, 0xFFFF, 0xFFFF, 0xFFFF, 0xFFFF, 0xFFFF, 0xFFFF, 0xFFFF, 0xFFFF, 0xFFFF, 0xFFFF, 0xFFFF, 0xFFFF, 0xFFFF, 0xFFFF, 0xFFFF,
    0xFFFF, 0xFFFF, 0xFFFF, 0xFFFF, 0xFFFF, 0xFFFF, 0xFFFF, 0xFFFF, 0xFFFF, 0xFFFF, 0xFFFF, 0xFFFF, 0xFFFF, 0xFFFF, 0xFFFF, 0xFFFF,
    0xFFFF, 0xFFFF, 0xFFFF, 0xFFFF, 0xFFFF, 0xFFFF, 0xFFFF, 0xFFFF, 0xFFFF, 0xFFFF, 0xFFFF, 0xFFFF, 0xFFFF, 0xFFFF, 0xFFFF, 0xFFFF,
    0xFFFF, 0xFFFF, 0xFFFF, 0xFFFF, 0xFFFF, 0xFFFF, 0xFFFF, 0xFFFF, 0xFFFF, 0xFFFF, 0xFFFF, 0xFFFF, 0xFFFF, 0xFFFF, 0xFFFF, 0xFFFF,
    0xFFFF, 0xFFFF, 0xFFFF, 0xFFFF, 0xFFFF, 0xFFFF, 0xFFFF, 0xFFFF, 0xFFFF, 0xFFFF, 0xFFFF, 0xFFFF, 0xFFFF, 0xFFFF, 0xFFFF, 0xFFFF,
    0xFFFF, 0xFFFF, 0xFFFF, 0xFFFF, 0xFFFF, 0xFFFF, 0xFFFF, 0xFFFF, 0xFFFF, 0xFFFF, 0xFFFF, 0xFFFF, 0xFFFF, 0xFFFF, 0xFFFF, 0xFFFF,
    0xFFFF, 0xFFFF, 0xFFFF, 0xFFFF, 0xFFFF, 0xFFFF, 0xFFFF, 0xFFFF, 0xFFFF, 0xFFFF, 0xFFFF, 0xFFFF, 0xFFFF, 0xFFFF, 0xFFFF, 0xFFFF,
    0xFFFF, 0xFFFF, 0xFFFF, 0xFFFF, 0xFFFF, 0xFFFF, 0xFFFF, 0xFFFF, 0xFFFF, 0xFFFF, 0xFFFF, 0xFFFF, 0xFFFF, 0xFFFF, 0xFFFF, 0xFFFF,
    0xFFFF, 0xFFFF, 0xFFFF, 0xFFFF, 0xFFFF, 0xFFFF, 0xFFFF, 0xFFFF, 0xFFFF, 0xFFFF, 0xFFFF, 0xFFFF, 0xFFFF, 0xFFFF, 0xFFFF, 0xFFFF,
    0xFFFF, 0xFFFF, 0xFFFF, 0xFFFF, 0xFFFF, 0xFFFF, 0xFFFF, 0xFFFF, 0xFFFF, 0xFFFF, 0xFFFF, 0xFFFF, 0xFFFF, 0xFFFF, 0xFFFF, 0xFFFF,
    0xFFFF, 0xFFFF, 0xFFFF, 0xFFFF, 0xFFFF, 0xFFFF, 0xFFFF, 0xFFFF, 0xFFFF, 0xFFFF, 0xFFFF, 0xFFFF, 0xFFFF, 0xFFFF, 0xFFFF, 0xFFFF,
    0xFFFF, 0xFFFF, 0xFFFF, 0xFFFF, 0xFFFF, 0xFFFF, 0xFFFF, 0xFFFF, 0xFFFF, 0xFFFF, 0xFFFF, 0xFFFF, 0xFFFF, 0xFFFF, 0xFFFF, 0xFFFF,
    0xFFFF, 0xFFFF, 0xFFFF, 0xFFFF, 0xFFFF, 0xFFFF, 0xFFFF, 0xFFFF, 0xFFFF, 0xFFFF, 0xFFFF, 0xFFFF, 0xFFFF, 0xFFFF, 0xFFFF, 0xFFFF,
    0xFFFF, 0xFFFF, 0xFFFF, 0xFFFF, 0xFFFF, 0xFFFF, 0xFFFF, 0xFFFF, 0xFFFF, 0xFFFF, 0xFFFF, 0xFFFF, 0xFFFF, 0xFFFF, 0xFFFF, 0xFFFF,
    0xFFFF, 0xFFFF, 0xFFFF, 0xFFFF, 0xFFFF, 0xFFFF, 0xFFFF, 0xFFFF, 0xFFFF, 0xFFFF, 0xFFFF, 0xFFFF, 0xFFFF, 0xFFFF, 0xFFFF, 0xFFFF,
    0xFFFF, 0xFFFF, 0xFFFF, 0xFFFF, 0xFFFF, 0xFFFF, 0xFFFF, 0xFFFF, 0xFFFF, 0xFFFF, 0xFFFF, 0xFFFF, 0xFFFF, 0xFFFF, 0xFFFF, 0xFFFF,
    0xFFFF, 0xFFFF, 0xFFFF, 0xFFFF, 0xFFFF, 0xFFFF, 0xFFFF, 0xFFFF, 0xFFFF, 0xFFFF, 0xFFFF, 0xFFFF, 0xFFFF, 0xFFFF, 0xFFFF, 0xFFFF,
    0xFFFF, 0xFFFF, 0xFFFF, 0xFFFF, 0xFFFF, 0xFFFF, 0xFFFF, 0xFFFF, 0xFFFF, 0xFFFF, 0xFFFF, 0xFFFF, 0xFFFF, 0xFFFF, 0xFFFF, 0xFFFF,
    0xFFFF, 0xFFFF, 0xFFFF, 0xFFFF, 0xFFFF, 0xFFFF, 0xFFFF, 0xFFDF, 0xFFFF, 0xFFFF, 0xFFFF, 0xFFFF, 0xFFFF, 0xFFFF, 0xFFFF, 0xFFFF,
    0xFFFF, 0xFFFF, 0xFFFF, 0xFFFF, 0xFFFF, 0xFFFF, 0xFFFF, 0xFFFF, 0xFFFF, 0xFFFF, 0xFFFF, 0xFFFF, 0xFFFF, 0xFFFF, 0xFFFF, 0xFFFF,
    0xFFFF, 0xFFFF, 0xFFFF, 0xFFFF, 0xFFFF, 0xFFFF, 0xFFFF, 0xFFFF, 0xFFFF, 0xFFFF, 0xFFFF, 0xFFFF, 0xFFFF, 0xFFFF, 0xFFFF, 0xFFFF,
    0xFFFF, 0xFFFF, 0xFFFF, 0xFFFF, 0xFFFF, 0xFFFF, 0xFFFF, 0xFFFF, 0xFFFF, 0xFFFF, 0xFFFF, 0xFFFF, 0xFFFF, 0xFFFF, 0xFFFF, 0xFFFF,
    0xFFFF, 0xFFFF, 0xFFFF, 0xFFFF, 0xFFFF, 0xFFFF, 0xFFFF, 0xFFFF, 0xFFFF, 0xFFFF, 0xFFFF, 0xFFFF, 0xFFFF, 0xFFFF, 0xFFFF, 0xFFFF,
    0xFFFF, 0xFFFF, 0xFFFF, 0xFFFF, 0xFFFF, 0xFFFF, 0xFFFF, 0xFFFF, 0xFFFF, 0xFFFF, 0xFFFF, 0xFFFF, 0xFFFF, 0xFFFF, 0xFFFF, 0xFFFF,
    0xFFFF, 0xFFFF, 0xFFFF, 0xFFFF, 0xFFFF, 0xFFFF, 0xFFFF, 0xFFFF, 0xFFFF, 0xFFFF, 0xFFFF, 0xFFFF, 0xFFFF, 0xFFFF, 0xFFFF, 0xFFFF,
    0xFFFF, 0xFFFF, 0xFFFF, 0xFFFF, 0xFFFF, 0xFFFF, 0xFFFF, 0xFFFF, 0xFFFF, 0xFFFF, 0xFFFF, 0xFFFF, 0xFFFF, 0xFFFF, 0xFFFF, 0xFFFF,
    0xFFFF, 0xFFFF, 0xFFFF, 0xFFFF, 0xFFFF, 0xFFFF, 0xFFFF, 0xFFFF, 0xFFFF, 0xFFFF, 0xFFFF, 0xFFFF, 0xFFFF, 0xFFFF, 0xFFFF, 0xFFFF,
    0xFFFF, 0xFFFF, 0xFFFF, 0xFFFF, 0xFFFF, 0xFFFF, 0xFFFF, 0xFFFF, 0xFFFF, 0xFFFF, 0xFFFF, 0xFFFF, 0xFFFF, 0xFFFF, 0xFFFF, 0xFFFF,
    0xFFFF, 0xFFFF, 0xFFFF, 0xFFFF, 0xFFFF, 0xFFFF, 0xFFFF, 0xFFFF, 0xFFFF, 0xFFFF, 0xFFFF, 0xFFFF, 0xFFFF, 0xFFFF, 0xFFFF, 0xFFFF,
    0xFFFF, 0xFFFF, 0xFFFF, 0xFFFF, 0xFFFF, 0xFFFF, 0xFFFF, 0xFFFF, 0xFFFF, 0xFFFF, 0xFFFF, 0xFFFF, 0xFFFF, 0xFFFF, 0xFFFF, 0xFFFF,
    0xFFFF, 0xFFFF, 0xFFFF, 0xFFFF, 0xFFFF, 0xFFFF, 0xFFFF, 0xFFFF, 0xFFFF, 0xFFFF, 0xFFFF, 0xFFFF, 0xFFFF, 0xFFFF, 0xFFFF, 0xFFFF,
    0xFFFF, 0xFFFF, 0xFFFF, 0xFFFF, 0xFFFF, 0xFFFF, 0xFFFF, 0xFFFF, 0xFFFF, 0xFFFF, 0xFFFF, 0xFFFF, 0xFFFF, 0xFFFF, 0xFFFF, 0xFFFF,
    0xFFFF, 0xFFFF, 0xFFFF, 0xFFFF, 0xFFFF, 0xFFFF, 0xFFFF, 0xFFFF, 0xFFFF, 0xFFFF, 0xFFFF, 0xFFFF, 0xFFFF, 0xFFFF, 0xFFFF, 0xFFFF,
    0xFFFF, 0xFFFF, 0xFFFF, 0xFFFF, 0xFFFF, 0xFFFF, 0xFFFF, 0xFFFF, 0xFFFF, 0xFFFF, 0xFFFF, 0xFFFF, 0xFFFF, 0xFFFF, 0xFFFF, 0xFFFF,
    0xFFFF, 0xFFFF, 0xFFFF, 0xFFFF, 0xFFFF, 0xFFFF, 0xFFFF, 0xFFFF, 0xFFFF, 0xFFFF, 0xFFFF, 0xFFFF, 0xFFFF, 0xFFFF, 0xFFFF, 0xFFFF,
    0xFFFF, 0xFFFF, 0xFFFF, 0xFFFF, 0xFFFF, 0xFFFF, 0xFFFF, 0xFFFF, 0xFFFF, 0xFFFF, 0xFFFF, 0xFFFF, 0xFFFF, 0xFFFF, 0xFFFF, 0xFFFF,
    0xFFFF, 0xFFFF, 0xFFFF, 0xFFFF, 0xFFFF, 0xFFFF, 0xFFFF, 0xFFFF, 0xFFFF, 0xFFFF, 0xFFFF, 0xFFFF, 0xFFFF, 0xFFFF, 0xFFFF, 0xFFFF,
    0xFFFF, 0xFFFF, 0xFFFF, 0xFFFF, 0xFFFF, 0xFFDF, 0xEF5D, 0xDEFB, 0xDEFB, 0xDF1C, 0xD6BA, 0xDEDB, 0xE71C, 0xEF3C, 0xE6FC, 0xDEDB,
    0xE71C, 0xEF5D, 0xEF5D, 0xF7BE, 0xFFFF, 0xFFFF, 0xFFFF, 0xFFFF, 0xFFFF, 0xFFFF, 0xFFFF, 0xFFFF, 0xFFDF, 0xFFFF, 0xFFFF, 0xFFFF,
    0xFFFF, 0xFFFF, 0xFFFF, 0xFFFF, 0xFFFF, 0xFFFF, 0xFFFF, 0xFFFF, 0xFFFF, 0xFFFF, 0xFFFF, 0xFFFF, 0xFFFF, 0xFFFF, 0xFFFF, 0xFFFF,
    0xFFFF, 0xFFFF, 0xFFFF, 0xFFFF, 0xFFFF, 0xFFFF, 0xFFFF, 0xFFFF, 0xFFFF, 0xFFFF, 0xFFFF, 0xFFFF, 0xFFFF, 0xFFFF, 0xFFFF, 0xFFFF,
    0xFFFF, 0xFFFF, 0xFFFF, 0xFFFF, 0xFFFF, 0xFFFF, 0xFFFF, 0xFFFF, 0xFFFF, 0xFFFF, 0xFFFF, 0xFFFF, 0xFFFF, 0xFFFF, 0xFFFF, 0xFFFF,
    0xFFFF, 0xFFFF, 0xFFFF, 0xFFFF, 0xFFFF, 0xFFFF, 0xFFFF, 0xFFFF, 0xFFFF, 0xFFFF, 0xFFFF, 0xFFFF, 0xFFFF, 0xFFFF, 0xFFFF, 0xFFFF,
    0xFFFF, 0xFFFF, 0xFFFF, 0xFFFF, 0xFFFF, 0xFFFF, 0xFFFF, 0xFFFF, 0xFFFF, 0xFFFF, 0xFFFF, 0xFFFF, 0xFFFF, 0xFFFF, 0xFFFF, 0xFFFF,
    0xFFFF, 0xFFFF, 0xFFFF, 0xFFFF, 0xFFFF, 0xFFFF, 0xFFFF, 0xFFFF, 0xFFFF, 0xFFFF, 0xFFFF, 0xFFFF, 0xFFFF, 0xFFFF, 0xFFFF, 0xFFFF,
    0xFFFF, 0xFFFF, 0xFFFF, 0xFFFF, 0xFFFF, 0xFFFF, 0xFFFF, 0xFFFF, 0xFFFF, 0xFFFF, 0xFFFF, 0xFFFF, 0xFFFF, 0xFFFF, 0xFFFF, 0xFFFF,
    0xFFFF, 0xFFFF, 0xFFFF, 0xFFFF, 0xFFFF, 0xFFFF, 0xFFFF, 0xFFFF, 0xFFFF, 0xFFFF, 0xFFFF, 0xFFFF, 0xFFFF, 0xFFFF, 0xFFFF, 0xFFFF,
    0xFFFF, 0xFFFF, 0xFFFF, 0xFFFF, 0xFFFF, 0xFFFF, 0xFFFF, 0xFFFF, 0xFFFF, 0xFFFF, 0xFFFF, 0xFFFF, 0xFFFF, 0xFFFF, 0xFFFF, 0xFFFF,
    0xFFFF, 0xFFFF, 0xFFFF, 0xFFFF, 0xFFFF, 0xFFFF, 0xFFFF, 0xFFFF, 0xFFFF, 0xFFFF, 0xFFFF, 0xFFFF, 0xFFFF, 0xFFFF, 0xFFFF, 0xFFFF,
    0xFFFF, 0xFFFF, 0xFFFF, 0xFFFF, 0xFFFF, 0xFFFF, 0xFFFF, 0xFFFF, 0xFFFF, 0xFFFF, 0xFFFF, 0xFFFF, 0xFFFF, 0xFFFF, 0xFFFF, 0xFFFF,
    0xFFFF, 0xFFFF, 0xFFFF, 0xFFFF, 0xFFFF, 0xFFFF, 0xFFFF, 0xFFFF, 0xFFFF, 0xFFFF, 0xFFFF, 0xFFFF, 0xFFFF, 0xFFFF, 0xFFFF, 0xFFFF,
    0xFFFF, 0xFFFF, 0xFFFF, 0xFFFF, 0xFFFF, 0xFFFF, 0xFFFF, 0xFFFF, 0xFFFF, 0xFFFF, 0xFFFF, 0xFFFF, 0xFFFF, 0xFFFF, 0xFFFF, 0xFFFF,
    0xFFFF, 0xFFFF, 0xFFFF, 0xFFFF, 0xFFFF, 0xFFFF, 0xFFFF, 0xFFFF, 0xFFFF, 0xFFFF, 0xFFFF, 0xFFFF, 0xFFFF, 0xFFFF, 0xFFFF, 0xFFFF,
    0xFFFF, 0xFFFF, 0xFFFF, 0xFFFF, 0xFFFF, 0xFFFF, 0xFFFF, 0xFFFF, 0xFFFF, 0xFFFF, 0xFFFF, 0xFFFF, 0xFFFF, 0xFFFF, 0xFFFF, 0xFFFF,
    0xFFFF, 0xFFFF, 0xFFFF, 0xFFFF, 0xFFFF, 0xFFFF, 0xFFFF, 0xFFFF, 0xFFFF, 0xFFFF, 0xFFFF, 0xFFFF, 0xFFFF, 0xFFFF, 0xFFFF, 0xFFFF,
    0xFFFF, 0xFFFF, 0xFFFF, 0xFFFF, 0xFFFF, 0xFFFF, 0xFFFF, 0xFFFF, 0xFFFF, 0xFFFF, 0xFFFF, 0xFFFF, 0xFFFF, 0xFFFF, 0xFFFF, 0xFFFF,
    0xFFFF, 0xFFFF, 0xFFFF, 0xFFFF, 0xFFFF, 0xFFFF, 0xFFFF, 0xFFFF, 0xFFFF, 0xFFDF, 0xFFFF, 0xFFFF, 0xFFFF, 0xFFFF, 0xFFFF, 0xFFFF,
    0xFFDF, 0xCE59, 0x9CF3, 0x6B6D, 0x4228, 0x3186, 0x18E3, 0x1082, 0x1061, 0x1061, 0x0841, 0x0861, 0x1082, 0x18A2, 0x1061, 0x1041,
    0x1082, 0x18A2, 0x18C3, 0x2124, 0x31C7, 0x4A89, 0x5B0B, 0x7BEF, 0xAD75, 0xDEDB, 0xFFDF, 0xFFFF, 0xFFFF, 0xFFFF, 0xFFFF, 0xFFFF,
    0xFFFF, 0xFFFF, 0xFFFF, 0xFFFF, 0xFFFF, 0xFFFF, 0xFFFF, 0xFFFF, 0xFFFF, 0xFFFF, 0xFFFF, 0xFFFF, 0xFFFF, 0xFFFF, 0xFFFF, 0xFFFF,
    0xFFFF, 0xFFFF, 0xFFFF, 0xFFFF, 0xFFFF, 0xFFFF, 0xFFFF, 0xFFFF, 0xFFFF, 0xFFFF, 0xFFFF, 0xFFFF, 0xFFFF, 0xFFFF, 0xFFFF, 0xFFFF,
    0xFFFF, 0xFFFF, 0xFFFF, 0xFFFF, 0xFFFF, 0xFFFF, 0xFFFF, 0xFFFF, 0xFFFF, 0xFFFF, 0xFFFF, 0xFFFF, 0xFFFF, 0xFFFF, 0xFFFF, 0xFFFF,
    0xFFFF, 0xFFFF, 0xFFFF, 0xFFFF, 0xFFFF, 0xFFFF, 0xFFFF, 0xFFFF, 0xFFFF, 0xFFFF, 0xFFFF, 0xFFFF, 0xFFFF, 0xFFFF, 0xFFFF, 0xFFFF,
    0xFFFF, 0xFFFF, 0xFFFF, 0xFFFF, 0xFFFF, 0xFFFF, 0xFFFF, 0xFFFF, 0xFFFF, 0xFFFF, 0xFFFF, 0xFFFF, 0xFFFF, 0xFFFF, 0xFFFF, 0xFFFF,
    0xFFFF, 0xFFFF, 0xFFFF, 0xFFFF, 0xFFFF, 0xFFFF, 0xFFFF, 0xFFFF, 0xFFFF, 0xFFFF, 0xFFFF, 0xFFFF, 0xFFFF, 0xFFFF, 0xFFFF, 0xFFFF,
    0xFFFF, 0xFFFF, 0xFFFF, 0xFFFF, 0xFFFF, 0xFFFF, 0xFFFF, 0xFFFF, 0xFFFF, 0xFFFF, 0xFFFF, 0xFFFF, 0xFFFF, 0xFFFF, 0xFFFF, 0xFFFF,
    0xFFFF, 0xFFFF, 0xFFFF, 0xFFFF, 0xFFFF, 0xFFFF, 0xFFFF, 0xFFFF, 0xFFFF, 0xFFFF, 0xFFFF, 0xFFFF, 0xFFFF, 0xFFFF, 0xFFFF, 0xFFFF,
    0xFFFF, 0xFFFF, 0xFFFF, 0xFFFF, 0xFFFF, 0xFFFF, 0xFFFF, 0xFFFF, 0xFFFF, 0xFFFF, 0xFFFF, 0xFFFF, 0xFFFF, 0xFFFF, 0xFFFF, 0xFFFF,
    0xFFFF, 0xFFFF, 0xFFFF, 0xFFFF, 0xFFFF, 0xFFFF, 0xFFFF, 0xFFFF, 0xFFFF, 0xFFFF, 0xFFFF, 0xFFFF, 0xFFFF, 0xFFFF, 0xFFFF, 0xFFFF,
    0xFFFF, 0xFFFF, 0xFFFF, 0xFFFF, 0xFFFF, 0xFFFF, 0xFFFF, 0xFFFF, 0xFFFF, 0xFFFF, 0xFFFF, 0xFFFF, 0xFFFF, 0xFFFF, 0xFFFF, 0xFFFF,
    0xFFFF, 0xFFFF, 0xFFFF, 0xFFFF, 0xFFFF, 0xFFFF, 0xFFFF, 0xFFFF, 0xFFFF, 0xFFFF, 0xFFFF, 0xFFFF, 0xFFFF, 0xFFFF, 0xFFFF, 0xFFFF,
    0xFFFF, 0xFFFF, 0xFFFF, 0xFFFF, 0xFFFF, 0xFFFF, 0xFFFF, 0xFFFF, 0xFFFF, 0xFFFF, 0xFFFF, 0xFFFF, 0xFFFF, 0xFFFF, 0xFFFF, 0xFFFF,
    0xFFFF, 0xFFFF, 0xFFFF, 0xFFFF, 0xFFFF, 0xFFFF, 0xFFFF, 0xFFFF, 0xFFFF, 0xFFFF, 0xFFFF, 0xFFFF, 0xFFFF, 0xFFFF, 0xFFFF, 0xFFFF,
    0xFFFF, 0xFFFF, 0xFFFF, 0xFFFF, 0xFFFF, 0xFFFF, 0xFFFF, 0xFFFF, 0xFFFF, 0xFFFF, 0xFFFF, 0xFFFF, 0xFFFF, 0xFFFF, 0xFFFF, 0xFFFF,
    0xFFFF, 0xFFFF, 0xFFFF, 0xFFFF, 0xFFFF, 0xFFFF, 0xFFFF, 0xFFFF, 0xFFFF, 0xFFFF, 0xFFFF, 0xFFFF, 0xFFFF, 0xFFFF, 0xFFFF, 0xFFFF,
    0xFFFF, 0xFFFF, 0xFFFF, 0xFFFF, 0xFFFF, 0xFFFF, 0xFFFF, 0xFFFF, 0xFFFF, 0xFFFF, 0xFFFF, 0xFFFF, 0xFFFF, 0xFFFF, 0xFFFF, 0xFFFF,
    0xFFFF, 0xFFFF, 0xFFFF, 0xFFFF, 0xFFFF, 0xFFFF, 0xFFDF, 0xFFFF, 0xFFFF, 0xFFFF, 0xFFFF, 0xF79E, 0xCE9A, 0xB5B7, 0x8C31, 0x5ACB,
    0x3165, 0x0820, 0x0800, 0x2000, 0x3000, 0x4000, 0x4800, 0x5000, 0x5800, 0x6000, 0x6021, 0x6000, 0x5800, 0x5800, 0x5820, 0x6021,
    0x5820, 0x5800, 0x5000, 0x4800, 0x3800, 0x2800, 0x1800, 0x0800, 0x0000, 0x1062, 0x39A7, 0x6B4D, 0x94D3, 0xBDF7, 0xEF7D, 0xFFFF,
    0xFFFF, 0xFFFF, 0xFFFF, 0xFFDF, 0xFFDF, 0xFFFF, 0xFFFF, 0xFFFF, 0xFFFF, 0xFFFF, 0xFFFF, 0xFFFF, 0xFFFF, 0xFFFF, 0xFFFF, 0xFFFF,
    0xFFFF, 0xFFFF, 0xFFFF, 0xFFFF, 0xFFFF, 0xFFFF, 0xFFFF, 0xFFFF, 0xFFFF, 0xFFFF, 0xFFFF, 0xFFFF, 0xFFFF, 0xFFFF, 0xFFFF, 0xFFFF,
    0xFFFF, 0xFFFF, 0xFFFF, 0xFFFF, 0xFFFF, 0xFFFF, 0xFFFF, 0xFFFF, 0xFFFF, 0xFFFF, 0xFFFF, 0xFFFF, 0xFFFF, 0xFFFF, 0xFFFF, 0xFFFF,
    0xFFFF, 0xFFFF, 0xFFFF, 0xFFFF, 0xFFFF, 0xFFFF, 0xFFFF, 0xFFFF, 0xFFFF, 0xFFFF, 0xFFFF, 0xFFFF, 0xFFFF, 0xFFFF, 0xFFFF, 0xFFFF,
    0xFFFF, 0xFFFF, 0xFFFF, 0xFFFF, 0xFFFF, 0xFFFF, 0xFFFF, 0xFFFF, 0xFFFF, 0xFFFF, 0xFFFF, 0xFFFF, 0xFFFF, 0xFFFF, 0xFFFF, 0xFFFF,
    0xFFFF, 0xFFFF, 0xFFFF, 0xFFFF, 0xFFFF, 0xFFFF, 0xFFFF, 0xFFFF, 0xFFFF, 0xFFFF, 0xFFFF, 0xFFFF, 0xFFFF, 0xFFFF, 0xFFFF, 0xFFFF,
    0xFFFF, 0xFFFF, 0xFFFF, 0xFFFF, 0xFFFF, 0xFFFF, 0xFFFF, 0xFFFF, 0xFFFF, 0xFFFF, 0xFFFF, 0xFFFF, 0xFFFF, 0xFFFF, 0xFFFF, 0xFFFF,
    0xFFFF, 0xFFFF, 0xFFFF, 0xFFFF, 0xFFFF, 0xFFFF, 0xFFFF, 0xFFFF, 0xFFFF, 0xFFFF, 0xFFFF, 0xFFFF, 0xFFFF, 0xFFFF, 0xFFFF, 0xFFFF,
    0xFFFF, 0xFFFF, 0xFFFF, 0xFFFF, 0xFFFF, 0xFFFF, 0xFFFF, 0xFFFF, 0xFFFF, 0xFFFF, 0xFFFF, 0xFFFF, 0xFFFF, 0xFFFF, 0xFFFF, 0xFFFF,
    0xFFFF, 0xFFFF, 0xFFFF, 0xFFFF, 0xFFFF, 0xFFFF, 0xFFFF, 0xFFFF, 0xFFFF, 0xFFFF, 0xFFFF, 0xFFFF, 0xFFFF, 0xFFFF, 0xFFFF, 0xFFFF,
    0xFFFF, 0xFFFF, 0xFFFF, 0xFFFF, 0xFFFF, 0xFFFF, 0xFFFF, 0xFFFF, 0xFFFF, 0xFFFF, 0xFFFF, 0xFFFF, 0xFFFF, 0xFFFF, 0xFFFF, 0xFFFF,
    0xFFFF, 0xFFFF, 0xFFFF, 0xFFFF, 0xFFFF, 0xFFFF, 0xFFFF, 0xFFFF, 0xFFFF, 0xFFFF, 0xFFFF, 0xFFFF, 0xFFFF, 0xFFFF, 0xFFFF, 0xFFFF,
    0xFFFF, 0xFFFF, 0xFFFF, 0xFFFF, 0xFFFF, 0xFFFF, 0xFFFF, 0xFFFF, 0xFFFF, 0xFFFF, 0xFFFF, 0xFFFF, 0xFFFF, 0xFFFF, 0xFFFF, 0xFFFF,
    0xFFFF, 0xFFFF, 0xFFFF, 0xFFFF, 0xFFFF, 0xFFFF, 0xFFFF, 0xFFFF, 0xFFFF, 0xFFFF, 0xFFFF, 0xFFFF, 0xFFFF, 0xFFFF, 0xFFFF, 0xFFFF,
    0xFFFF, 0xFFFF, 0xFFFF, 0xFFFF, 0xFFFF, 0xFFFF, 0xFFFF, 0xFFFF, 0xFFFF, 0xFFFF, 0xFFFF, 0xFFFF, 0xFFFF, 0xFFFF, 0xFFFF, 0xFFFF,
    0xFFFF, 0xFFFF, 0xFFFF, 0xFFFF, 0xFFFF, 0xFFFF, 0xFFFF, 0xFFFF, 0xFFFF, 0xFFFF, 0xFFFF, 0xFFFF, 0xFFFF, 0xFFFF, 0xFFFF, 0xFFFF,
    0xFFFF, 0xFFFF, 0xFFFF, 0xFFFF, 0xFFFF, 0xFFFF, 0xFFFF, 0xFFFF, 0xFFFF, 0xFFFF, 0xFFFF, 0xFFFF, 0xFFFF, 0xFFFF, 0xFFFF, 0xFFFF,
    0xFFFF, 0xFFFF, 0xFFFF, 0xFFFF, 0xFFFF, 0xFFFF, 0xFFFF, 0xF7BE, 0xCE79, 0x94B2, 0x5AAA, 0x2904, 0x2040, 0x2800, 0x3800, 0x4800,
    0x5800, 0x7021, 0x8041, 0x9841, 0xA021, 0xA041, 0xA041, 0xA820, 0xA820, 0xA820, 0xA820, 0xA800, 0xA820, 0xA820, 0xA820, 0xA820,
    0xA820, 0xA820, 0xA820, 0xA020, 0xA041, 0xA041, 0x9041, 0x8861, 0x7861, 0x6020, 0x3800, 0x1800, 0x0800, 0x0800, 0x18E3, 0x4249,
    0x7BCF, 0xB596, 0xEF3C, 0xFFFF, 0xFFFF, 0xFFFF, 0xFFFF, 0xFFFF, 0xFFFF, 0xFFFF, 0xFFFF, 0xFFFF, 0xFFFF, 0xFFFF, 0xFFFF, 0xFFFF,
    0xFFFF, 0xFFFF, 0xFFFF, 0xFFFF, 0xFFFF, 0xFFFF, 0xFFFF, 0xFFFF, 0xFFFF, 0xFFFF, 0xFFFF, 0xFFFF, 0xFFFF, 0xFFFF, 0xFFFF, 0xFFFF,
    0xFFFF, 0xFFFF, 0xFFFF, 0xFFFF, 0xFFFF, 0xFFFF, 0xFFFF, 0xFFFF, 0xFFFF, 0xFFFF, 0xFFFF, 0xFFFF, 0xFFFF, 0xFFFF, 0xFFFF, 0xFFFF,
    0xFFFF, 0xFFFF, 0xFFFF, 0xFFFF, 0xFFFF, 0xFFFF, 0xFFFF, 0xFFFF, 0xFFFF, 0xFFFF, 0xFFFF, 0xFFFF, 0xFFFF, 0xFFFF, 0xFFFF, 0xFFFF,
    0xFFFF, 0xFFFF, 0xFFFF, 0xFFFF, 0xFFFF, 0xFFFF, 0xFFFF, 0xFFFF, 0xFFFF, 0xFFFF, 0xFFFF, 0xFFFF, 0xFFFF, 0xFFFF, 0xFFFF, 0xFFFF,
    0xFFFF, 0xFFFF, 0xFFFF, 0xFFFF, 0xFFFF, 0xFFFF, 0xFFFF, 0xFFFF, 0xFFFF, 0xFFFF, 0xFFFF, 0xFFFF, 0xFFFF, 0xFFFF, 0xFFFF, 0xFFFF,
    0xFFFF, 0xFFFF, 0xFFFF, 0xFFFF, 0xFFFF, 0xFFFF, 0xFFFF, 0xFFFF, 0xFFFF, 0xFFFF, 0xFFFF, 0xFFFF, 0xFFFF, 0xFFFF, 0xFFFF, 0xFFFF,
    0xFFFF, 0xFFFF, 0xFFFF, 0xFFFF, 0xFFFF, 0xFFFF, 0xFFFF, 0xFFFF, 0xFFFF, 0xFFFF, 0xFFFF, 0xFFFF, 0xFFFF, 0xFFFF, 0xFFFF, 0xFFFF,
    0xFFFF, 0xFFFF, 0xFFFF, 0xFFFF, 0xFFFF, 0xFFFF, 0xFFFF, 0xFFFF, 0xFFFF, 0xFFFF, 0xFFFF, 0xFFFF, 0xFFFF, 0xFFFF, 0xFFFF, 0xFFFF,
    0xFFFF, 0xFFFF, 0xFFFF, 0xFFFF, 0xFFFF, 0xFFFF, 0xFFFF, 0xFFFF, 0xFFFF, 0xFFFF, 0xFFFF, 0xFFFF, 0xFFFF, 0xFFFF, 0xFFFF, 0xFFFF,
    0xFFFF, 0xFFFF, 0xFFFF, 0xFFFF, 0xFFFF, 0xFFFF, 0xFFFF, 0xFFFF, 0xFFFF, 0xFFFF, 0xFFFF, 0xFFFF, 0xFFFF, 0xFFFF, 0xFFFF, 0xFFFF,
    0xFFFF, 0xFFFF, 0xFFFF, 0xFFFF, 0xFFFF, 0xFFFF, 0xFFFF, 0xFFFF, 0xFFFF, 0xFFFF, 0xFFFF, 0xFFFF, 0xFFFF, 0xFFFF, 0xFFFF, 0xFFFF,
    0xFFFF, 0xFFFF, 0xFFFF, 0xFFFF, 0xFFFF, 0xFFFF, 0xFFFF, 0xFFFF, 0xFFFF, 0xFFFF, 0xFFFF, 0xFFFF, 0xFFFF, 0xFFFF, 0xFFFF, 0xFFFF,
    0xFFFF, 0xFFFF, 0xFFFF, 0xFFFF, 0xFFFF, 0xFFFF, 0xFFFF, 0xFFFF, 0xFFFF, 0xFFFF, 0xFFFF, 0xFFFF, 0xFFFF, 0xFFFF, 0xFFFF, 0xFFFF,
    0xFFFF, 0xFFFF, 0xFFFF, 0xFFFF, 0xFFFF, 0xFFFF, 0xFFFF, 0xFFFF, 0xFFFF, 0xFFFF, 0xFFFF, 0xFFFF, 0xFFFF, 0xFFFF, 0xFFFF, 0xFFFF,
    0xFFFF, 0xFFFF, 0xFFFF, 0xFFFF, 0xFFFF, 0xFFFF, 0xFFFF, 0xFFFF, 0xFFFF, 0xFFFF, 0xFFFF, 0xFFFF, 0xFFFF, 0xFFFF, 0xFFFF, 0xFFFF,
    0xFFFF, 0xFFFF, 0xFFFF, 0xFFFF, 0xFFFF, 0xFFFF, 0xFFFF, 0xFFFF, 0xFFFF, 0xFFFF, 0xFFFF, 0xFFFF, 0xFFFF, 0xFFFF, 0xFFDF, 0xFFFF,
    0xFFFF, 0xFFFF, 0xFFFF, 0xFFDF, 0xC639, 0x9492, 0x5AEB, 0x2945, 0x1020, 0x1800, 0x3800, 0x5800, 0x8040, 0x9841, 0xA041, 0xA841,
    0xA821, 0xA820, 0xA800, 0xA800, 0xA800, 0xA000, 0x9800, 0xA000, 0xA000, 0xA000, 0xA000, 0xA000, 0xA000, 0x9800, 0xA000, 0xA000,
    0xA000, 0xA000, 0xA000, 0xA000, 0xA000, 0xA000, 0xA800, 0xB000, 0xA820, 0xA020, 0x9841, 0x9061, 0x8041, 0x6821, 0x5000, 0x2000,
    0x1000, 0x0800, 0x18C3, 0x52EB, 0xA555, 0xEF7D, 0xFFFF, 0xFFFF, 0xFFFF, 0xFFDF, 0xFFFF, 0xFFFF, 0xFFFF, 0xFFFF, 0xFFFF, 0xFFFF,
    0xFFFF, 0xFFFF, 0xFFFF, 0xFFFF, 0xFFFF, 0xFFFF, 0xFFFF, 0xFFFF, 0xFFFF, 0xFFFF, 0xFFFF, 0xFFFF, 0xFFFF, 0xFFFF, 0xFFFF, 0xFFFF,
    0xFFFF, 0xFFFF, 0xFFFF, 0xFFFF, 0xFFFF, 0xFFFF, 0xFFFF, 0xFFFF, 0xFFFF, 0xFFFF, 0xFFFF, 0xFFFF, 0xFFFF, 0xFFFF, 0xFFFF, 0xFFFF,
    0xFFFF, 0xFFFF, 0xFFFF, 0xFFFF, 0xFFFF, 0xFFFF, 0xFFFF, 0xFFFF, 0xFFFF, 0xFFFF, 0xFFFF, 0xFFFF, 0xFFFF, 0xFFFF, 0xFFFF, 0xFFFF,
    0xFFFF, 0xFFFF, 0xFFFF, 0xFFFF, 0xFFFF, 0xFFFF, 0xFFFF, 0xFFFF, 0xFFFF, 0xFFFF, 0xFFFF, 0xFFFF, 0xFFFF, 0xFFFF, 0xFFFF, 0xFFFF,
    0xFFFF, 0xFFFF, 0xFFFF, 0xFFFF, 0xFFFF, 0xFFFF, 0xFFFF, 0xFFFF, 0xFFFF, 0xFFFF, 0xFFFF, 0xFFFF, 0xFFFF, 0xFFFF, 0xFFFF, 0xFFFF,
    0xFFFF, 0xFFFF, 0xFFFF, 0xFFFF, 0xFFFF, 0xFFFF, 0xFFFF, 0xFFFF, 0xFFFF, 0xFFFF, 0xFFFF, 0xFFFF, 0xFFFF, 0xFFFF, 0xFFFF, 0xFFFF,
    0xFFFF, 0xFFFF, 0xFFFF, 0xFFFF, 0xFFFF, 0xFFFF, 0xFFFF, 0xFFFF, 0xFFFF, 0xFFFF, 0xFFFF, 0xFFFF, 0xFFFF, 0xFFFF, 0xFFFF, 0xFFFF,
    0xFFFF, 0xFFFF, 0xFFFF, 0xFFFF, 0xFFFF, 0xFFFF, 0xFFFF, 0xFFFF, 0xFFFF, 0xFFFF, 0xFFFF, 0xFFFF, 0xFFFF, 0xFFFF, 0xFFFF, 0xFFFF,
    0xFFFF, 0xFFFF, 0xFFFF, 0xFFFF, 0xFFFF, 0xFFFF, 0xFFFF, 0xFFFF, 0xFFFF, 0xFFFF, 0xFFFF, 0xFFFF, 0xFFFF, 0xFFFF, 0xFFFF, 0xFFFF,
    0xFFFF, 0xFFFF, 0xFFFF, 0xFFFF, 0xFFFF, 0xFFFF, 0xFFFF, 0xFFFF, 0xFFFF, 0xFFFF, 0xFFFF, 0xFFFF, 0xFFFF, 0xFFFF, 0xFFFF, 0xFFFF,
    0xFFFF, 0xFFFF, 0xFFFF, 0xFFFF, 0xFFFF, 0xFFFF, 0xFFFF, 0xFFFF, 0xFFFF, 0xFFFF, 0xFFFF, 0xFFFF, 0xFFFF, 0xFFFF, 0xFFFF, 0xFFFF,
    0xFFFF, 0xFFFF, 0xFFFF, 0xFFFF, 0xFFFF, 0xFFFF, 0xFFFF, 0xFFFF, 0xFFFF, 0xFFFF, 0xFFFF, 0xFFFF, 0xFFFF, 0xFFFF, 0xFFFF, 0xFFFF,
    0xFFFF, 0xFFFF, 0xFFFF, 0xFFFF, 0xFFFF, 0xFFFF, 0xFFFF, 0xFFFF, 0xFFFF, 0xFFFF, 0xFFFF, 0xFFFF, 0xFFFF, 0xFFFF, 0xFFFF, 0xFFFF,
    0xFFFF, 0xFFFF, 0xFFFF, 0xFFFF, 0xFFFF, 0xFFFF, 0xFFFF, 0xFFFF, 0xFFFF, 0xFFFF, 0xFFFF, 0xFFFF, 0xFFFF, 0xFFFF, 0xFFFF, 0xFFFF,
    0xFFFF, 0xFFFF, 0xFFFF, 0xFFFF, 0xFFFF, 0xFFFF, 0xFFFF, 0xFFFF, 0xFFFF, 0xFFFF, 0xFFFF, 0xFFFF, 0xFFFF, 0xFFFF, 0xFFFF, 0xFFFF,
    0xFFFF, 0xFFFF, 0xFFFF, 0xFFFF, 0xFFFF, 0xFFFF, 0xFFFF, 0xFFFF, 0xFFFF, 0xFFFF, 0xFFFF, 0xFFFF, 0xFFFF, 0xFFFF, 0xFFFF, 0xFFFF,
    0xE73C, 0xB5D7, 0x7BD0, 0x3186, 0x0800, 0x0800, 0x2000, 0x5800, 0x8041, 0x9841, 0xA841, 0xA820, 0xA800, 0xA000, 0xA000, 0xA000,
    0xA000, 0xA000, 0xA841, 0xA8A2, 0xB8E4, 0xC125, 0xC166, 0xC9A7, 0xD1C7, 0xD1E8, 0xDA29, 0xDA29, 0xDA29, 0xD208, 0xD208, 0xC9E7,
    0xC9A7, 0xC186, 0xB945, 0xB0E3, 0xA882, 0xA821, 0xA800, 0xA000, 0x9800, 0x9800, 0x9800, 0xA000, 0xA800, 0xA820, 0xA040, 0x9041,
    0x8861, 0x7041, 0x4800, 0x2000, 0x0800, 0x2104, 0x6BAE, 0xC659, 0xFFFF, 0xFFFF, 0xFFFF, 0xFFFF, 0xFFFF, 0xFFFF, 0xFFFF, 0xFFFF,
    0xFFFF, 0xFFFF, 0xFFFF, 0xFFFF, 0xFFFF, 0xFFFF, 0xFFFF, 0xFFFF, 0xFFFF, 0xFFFF, 0xFFFF, 0xFFFF, 0xFFFF, 0xFFFF, 0xFFFF, 0xFFFF,
    0xFFFF, 0xFFFF, 0xFFFF, 0xFFFF, 0xFFFF, 0xFFFF, 0xFFFF, 0xFFFF, 0xFFFF, 0xFFFF, 0xFFFF, 0xFFFF, 0xFFFF, 0xFFFF, 0xFFFF, 0xFFFF,
    0xFFFF, 0xFFFF, 0xFFFF, 0xFFFF, 0xFFFF, 0xFFFF, 0xFFFF, 0xFFFF, 0xFFFF, 0xFFFF, 0xFFFF, 0xFFFF, 0xFFFF, 0xFFFF, 0xFFFF, 0xFFFF,
    0xFFFF, 0xFFFF, 0xFFFF, 0xFFFF, 0xFFFF, 0xFFFF, 0xFFFF, 0xFFFF, 0xFFFF, 0xFFFF, 0xFFFF, 0xFFFF, 0xFFFF, 0xFFFF, 0xFFFF, 0xFFFF,
    0xFFFF, 0xFFFF, 0xFFFF, 0xFFFF, 0xFFFF, 0xFFFF, 0xFFFF, 0xFFFF, 0xFFFF, 0xFFFF, 0xFFFF, 0xFFFF, 0xFFFF, 0xFFFF, 0xFFFF, 0xFFFF,
    0xFFFF, 0xFFFF, 0xFFFF, 0xFFFF, 0xFFFF, 0xFFFF, 0xFFFF, 0xFFFF, 0xFFFF, 0xFFFF, 0xFFFF, 0xFFFF, 0xFFFF, 0xFFFF, 0xFFFF, 0xFFFF,
    0xFFFF, 0xFFFF, 0xFFFF, 0xFFFF, 0xFFFF, 0xFFFF, 0xFFFF, 0xFFFF, 0xFFFF, 0xFFFF, 0xFFFF, 0xFFFF, 0xFFFF, 0xFFFF, 0xFFFF, 0xFFFF,
    0xFFFF, 0xFFFF, 0xFFFF, 0xFFFF, 0xFFFF, 0xFFFF, 0xFFFF, 0xFFFF, 0xFFFF, 0xFFFF, 0xFFFF, 0xFFFF, 0xFFFF, 0xFFFF, 0xFFFF, 0xFFFF,
    0xFFFF, 0xFFFF, 0xFFFF, 0xFFFF, 0xFFFF, 0xFFFF, 0xFFFF, 0xFFFF, 0xFFFF, 0xFFFF, 0xFFFF, 0xFFFF, 0xFFFF, 0xFFFF, 0xFFFF, 0xFFFF,
    0xFFFF, 0xFFFF, 0xFFFF, 0xFFFF, 0xFFFF, 0xFFFF, 0xFFFF, 0xFFFF, 0xFFFF, 0xFFFF, 0xFFFF, 0xFFFF, 0xFFFF, 0xFFFF, 0xFFFF, 0xFFFF,
    0xFFFF, 0xFFFF, 0xFFFF, 0xFFFF, 0xFFFF, 0xFFFF, 0xFFFF, 0xFFFF, 0xFFFF, 0xFFFF, 0xFFFF, 0xFFFF, 0xFFFF, 0xFFFF, 0xFFFF, 0xFFFF,
    0xFFFF, 0xFFFF, 0xFFFF, 0xFFFF, 0xFFFF, 0xFFFF, 0xFFFF, 0xFFFF, 0xFFFF, 0xFFFF, 0xFFFF, 0xFFFF, 0xFFFF, 0xFFFF, 0xFFFF, 0xFFFF,
    0xFFFF, 0xFFFF, 0xFFFF, 0xFFFF, 0xFFFF, 0xFFFF, 0xFFFF, 0xFFFF, 0xFFFF, 0xFFFF, 0xFFFF, 0xFFFF, 0xFFFF, 0xFFFF, 0xFFFF, 0xFFFF,
    0xFFFF, 0xFFFF, 0xFFFF, 0xFFFF, 0xFFFF, 0xFFFF, 0xFFFF, 0xFFFF, 0xFFFF, 0xFFFF, 0xFFFF, 0xFFFF, 0xFFFF, 0xFFFF, 0xFFFF, 0xFFFF,
    0xFFFF, 0xFFFF, 0xFFFF, 0xFFFF, 0xFFFF, 0xFFFF, 0xFFFF, 0xFFFF, 0xFFFF, 0xFFFF, 0xFFFF, 0xFFFF, 0xFFFF, 0xFFFF, 0xFFFF, 0xFFFF,
    0xFFFF, 0xFFFF, 0xFFFF, 0xFFFF, 0xFFFF, 0xFFFF, 0xFFFF, 0xFFFF, 0xFFFF, 0xFFFF, 0xFFFF, 0xFFFF, 0xFFFF, 0xF79E, 0xA534, 0x4A8A,
    0x10A2, 0x0000, 0x0800, 0x2800, 0x6040, 0x8061, 0x9861, 0xA040, 0xA000, 0xA000, 0xA000, 0xA000, 0xA862, 0xB8E4, 0xC986, 0xDA28,
    0xE2EB, 0xEB6D, 0xFBAE, 0xFC10, 0xFC51, 0xFC51, 0xFC71, 0xFC71, 0xFC71, 0xFC50, 0xFC50, 0xFC30, 0xFC0F, 0xFC0F, 0xFC0F, 0xFC0F,
    0xFC0F, 0xFC30, 0xFC30, 0xFC10, 0xFBEF, 0xFBAE, 0xEB4D, 0xE2CB, 0xD228, 0xC166, 0xB0C3, 0xA021, 0xA000, 0xA000, 0xA000, 0xA000,
    0xA821, 0xA021, 0xA061, 0x9041, 0x6841, 0x3800, 0x0800, 0x0820, 0x4A48, 0xB5B6, 0xFFFF, 0xFFFF, 0xFFFF, 0xFFFF, 0xFFFF, 0xFFFF,
    0xFFFF, 0xFFFF, 0xFFFF, 0xFFFF, 0xFFFF, 0xFFFF, 0xFFFF, 0xFFFF, 0xFFFF, 0xFFFF, 0xFFFF, 0xFFFF, 0xFFFF, 0xFFFF, 0xFFFF, 0xFFFF,
    0xFFFF, 0xFFFF, 0xFFFF, 0xFFFF, 0xFFFF, 0xFFFF, 0xFFFF, 0xFFFF, 0xFFFF, 0xFFFF, 0xFFFF, 0xFFFF, 0xFFFF, 0xFFFF, 0xFFFF, 0xFFFF,
    0xFFFF, 0xFFFF, 0xFFFF, 0xFFFF, 0xFFFF, 0xFFFF, 0xFFFF, 0xFFFF, 0xFFFF, 0xFFFF, 0xFFFF, 0xFFFF, 0xFFFF, 0xFFFF, 0xFFFF, 0xFFFF,
    0xFFFF, 0xFFFF, 0xFFFF, 0xFFFF, 0xFFFF, 0xFFFF, 0xFFFF, 0xFFFF, 0xFFFF, 0xFFFF, 0xFFFF, 0xFFFF, 0xFFFF, 0xFFFF, 0xFFFF, 0xFFFF,
    0xFFFF, 0xFFFF, 0xFFFF, 0xFFFF, 0xFFFF, 0xFFFF, 0xFFFF, 0xFFFF, 0xFFFF, 0xFFFF, 0xFFFF, 0xFFFF, 0xFFFF, 0xFFFF, 0xFFFF, 0xFFFF,
    0xFFFF, 0xFFFF, 0xFFFF, 0xFFFF, 0xFFFF, 0xFFFF, 0xFFFF, 0xFFFF, 0xFFFF, 0xFFFF, 0xFFFF, 0xFFFF, 0xFFFF, 0xFFFF, 0xFFFF, 0xFFFF,
    0xFFFF, 0xFFFF, 0xFFFF, 0xFFFF, 0xFFFF, 0xFFFF, 0xFFFF, 0xFFFF, 0xFFFF, 0xFFFF, 0xFFFF, 0xFFFF, 0xFFFF, 0xFFFF, 0xFFFF, 0xFFFF,
    0xFFFF, 0xFFFF, 0xFFFF, 0xFFFF, 0xFFFF, 0xFFFF, 0xFFFF, 0xFFFF, 0xFFFF, 0xFFFF, 0xFFFF, 0xFFFF, 0xFFFF, 0xFFFF, 0xFFFF, 0xFFFF,
    0xFFFF, 0xFFFF, 0xFFFF, 0xFFFF, 0xFFFF, 0xFFFF, 0xFFFF, 0xFFFF, 0xFFFF, 0xFFFF, 0xFFFF, 0xFFFF, 0xFFFF, 0xFFFF, 0xFFFF, 0xFFFF,
    0xFFFF, 0xFFFF, 0xFFFF, 0xFFFF, 0xFFFF, 0xFFFF, 0xFFFF, 0xFFFF, 0xFFFF, 0xFFFF, 0xFFFF, 0xFFFF, 0xFFFF, 0xFFFF, 0xFFFF, 0xFFFF,
    0xFFFF, 0xFFFF, 0xFFFF, 0xFFFF, 0xFFFF, 0xFFFF, 0xFFFF, 0xFFFF, 0xFFFF, 0xFFFF, 0xFFFF, 0xFFFF, 0xFFFF, 0xFFFF, 0xFFFF, 0xFFFF,
    0xFFFF, 0xFFFF, 0xFFFF, 0xFFFF, 0xFFFF, 0xFFFF, 0xFFFF, 0xFFFF, 0xFFFF, 0xFFFF, 0xFFFF, 0xFFFF, 0xFFFF, 0xFFFF, 0xFFFF, 0xFFFF,
    0xFFFF, 0xFFFF, 0xFFFF, 0xFFFF, 0xFFFF, 0xFFFF, 0xFFFF, 0xFFFF, 0xFFFF, 0xFFFF, 0xFFFF, 0xFFFF, 0xFFFF, 0xFFFF, 0xFFFF, 0xFFFF,
    0xFFFF, 0xFFFF, 0xFFFF, 0xFFFF, 0xFFFF, 0xFFFF, 0xFFFF, 0xFFFF, 0xFFFF, 0xFFFF, 0xFFFF, 0xFFFF, 0xFFFF, 0xFFFF, 0xFFFF, 0xFFFF,
    0xFFFF, 0xFFFF, 0xFFFF, 0xFFFF, 0xFFFF, 0xFFFF, 0xFFFF, 0xFFFF, 0xFFFF, 0xFFFF, 0xFFFF, 0xFFFF, 0xFFFF, 0xFFFF, 0xFFFF, 0xFFFF,
    0xFFFF, 0xFFFF, 0xFFFF, 0xFFFF, 0xFFFF, 0xFFFF, 0xFFFF, 0xFFFF, 0xFFDF, 0xFFFF, 0xFFFF, 0xE75D, 0x94B2, 0x2965, 0x0000, 0x1800,
    0x4800, 0x6841, 0x8061, 0x9841, 0xA021, 0xA800, 0xA000, 0xA000, 0xA8A2, 0xB965, 0xDA68, 0xEB0B, 0xF3AE, 0xFBCF, 0xFBCF, 0xFBAE,
    0xFB4D, 0xFB4C, 0xFB4C, 0xFB0C, 0xFAEB, 0xF2AB, 0xF249, 0xEA07, 0xE9C6, 0xE965, 0xE924, 0xE8E4, 0xE8E3, 0xE8C3, 0xE8C3, 0xE8C3,
    0xE8E3, 0xE904, 0xE945, 0xE9A7, 0xE9C7, 0xE9E7, 0xF248, 0xF2CA, 0xFB4C, 0xFB8D, 0xFB8D, 0xF34C, 0xE2CA, 0xD208, 0xB924, 0xA861,
    0xA000, 0xA000, 0xA000, 0xA800, 0xA020, 0x9841, 0x8862, 0x5821, 0x1800, 0x0000, 0x4228, 0xAD75, 0xFFDF, 0xFFFF, 0xFFFF, 0xFFDF,
    0xFFFF, 0xFFFF, 0xFFFF, 0xFFFF, 0xFFFF, 0xFFFF, 0xFFFF, 0xFFFF, 0xFFFF, 0xFFFF, 0xFFFF, 0xFFFF, 0xFFFF, 0xFFFF, 0xFFFF, 0xFFFF,
    0xFFFF, 0xFFFF, 0xFFFF, 0xFFFF, 0xFFFF, 0xFFFF, 0xFFFF, 0xFFFF, 0xFFFF, 0xFFFF, 0xFFFF, 0xFFFF, 0xFFFF, 0xFFFF, 0xFFFF, 0xFFFF,
    0xFFFF, 0xFFFF, 0xFFFF, 0xFFFF, 0xFFFF, 0xFFFF, 0xFFFF, 0xFFFF, 0xFFFF, 0xFFFF, 0xFFFF, 0xFFFF, 0xFFFF, 0xFFFF, 0xFFFF, 0xFFFF,
    0xFFFF, 0xFFFF, 0xFFFF, 0xFFFF, 0xFFFF, 0xFFFF, 0xFFFF, 0xFFFF, 0xFFFF, 0xFFFF, 0xFFFF, 0xFFFF, 0xFFFF, 0xFFFF, 0xFFFF, 0xFFFF,
    0xFFFF, 0xFFFF, 0xFFFF, 0xFFFF, 0xFFFF, 0xFFFF, 0xFFFF, 0xFFFF, 0xFFFF, 0xFFFF, 0xFFFF, 0xFFFF, 0xFFFF, 0xFFFF, 0xFFFF, 0xFFFF,
    0xFFFF, 0xFFFF, 0xFFFF, 0xFFFF, 0xFFFF, 0xFFFF, 0xFFFF, 0xFFFF, 0xFFFF, 0xFFFF, 0xFFFF, 0xFFFF, 0xFFFF, 0xFFFF, 0xFFFF, 0xFFFF,
    0xFFFF, 0xFFFF, 0xFFFF, 0xFFFF, 0xFFFF, 0xFFFF, 0xFFFF, 0xFFFF, 0xFFFF, 0xFFFF, 0xFFFF, 0xFFFF, 0xFFFF, 0xFFFF, 0xFFFF, 0xFFFF,
    0xFFFF, 0xFFFF, 0xFFFF, 0xFFFF, 0xFFFF, 0xFFFF, 0xFFFF, 0xFFFF, 0xFFFF, 0xFFFF, 0xFFFF, 0xFFFF, 0xFFFF, 0xFFFF, 0xFFFF, 0xFFFF,
    0xFFFF, 0xFFFF, 0xFFFF, 0xFFFF, 0xFFFF, 0xFFFF, 0xFFFF, 0xFFFF, 0xFFFF, 0xFFFF, 0xFFFF, 0xFFFF, 0xFFFF, 0xFFFF, 0xFFFF, 0xFFFF,
    0xFFFF, 0xFFFF, 0xFFFF, 0xFFFF, 0xFFFF, 0xFFFF, 0xFFFF, 0xFFFF, 0xFFFF, 0xFFFF, 0xFFFF, 0xFFFF, 0xFFFF, 0xFFFF, 0xFFFF, 0xFFFF,
    0xFFFF, 0xFFFF, 0xFFFF, 0xFFFF, 0xFFFF, 0xFFFF, 0xFFFF, 0xFFFF, 0xFFFF, 0xFFFF, 0xFFFF, 0xFFFF, 0xFFFF, 0xFFFF, 0xFFFF, 0xFFFF,
    0xFFFF, 0xFFFF, 0xFFFF, 0xFFFF, 0xFFFF, 0xFFFF, 0xFFFF, 0xFFFF, 0xFFFF, 0xFFFF, 0xFFFF, 0xFFFF, 0xFFFF, 0xFFFF, 0xFFFF, 0xFFFF,
    0xFFFF, 0xFFFF, 0xFFFF, 0xFFFF, 0xFFFF, 0xFFFF, 0xFFFF, 0xFFFF, 0xFFFF, 0xFFFF, 0xFFFF, 0xFFFF, 0xFFFF, 0xFFFF, 0xFFFF, 0xFFFF,
    0xFFFF, 0xFFFF, 0xFFFF, 0xFFFF, 0xFFFF, 0xFFFF, 0xFFFF, 0xFFFF, 0xFFFF, 0xFFFF, 0xFFFF, 0xFFFF, 0xFFFF, 0xFFFF, 0xFFFF, 0xFFFF,
    0xFFFF, 0xFFFF, 0xFFFF, 0xFFFF, 0xFFFF, 0xFFFF, 0xFFFF, 0xFFFF, 0xFFFF, 0xFFFF, 0xFFFF, 0xFFFF, 0xFFFF, 0xFFFF, 0xFFFF, 0xFFFF,
    0xFFFF, 0xFFFF, 0xFFFF, 0xFFFF, 0xFFFF, 0xFFFF, 0xFFDF, 0xFFFF, 0xFFFF, 0xDEDB, 0x73CF, 0x18E3, 0x1000, 0x3000, 0x7041, 0x9841,
    0xA841, 0xA020, 0xA000, 0xA000, 0xA800, 0xB8E4, 0xD1E8, 0xEA8A, 0xF2EC, 0xFAEB, 0xF28A, 0xF228, 0xF186, 0xF105, 0xE8C3, 0xE081,
    0xE821, 0xE820, 0xE821, 0xE820, 0xE801, 0xF000, 0xE800, 0xE800, 0xF000, 0xF800, 0xF000, 0xF000, 0xF000, 0xF000, 0xF800, 0xF800,
    0xF800, 0xF000, 0xF000, 0xF000, 0xF000, 0xF000, 0xF000, 0xF000, 0xE821, 0xE861, 0xE8A2, 0xE923, 0xE9A5, 0xF248, 0xFA89, 0xF2A9,
    0xE248, 0xC985, 0xB0A2, 0xA020, 0x9800, 0xA000, 0xA800, 0x9841, 0x8841, 0x6021, 0x2000, 0x0000, 0x41E7, 0xB595, 0xFFFF, 0xFFFF,
    0xFFDF, 0xFFDF, 0xFFFF, 0xFFFF, 0xFFFF, 0xFFFF, 0xFFFF, 0xFFFF, 0xFFFF, 0xFFFF, 0xFFFF, 0xFFFF, 0xFFFF, 0xFFFF, 0xFFFF, 0xFFFF,
    0xFFFF, 0xFFFF, 0xFFFF, 0xFFFF, 0xFFFF, 0xFFFF, 0xFFFF, 0xFFFF, 0xFFFF, 0xFFFF, 0xFFFF, 0xFFFF, 0xFFFF, 0xFFFF, 0xFFFF, 0xFFFF,
    0xFFFF, 0xFFFF, 0xFFFF, 0xFFFF, 0xFFFF, 0xFFFF, 0xFFFF, 0xFFFF, 0xFFFF, 0xFFFF, 0xFFFF, 0xFFFF, 0xFFFF, 0xFFFF, 0xFFFF, 0xFFFF,
    0xFFFF, 0xFFFF, 0xFFFF, 0xFFFF, 0xFFFF, 0xFFFF, 0xFFFF, 0xFFFF, 0xFFFF, 0xFFFF, 0xFFFF, 0xFFFF, 0xFFFF, 0xFFFF, 0xFFFF, 0xFFFF,
    0xFFFF, 0xFFFF, 0xFFFF, 0xFFFF, 0xFFFF, 0xFFFF, 0xFFFF, 0xFFFF, 0xFFFF, 0xFFFF, 0xFFFF, 0xFFFF, 0xFFFF, 0xFFFF, 0xFFFF, 0xFFFF,
    0xFFFF, 0xFFFF, 0xFFFF, 0xFFFF, 0xFFFF, 0xFFFF, 0xFFFF, 0xFFFF, 0xFFFF, 0xFFFF, 0xFFFF, 0xFFFF, 0xFFFF, 0xFFFF, 0xFFFF, 0xFFFF,
    0xFFFF, 0xFFFF, 0xFFFF, 0xFFFF, 0xFFFF, 0xFFFF, 0xFFFF, 0xFFFF, 0xFFFF, 0xFFFF, 0xFFFF, 0xFFFF, 0xFFFF, 0xFFFF, 0xFFFF, 0xFFFF,
    0xFFFF, 0xFFFF, 0xFFFF, 0xFFFF, 0xFFFF, 0xFFFF, 0xFFFF, 0xFFFF, 0xFFFF, 0xFFFF, 0xFFFF, 0xFFFF, 0xFFFF, 0xFFFF, 0xFFFF, 0xFFFF,
    0xFFFF, 0xFFFF, 0xFFFF, 0xFFFF, 0xFFFF, 0xFFFF, 0xFFFF, 0xFFFF, 0xFFFF, 0xFFFF, 0xFFFF, 0xFFFF, 0xFFFF, 0xFFFF, 0xFFFF, 0xFFFF,
    0xFFFF, 0xFFFF, 0xFFFF, 0xFFFF, 0xFFFF, 0xFFFF, 0xFFFF, 0xFFFF, 0xFFFF, 0xFFFF, 0xFFFF, 0xFFFF, 0xFFFF, 0xFFFF, 0xFFFF, 0xFFFF,
    0xFFFF, 0xFFFF, 0xFFFF, 0xFFFF, 0xFFFF, 0xFFFF, 0xFFFF, 0xFFFF, 0xFFFF, 0xFFFF, 0xFFFF, 0xFFFF, 0xFFFF, 0xFFFF, 0xFFFF, 0xFFFF,
    0xFFFF, 0xFFFF, 0xFFFF, 0xFFFF, 0xFFFF, 0xFFFF, 0xFFFF, 0xFFFF, 0xFFFF, 0xFFFF, 0xFFFF, 0xFFFF, 0xFFFF, 0xFFFF, 0xFFFF, 0xFFFF,
    0xFFFF, 0xFFFF, 0xFFFF, 0xFFFF, 0xFFFF, 0xFFFF, 0xFFFF, 0xFFFF, 0xFFFF, 0xFFFF, 0xFFFF, 0xFFFF, 0xFFFF, 0xFFFF, 0xFFFF, 0xFFFF,
    0xFFFF, 0xFFFF, 0xFFFF, 0xFFFF, 0xFFFF, 0xFFFF, 0xFFFF, 0xFFFF, 0xFFFF, 0xFFFF, 0xFFFF, 0xFFFF, 0xFFFF, 0xFFFF, 0xFFFF, 0xFFFF,
    0xFFFF, 0xFFFF, 0xFFFF, 0xFFFF, 0xFFFF, 0xFFFF, 0xFFFF, 0xFFFF, 0xFFFF, 0xFFFF, 0xFFFF, 0xFFFF, 0xFFFF, 0xFFFF, 0xFFFF, 0xFFFF,
    0xFFFF, 0xFFFF, 0xFFFF, 0xFFFF, 0xFFFF, 0xFFDF, 0xFFFF, 0xDF3C, 0x6B6D, 0x1061, 0x0800, 0x4000, 0x8042, 0xA041, 0xA021, 0xA000,
    0x9800, 0xA000, 0xB0C3, 0xD1E7, 0xEAA9, 0xF2A9, 0xF207, 0xE904, 0xE062, 0xE021, 0xE800, 0xE800, 0xF000, 0xF000, 0xF000, 0xF000,
    0xF000, 0xF000, 0xF000, 0xF800, 0xF800, 0xF820, 0xF820, 0xF820, 0xF820, 0xF820, 0xF820, 0xF820, 0xF800, 0xF800, 0xF820, 0xF820,
    0xF800, 0xF800, 0xF820, 0xF820, 0xF820, 0xF820, 0xF800, 0xF800, 0xF800, 0xF000, 0xF800, 0xF000, 0xF000, 0xF000, 0xF000, 0xF042,
    0xF104, 0xF186, 0xEA07, 0xE207, 0xC965, 0xA882, 0xA000, 0xA000, 0xA800, 0xA821, 0x8881, 0x6041, 0x2800, 0x0000, 0x4249, 0xBE18,
    0xFFFF, 0xFFFF, 0xFFDF, 0xFFFF, 0xFFFF, 0xFFFF, 0xFFFF, 0xFFFF, 0xFFFF, 0xFFFF, 0xFFFF, 0xFFFF, 0xFFFF, 0xFFFF, 0xFFFF, 0xFFFF,
    0xFFFF, 0xFFFF, 0xFFFF, 0xFFFF, 0xFFFF, 0xFFFF, 0xFFFF, 0xFFFF, 0xFFFF, 0xFFFF, 0xFFFF, 0xFFFF, 0xFFFF, 0xFFFF, 0xFFFF, 0xFFFF,
    0xFFFF, 0xFFFF, 0xFFFF, 0xFFFF, 0xFFFF, 0xFFFF, 0xFFFF, 0xFFFF, 0xFFFF, 0xFFFF, 0xFFFF, 0xFFFF, 0xFFFF, 0xFFFF, 0xFFFF, 0xFFFF,
    0xFFFF, 0xFFFF, 0xFFFF, 0xFFFF, 0xFFFF, 0xFFFF, 0xFFFF, 0xFFFF, 0xFFFF, 0xFFFF, 0xFFFF, 0xFFFF, 0xFFFF, 0xFFFF, 0xFFFF, 0xFFFF,
    0xFFFF, 0xFFFF, 0xFFFF, 0xFFFF, 0xFFFF, 0xFFFF, 0xFFFF, 0xFFFF, 0xFFFF, 0xFFFF, 0xFFFF, 0xFFFF, 0xFFFF, 0xFFFF, 0xFFFF, 0xFFFF,
    0xFFFF, 0xFFFF, 0xFFFF, 0xFFFF, 0xFFFF, 0xFFFF, 0xFFFF, 0xFFFF, 0xFFFF, 0xFFFF, 0xFFFF, 0xFFFF, 0xFFFF, 0xFFFF, 0xFFFF, 0xFFFF,
    0xFFFF, 0xFFFF, 0xFFFF, 0xFFFF, 0xFFFF, 0xFFFF, 0xFFFF, 0xFFFF, 0xFFFF, 0xFFFF, 0xFFFF, 0xFFFF, 0xFFFF, 0xFFFF, 0xFFFF, 0xFFFF,
    0xFFFF, 0xFFFF, 0xFFFF, 0xFFFF, 0xFFFF, 0xFFFF, 0xFFFF, 0xFFFF, 0xFFFF, 0xFFFF, 0xFFFF, 0xFFFF, 0xFFFF, 0xFFFF, 0xFFFF, 0xFFFF,
    0xFFFF, 0xFFFF, 0xFFFF, 0xFFFF, 0xFFFF, 0xFFFF, 0xFFFF, 0xFFFF, 0xFFFF, 0xFFFF, 0xFFFF, 0xFFFF, 0xFFFF, 0xFFFF, 0xFFFF, 0xFFFF,
    0xFFFF, 0xFFFF, 0xFFFF, 0xFFFF, 0xFFFF, 0xFFFF, 0xFFFF, 0xFFFF, 0xFFFF, 0xFFFF, 0xFFFF, 0xFFFF, 0xFFFF, 0xFFFF, 0xFFFF, 0xFFFF,
    0xFFFF, 0xFFFF, 0xFFFF, 0xFFFF, 0xFFFF, 0xFFFF, 0xFFFF, 0xFFFF, 0xFFFF, 0xFFFF, 0xFFFF, 0xFFFF, 0xFFFF, 0xFFFF, 0xFFFF, 0xFFFF,
    0xFFFF, 0xFFFF, 0xFFFF, 0xFFFF, 0xFFFF, 0xFFFF, 0xFFFF, 0xFFFF, 0xFFFF, 0xFFFF, 0xFFFF, 0xFFFF, 0xFFFF, 0xFFFF, 0xFFFF, 0xFFFF,
    0xFFFF, 0xFFFF, 0xFFFF, 0xFFFF, 0xFFFF, 0xFFFF, 0xFFFF, 0xFFFF, 0xFFFF, 0xFFFF, 0xFFFF, 0xFFFF, 0xFFFF, 0xFFFF, 0xFFFF, 0xFFFF,
    0xFFFF, 0xFFFF, 0xFFFF, 0xFFFF, 0xFFFF, 0xFFFF, 0xFFFF, 0xFFFF, 0xFFFF, 0xFFFF, 0xFFFF, 0xFFFF, 0xFFFF, 0xFFFF, 0xFFFF, 0xFFFF,
    0xFFFF, 0xFFFF, 0xFFFF, 0xFFFF, 0xFFFF, 0xFFFF, 0xFFFF, 0xFFFF, 0xFFFF, 0xFFFF, 0xFFFF, 0xFFFF, 0xFFFF, 0xFFFF, 0xFFFF, 0xFFFF,
    0xFFFF, 0xFFFF, 0xFFFF, 0xFFFF, 0xFFFF, 0xFFFF, 0xA514, 0x18E3, 0x0800, 0x5021, 0x8862, 0x9841, 0xA020, 0xA800, 0xA800, 0xA861,
    0xC165, 0xDA28, 0xEA29, 0xE986, 0xE0C2, 0xD820, 0xE000, 0xE800, 0xF000, 0xF000, 0xF000, 0xF000, 0xF000, 0xF020, 0xF000, 0xF000,
    0xF000, 0xF800, 0xF020, 0xF020, 0xF020, 0xF020, 0xF020, 0xF020, 0xF020, 0xF020, 0xF020, 0xF020, 0xF020, 0xF020, 0xF020, 0xF020,
    0xF020, 0xF020, 0xF020, 0xF020, 0xF820, 0xF820, 0xF820, 0xF800, 0xF800, 0xF800, 0xF800, 0xF800, 0xF800, 0xF801, 0xF001, 0xF000,
    0xF000, 0xF000, 0xF000, 0xF081, 0xF125, 0xE986, 0xD964, 0xC0C2, 0xA820, 0x9800, 0xA000, 0xA001, 0x9042, 0x6021, 0x2000, 0x0800,
    0x52AA, 0xD69A, 0xFFFF, 0xFFFF, 0xFFFF, 0xFFFF, 0xFFFF, 0xFFFF, 0xFFFF, 0xFFFF, 0xFFFF, 0xFFFF, 0xFFFF, 0xFFFF, 0xFFFF, 0xFFFF,
    0xFFFF, 0xFFFF, 0xFFFF, 0xFFFF, 0xFFFF, 0xFFFF, 0xFFFF, 0xFFFF, 0xFFFF, 0xFFFF, 0xFFFF, 0xFFFF, 0xFFFF, 0xFFFF, 0xFFFF, 0xFFFF,
    0xFFFF, 0xFFFF, 0xFFFF, 0xFFFF, 0xFFFF, 0xFFFF, 0xFFFF, 0xFFFF, 0xFFFF, 0xFFFF, 0xFFFF, 0xFFFF, 0xFFFF, 0xFFFF, 0xFFFF, 0xFFFF,
    0xFFFF, 0xFFFF, 0xFFFF, 0xFFFF, 0xFFFF, 0xFFFF, 0xFFFF, 0xFFFF, 0xFFFF, 0xFFFF, 0xFFFF, 0xFFFF, 0xFFFF, 0xFFFF, 0xFFFF, 0xFFFF,
    0xFFFF, 0xFFFF, 0xFFFF, 0xFFFF, 0xFFFF, 0xFFFF, 0xFFFF, 0xFFFF, 0xFFFF, 0xFFFF, 0xFFFF, 0xFFFF, 0xFFFF, 0xFFFF, 0xFFFF, 0xFFFF,
    0xFFFF, 0xFFFF, 0xFFFF, 0xFFFF, 0xFFFF, 0xFFFF, 0xFFFF, 0xFFFF, 0xFFFF, 0xFFFF, 0xFFFF, 0xFFFF, 0xFFFF, 0xFFFF, 0xFFFF, 0xFFFF,
    0xFFFF, 0xFFFF, 0xFFFF, 0xFFFF, 0xFFFF, 0xFFFF, 0xFFFF, 0xFFFF, 0xFFFF, 0xFFFF, 0xFFFF, 0xFFFF, 0xFFFF, 0xFFFF, 0xFFFF, 0xFFFF,
    0xFFFF, 0xFFFF, 0xFFFF, 0xFFFF, 0xFFFF, 0xFFFF, 0xFFFF, 0xFFFF, 0xFFFF, 0xFFFF, 0xFFFF, 0xFFFF, 0xFFFF, 0xFFFF, 0xFFFF, 0xFFFF,
    0xFFFF, 0xFFFF, 0xFFFF, 0xFFFF, 0xFFFF, 0xFFFF, 0xFFFF, 0xFFFF, 0xFFFF, 0xFFFF, 0xFFFF, 0xFFFF, 0xFFFF, 0xFFFF, 0xFFFF, 0xFFFF,
    0xFFFF, 0xFFFF, 0xFFFF, 0xFFFF, 0xFFFF, 0xFFFF, 0xFFFF, 0xFFFF, 0xFFFF, 0xFFFF, 0xFFFF, 0xFFFF, 0xFFFF, 0xFFFF, 0xFFFF, 0xFFFF,
    0xFFFF, 0xFFFF, 0xFFFF, 0xFFFF, 0xFFFF, 0xFFFF, 0xFFFF, 0xFFFF, 0xFFFF, 0xFFFF, 0xFFFF, 0xFFFF, 0xFFFF, 0xFFFF, 0xFFFF, 0xFFFF,
    0xFFFF, 0xFFDF, 0xF79E, 0xFFFF, 0xFFFF, 0xFFDF, 0xFFDF, 0xFFDF, 0xFFDF, 0xFFDF, 0xFFDF, 0xFFDF, 0xFFDF, 0xFFDF, 0xF7BE, 0xF7BE,
    0xF7BE, 0xF7BE, 0xF7BE, 0xF7BE, 0xF79E, 0xF79E, 0xF79E, 0xF79E, 0xF79E, 0xF79E, 0xF79E, 0xF79E, 0xF79E, 0xF79E, 0xF79E, 0xF79E,
    0xF79E, 0xF79E, 0xF79E, 0xF79E, 0xF79E, 0xF79E, 0xF79E, 0xF79E, 0xF79E, 0xF79E, 0xF79E, 0xF79E, 0xF79E, 0xF79E, 0xF79E, 0xF79E,
    0xF79E, 0xF79E, 0xF79E, 0xF79E, 0xF79E, 0xF79E, 0xF79E, 0xF79E, 0xF79E, 0xF79E, 0xF79E, 0xF79E, 0xF79E, 0xF79E, 0xF79E, 0xF79E,
    0xF79E, 0xF79E, 0xEF7E, 0xF7BE, 0xDEFB, 0x5ACB, 0x1000, 0x4000, 0x8081, 0x9841, 0xA000, 0xA000, 0xA000, 0xB061, 0xD104, 0xE985,
    0xE945, 0xE082, 0xE000, 0xE000, 0xE800, 0xE800, 0xE820, 0xE820, 0xE800, 0xF000, 0xF000, 0xF000, 0xF000, 0xF000, 0xF020, 0xE820,
    0xE820, 0xE820, 0xE820, 0xE021, 0xE020, 0xE020, 0xE020, 0xD820, 0xD820, 0xD820, 0xD820, 0xD840, 0xD840, 0xD820, 0xD820, 0xD820,
    0xD820, 0xE020, 0xE020, 0xE020, 0xE020, 0xE820, 0xF020, 0xF020, 0xF800, 0xF820, 0xF800, 0xF800, 0xF800, 0xF800, 0xF800, 0xF800,
    0xF820, 0xF820, 0xF000, 0xF000, 0xF000, 0xF000, 0xE861, 0xF104, 0xE145, 0xC8C2, 0xA820, 0xA000, 0xA800, 0xA020, 0x8861, 0x5861,
    0x1000, 0x1082, 0x8C51, 0xE71C, 0xE73D, 0xE71C, 0xE71C, 0xE71C, 0xE71C, 0xE71C, 0xE71C, 0xE71C, 0xE71C, 0xE71C, 0xE71C, 0xE71C,
    0xE71C, 0xE71C, 0xE71C, 0xE71C, 0xE71C, 0xE71C, 0xE71C, 0xE71C, 0xE71C, 0xE71C, 0xE71C, 0xE71C, 0xE71C, 0xE71C, 0xE71C, 0xE71C,
    0xE71C, 0xE71C, 0xE71C, 0xE71C, 0xE71C, 0xE71C, 0xE71C, 0xE71C, 0xE71C, 0xE71C, 0xE71C, 0xE71C, 0xE71C, 0xE71C, 0xE71C, 0xE71C,
    0xE71C, 0xE71C, 0xE71C, 0xE71C, 0xDEFB, 0xDEFB, 0xDEFB, 0xDEDB, 0xDEBB, 0xD6BA, 0xD6BA, 0xD69A, 0xCE79, 0xCE79, 0xCE79, 0xCE79,
    0xCE79, 0xCE79, 0xCE79, 0xCE79, 0xCE79, 0xCE79, 0xCE79, 0xCE79, 0xD6BA, 0xDEDB, 0xEF5D, 0xFFFF, 0xFFFF, 0xFFFF, 0xFFFF, 0xFFFF,
    0xFFFF, 0xFFFF, 0xFFFF, 0xFFFF, 0xFFFF, 0xFFFF, 0xFFFF, 0xFFFF, 0xFFFF, 0xFFFF, 0xFFFF, 0xFFFF, 0xFFFF, 0xFFFF, 0xFFFF, 0xFFFF,
    0xFFFF, 0xFFFF, 0xFFFF, 0xFFFF, 0xFFFF, 0xFFFF, 0xFFFF, 0xFFFF, 0xFFFF, 0xFFFF, 0xFFFF, 0xFFFF, 0xFFFF, 0xFFFF, 0xFFFF, 0xFFFF,
    0xFFFF, 0xFFFF, 0xFFFF, 0xFFFF, 0xFFFF, 0xFFFF, 0xFFFF, 0xFFFF, 0xFFFF, 0xFFFF, 0xFFFF, 0xFFFF, 0xFFFF, 0xFFFF, 0xFFFF, 0xFFFF,
    0xFFFF, 0xFFFF, 0xFFFF, 0xFFFF, 0xFFFF, 0xFFFF, 0xFFFF, 0xFFFF, 0xFFFF, 0xFFFF, 0xFFFF, 0xFFFF, 0xFFFF, 0xFFFF, 0xFFFF, 0xFFFF,
    0xFFFF, 0xFFFF, 0xFFFF, 0xFFFF, 0xFFFF, 0xFFFF, 0xFFFF, 0xFFFF, 0xFFFF, 0xFFFF, 0xFFFF, 0xFFFF, 0xFFFF, 0xFFFF, 0xFFFF, 0xFFFF,
    0xFFFF, 0xFFFF, 0xFFFF, 0xFFFF, 0xFFFF, 0xFFFF, 0xFFFF, 0xFFFF, 0xFFFF, 0xFFFF, 0xFFFF, 0xFFFF, 0xFFFF, 0xFFFF, 0xFFFF, 0xFFFF,
    0xFFFF, 0xA534, 0x528A, 0x738E, 0x6B6D, 0x632C, 0x6B4D, 0x6B4D, 0x632C, 0x632C, 0x630C, 0x630C, 0x630C, 0x630C, 0x5ACB, 0x5ACB,
    0x5ACB, 0x528A, 0x528A, 0x4A69, 0x4A69, 0x4A69, 0x4A49, 0x4A49, 0x4A49, 0x4228, 0x4A49, 0x4228, 0x4228, 0x4228, 0x4228, 0x4228,
    0x4A49, 0x4A49, 0x4228, 0x4228, 0x4228, 0x4208, 0x4208, 0x4228, 0x4228, 0x4228, 0x4228, 0x4228, 0x4228, 0x4228, 0x4228, 0x4228,
    0x4228, 0x4228, 0x4228, 0x4228, 0x4228, 0x4228, 0x4228, 0x4228, 0x4208, 0x4208, 0x4228, 0x4228, 0x4228, 0x4228, 0x4208, 0x4228,
    0x4207, 0x4A49, 0x4A8A, 0x29A7, 0x1882, 0x2800, 0x7042, 0x9821, 0xA000, 0xA000, 0xA000, 0xB041, 0xD103, 0xD8E2, 0xD882, 0xD800,
    0xE000, 0xE800, 0xE800, 0xE800, 0xE800, 0xE800, 0xE800, 0xF000, 0xF000, 0xF000, 0xE800, 0xE800, 0xE800, 0xE800, 0xE000, 0xD800,
    0xD800, 0xD800, 0xD800, 0xD020, 0xD020, 0xD020, 0xD020, 0xD841, 0xD821, 0xD821, 0xD841, 0xD841, 0xD841, 0xD041, 0xD041, 0xD041,
    0xD040, 0xD040, 0xD020, 0xD020, 0xD020, 0xD820, 0xD820, 0xD800, 0xD800, 0xE000, 0xE800, 0xF000, 0xF000, 0xF020, 0xF800, 0xF800,
    0xF800, 0xF800, 0xF000, 0xF000, 0xF000, 0xF000, 0xF000, 0xE800, 0xE821, 0xE8C3, 0xD8A1, 0xB820, 0xA800, 0x9800, 0x9800, 0x9840,
    0x8061, 0x3800, 0x0000, 0x0882, 0x2925, 0x41C7, 0x3166, 0x3165, 0x2965, 0x2965, 0x2965, 0x2965, 0x2965, 0x2965, 0x2965, 0x3186,
    0x2965, 0x2965, 0x2965, 0x2965, 0x2965, 0x3186, 0x3186, 0x3186, 0x2965, 0x2965, 0x2965, 0x2965, 0x2945, 0x2965, 0x2965, 0x2965,
    0x3186, 0x3186, 0x3186, 0x3186, 0x2965, 0x3186, 0x3186, 0x3186, 0x3186, 0x3186, 0x2965, 0x3186, 0x3186, 0x3186, 0x3186, 0x3186,
    0x3186, 0x3186, 0x2965, 0x2965, 0x2965, 0x2945, 0x2124, 0x2124, 0x2104, 0x2104, 0x18E3, 0x18C3, 0x18C3, 0x10A2, 0x10A2, 0x10A2,
    0x18C3, 0x10A2, 0x10A2, 0x1082, 0x10A2, 0x10A2, 0x10A2, 0x10A2, 0x18E3, 0x2104, 0x3186, 0x73AE, 0xFFDF, 0xFFFF, 0xFFFF, 0xFFFF,
    0xFFFF, 0xFFFF, 0xFFFF, 0xFFFF, 0xFFFF, 0xFFFF, 0xFFFF, 0xFFFF, 0xFFFF, 0xFFFF, 0xFFFF, 0xFFFF, 0xFFFF, 0xFFFF, 0xFFFF, 0xFFFF,
    0xFFFF, 0xFFFF, 0xFFFF, 0xFFFF, 0xFFFF, 0xFFFF, 0xFFFF, 0xFFFF, 0xFFFF, 0xFFFF, 0xFFFF, 0xFFFF, 0xFFFF, 0xFFFF, 0xFFFF, 0xFFFF,
    0xFFFF, 0xFFFF, 0xFFFF, 0xFFFF, 0xFFFF, 0xFFFF, 0xFFFF, 0xFFFF, 0xFFFF, 0xFFFF, 0xFFFF, 0xFFFF, 0xFFFF, 0xFFFF, 0xFFFF, 0xFFFF,
    0xFFFF, 0xFFFF, 0xFFFF, 0xFFFF, 0xFFFF, 0xFFFF, 0xFFFF, 0xFFFF, 0xFFFF, 0xFFFF, 0xFFFF, 0xFFFF, 0xFFFF, 0xFFFF, 0xFFFF, 0xFFFF,
    0xFFFF, 0xFFFF, 0xFFFF, 0xFFFF, 0xFFFF, 0xFFFF, 0xFFFF, 0xFFFF, 0xFFFF, 0xFFFF, 0xFFFF, 0xFFFF, 0xFFFF, 0xFFFF, 0xFFFF, 0xFFFF,
    0xFFFF, 0xFFFF, 0xFFFF, 0xFFFF, 0xFFFF, 0xFFFF, 0xFFFF, 0xFFFF, 0xFFFF, 0xFFFF, 0xFFFF, 0xFFFF, 0xFFFF, 0xFFFF, 0xFFFF, 0xFFFF,
    0xF7BE, 0x5AEB, 0x738E, 0x7BCF, 0x73AE, 0x8410, 0x8410, 0x8410, 0x8430, 0x8410, 0x8410, 0x8410, 0x8410, 0x8430, 0x8430, 0x8410,
    0x8410, 0x8410, 0x8430, 0x8410, 0x8410, 0x8410, 0x8430, 0x8430, 0x8C51, 0x8C51, 0x8C71, 0x8C71, 0x8C71, 0x8C71, 0x8C71, 0x8C71,
    0x8C71, 0x8C71, 0x8C71, 0x9492, 0x8C71, 0x8C71, 0x8C71, 0x8C71, 0x9492, 0x9492, 0x9492, 0x9492, 0x8C71, 0x9492, 0x9492, 0x9492,
    0x9492, 0x8C71, 0x8C71, 0x8C71, 0x9492, 0x9492, 0x9492, 0x9492, 0x9492, 0x9492, 0x9492, 0x8C71, 0x8C71, 0x8C71, 0x9492, 0x8C71,
    0x9CD3, 0x7BEF, 0x2165, 0x1000, 0x4820, 0x8862, 0xA001, 0xA000, 0xA000, 0xA800, 0xC862, 0xE0C3, 0xE061, 0xE000, 0xE000, 0xE800,
    0xE800, 0xE800, 0xE800, 0xE800, 0xE800, 0xE800, 0xE800, 0xE820, 0xE800, 0xE020, 0xD800, 0xD800, 0xD800, 0xD000, 0xD000, 0xD000,
    0xD020, 0xD020, 0xD820, 0xD840, 0xD840, 0xD841, 0xD841, 0xD841, 0xD841, 0xD841, 0xD841, 0xD841, 0xD841, 0xD861, 0xD861, 0xD861,
    0xD861, 0xD841, 0xD841, 0xD841, 0xD820, 0xD820, 0xD820, 0xD820, 0xD000, 0xD000, 0xD000, 0xD800, 0xD800, 0xE000, 0xE820, 0xF000,
    0xF000, 0xF800, 0xF800, 0xF800, 0xF800, 0xF000, 0xF000, 0xF000, 0xF000, 0xE800, 0xE020, 0xD820, 0xD001, 0xB800, 0xA800, 0xA000,
    0xA000, 0x9041, 0x6841, 0x2000, 0x0000, 0x39C7, 0x9451, 0x9CB3, 0x9492, 0x9492, 0x9492, 0x8C71, 0x8C51, 0x8C71, 0x9492, 0x8C71,
    0x8C71, 0x8C71, 0x8C51, 0x8C51, 0x8C51, 0x8C71, 0x8C71, 0x8C71, 0x8C51, 0x8C71, 0x8C51, 0x8C51, 0x8C51, 0x8C51, 0x8C51, 0x8430,
    0x8410, 0x8410, 0x7BEF, 0x7BEF, 0x7BEF, 0x8410, 0x7BEF, 0x8410, 0x8410, 0x7BCF, 0x7BEF, 0x8410, 0x7BEF, 0x7BEF, 0x7BCF, 0x7BEF,
    0x7BEF, 0x7BCF, 0x7BCF, 0x7BEF, 0x7BEF, 0x7BEF, 0x8410, 0x8430, 0x8C51, 0x8430, 0x8430, 0x8430, 0x8430, 0x8430, 0x8430, 0x8430,
    0x8410, 0x8410, 0x8410, 0x8410, 0x8410, 0x8410, 0x7BEF, 0x7BCF, 0x738E, 0x738E, 0x73AE, 0x630C, 0xE71C, 0xFFFF, 0xFFFF, 0xFFFF,
    0xFFFF, 0xFFFF, 0xFFFF, 0xFFFF, 0xFFFF, 0xFFFF, 0xFFFF, 0xFFFF, 0xFFFF, 0xFFFF, 0xFFFF, 0xFFFF, 0xFFFF, 0xFFFF, 0xFFFF, 0xFFFF,
    0xFFFF, 0xFFFF, 0xFFFF, 0xFFFF, 0xFFFF, 0xFFFF, 0xFFFF, 0xFFFF, 0xFFFF, 0xFFFF, 0xFFFF, 0xFFFF, 0xFFFF, 0xFFFF, 0xFFFF, 0xFFFF,
    0xFFFF, 0xFFFF, 0xFFFF, 0xFFFF, 0xFFFF, 0xFFFF, 0xFFFF, 0xFFFF, 0xFFFF, 0xFFFF, 0xFFFF, 0xFFFF, 0xFFFF, 0xFFFF, 0xFFFF, 0xFFFF,
    0xFFFF, 0xFFFF, 0xFFFF, 0xFFFF, 0xFFFF, 0xFFFF, 0xFFFF, 0xFFFF, 0xFFFF, 0xFFFF, 0xFFFF, 0xFFFF, 0xFFFF, 0xFFFF, 0xFFFF, 0xFFFF,
    0xFFFF, 0xFFFF, 0xFFFF, 0xFFFF, 0xFFFF, 0xFFFF, 0xFFFF, 0xFFFF, 0xFFFF, 0xFFFF, 0xFFFF, 0xFFFF, 0xFFFF, 0xFFFF, 0xFFFF, 0xFFFF,
    0xFFFF, 0xFFFF, 0xFFFF, 0xFFFF, 0xFFFF, 0xFFFF, 0xFFFF, 0xFFFF, 0xFFFF, 0xFFFF, 0xFFFF, 0xFFFF, 0xFFFF, 0xFFFF, 0xFFFF, 0xFFFF,
    0xD6BA, 0x4208, 0x8410, 0xA534, 0xD69A, 0xE73C, 0xEF5D, 0xEF5D, 0xEF7D, 0xEF5D, 0xEF7D, 0xEF7D, 0xEF5D, 0xEF7D, 0xEF7D, 0xEF7D,
    0xEF7D, 0xEF7D, 0xEF7D, 0xEF7D, 0xEF7D, 0xEF7D, 0xF79E, 0xF79E, 0xF7BE, 0xF7BE, 0xF7BE, 0xF7BE, 0xF7BE, 0xFFDF, 0xF7BE, 0xF7BE,
    0xF7BE, 0xF7BE, 0xF7BE, 0xFFDF, 0xFFDF, 0xFFDF, 0xFFFF, 0xFFFF, 0xFFFF, 0xFFDF, 0xFFDF, 0xFFDF, 0xFFFF, 0xFFDF, 0xFFFF, 0xFFFF,
    0xFFFF, 0xFFDF, 0xFFDF, 0xFFDF, 0xFFDF, 0xFFDF, 0xFFDF, 0xFFDF, 0xFFDF, 0xFFDF, 0xFFDF, 0xFFDF, 0xFFFF, 0xFFDF, 0xFFBE, 0xFFFF,
    0xB5B7, 0x3104, 0x3800, 0x7841, 0x9841, 0xA000, 0xA000, 0xA800, 0xB800, 0xC800, 0xE021, 0xE000, 0xE000, 0xE000, 0xE800, 0xE800,
    0xE800, 0xE800, 0xE800, 0xE800, 0xE800, 0xE000, 0xE000, 0xD800, 0xD800, 0xD000, 0xD000, 0xD000, 0xD000, 0xD000, 0xD020, 0xD820,
    0xD820, 0xD840, 0xD840, 0xD840, 0xD841, 0xD861, 0xE061, 0xE061, 0xE061, 0xE061, 0xE061, 0xE061, 0xE061, 0xE061, 0xD861, 0xD861,
    0xE061, 0xD861, 0xD861, 0xD841, 0xD841, 0xD840, 0xD820, 0xD820, 0xD020, 0xD020, 0xD020, 0xD000, 0xD000, 0xD000, 0xD000, 0xD800,
    0xE000, 0xE800, 0xE820, 0xF020, 0xF000, 0xF000, 0xF000, 0xF000, 0xF000, 0xE800, 0xE800, 0xE000, 0xE000, 0xD821, 0xC800, 0xB000,
    0xA000, 0xA000, 0xA001, 0x8841, 0x4820, 0x0000, 0x4228, 0xDEDB, 0xFFFF, 0xF7BE, 0xFFDF, 0xF7BE, 0xEF7D, 0xF79E, 0xF7BE, 0xF7BE,
    0xF7BE, 0xF79E, 0xF79E, 0xF79E, 0xEF7D, 0xEF7D, 0xEF7D, 0xEF7D, 0xEF7D, 0xF79E, 0xEF7D, 0xEF7D, 0xEF7D, 0xEF7D, 0xEF7D, 0xE73C,
    0xE71C, 0xDEFB, 0xDEDB, 0xC638, 0xB5B6, 0xA534, 0x9CF3, 0x94B2, 0x8C71, 0x8C51, 0x8C51, 0x8C71, 0x8C71, 0x8C51, 0x8430, 0x8C51,
    0x8C71, 0x8C51, 0x8C51, 0x9492, 0x9CF3, 0xAD75, 0xC638, 0xDEFB, 0xEF5D, 0xF79E, 0xF79E, 0xEF7D, 0xF79E, 0xF77E, 0xF77E, 0xF79E,
    0xEF7D, 0xEF7D, 0xEF5D, 0xEF5D, 0xEF5D, 0xEF5D, 0xEF5D, 0xE73C, 0xDEFB, 0xAD55, 0x8410, 0x6B4D, 0xBDD7, 0xFFFF, 0xFFFF, 0xFFFF,
    0xFFFF, 0xFFFF, 0xFFFF, 0xFFFF, 0xFFFF, 0xFFFF, 0xFFFF, 0xFFFF, 0xFFFF, 0xFFFF, 0xFFFF, 0xFFFF, 0xFFFF, 0xFFFF, 0xFFFF, 0xFFFF,
    0xFFFF, 0xFFFF, 0xFFFF, 0xFFFF, 0xFFFF, 0xFFFF, 0xFFFF, 0xFFFF, 0xFFFF, 0xFFFF, 0xFFFF, 0xFFFF, 0xFFFF, 0xFFFF, 0xFFFF, 0xFFFF,
    0xFFFF, 0xFFFF, 0xFFFF, 0xFFFF, 0xFFFF, 0xFFFF, 0xFFFF, 0xFFFF, 0xFFFF, 0xFFFF, 0xFFFF, 0xFFFF, 0xFFFF, 0xFFFF, 0xFFFF, 0xFFFF,
    0xFFFF, 0xFFFF, 0xFFFF, 0xFFFF, 0xFFFF, 0xFFFF, 0xFFFF, 0xFFFF, 0xFFFF, 0xFFFF, 0xFFFF, 0xFFFF, 0xFFFF, 0xFFFF, 0xFFFF, 0xFFFF,
    0xFFFF, 0xFFFF, 0xFFFF, 0xFFFF, 0xFFFF, 0xFFFF, 0xFFFF, 0xFFFF, 0xFFFF, 0xFFFF, 0xFFFF, 0xFFFF, 0xFFFF, 0xFFFF, 0xFFFF, 0xFFFF,
    0xFFFF, 0xFFFF, 0xFFFF, 0xFFFF, 0xFFFF, 0xFFFF, 0xFFFF, 0xFFFF, 0xFFFF, 0xFFFF, 0xFFFF, 0xFFFF, 0xFFFF, 0xFFFF, 0xFFFF, 0xFFFF,
    0xAD55, 0x4228, 0x8C51, 0xAD75, 0xBDD7, 0xB5B6, 0xBDD7, 0xB5B6, 0xBDD7, 0xB5B6, 0xBDD7, 0xBDD7, 0xBDD7, 0xBDD7, 0xB596, 0xBDD7,
    0xBDD7, 0xBDD7, 0xBDD7, 0xBDD7, 0xBDF7, 0xBDF7, 0xBDF7, 0xBDD7, 0xB5B6, 0xB5B6, 0xBDD7, 0xB5B6, 0xB5B6, 0xBDF7, 0xBDD7, 0xB5B6,
    0xB5B6, 0xB5B6, 0xB5B6, 0xB5B6, 0xB5B6, 0xBDD7, 0xBDF7, 0xBDD7, 0xBDD7, 0xB596, 0xAD75, 0xB5B6, 0xB5B6, 0xB5B6, 0xBDD7, 0xBDD7,
    0xB596, 0xB5B6, 0xBDF7, 0xBDD7, 0xBDD7, 0xB5B6, 0xB5B6, 0xB596, 0xB5B6, 0xB5B6, 0xBDD7, 0xBDB6, 0xBDD7, 0xBDF7, 0xBDF7, 0x6B6D,
    0x1820, 0x5800, 0x9841, 0xA000, 0x9800, 0xA000, 0xB000, 0xC820, 0xD800, 0xE000, 0xE000, 0xE800, 0xE000, 0xE000, 0xE800, 0xE800,
    0xE800, 0xE800, 0xE800, 0xE000, 0xE000, 0xD800, 0xD000, 0xD000, 0xD000, 0xD000, 0xD000, 0xD000, 0xD000, 0xD820, 0xD820, 0xD820,
    0xE040, 0xE040, 0xE040, 0xD840, 0xE061, 0xE061, 0xE081, 0xE061, 0xE061, 0xE061, 0xE082, 0xE082, 0xE082, 0xE082, 0xE081, 0xE081,
    0xE081, 0xE081, 0xE061, 0xE061, 0xE061, 0xE041, 0xD841, 0xD820, 0xD820, 0xD820, 0xD820, 0xD800, 0xD800, 0xD000, 0xD000, 0xD000,
    0xD000, 0xD000, 0xD800, 0xD800, 0xE820, 0xF000, 0xF000, 0xF000, 0xE800, 0xE800, 0xE000, 0xE000, 0xE000, 0xD800, 0xD800, 0xC820,
    0xB020, 0xA000, 0xA000, 0xA000, 0x9821, 0x6841, 0x1000, 0x10A2, 0x7BEF, 0xAD55, 0x9CF3, 0xA514, 0xA514, 0xA534, 0xA514, 0xA514,
    0xA534, 0xA534, 0xA534, 0xAD55, 0xA534, 0xA534, 0xA534, 0xAD55, 0xAD55, 0xAD75, 0xAD75, 0xAD75, 0xB596, 0xB596, 0xAD75, 0xAD75,
    0xAD75, 0xAD75, 0xAD75, 0xAD75, 0xAD55, 0xA534, 0xA534, 0xAD55, 0xA534, 0xA534, 0xAD55, 0xAD55, 0xAD55, 0xAD55, 0xAD35, 0xA534,
    0xAD55, 0xAD55, 0xAD55, 0xAD55, 0xAD55, 0xAD55, 0xAD75, 0xAD75, 0xB5B6, 0xBDD7, 0xBDD7, 0xBDD7, 0xBDD7, 0xB5B6, 0xBDD7, 0xBDB7,
    0xB5B6, 0xBDD7, 0xB5B6, 0xB5B6, 0xB5B6, 0xB5B6, 0xBDD7, 0xB5B6, 0xC618, 0xC618, 0xBDD7, 0x8410, 0x8C71, 0xFFFF, 0xFFFF, 0xFFFF,
    0xFFFF, 0xFFFF, 0xFFFF, 0xFFFF, 0xFFFF, 0xFFFF, 0xFFFF, 0xFFFF, 0xFFFF, 0xFFFF, 0xFFFF, 0xFFFF, 0xFFFF, 0xFFFF, 0xFFFF, 0xFFFF,
    0xFFFF, 0xFFFF, 0xFFFF, 0xFFFF, 0xFFFF, 0xFFFF, 0xFFFF, 0xFFFF, 0xFFFF, 0xFFFF, 0xFFFF, 0xFFFF, 0xFFFF, 0xFFFF, 0xFFFF, 0xFFFF,
    0xFFFF, 0xFFFF, 0xFFFF, 0xFFFF, 0xFFFF, 0xFFFF, 0xFFFF, 0xFFFF, 0xFFFF, 0xFFFF, 0xFFFF, 0xFFFF, 0xFFFF, 0xFFFF, 0xFFFF, 0xFFFF,
    0xFFFF, 0xFFFF, 0xFFFF, 0xFFFF, 0xFFFF, 0xFFFF, 0xFFFF, 0xFFFF, 0xFFFF, 0xFFFF, 0xFFFF, 0xFFFF, 0xFFFF, 0xFFFF, 0xFFFF, 0xFFFF,
    0xFFFF, 0xFFFF, 0xFFFF, 0xFFFF, 0xFFFF, 0xFFFF, 0xFFFF, 0xFFFF, 0xFFFF, 0xFFFF, 0xFFFF, 0xFFFF, 0xFFFF, 0xFFFF, 0xFFFF, 0xFFFF,
    0xFFFF, 0xFFFF, 0xFFFF, 0xFFFF, 0xFFFF, 0xFFFF, 0xFFFF, 0xFFFF, 0xFFFF, 0xFFFF, 0xFFFF, 0xFFFF, 0xFFFF, 0xFFFF, 0xFFFF, 0xFFFF,
    0x8410, 0x528A, 0x9CF3, 0xD69A, 0xAD55, 0xAD75, 0xAD75, 0xAD75, 0xAD75, 0xAD75, 0xB596, 0xB596, 0xB596, 0xB596, 0xAD75, 0xAD75,
    0xAD55, 0xAD55, 0xB596, 0xAD75, 0xAD55, 0xAD75, 0xAD75, 0xAD75, 0xB596, 0xAD55, 0xAD55, 0xAD55, 0xAD75, 0xAD55, 0xAD55, 0xAD75,
    0xA534, 0xAD55, 0xA534, 0xA534, 0xAD55, 0xAD55, 0xA534, 0xA534, 0xAD55, 0xA534, 0xA514, 0xA534, 0xA514, 0xA514, 0xA534, 0xA514,
    0xA514, 0xA534, 0xA534, 0xAD55, 0xA534, 0xAD55, 0xAD55, 0xAD55, 0xA534, 0xA534, 0xAD55, 0xA534, 0xAD75, 0xB596, 0x4249, 0x1800,
    0x7061, 0x9841, 0xA000, 0xA000, 0xA800, 0xB800, 0xD000, 0xD820, 0xE000, 0xE000, 0xE800, 0xE800, 0xE000, 0xE000, 0xE800, 0xE800,
    0xE020, 0xE000, 0xD800, 0xD800, 0xD000, 0xD000, 0xD000, 0xD000, 0xD000, 0xD800, 0xD800, 0xD800, 0xD800, 0xD820, 0xE020, 0xE020,
    0xE041, 0xE041, 0xE061, 0xE061, 0xE061, 0xE861, 0xE082, 0xE882, 0xE882, 0xE882, 0xE882, 0xE8A2, 0xE8A2, 0xE082, 0xE082, 0xE082,
    0xE081, 0xE082, 0xE082, 0xE062, 0xE062, 0xE061, 0xE041, 0xE041, 0xE040, 0xE020, 0xE020, 0xD800, 0xD800, 0xD800, 0xD800, 0xD800,
    0xD000, 0xD000, 0xD000, 0xD000, 0xD000, 0xD800, 0xE000, 0xE820, 0xE800, 0xE800, 0xE800, 0xE800, 0xE000, 0xD800, 0xD800, 0xD800,
    0xD020, 0xC000, 0xB000, 0xA000, 0xA000, 0x9800, 0x7841, 0x2800, 0x0000, 0x5AEB, 0x94B3, 0x8C71, 0x9492, 0x9492, 0x94B2, 0x94B2,
    0x9492, 0x9CD3, 0x94B2, 0x9CD3, 0x9CD3, 0x9CD3, 0x9CF3, 0x9CD3, 0x94B2, 0x9CD3, 0xA514, 0xA514, 0x9CF3, 0x9CD3, 0x9CF3, 0xA514,
    0xA514, 0xA514, 0x9CD3, 0xA514, 0xA534, 0xA534, 0xA514, 0xA534, 0xA534, 0xAD55, 0xAD55, 0xAD55, 0xAD55, 0xAD55, 0xAD75, 0xAD55,
    0xA534, 0xA534, 0xAD55, 0xAD55, 0xAD75, 0xB596, 0xAD75, 0xAD75, 0xA534, 0xAD55, 0xAD55, 0xAD55, 0xA514, 0xA534, 0xAD55, 0xA534,
    0xA534, 0xAD55, 0xAD55, 0xA534, 0xA534, 0xA534, 0xA534, 0xA534, 0xA534, 0xAD35, 0xDEDB, 0xBDF7, 0x6B4D, 0xF7BE, 0xFFFF, 0xFFFF,
    0xFFFF, 0xFFFF, 0xFFFF, 0xFFFF, 0xFFFF, 0xFFFF, 0xFFFF, 0xFFFF, 0xFFFF, 0xFFFF, 0xFFFF, 0xFFFF, 0xFFFF, 0xFFFF, 0xFFFF, 0xFFFF,
    0xFFFF, 0xFFFF, 0xFFFF, 0xFFFF, 0xFFFF, 0xFFFF, 0xFFFF, 0xFFFF, 0xFFFF, 0xFFFF, 0xFFFF, 0xFFFF, 0xFFFF, 0xFFFF, 0xFFFF, 0xFFFF,
    0xFFFF, 0xFFFF, 0xFFFF, 0xFFFF, 0xFFFF, 0xFFFF, 0xFFFF, 0xFFFF, 0xFFFF, 0xFFFF, 0xFFFF, 0xFFFF, 0xFFFF, 0xFFFF, 0xFFFF, 0xFFFF,
    0xFFFF, 0xFFFF, 0xFFFF, 0xFFFF, 0xFFFF, 0xFFFF, 0xFFFF, 0xFFFF, 0xFFFF, 0xFFFF, 0xFFFF, 0xFFFF, 0xFFFF, 0xFFFF, 0xFFFF, 0xFFFF,
    0xFFFF, 0xFFFF, 0xFFFF, 0xFFFF, 0xFFFF, 0xFFFF, 0xFFFF, 0xFFFF, 0xFFFF, 0xFFFF, 0xFFFF, 0xFFFF, 0xFFFF, 0xFFFF, 0xFFFF, 0xFFFF,
    0xFFFF, 0xFFFF, 0xFFFF, 0xFFFF, 0xFFFF, 0xFFFF, 0xFFFF, 0xFFFF, 0xFFFF, 0xFFFF, 0xFFFF, 0xFFFF, 0xFFFF, 0xFFFF, 0xFFFF, 0xFFFF,
    0x5AEB, 0x632C, 0xC638, 0xE71C, 0xA534, 0xAD75, 0xB596, 0xAD75, 0xAD75, 0xB5B6, 0xB596, 0xB5B6, 0xB596, 0xB596, 0xB5B6, 0xB5B6,
    0xB5B6, 0xB5B6, 0xB596, 0xAD75, 0xAD55, 0xAD55, 0xAD75, 0xB596, 0xB596, 0xB596, 0xB596, 0xB596, 0xB596, 0xB596, 0xAD75, 0xAD75,
    0xAD55, 0xAD75, 0xAD55, 0xAD55, 0xAD75, 0xB596, 0xAD75, 0xAD75, 0xB596, 0xAD75, 0xAD55, 0xAD35, 0xA534, 0xAD55, 0xAD55, 0xA534,
    0xAD55, 0xA534, 0xA534, 0xA534, 0xA534, 0xAD55, 0xAD55, 0xA534, 0xA534, 0xA534, 0xAD34, 0xAD95, 0xAD54, 0x49E7, 0x2000, 0x8042,
    0xA020, 0xA000, 0xA000, 0xA800, 0xC000, 0xD000, 0xD820, 0xD820, 0xE000, 0xE000, 0xE800, 0xE800, 0xE800, 0xE800, 0xE020, 0xE000,
    0xD800, 0xD000, 0xD000, 0xD000, 0xD000, 0xD800, 0xD800, 0xD800, 0xD800, 0xD800, 0xD800, 0xE000, 0xE020, 0xE020, 0xE041, 0xE041,
    0xE041, 0xE061, 0xE061, 0xE881, 0xE881, 0xE882, 0xE882, 0xE882, 0xE882, 0xE8A2, 0xE8A2, 0xE8A2, 0xE8A2, 0xE8A2, 0xE8A2, 0xE8A2,
    0xE8A2, 0xE882, 0xE882, 0xE882, 0xE882, 0xE061, 0xE061, 0xE041, 0xE041, 0xE020, 0xE020, 0xE020, 0xE000, 0xD800, 0xD800, 0xD800,
    0xD800, 0xD800, 0xD000, 0xD000, 0xD000, 0xD000, 0xD000, 0xD800, 0xE020, 0xE820, 0xE800, 0xE800, 0xE800, 0xE000, 0xE000, 0xD800,
    0xD800, 0xD000, 0xC800, 0xB000, 0xA000, 0x9800, 0x9820, 0x8841, 0x3820, 0x0000, 0x4A69, 0x9492, 0x9492, 0x94B2, 0x9CF3, 0xA514,
    0x94B2, 0x9CF3, 0x9CF3, 0x9CF3, 0xA514, 0x9CF3, 0x9CF3, 0x9CD3, 0x9CD3, 0x9CF3, 0x9CF3, 0x9CF3, 0x9CD3, 0x9CD3, 0x9CF3, 0xA514,
    0x9CF3, 0xA514, 0xA514, 0xA514, 0x9CF3, 0x9CD3, 0x9CF3, 0xA514, 0xA534, 0xA534, 0xAD75, 0xAD55, 0xA534, 0xAD35, 0xAD55, 0xA534,
    0xA534, 0xA534, 0xA534, 0xAD55, 0xB596, 0xAD55, 0xAD75, 0xB596, 0xB596, 0xB596, 0xAD75, 0xAD55, 0xAD55, 0xAD75, 0xAD75, 0xAD75,
    0xB596, 0xB596, 0xAD75, 0xAD75, 0xAD55, 0xAD55, 0xA514, 0xAD55, 0xAD75, 0xA534, 0xC618, 0xE73C, 0x6B4D, 0xCE79, 0xFFFF, 0xFFFF,
    0xFFFF, 0xFFFF, 0xFFFF, 0xFFFF, 0xFFFF, 0xFFFF, 0xFFFF, 0xFFFF, 0xFFFF, 0xFFFF, 0xFFFF, 0xFFFF, 0xFFFF, 0xFFFF, 0xFFFF, 0xFFFF,
    0xFFFF, 0xFFFF, 0xFFFF, 0xFFFF, 0xFFFF, 0xFFFF, 0xFFFF, 0xFFFF, 0xFFFF, 0xFFFF, 0xFFFF, 0xFFFF, 0xFFFF, 0xFFFF, 0xFFFF, 0xFFFF,
    0xFFFF, 0xFFFF, 0xFFFF, 0xFFFF, 0xFFFF, 0xFFFF, 0xFFFF, 0xFFFF, 0xFFFF, 0xFFFF, 0xFFFF, 0xFFFF, 0xFFFF, 0xFFFF, 0xFFFF, 0xFFFF,
    0xFFFF, 0xFFFF, 0xFFFF, 0xFFFF, 0xFFFF, 0xFFFF, 0xFFFF, 0xFFFF, 0xFFFF, 0xFFFF, 0xFFFF, 0xFFFF, 0xFFFF, 0xFFFF, 0xFFFF, 0xFFFF,
    0xFFFF, 0xFFFF, 0xFFFF, 0xFFFF, 0xFFFF, 0xFFFF, 0xFFFF, 0xFFFF, 0xFFFF, 0xFFFF, 0xFFFF, 0xFFFF, 0xFFFF, 0xFFFF, 0xFFFF, 0xFFFF,
    0xFFFF, 0xFFFF, 0xFFFF, 0xFFFF, 0xFFFF, 0xFFFF, 0xFFFF, 0xFFFF, 0xFFFF, 0xFFFF, 0xFFFF, 0xFFFF, 0xFFFF, 0xFFFF, 0xFFFF, 0xE73C,
    0x4228, 0x8410, 0xEF5D, 0xCE79, 0xAD75, 0xB596, 0xB596, 0xAD75, 0xB596, 0xBDD7, 0xBDD7, 0xB596, 0xAD75, 0xB5B6, 0xB5B6, 0xB5B6,
    0xB5B6, 0xB596, 0xAD75, 0xAD75, 0xAD75, 0xAD55, 0xAD75, 0xB596, 0xAD75, 0xB5B6, 0xBDD7, 0xB5B6, 0xB596, 0xB596, 0xAD75, 0xAD75,
    0xAD55, 0xAD55, 0xA514, 0xA534, 0xAD55, 0xAD75, 0xAD55, 0xAD75, 0xAD75, 0xAD55, 0xAD55, 0xA534, 0xA534, 0xAD55, 0xA534, 0xAD55,
    0xAD55, 0xAD55, 0xA534, 0xAD55, 0xA534, 0xAD35, 0xAD55, 0xAD35, 0xAD55, 0xA534, 0xAD55, 0xA555, 0x2964, 0x3000, 0x8842, 0xA000,
    0xA000, 0xA000, 0xB000, 0xB800, 0xC800, 0xD800, 0xD800, 0xE000, 0xE000, 0xE000, 0xE000, 0xE000, 0xE000, 0xE000, 0xD800, 0xD000,
    0xD000, 0xD000, 0xD000, 0xD000, 0xD800, 0xD800, 0xD800, 0xD800, 0xD800, 0xE000, 0xE020, 0xE020, 0xE820, 0xE841, 0xE841, 0xE841,
    0xE861, 0xE861, 0xE881, 0xE882, 0xE882, 0xE8A2, 0xE8A2, 0xE8A2, 0xE8A2, 0xE8A2, 0xE8A2, 0xE8C2, 0xE8C2, 0xE8A2, 0xE8A2, 0xE8A2,
    0xE8A2, 0xE8A2, 0xE8A2, 0xE8A2, 0xE882, 0xE882, 0xE861, 0xE861, 0xE841, 0xE041, 0xE041, 0xE020, 0xE020, 0xE000, 0xE000, 0xD800,
    0xD800, 0xD800, 0xD800, 0xD800, 0xD000, 0xD000, 0xD000, 0xD000, 0xD000, 0xD800, 0xE000, 0xE820, 0xE000, 0xE000, 0xE000, 0xD800,
    0xD800, 0xD000, 0xD000, 0xC820, 0xB000, 0xA800, 0xA000, 0x9801, 0x8842, 0x4021, 0x0000, 0x4208, 0x94B2, 0x8C92, 0x94B2, 0x9CD3,
    0x94B2, 0x94B2, 0x9CD3, 0x9CF3, 0x9CD3, 0x94B2, 0x9CF3, 0x9CF3, 0x9CD3, 0x9CF3, 0x94B2, 0x9CD3, 0x9CD3, 0x9CF3, 0xA514, 0x9CF3,
    0x9CD3, 0x9CD3, 0x9CF3, 0xA514, 0xA4F4, 0x9CF3, 0xA4F4, 0xA514, 0xA534, 0xA534, 0xAD55, 0xAD75, 0xA514, 0xAD55, 0xAD55, 0xA534,
    0xA534, 0xAD55, 0xAD55, 0xAD75, 0xB596, 0xAD75, 0xB596, 0xAD75, 0xB596, 0xB596, 0xB596, 0xAD75, 0xB596, 0xB596, 0xAD75, 0xAD55,
    0xAD75, 0xB596, 0xAD75, 0xAD55, 0xAD55, 0xAD55, 0xA534, 0xAD55, 0xAD55, 0xAD55, 0xAD75, 0xF79E, 0x8430, 0xA514, 0xFFFF, 0xFFFF,
    0xFFFF, 0xFFFF, 0xFFFF, 0xFFFF, 0xFFFF, 0xFFFF, 0xFFFF, 0xFFFF, 0xFFFF, 0xFFFF, 0xFFFF, 0xFFFF, 0xFFFF, 0xFFFF, 0xFFFF, 0xFFFF,
    0xFFFF, 0xFFFF, 0xFFFF, 0xFFFF, 0xFFFF, 0xFFFF, 0xFFFF, 0xFFFF, 0xFFFF, 0xFFFF, 0xFFFF, 0xFFFF, 0xFFFF, 0xFFFF, 0xFFFF, 0xFFFF,
    0xFFFF, 0xFFFF, 0xFFFF, 0xFFFF, 0xFFFF, 0xFFFF, 0xFFFF, 0xFFFF, 0xFFFF, 0xFFFF, 0xFFFF, 0xFFFF, 0xFFFF, 0xFFFF, 0xFFFF, 0xFFFF,
    0xFFFF, 0xFFFF, 0xFFFF, 0xFFFF, 0xFFFF, 0xFFFF, 0xFFFF, 0xFFFF, 0xFFFF, 0xFFFF, 0xFFFF, 0xFFFF, 0xFFFF, 0xFFFF, 0xFFFF, 0xFFFF,
    0xFFFF, 0xFFFF, 0xFFFF, 0xFFFF, 0xFFFF, 0xFFFF, 0xFFFF, 0xFFFF, 0xFFFF, 0xFFFF, 0xFFFF, 0xFFFF, 0xFFFF, 0xFFFF, 0xFFFF, 0xFFFF,
    0xFFFF, 0xFFFF, 0xFFFF, 0xFFFF, 0xFFFF, 0xFFFF, 0xFFFF, 0xFFFF, 0xFFFF, 0xFFFF, 0xFFFF, 0xFFFF, 0xFFFF, 0xFFFF, 0xFFFF, 0xBDD7,
    0x4208, 0x9CF3, 0xF7BE, 0xC618, 0xB596, 0xB596, 0xAD75, 0xB596, 0xB596, 0xAD75, 0xB5B6, 0xB596, 0xB596, 0xB5B6, 0xB5B6, 0xB5B6,
    0xB5B6, 0xB5B6, 0xB596, 0xB596, 0xAD75, 0xAD75, 0xAD75, 0xB596, 0xB596, 0xB5B6, 0xB5B6, 0xAD75, 0xAD75, 0xB596, 0xAD55, 0xAD55,
    0xAD75, 0xAD55, 0xA534, 0xAD75, 0xAD55, 0xAD75, 0xAD55, 0xAD75, 0xAD75, 0xAD75, 0xAD55, 0xAD55, 0xA534, 0xA534, 0xAD55, 0xAD55,
    0xA534, 0xAD55, 0xAD55, 0xAD55, 0xA534, 0xAD55, 0xAD55, 0xA534, 0xAD34, 0xB555, 0xA534, 0x3145, 0x4000, 0x9042, 0xA000, 0xA000,
    0x9800, 0xA800, 0xC000, 0xD000, 0xD000, 0xD800, 0xD800, 0xE000, 0xE000, 0xE000, 0xE020, 0xE000, 0xD800, 0xD000, 0xD000, 0xD000,
    0xD000, 0xD800, 0xD800, 0xD800, 0xD800, 0xD800, 0xE000, 0xE000, 0xE000, 0xE000, 0xE020, 0xE020, 0xE840, 0xE841, 0xE841, 0xE861,
    0xE861, 0xE861, 0xE882, 0xE882, 0xF0A2, 0xF0A2, 0xF0C3, 0xF0C3, 0xF0C3, 0xF0C3, 0xF0C3, 0xF0C3, 0xF0C3, 0xF0C3, 0xF0C3, 0xF0C2,
    0xE8C2, 0xE8C2, 0xE8A2, 0xE8A2, 0xE882, 0xE8A2, 0xE882, 0xE861, 0xE861, 0xE841, 0xE841, 0xE041, 0xE020, 0xE020, 0xE020, 0xE000,
    0xE000, 0xD800, 0xD800, 0xD800, 0xD800, 0xD000, 0xD000, 0xD020, 0xC800, 0xC800, 0xD000, 0xD800, 0xE000, 0xE000, 0xE000, 0xE000,
    0xD800, 0xD800, 0xD000, 0xD000, 0xC020, 0xB000, 0xA800, 0x9800, 0x9800, 0x9021, 0x5020, 0x0000, 0x4AAA, 0x94B2, 0x8C71, 0x9492,
    0x94B2, 0x94B2, 0x9CD3, 0x9CF3, 0x94B2, 0x94B2, 0x9CD3, 0x94B2, 0x94B2, 0x9CD3, 0x9CD3, 0x94B2, 0x9CF3, 0x9CD3, 0x9CF3, 0x9CD3,
    0x9CD3, 0x9CD3, 0x9CD3, 0x94B2, 0xA514, 0xA534, 0xA514, 0x9CF3, 0x9CF3, 0xA534, 0xA514, 0xAD35, 0xAD55, 0xAD55, 0xAD75, 0xAD55,
    0xAD55, 0xAD75, 0xAD55, 0xAD75, 0xAD75, 0xAD55, 0xAD75, 0xAD75, 0xAD55, 0xB596, 0xB596, 0xAD55, 0xAD55, 0xAD75, 0xAD75, 0xAD75,
    0xAD75, 0xAD75, 0xB596, 0xAD75, 0xAD75, 0xAD55, 0xA534, 0xAD35, 0xA534, 0xAD55, 0xAD55, 0xEF7D, 0xB596, 0x7BCF, 0xFFFF, 0xFFFF,
    0xFFFF, 0xFFFF, 0xFFFF, 0xFFFF, 0xFFFF, 0xFFFF, 0xFFFF, 0xFFFF, 0xFFFF, 0xFFFF, 0xFFFF, 0xFFFF, 0xFFFF, 0xFFFF, 0xFFFF, 0xFFFF,
    0xFFFF, 0xFFFF, 0xFFFF, 0xFFFF, 0xFFFF, 0xFFFF, 0xFFFF, 0xFFFF, 0xFFFF, 0xFFFF, 0xFFFF, 0xFFFF, 0xFFFF, 0xFFFF, 0xFFFF, 0xFFFF,
    0xFFFF, 0xFFFF, 0xFFFF, 0xFFFF, 0xFFFF, 0xFFFF, 0xFFFF, 0xFFFF, 0xFFFF, 0xFFFF, 0xFFFF, 0xFFFF, 0xFFFF, 0xFFFF, 0xFFFF, 0xFFFF,
    0xFFFF, 0xFFFF, 0xFFFF, 0xFFFF, 0xFFFF, 0xFFFF, 0xFFFF, 0xFFFF, 0xFFFF, 0xFFFF, 0xFFFF, 0xFFFF, 0xFFFF, 0xFFFF, 0xFFFF, 0xFFFF,
    0xFFFF, 0xFFFF, 0xFFFF, 0xFFFF, 0xFFFF, 0xFFFF, 0xFFFF, 0xFFFF, 0xFFFF, 0xFFFF, 0xFFFF, 0xFFFF, 0xFFFF, 0xFFFF, 0xFFFF, 0xFFFF,
    0xFFFF, 0xFFFF, 0xFFFF, 0xFFFF, 0xFFFF, 0xFFFF, 0xFFFF, 0xFFFF, 0xFFFF, 0xFFFF, 0xFFFF, 0xFFFF, 0xFFFF, 0xFFFF, 0xFFFF, 0x8C71,
    0x4A49, 0xB5B6, 0xF79E, 0xB596, 0xB596, 0xAD75, 0xB596, 0xAD75, 0xAD55, 0xAD75, 0xAD75, 0xB596, 0xB596, 0xB5B6, 0xB596, 0xB596,
    0xB5B6, 0xB596, 0xAD75, 0xB596, 0xAD75, 0xAD75, 0xAD75, 0xB5B6, 0xBDD7, 0xB596, 0xAD75, 0xAD75, 0xAD75, 0xB596, 0xAD55, 0xAD55,
    0xAD55, 0xAD75, 0xB596, 0xAD75, 0xAD75, 0xAD55, 0xAD55, 0xB596, 0xAD75, 0xAD55, 0xAD55, 0xAD75, 0xA514, 0xA534, 0xA534, 0xA534,
    0xAD55, 0xA534, 0xA534, 0xA534, 0xA534, 0xA534, 0xA534, 0xA514, 0xA514, 0xAD54, 0x39A6, 0x3000, 0x9822, 0x9800, 0x9800, 0xA000,
    0xA800, 0xC020, 0xD000, 0xD800, 0xD800, 0xD800, 0xE000, 0xE000, 0xE000, 0xE020, 0xD800, 0xD800, 0xD000, 0xD000, 0xD000, 0xD000,
    0xD000, 0xD800, 0xD800, 0xD800, 0xE000, 0xE000, 0xE000, 0xE000, 0xE000, 0xE020, 0xE820, 0xE840, 0xE841, 0xE861, 0xE861, 0xE861,
    0xF081, 0xF082, 0xF082, 0xF0A2, 0xF0C2, 0xF0C3, 0xF0C3, 0xF0C3, 0xF0C3, 0xF0C3, 0xF0E3, 0xF0E3, 0xF0E3, 0xF0E3, 0xF0E3, 0xF0E3,
    0xF0C3, 0xF0C2, 0xF0C2, 0xF0C2, 0xF0A2, 0xF0A2, 0xE882, 0xE882, 0xE862, 0xE861, 0xE861, 0xE841, 0xE841, 0xE020, 0xE020, 0xE020,
    0xE000, 0xE000, 0xE000, 0xE000, 0xD800, 0xD800, 0xD800, 0xD000, 0xD000, 0xD000, 0xD000, 0xD000, 0xD000, 0xD800, 0xE020, 0xE000,
    0xD800, 0xD000, 0xD000, 0xC800, 0xC020, 0xB820, 0xB000, 0xA000, 0x9800, 0x9020, 0x9041, 0x4821, 0x0000, 0x52CB, 0x9CD3, 0x8C71,
    0x94B2, 0x94B2, 0x9492, 0x9CD3, 0x94B2, 0x9CD3, 0x94B2, 0x9492, 0x9CD3, 0x94B2, 0x9492, 0x9CD3, 0x9CD3, 0x9CD3, 0x9CD3, 0x9CD3,
    0x9CD3, 0x9CD3, 0x9CD3, 0x9CD3, 0x9CF3, 0xA514, 0xA514, 0x9CF3, 0x9CF3, 0xA534, 0xAD55, 0xA534, 0xAD55, 0xA534, 0xA514, 0xA534,
    0xA514, 0xAD55, 0xB596, 0xAD75, 0xAD75, 0xAD75, 0xAD75, 0xAD75, 0xAD55, 0xAD55, 0xAD75, 0xAD55, 0xA534, 0xAD55, 0xAD75, 0xAD75,
    0xAD75, 0xAD55, 0xAD75, 0xAD75, 0xAD75, 0xAD55, 0xA534, 0xAD55, 0xA514, 0xAD35, 0xA534, 0xD69A, 0xDEFB, 0x6B4D, 0xE73C, 0xFFFF,
    0xFFFF, 0xFFFF, 0xFFFF, 0xFFFF, 0xFFFF, 0xFFFF, 0xFFFF, 0xFFFF, 0xFFFF, 0xFFFF, 0xFFFF, 0xFFFF, 0xFFFF, 0xFFFF, 0xFFFF, 0xFFFF,
    0xFFFF, 0xFFFF, 0xFFFF, 0xFFFF, 0xFFFF, 0xFFFF, 0xFFFF, 0xFFFF, 0xFFFF, 0xFFFF, 0xFFFF, 0xFFFF, 0xFFFF, 0xFFFF, 0xFFFF, 0xFFFF,
    0xFFFF, 0xFFFF, 0xFFFF, 0xFFFF, 0xFFFF, 0xFFFF, 0xFFFF, 0xFFFF, 0xFFFF, 0xFFFF, 0xFFFF, 0xFFFF, 0xFFFF, 0xFFFF, 0xFFFF, 0xFFFF,
    0xFFFF, 0xFFFF, 0xFFFF, 0xFFFF, 0xFFFF, 0xFFFF, 0xFFFF, 0xFFFF, 0xFFFF, 0xFFFF, 0xFFFF, 0xFFFF, 0xFFFF, 0xFFFF, 0xFFFF, 0xFFFF,
    0xFFFF, 0xFFFF, 0xFFFF, 0xFFFF, 0xFFFF, 0xFFFF, 0xFFFF, 0xFFFF, 0xFFFF, 0xFFFF, 0xFFFF, 0xFFFF, 0xFFFF, 0xFFFF, 0xFFFF, 0xFFFF,
    0xFFFF, 0xFFFF, 0xFFFF, 0xFFFF, 0xFFFF, 0xFFFF, 0xFFFF, 0xFFFF, 0xFFFF, 0xFFFF, 0xFFFF, 0xFFFF, 0xFFFF, 0xFFFF, 0xFFFF, 0x632C,
    0x5AEB, 0xD69A, 0xE71C, 0xA534, 0xAD55, 0xAD55, 0xB596, 0xB596, 0xAD75, 0xB596, 0xB596, 0xB596, 0xB5B6, 0xBDD7, 0xAD75, 0xB596,
    0xB5B6, 0xAD75, 0xAD75, 0xB596, 0xAD75, 0xAD55, 0xAD75, 0xAD75, 0xAD75, 0xB596, 0xB596, 0xB5B6, 0xB596, 0xB596, 0xB596, 0xB596,
    0xAD75, 0xAD55, 0xB596, 0xAD55, 0xAD55, 0xAD75, 0xAD55, 0xAD75, 0xAD75, 0xAD55, 0xAD55, 0xAD75, 0xAD55, 0xA534, 0xAD55, 0xA534,
    0xAD75, 0xAD75, 0xA514, 0xA514, 0xAD55, 0xAD55, 0xAD55, 0xA514, 0xB595, 0x528A, 0x3000, 0x8862, 0x9800, 0x9800, 0xA000, 0xA800,
    0xC020, 0xD000, 0xD000, 0xD000, 0xD800, 0xD800, 0xE000, 0xE000, 0xD800, 0xD800, 0xD000, 0xD000, 0xD000, 0xD000, 0xD800, 0xD800,
    0xD800, 0xD800, 0xE000, 0xE000, 0xE000, 0xE000, 0xE000, 0xE800, 0xE820, 0xE820, 0xE840, 0xE841, 0xE861, 0xE861, 0xF061, 0xE881,
    0xF082, 0xF0A2, 0xF0A2, 0xF0C2, 0xF0C3, 0xF0E3, 0xF0E3, 0xF0E3, 0xF0E3, 0xF0E3, 0xF103, 0xF103, 0xF103, 0xF0E3, 0xF0E3, 0xF0E3,
    0xF0E3, 0xF0E3, 0xF0E3, 0xF0C3, 0xF0C2, 0xF0A2, 0xF0A2, 0xF082, 0xF082, 0xE882, 0xE861, 0xE841, 0xE841, 0xE821, 0xE820, 0xE820,
    0xE000, 0xE000, 0xE000, 0xE000, 0xE000, 0xD800, 0xD800, 0xD800, 0xD800, 0xD000, 0xD000, 0xC800, 0xC800, 0xD000, 0xD800, 0xD800,
    0xD800, 0xD000, 0xD000, 0xC800, 0xC000, 0xC020, 0xB820, 0xB000, 0xA000, 0x9800, 0x9800, 0x8842, 0x4020, 0x0000, 0x6B4D, 0x9CD3,
    0x9492, 0x9492, 0x8C71, 0x9492, 0x94B2, 0x9492, 0x94B2, 0x94B2, 0x94B2, 0x94B2, 0x9492, 0x9492, 0x94B2, 0x94B2, 0x94B2, 0x9CD3,
    0x9CD3, 0x9CD3, 0x9492, 0x9CD3, 0x9CD3, 0x9CD3, 0x9CF3, 0xA534, 0xA514, 0xA514, 0xAD55, 0xAD55, 0xA514, 0x9CF3, 0xA534, 0xA534,
    0xA534, 0xA534, 0xAD75, 0xAD55, 0xAD75, 0xAD75, 0xAD55, 0xAD75, 0xAD55, 0xAD55, 0xAD55, 0xAD55, 0xA534, 0xA534, 0xA534, 0xAD55,
    0xAD75, 0xAD55, 0xAD55, 0xAD75, 0xAD75, 0xAD55, 0xA534, 0xAD55, 0xAD55, 0xA534, 0xA514, 0xB5B6, 0xF7BE, 0x73AE, 0xBDD7, 0xFFFF,
    0xFFDF, 0xFFFF, 0xFFFF, 0xFFFF, 0xFFFF, 0xFFFF, 0xFFFF, 0xFFFF, 0xFFFF, 0xFFFF, 0xFFFF, 0xFFFF, 0xFFFF, 0xFFFF, 0xFFFF, 0xFFFF,
    0xFFFF, 0xFFFF, 0xFFFF, 0xFFFF, 0xFFFF, 0xFFFF, 0xFFFF, 0xFFFF, 0xFFFF, 0xFFFF, 0xFFFF, 0xFFFF, 0xFFFF, 0xFFFF, 0xFFFF, 0xFFFF,
    0xFFFF, 0xFFFF, 0xFFFF, 0xFFFF, 0xFFFF, 0xFFFF, 0xFFFF, 0xFFFF, 0xFFFF, 0xFFFF, 0xFFFF, 0xFFFF, 0xFFFF, 0xFFFF, 0xFFFF, 0xFFFF,
    0xFFFF, 0xFFFF, 0xFFFF, 0xFFFF, 0xFFFF, 0xFFFF, 0xFFFF, 0xFFFF, 0xFFFF, 0xFFFF, 0xFFFF, 0xFFFF, 0xFFFF, 0xFFFF, 0xFFFF, 0xFFFF,
    0xFFFF, 0xFFFF, 0xFFFF, 0xFFFF, 0xFFFF, 0xFFFF, 0xFFFF, 0xFFFF, 0xFFFF, 0xFFFF, 0xFFFF, 0xFFFF, 0xFFFF, 0xFFFF, 0xFFFF, 0xFFFF,
    0xFFFF, 0xFFFF, 0xFFFF, 0xFFFF, 0xFFFF, 0xFFFF, 0xFFFF, 0xFFFF, 0xFFFF, 0xFFFF, 0xFFFF, 0xFFFF, 0xFFFF, 0xFFFF, 0xEF7D, 0x4A49,
    0x7BCF, 0xE73C, 0xD69A, 0xA534, 0xB596, 0xAD55, 0xAD55, 0xAD75, 0xB5B6, 0xB596, 0xB596, 0xAD75, 0xB596, 0xB5B6, 0xB596, 0xB596,
    0xB596, 0xAD75, 0xB596, 0xAD75, 0xAD75, 0xAD75, 0xAD75, 0xAD55, 0xAD75, 0xAD75, 0xAD75, 0xB596, 0xB596, 0xB5B6, 0xAD75, 0xB596,
    0xB596, 0xAD75, 0xAD55, 0xAD55, 0xAD75, 0xAD75, 0xB596, 0xAD75, 0xAD75, 0xAD75, 0xAD55, 0xAD75, 0xAD55, 0xA534, 0xA534, 0xA534,
    0xAD55, 0xAD75, 0xAD55, 0xAD55, 0xAD35, 0xAD55, 0xA534, 0xB596, 0x73CE, 0x1800, 0x7842, 0x9820, 0x9800, 0xA000, 0xA800, 0xB820,
    0xD020, 0xD000, 0xD000, 0xD000, 0xD800, 0xD800, 0xD800, 0xD800, 0xD000, 0xD000, 0xD000, 0xD000, 0xD800, 0xD800, 0xD800, 0xD800,
    0xE000, 0xE000, 0xE000, 0xE000, 0xE000, 0xE000, 0xE800, 0xE820, 0xE820, 0xE820, 0xE841, 0xE841, 0xE861, 0xF061, 0xF082, 0xF082,
    0xF0A2, 0xF0A2, 0xF0C3, 0xF8C3, 0xF0E3, 0xF0E3, 0xF0E3, 0xF903, 0xF903, 0xF903, 0xF904, 0xF103, 0xF103, 0xF103, 0xF103, 0xF103,
    0xF104, 0xF103, 0xF103, 0xF0E3, 0xF0C3, 0xF0C3, 0xF0A2, 0xF0A2, 0xF0A2, 0xF082, 0xF082, 0xF061, 0xE841, 0xE841, 0xE840, 0xE820,
    0xE000, 0xE000, 0xE000, 0xE000, 0xE000, 0xE000, 0xD800, 0xD800, 0xD800, 0xD800, 0xD000, 0xD000, 0xD000, 0xD000, 0xD000, 0xD000,
    0xD000, 0xD000, 0xD000, 0xC800, 0xC800, 0xC000, 0xC020, 0xB000, 0xA800, 0xA000, 0x9800, 0x9800, 0x8841, 0x3821, 0x0861, 0x73CE,
    0x94B2, 0x9471, 0x9492, 0x9492, 0x8C71, 0x8C71, 0x9492, 0x94B2, 0x94B2, 0x9492, 0x9492, 0x9492, 0x9492, 0x94B2, 0x94B2, 0x9CD3,
    0x9CD3, 0x94B2, 0x94B2, 0x94B2, 0x94B2, 0x9CD3, 0x94B2, 0x9CF3, 0x9CF3, 0x9CF3, 0xA514, 0xA514, 0xA514, 0xA514, 0xA534, 0xA514,
    0xA514, 0xA534, 0xA534, 0xAD55, 0xAD75, 0xAD55, 0xA534, 0xA534, 0xA534, 0xA534, 0xA534, 0xA534, 0xAD55, 0xAD55, 0xAD55, 0xAD55,
    0xAD55, 0xAD55, 0xAD55, 0xAD75, 0xAD55, 0xAD55, 0xAD55, 0xAD55, 0xAD55, 0xAD55, 0xA514, 0xA534, 0xF79E, 0x9CF3, 0x8C71, 0xFFFF,
    0xFFFF, 0xFFFF, 0xFFFF, 0xFFFF, 0xFFFF, 0xFFFF, 0xFFFF, 0xFFFF, 0xFFFF, 0xFFFF, 0xFFFF, 0xFFFF, 0xFFFF, 0xFFFF, 0xFFFF, 0xFFFF,
    0xFFFF, 0xFFFF, 0xFFFF, 0xFFFF, 0xFFFF, 0xFFFF, 0xFFFF, 0xFFFF, 0xFFFF, 0xFFFF, 0xFFFF, 0xFFFF, 0xFFFF, 0xFFFF, 0xFFFF, 0xFFFF,
    0xFFFF, 0xFFFF, 0xFFFF, 0xFFFF, 0xFFFF, 0xFFFF, 0xFFFF, 0xFFFF, 0xFFFF, 0xFFFF, 0xFFFF, 0xFFFF, 0xFFFF, 0xFFFF, 0xFFFF, 0xFFFF,
    0xFFFF, 0xFFFF, 0xFFFF, 0xFFFF, 0xFFFF, 0xFFFF, 0xFFFF, 0xFFFF, 0xFFFF, 0xFFFF, 0xFFFF, 0xFFFF, 0xFFFF, 0xFFFF, 0xFFFF, 0xFFFF,
    0xFFFF, 0xFFFF, 0xFFFF, 0xFFFF, 0xFFFF, 0xFFFF, 0xFFFF, 0xFFFF, 0xFFFF, 0xFFFF, 0xFFFF, 0xFFFF, 0xFFFF, 0xFFFF, 0xFFFF, 0xFFFF,
    0xFFFF, 0xFFFF, 0xFFFF, 0xFFFF, 0xFFFF, 0xFFFF, 0xFFFF, 0xFFFF, 0xFFFF, 0xFFFF, 0xFFFF, 0xFFFF, 0xFFFF, 0xFFFF, 0xC638, 0x39E7,
    0x9492, 0xF79E, 0xBDF7, 0xAD55, 0xB596, 0xAD75, 0xB596, 0xAD75, 0xAD75, 0xAD75, 0xB5B6, 0xBDD7, 0xB596, 0xB596, 0xB596, 0xB596,
    0xB5B6, 0xAD75, 0xAD55, 0xAD75, 0xAD75, 0xAD75, 0xAD55, 0xAD55, 0xAD75, 0xAD55, 0xAD75, 0xB596, 0xB5B6, 0xB596, 0xAD75, 0xAD75,
    0xAD55, 0xAD75, 0xAD75, 0xAD75, 0xB596, 0xAD75, 0xAD75, 0xAD75, 0xAD75, 0xAD55, 0xAD55, 0xAD55, 0xA514, 0x9CF3, 0xA514, 0xA514,
    0xA514, 0xAD55, 0xAD75, 0xB596, 0xAD76, 0xAD55, 0xAD75, 0x94D2, 0x2061, 0x6041, 0x9041, 0x9800, 0x9800, 0xA800, 0xB800, 0xC820,
    0xD000, 0xD000, 0xD000, 0xD000, 0xD800, 0xD800, 0xD800, 0xD000, 0xD000, 0xD000, 0xD000, 0xD800, 0xD800, 0xD800, 0xD800, 0xE000,
    0xE000, 0xE000, 0xE000, 0xE800, 0xE800, 0xE800, 0xE800, 0xE820, 0xE820, 0xF021, 0xF041, 0xF061, 0xF061, 0xF082, 0xF082, 0xF0A2,
    0xF0A3, 0xF8C3, 0xF8C3, 0xF8E3, 0xF8E3, 0xF903, 0xF903, 0xF904, 0xF924, 0xF924, 0xF924, 0xF924, 0xF924, 0xF924, 0xF124, 0xF124,
    0xF104, 0xF104, 0xF103, 0xF103, 0xF0E3, 0xF0E3, 0xF0C3, 0xF0C2, 0xF0A2, 0xF082, 0xF082, 0xF062, 0xF061, 0xE841, 0xE841, 0xE820,
    0xE820, 0xE000, 0xE000, 0xE000, 0xE000, 0xE000, 0xE000, 0xD800, 0xD800, 0xD800, 0xD800, 0xD800, 0xD000, 0xD000, 0xD000, 0xD000,
    0xD000, 0xD000, 0xD000, 0xC800, 0xC800, 0xC800, 0xC000, 0xB800, 0xB000, 0xA800, 0xA000, 0x9800, 0x9020, 0x8062, 0x2800, 0x18E3,
    0x9451, 0x9492, 0x8C71, 0x9492, 0x9492, 0x9492, 0x9492, 0x8C71, 0x9492, 0x94B2, 0x8C71, 0x9492, 0x8C71, 0x94B2, 0x94B2, 0x94B2,
    0x94B2, 0x9492, 0x94B2, 0x9492, 0x9492, 0x94B2, 0x94B2, 0x9CD3, 0xA514, 0x9CF3, 0x9CF3, 0x9CD3, 0x9CF3, 0xA514, 0x9CF3, 0x9CF3,
    0x9CF3, 0xA534, 0xAD55, 0xAD55, 0xAD55, 0xAD55, 0xAD55, 0xAD55, 0xAD55, 0xA534, 0x9CF3, 0x9CF3, 0xA514, 0xA514, 0xA534, 0xA514,
    0xA534, 0xAD55, 0xA514, 0xAD55, 0xAD55, 0xAD55, 0xAD75, 0xAD55, 0xAD55, 0xAD55, 0xAD35, 0xA4F4, 0xDEDB, 0xCE79, 0x738E, 0xF7BE,
    0xFFFF, 0xFFFF, 0xFFFF, 0xFFFF, 0xFFFF, 0xFFFF, 0xFFFF, 0xFFFF, 0xFFFF, 0xFFFF, 0xFFFF, 0xFFFF, 0xFFFF, 0xFFFF, 0xFFFF, 0xFFFF,
    0xFFFF, 0xFFFF, 0xFFFF, 0xFFFF, 0xFFFF, 0xFFFF, 0xFFFF, 0xFFFF, 0xFFFF, 0xFFFF, 0xFFFF, 0xFFFF, 0xFFFF, 0xFFFF, 0xFFFF, 0xFFFF,
    0xFFFF, 0xFFFF, 0xFFFF, 0xFFFF, 0xFFFF, 0xFFFF, 0xFFFF, 0xFFFF, 0xFFFF, 0xFFFF, 0xFFFF, 0xFFFF, 0xFFFF, 0xFFFF, 0xFFFF, 0xFFFF,
    0xFFFF, 0xFFFF, 0xFFFF, 0xFFFF, 0xFFFF, 0xFFFF, 0xFFFF, 0xFFFF, 0xFFFF, 0xFFFF, 0xFFFF, 0xFFFF, 0xFFFF, 0xFFFF, 0xFFFF, 0xFFFF,
    0xFFFF, 0xFFFF, 0xFFFF, 0xFFFF, 0xFFFF, 0xFFFF, 0xFFFF, 0xFFFF, 0xFFFF, 0xFFFF, 0xFFFF, 0xFFFF, 0xFFFF, 0xFFFF, 0xFFFF, 0xFFFF,
    0xFFFF, 0xFFFF, 0xFFFF, 0xFFFF, 0xFFFF, 0xFFFF, 0xFFFF, 0xFFFF, 0xFFFF, 0xFFFF, 0xFFFF, 0xFFFF, 0xFFDF, 0xFFFF, 0x9CD3, 0x4208,
    0xAD75, 0xF7BE, 0xAD75, 0xAD55, 0xAD55, 0xAD75, 0xB596, 0xAD75, 0xA534, 0xAD75, 0xB596, 0xAD75, 0xAD75, 0xB596, 0xB596, 0xB5B6,
    0xB596, 0xB596, 0xB596, 0xAD55, 0xAD55, 0xAD55, 0xAD55, 0xAD55, 0xAD55, 0xAD95, 0xAD75, 0xAD75, 0xAD75, 0xAD75, 0xAD75, 0xAD55,
    0xAD35, 0xAD55, 0xAD55, 0xAD75, 0xAD75, 0xB596, 0xAD75, 0xAD75, 0xAD55, 0xAD55, 0xAD55, 0xA534, 0x9CF3, 0xA514, 0xA534, 0xA534,
    0xA534, 0xAD55, 0xAD75, 0xAD75, 0xAD55, 0xAD75, 0xB576, 0x3986, 0x5000, 0x9841, 0x9800, 0x9800, 0xA000, 0xB000, 0xC000, 0xC800,
    0xD000, 0xD000, 0xD000, 0xD000, 0xD000, 0xD000, 0xD000, 0xD000, 0xD000, 0xD000, 0xD800, 0xD800, 0xD800, 0xE000, 0xE000, 0xE000,
    0xE000, 0xE000, 0xE800, 0xE800, 0xE800, 0xE800, 0xE800, 0xF020, 0xF021, 0xF041, 0xF061, 0xF061, 0xF081, 0xF082, 0xF0A2, 0xF0A2,
    0xF0C3, 0xF8C3, 0xF8E3, 0xF8E3, 0xF903, 0xF904, 0xF924, 0xF924, 0xF924, 0xF924, 0xF944, 0xF944, 0xF944, 0xF924, 0xF924, 0xF124,
    0xF124, 0xF124, 0xF124, 0xF104, 0xF0E3, 0xF0E3, 0xF0C3, 0xF0C3, 0xF0C2, 0xF0A2, 0xF082, 0xF082, 0xF062, 0xF061, 0xF041, 0xE841,
    0xE820, 0xE800, 0xE000, 0xE000, 0xE000, 0xE000, 0xE000, 0xE000, 0xE000, 0xD800, 0xD800, 0xD800, 0xD000, 0xD000, 0xD000, 0xC800,
    0xC800, 0xC800, 0xC800, 0xD000, 0xC800, 0xC800, 0xC800, 0xB800, 0xB800, 0xB000, 0xA800, 0x9800, 0x9000, 0x9800, 0x8042, 0x1000,
    0x5249, 0xA4D3, 0x8C91, 0x8C71, 0x9492, 0x94B2, 0x9492, 0x8C51, 0x8C71, 0x9492, 0x8C71, 0x9492, 0x9492, 0x9492, 0x9CD3, 0x9CD3,
    0x9492, 0x9492, 0x94B2, 0x94B2, 0x94B2, 0x94B2, 0x9CD3, 0x94B2, 0x9CD3, 0x9CD3, 0x9CF3, 0x9CD3, 0x9CD3, 0x9CF3, 0x9CD3, 0x9CF3,
    0x9CF3, 0xA514, 0xA534, 0xA514, 0xA534, 0xA534, 0xAD55, 0xA534, 0xAD35, 0xA534, 0x9CF3, 0x9CF3, 0xA514, 0xA514, 0xA534, 0xA534,
    0xAD55, 0xA534, 0xA534, 0xAD55, 0xAD55, 0xAD55, 0xA534, 0xA534, 0xA534, 0xA514, 0xA534, 0xA514, 0xC638, 0xEF7D, 0x6B6D, 0xD69A,
    0xFFFF, 0xFFFF, 0xFFFF, 0xFFFF, 0xFFFF, 0xFFFF, 0xFFFF, 0xFFFF, 0xFFFF, 0xFFFF, 0xFFFF, 0xFFFF, 0xFFFF, 0xFFFF, 0xFFFF, 0xFFFF,
    0xFFFF, 0xFFFF, 0xFFFF, 0xFFFF, 0xFFFF, 0xFFFF, 0xFFFF, 0xFFFF, 0xFFFF, 0xFFFF, 0xFFFF, 0xFFFF, 0xFFFF, 0xFFFF, 0xFFFF, 0xFFFF,
    0xFFFF, 0xFFFF, 0xFFFF, 0xFFFF, 0xFFFF, 0xFFFF, 0xFFFF, 0xFFFF, 0xFFFF, 0xFFFF, 0xFFFF, 0xFFFF, 0xFFFF, 0xFFFF, 0xFFFF, 0xFFFF,
    0xFFFF, 0xFFFF, 0xFFFF, 0xFFFF, 0xFFFF, 0xFFFF, 0xFFFF, 0xFFFF, 0xFFFF, 0xFFFF, 0xFFFF, 0xFFFF, 0xFFFF, 0xFFFF, 0xFFFF, 0xFFFF,
    0xFFFF, 0xFFFF, 0xFFFF, 0xFFFF, 0xFFFF, 0xFFFF, 0xFFFF, 0xFFFF, 0xFFFF, 0xFFFF, 0xFFFF, 0xFFFF, 0xFFFF, 0xFFFF, 0xFFFF, 0xFFFF,
    0xFFFF, 0xFFFF, 0xFFFF, 0xFFFF, 0xFFFF, 0xFFFF, 0xFFFF, 0xFFFF, 0xFFFF, 0xFFFF, 0xFFFF, 0xFFFF, 0xFFFF, 0xFFFF, 0x738E, 0x52AA,
    0xC638, 0xEF7D, 0xAD55, 0xAD75, 0xAD55, 0xAD75, 0xAD55, 0xA534, 0xAD75, 0xAD55, 0xAD55, 0xAD75, 0xB596, 0xB596, 0xB596, 0xBDD7,
    0xB596, 0xAD75, 0xB596, 0xAD55, 0xAD55, 0xAD55, 0xAD75, 0xAD75, 0xB596, 0xAD75, 0xAD75, 0xAD55, 0xAD55, 0xAD55, 0xAD75, 0xAD55,
    0xAD55, 0xAD55, 0xAD75, 0xAD55, 0xB596, 0xAD75, 0xAD75, 0xB596, 0xAD75, 0xAD75, 0xAD55, 0xAD55, 0xA534, 0xA534, 0xAD75, 0xA534,
    0xA534, 0xAD55, 0xA534, 0xAD55, 0xAD55, 0xB5B6, 0x734D, 0x2800, 0x8862, 0x9820, 0x9820, 0xA000, 0xB000, 0xC000, 0xC800, 0xC800,
    0xD000, 0xD000, 0xD000, 0xD000, 0xD000, 0xC800, 0xD000, 0xD000, 0xD000, 0xD800, 0xD800, 0xD800, 0xE000, 0xE000, 0xE000, 0xE800,
    0xE800, 0xE800, 0xE800, 0xE800, 0xE800, 0xF000, 0xF020, 0xF021, 0xF041, 0xF041, 0xF061, 0xF061, 0xF082, 0xF0A2, 0xF0A2, 0xF0C3,
    0xF0C3, 0xF8E3, 0xF8E3, 0xF903, 0xF924, 0xF924, 0xF924, 0xF944, 0xF944, 0xF944, 0xF945, 0xF945, 0xF945, 0xF944, 0xF944, 0xF944,
    0xF944, 0xF124, 0xF124, 0xF124, 0xF104, 0xF104, 0xF0E3, 0xF0E3, 0xF0C3, 0xF0A2, 0xF0A2, 0xF082, 0xF082, 0xF061, 0xF041, 0xF041,
    0xF021, 0xE820, 0xE800, 0xE800, 0xE800, 0xE000, 0xE000, 0xE000, 0xE000, 0xE000, 0xD800, 0xD800, 0xD800, 0xD000, 0xD000, 0xD000,
    0xC800, 0xC800, 0xC800, 0xC800, 0xC800, 0xC800, 0xC800, 0xC000, 0xB800, 0xB000, 0xA800, 0xA000, 0x9800, 0x9800, 0xA021, 0x5800,
    0x28A2, 0x9471, 0x9492, 0x94B2, 0x9492, 0x8C71, 0x8C71, 0x8C71, 0x8C71, 0x9492, 0x8C71, 0x8C71, 0x9492, 0x9492, 0x94B2, 0x94B2,
    0x9492, 0x9492, 0x94B2, 0x94B2, 0x94B2, 0x94B2, 0x94B2, 0x94B2, 0x9CD3, 0x9CD3, 0x9CD3, 0x9CD3, 0x9CD3, 0x94B2, 0x9CF3, 0x9CF3,
    0x9CF3, 0xA534, 0x9CF3, 0xA534, 0xA534, 0xA514, 0xA534, 0xA514, 0xA514, 0xA514, 0x9CF3, 0xA534, 0xA514, 0xA514, 0xA534, 0xA534,
    0xAD75, 0xA534, 0xAD55, 0xAD75, 0xAD55, 0xA534, 0xAD55, 0xAD55, 0xAD55, 0xA534, 0x9CF3, 0xA514, 0xAD55, 0xF7BE, 0x8C51, 0xA514,
    0xFFFF, 0xFFFF, 0xFFFF, 0xFFFF, 0xFFFF, 0xFFFF, 0xFFFF, 0xFFFF, 0xFFFF, 0xFFFF, 0xFFFF, 0xFFFF, 0xFFFF, 0xFFFF, 0xFFFF, 0xFFFF,
    0xFFFF, 0xFFFF, 0xFFFF, 0xFFFF, 0xFFFF, 0xFFFF, 0xFFFF, 0xFFFF, 0xFFFF, 0xFFFF, 0xFFFF, 0xFFFF, 0xFFFF, 0xFFFF, 0xFFFF, 0xFFFF,
    0xFFFF, 0xFFFF, 0xFFFF, 0xFFFF, 0xFFFF, 0xFFFF, 0xFFFF, 0xFFFF, 0xFFFF, 0xFFFF, 0xFFFF, 0xFFFF, 0xFFFF, 0xFFFF, 0xFFFF, 0xFFFF,
    0xFFFF, 0xFFFF, 0xFFFF, 0xFFFF, 0xFFFF, 0xFFFF, 0xFFFF, 0xFFFF, 0xFFFF, 0xFFFF, 0xFFFF, 0xFFFF, 0xFFFF, 0xFFFF, 0xFFFF, 0xFFFF,
    0xFFFF, 0xFFFF, 0xFFFF, 0xFFFF, 0xFFFF, 0xFFFF, 0xFFFF, 0xFFFF, 0xFFFF, 0xFFFF, 0xFFFF, 0xFFFF, 0xFFFF, 0xFFFF, 0xFFFF, 0xFFFF,
    0xFFFF, 0xFFFF, 0xFFFF, 0xFFFF, 0xFFFF, 0xFFFF, 0xFFFF, 0xFFFF, 0xFFFF, 0xFFFF, 0xFFFF, 0xFFFF, 0xFFFF, 0xF7BE, 0x528A, 0x6B6D,
    0xDEFB, 0xDEDB, 0xAD55, 0xB596, 0xB596, 0xB596, 0xAD55, 0xAD55, 0xB596, 0xAD75, 0xAD75, 0xB596, 0xB596, 0xAD75, 0xAD75, 0xB596,
    0xB596, 0xB596, 0xAD75, 0xAD75, 0xAD55, 0xAD75, 0xAD75, 0xAD75, 0xB596, 0xAD75, 0xAD75, 0xAD75, 0xAD55, 0xAD75, 0xAD75, 0xAD55,
    0xA514, 0xA534, 0xAD55, 0xA534, 0xAD75, 0xAD75, 0xAD55, 0xAD75, 0xAD55, 0xAD75, 0xAD55, 0xAD55, 0xAD75, 0xAD55, 0xA534, 0xA514,
    0xA514, 0xAD55, 0xAD75, 0xA534, 0xAD75, 0x9D14, 0x28A2, 0x6821, 0xA021, 0x9800, 0xA000, 0xA800, 0xB800, 0xC800, 0xC800, 0xC800,
    0xC800, 0xD000, 0xD000, 0xC800, 0xC800, 0xC800, 0xD000, 0xD800, 0xD800, 0xD800, 0xD800, 0xE000, 0xE000, 0xE000, 0xE800, 0xE800,
    0xE800, 0xE800, 0xE800, 0xE800, 0xF000, 0xF000, 0xF020, 0xF021, 0xF041, 0xF061, 0xF061, 0xF082, 0xF882, 0xF0A2, 0xF0C3, 0xF8C3,
    0xF8E3, 0xF903, 0xF903, 0xF924, 0xF924, 0xF924, 0xF944, 0xF945, 0xF945, 0xF945, 0xF965, 0xF965, 0xF965, 0xF965, 0xF965, 0xF965,
    0xF945, 0xF944, 0xF144, 0xF124, 0xF924, 0xF904, 0xF103, 0xF0E3, 0xF0E3, 0xF0C3, 0xF0A2, 0xF0A2, 0xF082, 0xF062, 0xF061, 0xF041,
    0xF021, 0xE820, 0xE820, 0xE800, 0xE800, 0xE800, 0xE800, 0xE000, 0xE000, 0xE000, 0xE000, 0xD800, 0xD800, 0xD800, 0xD800, 0xD000,
    0xC800, 0xC800, 0xC800, 0xC000, 0xC000, 0xC800, 0xC800, 0xC000, 0xB800, 0xB000, 0xA800, 0xA800, 0xA000, 0x9800, 0x9800, 0x9041,
    0x4000, 0x62EB, 0x9492, 0x8C71, 0x8C71, 0x8C71, 0x8C51, 0x8C71, 0x8C71, 0x8C71, 0x9492, 0x9492, 0x8C71, 0x8C71, 0x9492, 0x9492,
    0x9492, 0x9492, 0x9492, 0x9492, 0x9492, 0x9CD3, 0x9492, 0x94B2, 0x94B2, 0x9CD3, 0x94B2, 0x9CD3, 0x9CD3, 0x9CF3, 0x9CF3, 0x9CF3,
    0x9CD3, 0xA534, 0xA514, 0xA514, 0xA534, 0xA514, 0x9CF3, 0x9CF3, 0xA514, 0xA514, 0xA514, 0xA514, 0xA514, 0xA534, 0xA534, 0xA514,
    0xA534, 0xA534, 0xA534, 0xAD55, 0xA534, 0xA534, 0xAD55, 0xA534, 0xAD55, 0xAD55, 0xA514, 0xA534, 0x9CF3, 0xE73C, 0xBDD7, 0x7BCF,
    0xFFFF, 0xFFFF, 0xFFFF, 0xFFFF, 0xFFFF, 0xFFFF, 0xFFFF, 0xFFFF, 0xFFFF, 0xFFFF, 0xFFFF, 0xFFFF, 0xFFFF, 0xFFFF, 0xFFFF, 0xFFFF,
    0xFFFF, 0xFFFF, 0xFFFF, 0xFFFF, 0xFFFF, 0xFFFF, 0xFFFF, 0xFFFF, 0xFFFF, 0xFFFF, 0xFFFF, 0xFFFF, 0xFFFF, 0xFFFF, 0xFFFF, 0xFFFF,
    0xFFFF, 0xFFFF, 0xFFFF, 0xFFFF, 0xFFFF, 0xFFFF, 0xFFFF, 0xFFFF, 0xFFFF, 0xFFFF, 0xFFFF, 0xFFFF, 0xFFFF, 0xFFFF, 0xFFFF, 0xFFFF,
    0xFFFF, 0xFFFF, 0xFFFF, 0xFFFF, 0xFFFF, 0xFFFF, 0xFFFF, 0xFFFF, 0xFFFF, 0xFFFF, 0xFFFF, 0xFFFF, 0xFFFF, 0xFFFF, 0xFFFF, 0xFFFF,
    0xFFFF, 0xFFFF, 0xFFFF, 0xFFFF, 0xFFFF, 0xFFFF, 0xFFFF, 0xFFFF, 0xFFFF, 0xFFFF, 0xFFFF, 0xFFFF, 0xFFFF, 0xFFFF, 0xFFFF, 0xFFFF,
    0xFFFF, 0xFFFF, 0xFFFF, 0xFFFF, 0xFFFF, 0xFFFF, 0xFFFF, 0xFFFF, 0xFFFF, 0xFFFF, 0xFFFF, 0xFFFF, 0xFFFF, 0xD6BA, 0x4208, 0x8430,
    0xEF7D, 0xC638, 0xAD75, 0xB596, 0xB596, 0xAD75, 0xB596, 0xAD75, 0xAD75, 0xAD75, 0xB596, 0xB596, 0xB596, 0xAD75, 0xB596, 0xAD75,
    0xAD75, 0xAD75, 0xAD75, 0xB596, 0xAD75, 0xAD75, 0xAD75, 0xB596, 0xAD75, 0xAD55, 0xAD75, 0xAD55, 0xA534, 0xAD55, 0xAD55, 0xAD75,
    0xAD55, 0xAD55, 0xA534, 0xA534, 0xAD55, 0xA534, 0xA514, 0xAD35, 0xA534, 0xA534, 0xAD55, 0xAD55, 0xA534, 0xA534, 0xA534, 0xA534,
    0xA534, 0xA534, 0xA534, 0xAD55, 0xB5B7, 0x62CB, 0x3000, 0x9842, 0x9800, 0x9800, 0xA000, 0xB000, 0xC000, 0xC800, 0xC800, 0xC800,
    0xC800, 0xD000, 0xD000, 0xC800, 0xC800, 0xD000, 0xD000, 0xD800, 0xD800, 0xD800, 0xE000, 0xE000, 0xE000, 0xE000, 0xE800, 0xE800,
    0xE800, 0xE800, 0xE800, 0xF000, 0xF000, 0xF020, 0xF020, 0xF041, 0xF041, 0xF061, 0xF082, 0xF082, 0xF0A2, 0xF8A2, 0xF8C3, 0xF8E3,
    0xF8E4, 0xF904, 0xF924, 0xF924, 0xF944, 0xF945, 0xF945, 0xF965, 0xF965, 0xF965, 0xF966, 0xF986, 0xF986, 0xF966, 0xF965, 0xF965,
    0xF965, 0xF945, 0xF945, 0xF944, 0xF924, 0xF924, 0xF904, 0xF903, 0xF8E3, 0xF8C3, 0xF0A2, 0xF0A2, 0xF082, 0xF062, 0xF061, 0xF061,
    0xF041, 0xF020, 0xE820, 0xE800, 0xE800, 0xE800, 0xE800, 0xE000, 0xE000, 0xE000, 0xE000, 0xD800, 0xD800, 0xD800, 0xD800, 0xD000,
    0xD000, 0xC800, 0xC800, 0xC000, 0xC000, 0xC000, 0xC800, 0xC000, 0xB800, 0xB000, 0xA800, 0xA800, 0xA000, 0x9800, 0x9800, 0x9800,
    0x7820, 0x38C2, 0x8430, 0x8C71, 0x8C51, 0x8C51, 0x8C71, 0x8C51, 0x8C51, 0x8C71, 0x9492, 0x8C71, 0x8C51, 0x8C71, 0x8C71, 0x8C71,
    0x9492, 0x9492, 0x8C71, 0x9492, 0x9492, 0x94B2, 0x94B2, 0x94B2, 0x9492, 0x9CD3, 0x94B2, 0x9492, 0x9CD3, 0x9CF3, 0x9CF3, 0x9CD3,
    0x9CF3, 0xA514, 0x9CF3, 0xA514, 0xA514, 0xA514, 0x9CF3, 0x9CF3, 0xA514, 0xA514, 0xA514, 0xA534, 0xA514, 0xA514, 0xA534, 0xA514,
    0xA534, 0xA534, 0xA514, 0xA534, 0xAD55, 0xAD55, 0xA534, 0xA514, 0xA534, 0xAD55, 0xAD55, 0xAD75, 0xA514, 0xCE59, 0xE73C, 0x6B4D,
    0xE71C, 0xFFFF, 0xFFFF, 0xFFFF, 0xFFFF, 0xFFFF, 0xFFFF, 0xFFFF, 0xFFFF, 0xFFFF, 0xFFFF, 0xFFFF, 0xFFFF, 0xFFFF, 0xFFFF, 0xFFFF,
    0xFFFF, 0xFFFF, 0xFFFF, 0xFFFF, 0xFFFF, 0xFFFF, 0xFFFF, 0xFFFF, 0xFFFF, 0xFFFF, 0xFFFF, 0xFFFF, 0xFFFF, 0xFFFF, 0xFFFF, 0xFFFF,
    0xFFFF, 0xFFFF, 0xFFFF, 0xFFFF, 0xFFFF, 0xFFFF, 0xFFFF, 0xFFFF, 0xFFFF, 0xFFFF, 0xFFFF, 0xFFFF, 0xFFFF, 0xFFFF, 0xFFFF, 0xFFFF,
    0xFFFF, 0xFFFF, 0xFFFF, 0xFFFF, 0xFFFF, 0xFFFF, 0xFFFF, 0xFFFF, 0xFFFF, 0xFFFF, 0xFFFF, 0xFFFF, 0xFFFF, 0xFFFF, 0xFFFF, 0xFFFF,
    0xFFFF, 0xFFFF, 0xFFFF, 0xFFFF, 0xFFFF, 0xFFFF, 0xFFFF, 0xFFFF, 0xFFFF, 0xFFFF, 0xFFFF, 0xFFFF, 0xFFFF, 0xFFFF, 0xFFFF, 0xFFFF,
    0xFFFF, 0xFFFF, 0xFFFF, 0xFFFF, 0xFFFF, 0xFFFF, 0xFFFF, 0xFFFF, 0xFFFF, 0xFFFF, 0xFFFF, 0xFFFF, 0xFFFF, 0xAD55, 0x4228, 0xA514,
    0xF79E, 0xB5B6, 0xAD75, 0xAD75, 0xAD75, 0xAD75, 0xB596, 0xAD55, 0xAD55, 0xAD75, 0xAD75, 0xB596, 0xB596, 0xB596, 0xAD75, 0xAD75,
    0xAD75, 0xAD75, 0xAD75, 0xB5B6, 0xAD75, 0xAD55, 0xAD55, 0xAD75, 0xAD75, 0xB596, 0xAD75, 0xAD55, 0xAD55, 0xAD55, 0xA534, 0xA534,
    0xAD55, 0xAD55, 0xAD75, 0xAD55, 0xAD55, 0xAD55, 0xA534, 0xA534, 0xAD55, 0xAD55, 0xA534, 0xA534, 0xA534, 0xA514, 0xA514, 0xA534,
    0xA534, 0xA534, 0xA514, 0xAD55, 0x9CF4, 0x28A2, 0x6040, 0x9840, 0x9800, 0xA000, 0xA800, 0xB820, 0xC000, 0xC800, 0xC800, 0xC800,
    0xC800, 0xC800, 0xC800, 0xC800, 0xC800, 0xD000, 0xD000, 0xD800, 0xD800, 0xE000, 0xE000, 0xE000, 0xE800, 0xE800, 0xE800, 0xE800,
    0xE800, 0xE800, 0xF000, 0xF000, 0xF000, 0xF020, 0xF020, 0xF041, 0xF041, 0xF061, 0xF082, 0xF082, 0xF8A2, 0xF8C3, 0xF8E3, 0xF8E3,
    0xF904, 0xF924, 0xF924, 0xF944, 0xF965, 0xF965, 0xF965, 0xF966, 0xF986, 0xF986, 0xF9A6, 0xF9A6, 0xF9A6, 0xF9A6, 0xF986, 0xF986,
    0xF986, 0xF965, 0xF965, 0xF965, 0xF945, 0xF944, 0xF924, 0xF904, 0xF904, 0xF8E3, 0xF0C3, 0xF0A2, 0xF082, 0xF082, 0xF061, 0xF061,
    0xF041, 0xF041, 0xE820, 0xF000, 0xE800, 0xE800, 0xE800, 0xE800, 0xE000, 0xE000, 0xE000, 0xE000, 0xD800, 0xD800, 0xD800, 0xD000,
    0xD000, 0xD000, 0xC800, 0xC000, 0xC000, 0xC000, 0xC000, 0xC000, 0xB800, 0xB020, 0xA800, 0xA800, 0xA000, 0x9800, 0x9800, 0x9800,
    0x9041, 0x4000, 0x5AAA, 0x9492, 0x8430, 0x8C51, 0x8C51, 0x8C51, 0x8C51, 0x8C51, 0x8C51, 0x8C71, 0x8C71, 0x9492, 0x9492, 0x8C71,
    0x8C71, 0x9492, 0x9492, 0x9492, 0x94B2, 0x9492, 0x94B2, 0x94B2, 0x94B2, 0x94B2, 0x94B2, 0x9492, 0x94B2, 0x9CD3, 0x9CF3, 0x9CF3,
    0x9CF3, 0x9CF3, 0x9CD3, 0xA514, 0xA514, 0x9CF3, 0x9CF3, 0xA514, 0xA514, 0xA514, 0xA514, 0xA514, 0xA514, 0xA514, 0xA514, 0xA514,
    0xA534, 0xA534, 0xA534, 0xA534, 0xA534, 0xA534, 0xA534, 0xA514, 0xA534, 0xA534, 0xAD55, 0xAD55, 0xAD75, 0xB5B6, 0xF7BE, 0x73AE,
    0xAD75, 0xFFFF, 0xFFFF, 0xFFFF, 0xFFFF, 0xFFFF, 0xFFFF, 0xFFFF, 0xFFFF, 0xFFFF, 0xFFFF, 0xFFFF, 0xFFFF, 0xFFFF, 0xFFFF, 0xFFFF,
    0xFFFF, 0xFFFF, 0xFFFF, 0xFFFF, 0xFFFF, 0xFFFF, 0xFFFF, 0xFFFF, 0xFFFF, 0xFFFF, 0xFFFF, 0xFFFF, 0xFFFF, 0xFFFF, 0xFFFF, 0xFFFF,
    0xFFFF, 0xFFFF, 0xFFFF, 0xFFFF, 0xFFFF, 0xFFFF, 0xFFFF, 0xFFFF, 0xFFFF, 0xFFFF, 0xFFFF, 0xFFFF, 0xFFFF, 0xFFFF, 0xFFFF, 0xFFFF,
    0xFFFF, 0xFFFF, 0xFFFF, 0xFFFF, 0xFFFF, 0xFFFF, 0xFFFF, 0xFFFF, 0xFFFF, 0xFFFF, 0xFFFF, 0xFFFF, 0xFFFF, 0xFFFF, 0xFFFF, 0xFFFF,
    0xFFFF, 0xFFFF, 0xFFFF, 0xFFFF, 0xFFFF, 0xFFFF, 0xFFFF, 0xFFFF, 0xFFFF, 0xFFFF, 0xFFFF, 0xFFFF, 0xFFFF, 0xFFFF, 0xFFFF, 0xFFFF,
    0xFFFF, 0xFFFF, 0xFFFF, 0xFFFF, 0xFFFF, 0xFFFF, 0xFFFF, 0xFFFF, 0xFFFF, 0xFFFF, 0xFFFF, 0xFFFF, 0xFFFF, 0x7BEF, 0x528A, 0xBDF7,
    0xEF7D, 0xA534, 0xAD75, 0xAD75, 0xAD75, 0xB596, 0xAD75, 0xAD75, 0xAD75, 0xAD55, 0xB596, 0xB596, 0xB5B6, 0xAD75, 0xAD55, 0xAD75,
    0xAD75, 0xAD75, 0xAD75, 0xAD75, 0xAD75, 0xAD75, 0xAD75, 0xAD55, 0xAD55, 0xAD55, 0xB596, 0xAD75, 0xAD55, 0xB596, 0xAD55, 0xAD55,
    0xA534, 0xA514, 0xA534, 0xA534, 0xA534, 0xAD55, 0xA534, 0xA534, 0xA534, 0xAD55, 0xA534, 0xA534, 0xA534, 0xA514, 0xA514, 0xA534,
    0xA534, 0xA534, 0xA514, 0xAD76, 0x6B6E, 0x2800, 0x9041, 0x9020, 0x9800, 0xA000, 0xB000, 0xC020, 0xC000, 0xC800, 0xC800, 0xC800,
    0xC800, 0xC800, 0xC800, 0xC800, 0xD000, 0xD000, 0xD800, 0xD800, 0xE000, 0xE000, 0xE000, 0xE000, 0xE800, 0xE800, 0xE800, 0xE800,
    0xF000, 0xF000, 0xF000, 0xF000, 0xF000, 0xF020, 0xF020, 0xF041, 0xF061, 0xF082, 0xF082, 0xF0A2, 0xF8C3, 0xF8C3, 0xF8E3, 0xF904,
    0xF924, 0xF924, 0xF945, 0xF965, 0xF965, 0xF985, 0xF986, 0xF986, 0xF9A6, 0xF9A6, 0xF9C6, 0xF9A6, 0xF9C6, 0xF9C6, 0xF9A6, 0xF9A6,
    0xF9A6, 0xF986, 0xF986, 0xF965, 0xF965, 0xF945, 0xF924, 0xF924, 0xF904, 0xF8E4, 0xF0E3, 0xF0C2, 0xF0A2, 0xF082, 0xF082, 0xF061,
    0xF061, 0xF041, 0xF020, 0xE800, 0xE800, 0xE800, 0xE800, 0xE800, 0xE800, 0xE000, 0xE000, 0xE000, 0xD800, 0xD800, 0xD800, 0xD800,
    0xD000, 0xD000, 0xC800, 0xC800, 0xC000, 0xC000, 0xC000, 0xC000, 0xB800, 0xB020, 0xB020, 0xA820, 0xA000, 0x9800, 0x9800, 0x9800,
    0x9820, 0x6820, 0x28E3, 0x8431, 0x8C51, 0x8C51, 0x8C31, 0x8451, 0x8C51, 0x8C51, 0x8C71, 0x8C51, 0x8430, 0x8C51, 0x9492, 0x9492,
    0x8C71, 0x9492, 0x9492, 0x9492, 0x9492, 0x8C71, 0x9492, 0x9492, 0x9492, 0x9492, 0x8C71, 0x9492, 0x94B2, 0x9CD3, 0x9CD3, 0x9CD3,
    0x9CF3, 0x9CD3, 0x9CD3, 0x9CF3, 0xA514, 0x9CD3, 0x9CD3, 0x9CD3, 0x9CF3, 0x9CF3, 0x9CF3, 0xA514, 0x9CF3, 0x9CF3, 0x9CF3, 0xA514,
    0xA514, 0xA514, 0xA534, 0xA514, 0xA514, 0x9CF3, 0xA534, 0xA534, 0xA534, 0xA534, 0xA534, 0xA534, 0xA534, 0xAD55, 0xEF7D, 0x9CD3,
    0x7BCF, 0xFFFF, 0xFFFF, 0xFFFF, 0xFFFF, 0xFFFF, 0xFFFF, 0xFFFF, 0xFFFF, 0xFFFF, 0xFFFF, 0xFFFF, 0xFFFF, 0xFFFF, 0xFFFF, 0xFFFF,
    0xFFFF, 0xFFFF, 0xFFFF, 0xFFFF, 0xFFFF, 0xFFFF, 0xFFFF, 0xFFFF, 0xFFFF, 0xFFFF, 0xFFFF, 0xFFFF, 0xFFFF, 0xFFFF, 0xFFFF, 0xFFFF,
    0xFFFF, 0xFFFF, 0xFFFF, 0xFFFF, 0xFFFF, 0xFFFF, 0xFFFF, 0xFFFF, 0xFFFF, 0xFFFF, 0xFFFF, 0xFFFF, 0xFFFF, 0xFFFF, 0xFFFF, 0xFFFF,
    0xFFFF, 0xFFFF, 0xFFFF, 0xFFFF, 0xFFFF, 0xFFFF, 0xFFFF, 0xFFFF, 0xFFFF, 0xFFFF, 0xFFFF, 0xFFFF, 0xFFFF, 0xFFFF, 0xFFFF, 0xFFFF,
    0xFFFF, 0xFFFF, 0xFFFF, 0xFFFF, 0xFFFF, 0xFFFF, 0xFFFF, 0xFFFF, 0xFFFF, 0xFFFF, 0xFFFF, 0xFFFF, 0xFFFF, 0xFFFF, 0xFFFF, 0xFFFF,
    0xFFFF, 0xFFFF, 0xFFFF, 0xFFFF, 0xFFFF, 0xFFFF, 0xFFFF, 0xFFFF, 0xFFFF, 0xFFFF, 0xFFFF, 0xFFFF, 0xFFFF, 0x5ACB, 0x632C, 0xDEDB,
    0xDEDB, 0x9CF3, 0xA534, 0xAD75, 0xB596, 0xAD75, 0xAD75, 0xAD75, 0xAD75, 0xAD75, 0xB596, 0xAD75, 0xAD75, 0xAD55, 0xAD75, 0xAD75,
    0xAD75, 0xB596, 0xB596, 0xB596, 0xAD75, 0xAD75, 0xAD55, 0xAD55, 0xAD55, 0xAD55, 0xAD75, 0xB596, 0xAD75, 0xA534, 0xA534, 0xA534,
    0xA514, 0xA514, 0xA534, 0xA534, 0xA534, 0xA534, 0xAD55, 0xAD55, 0xA534, 0xA534, 0xA514, 0xA514, 0x9CF3, 0xA514, 0xA534, 0xA514,
    0xA534, 0xA534, 0xA534, 0xAD55, 0x3986, 0x5800, 0xA020, 0x9800, 0x9800, 0xA800, 0xB820, 0xC000, 0xC000, 0xC800, 0xC800, 0xC800,
    0xC800, 0xC800, 0xC800, 0xC800, 0xD000, 0xD000, 0xD800, 0xD800, 0xE000, 0xE000, 0xE000, 0xE800, 0xE800, 0xE800, 0xE800, 0xF000,
    0xF000, 0xF000, 0xF000, 0xF000, 0xF020, 0xF020, 0xF041, 0xF061, 0xF061, 0xF082, 0xF0A2, 0xF0A2, 0xF8C3, 0xF8E3, 0xF8E4, 0xF904,
    0xF924, 0xF944, 0xF945, 0xF965, 0xF986, 0xF986, 0xF9A6, 0xF9A6, 0xF9C6, 0xF9C6, 0xF9C6, 0xF9C7, 0xF9C7, 0xF9C6, 0xF9C6, 0xF9C6,
    0xF9A6, 0xF9A6, 0xF986, 0xF986, 0xF966, 0xF965, 0xF945, 0xF924, 0xF904, 0xF904, 0xF0E3, 0xF0C3, 0xF0A2, 0xF0A2, 0xF082, 0xF882,
    0xF061, 0xF041, 0xF020, 0xE820, 0xE800, 0xE800, 0xE800, 0xE800, 0xE800, 0xE800, 0xE000, 0xE000, 0xE000, 0xE000, 0xD800, 0xD800,
    0xD000, 0xD000, 0xD000, 0xC800, 0xC800, 0xC000, 0xC000, 0xB800, 0xB800, 0xB000, 0xB020, 0xA820, 0xA820, 0xA000, 0xA000, 0x9820,
    0x9800, 0x8041, 0x3000, 0x6B2C, 0x8C91, 0x8C51, 0x8C51, 0x8430, 0x8431, 0x8C51, 0x8C51, 0x8C51, 0x8C51, 0x8430, 0x8C51, 0x8C51,
    0x8C51, 0x8C71, 0x8C71, 0x8C51, 0x8C71, 0x8C71, 0x8C71, 0x8C71, 0x9492, 0x9492, 0x8C51, 0x8C71, 0x9492, 0x94B2, 0x94B2, 0x94B2,
    0x94B2, 0x94B2, 0x9CD3, 0x94B2, 0x9CD3, 0x94B2, 0x94B2, 0x94B2, 0x94B2, 0x9CF3, 0x9CF3, 0xA514, 0x9CF3, 0x9CF3, 0xA514, 0xA514,
    0xA514, 0xA514, 0x9CF3, 0xA514, 0x9CF3, 0x9CF3, 0xA534, 0xA514, 0xA514, 0xA534, 0xA534, 0xA534, 0xA534, 0xA514, 0xDEFB, 0xCE59,
    0x528A, 0xEF5D, 0xFFFF, 0xFFFF, 0xFFFF, 0xFFFF, 0xFFFF, 0xFFFF, 0xFFFF, 0xFFFF, 0xFFFF, 0xFFFF, 0xFFFF, 0xFFFF, 0xFFFF, 0xFFFF,
    0xFFFF, 0xFFFF, 0xFFFF, 0xFFFF, 0xFFFF, 0xFFFF, 0xFFFF, 0xFFFF, 0xFFFF, 0xFFFF, 0xFFFF, 0xFFFF, 0xFFFF, 0xFFFF, 0xFFFF, 0xFFFF,
    0xFFFF, 0xFFFF, 0xFFFF, 0xFFFF, 0xFFFF, 0xFFFF, 0xFFFF, 0xFFFF, 0xFFFF, 0xFFFF, 0xFFFF, 0xFFFF, 0xFFFF, 0xFFFF, 0xFFFF, 0xFFFF,
    0xFFFF, 0xFFFF, 0xFFFF, 0xFFFF, 0xFFFF, 0xFFFF, 0xFFFF, 0xFFFF, 0xFFFF, 0xFFFF, 0xFFFF, 0xFFFF, 0xFFFF, 0xFFFF, 0xFFFF, 0xFFFF,
    0xFFFF, 0xFFFF, 0xFFFF, 0xFFFF, 0xFFFF, 0xFFFF, 0xFFFF, 0xFFFF, 0xFFFF, 0xFFFF, 0xFFFF, 0xFFFF, 0xFFFF, 0xFFFF, 0xFFFF, 0xFFFF,
    0xFFFF, 0xFFFF, 0xFFFF, 0xFFFF, 0xFFFF, 0xFFFF, 0xFFFF, 0xFFFF, 0xFFFF, 0xFFFF, 0xFFFF, 0xFFFF, 0xE71C, 0x4208, 0x8410, 0xEF7D,
    0xCE59, 0xA534, 0xAD55, 0xAD75, 0xB596, 0xB596, 0xB596, 0xB596, 0xAD75, 0xAD75, 0xAD55, 0xAD55, 0xAD75, 0xAD75, 0xB596, 0xB596,
    0xAD75, 0xAD75, 0xAD75, 0xB596, 0xAD75, 0xAD55, 0xAD35, 0xAD55, 0xAD55, 0xAD55, 0xAD55, 0xAD35, 0xAD55, 0xAD55, 0xAD55, 0xAD55,
    0xAD55, 0xA534, 0xA514, 0xA514, 0xA534, 0xAD55, 0xA534, 0xA514, 0xA534, 0xA514, 0xA514, 0xA514, 0xA514, 0xA514, 0x9CF3, 0x9CF3,
    0xA534, 0xA514, 0xAD54, 0x8450, 0x2841, 0x8021, 0x9800, 0x9800, 0xA000, 0xA800, 0xB800, 0xC000, 0xC000, 0xC000, 0xC800, 0xC800,
    0xC800, 0xC800, 0xC800, 0xD000, 0xD000, 0xD800, 0xD800, 0xE000, 0xE000, 0xE000, 0xE800, 0xE800, 0xE800, 0xE800, 0xE800, 0xF000,
    0xF000, 0xF000, 0xF000, 0xF020, 0xF020, 0xF020, 0xF041, 0xF061, 0xF082, 0xF0A2, 0xF0A2, 0xF0C3, 0xF8C3, 0xF8E3, 0xF904, 0xF924,
    0xF944, 0xF945, 0xF965, 0xF985, 0xF9A6, 0xF9A6, 0xF9A6, 0xF9C7, 0xF9C7, 0xF9C7, 0xF9E7, 0xF9E7, 0xF9E7, 0xF9E7, 0xF9C7, 0xF9C7,
    0xF9C7, 0xF9A6, 0xF9A6, 0xF986, 0xF966, 0xF965, 0xF965, 0xF945, 0xF924, 0xF904, 0xF0E3, 0xF0E3, 0xF0C2, 0xF0A2, 0xF082, 0xF882,
    0xF881, 0xF041, 0xF041, 0xF020, 0xE820, 0xE800, 0xE800, 0xE800, 0xE800, 0xE800, 0xE800, 0xE000, 0xE000, 0xE000, 0xD800, 0xD800,
    0xD000, 0xD000, 0xD000, 0xC800, 0xC800, 0xC000, 0xC000, 0xB800, 0xB800, 0xB000, 0xB000, 0xA800, 0xA800, 0xA000, 0xA000, 0x9800,
    0x9800, 0x9021, 0x5000, 0x41A6, 0x8471, 0x8C31, 0x8C51, 0x8430, 0x8431, 0x8C51, 0x8C51, 0x8C71, 0x8C51, 0x8C51, 0x8C51, 0x8C51,
    0x8C71, 0x8C71, 0x8C51, 0x8C71, 0x8C71, 0x8C51, 0x8C51, 0x9492, 0x9492, 0x8C71, 0x8C71, 0x8C71, 0x8C71, 0x94B2, 0x94B2, 0x9492,
    0x9492, 0x9492, 0x94B2, 0x94B2, 0x94B2, 0x9CD3, 0x9CD3, 0x9CD3, 0x94B2, 0x9CD3, 0x94B2, 0x9CD3, 0x9CF3, 0x9CF3, 0x9CF3, 0xA514,
    0xA514, 0xA514, 0xA514, 0xA514, 0x9CF3, 0xA514, 0xA534, 0xA514, 0xA534, 0xA534, 0xA534, 0xAD55, 0xA534, 0x9CF3, 0xBDD7, 0xEF5D,
    0x5ACB, 0xB596, 0xFFFF, 0xFFFF, 0xFFFF, 0xFFFF, 0xFFFF, 0xFFFF, 0xFFFF, 0xFFFF, 0xFFFF, 0xFFFF, 0xFFFF, 0xFFFF, 0xFFFF, 0xFFFF,
    0xFFFF, 0xFFFF, 0xFFFF, 0xFFFF, 0xFFFF, 0xFFFF, 0xFFFF, 0xFFFF, 0xFFFF, 0xFFFF, 0xFFFF, 0xFFFF, 0xFFFF, 0xFFFF, 0xFFFF, 0xFFFF,
    0xFFFF, 0xFFFF, 0xFFFF, 0xFFFF, 0xFFFF, 0xFFFF, 0xFFFF, 0xFFFF, 0xFFFF, 0xFFFF, 0xFFFF, 0xFFFF, 0xFFFF, 0xFFFF, 0xFFFF, 0xFFFF,
    0xFFFF, 0xFFFF, 0xFFFF, 0xFFFF, 0xFFFF, 0xFFFF, 0xFFFF, 0xFFFF, 0xFFFF, 0xFFFF, 0xFFFF, 0xFFFF, 0xFFFF, 0xFFFF, 0xFFFF, 0xFFFF,
    0xFFFF, 0xFFFF, 0xFFFF, 0xFFFF, 0xFFFF, 0xFFFF, 0xFFFF, 0xFFFF, 0xFFFF, 0xFFFF, 0xFFFF, 0xFFFF, 0xFFFF, 0xFFFF, 0xFFFF, 0xFFFF,
    0xFFFF, 0xFFFF, 0xFFFF, 0xFFFF, 0xFFFF, 0xFFFF, 0xFFFF, 0xFFFF, 0xFFFF, 0xFFFF, 0xFFFF, 0xFFFF, 0xBDD7, 0x39E7, 0x9CF3, 0xF79E,
    0xB5B6, 0xAD55, 0xAD55, 0xAD75, 0xB596, 0xB596, 0xAD75, 0xAD75, 0xAD55, 0xAD75, 0xAD75, 0xAD55, 0xAD75, 0xB596, 0xB596, 0xB596,
    0xAD75, 0xB596, 0xAD55, 0xAD75, 0xAD75, 0xAD55, 0xAD55, 0xAD55, 0xAD55, 0xAD75, 0xB596, 0xAD55, 0xA534, 0xAD55, 0xA534, 0xA534,
    0xA534, 0xA534, 0xA514, 0x9CF3, 0x9CF3, 0xA534, 0x9CF3, 0xA514, 0xA514, 0xA534, 0xA534, 0xA534, 0xAD55, 0xA534, 0x9CF3, 0xA514,
    0xA514, 0x9CF3, 0xAD54, 0x4ACA, 0x3000, 0x9841, 0x9800, 0xA000, 0xA000, 0xA800, 0xB800, 0xC000, 0xC000, 0xC000, 0xC000, 0xC000,
    0xC000, 0xC800, 0xC800, 0xD000, 0xD000, 0xD800, 0xD800, 0xE000, 0xE000, 0xE000, 0xE800, 0xE800, 0xE800, 0xF000, 0xF000, 0xF000,
    0xF000, 0xF000, 0xF000, 0xF000, 0xF020, 0xF020, 0xF041, 0xF061, 0xF082, 0xF0A2, 0xF0A2, 0xF8C3, 0xF8E3, 0xF903, 0xF924, 0xF924,
    0xF945, 0xF965, 0xF986, 0xF986, 0xF9A6, 0xF9C7, 0xF9C7, 0xF9E7, 0xF9E7, 0xF9E7, 0xF9E7, 0xFA07, 0xFA07, 0xF9E7, 0xF9E7, 0xF9E7,
    0xF9E7, 0xF9C7, 0xF9C7, 0xF9A6, 0xF986, 0xF986, 0xF965, 0xF945, 0xF924, 0xF924, 0xF103, 0xF8E3, 0xF0C3, 0xF0A2, 0xF0A2, 0xF082,
    0xF061, 0xF041, 0xF041, 0xF021, 0xF020, 0xF000, 0xE800, 0xE800, 0xE800, 0xE800, 0xE800, 0xE000, 0xE000, 0xE000, 0xD800, 0xD800,
    0xD800, 0xD000, 0xD000, 0xD000, 0xC800, 0xC800, 0xC000, 0xC000, 0xB800, 0xB800, 0xB000, 0xA800, 0xA800, 0xA000, 0x9800, 0x9800,
    0x9800, 0x9800, 0x7821, 0x2861, 0x73CF, 0x8C51, 0x8410, 0x8431, 0x8C51, 0x8C51, 0x8C51, 0x8C51, 0x8C51, 0x8C51, 0x8430, 0x8C51,
    0x8C71, 0x8C51, 0x8C51, 0x8C51, 0x8C71, 0x8C71, 0x8C71, 0x8C71, 0x9492, 0x8C71, 0x8C71, 0x8C71, 0x9492, 0x9492, 0x8C71, 0x9492,
    0x94B2, 0x9492, 0x94B2, 0x94B2, 0x94B2, 0x94B2, 0x9CF3, 0x9CD3, 0x9CD3, 0x94B2, 0x94B2, 0x94B2, 0x9CD3, 0x9CF3, 0x9CF3, 0x9CF3,
    0x9CF3, 0xA514, 0x9CF3, 0xA514, 0x9CF3, 0x9CF3, 0xA514, 0xA514, 0x9CF3, 0x9CF3, 0xA514, 0xA534, 0xA514, 0xA534, 0xA534, 0xEF5D,
    0x8410, 0x73AE, 0xFFFF, 0xFFFF, 0xFFFF, 0xFFFF, 0xFFFF, 0xFFFF, 0xFFFF, 0xFFFF, 0xFFFF, 0xFFFF, 0xFFFF, 0xFFFF, 0xFFFF, 0xFFFF,
    0xFFFF, 0xFFFF, 0xFFFF, 0xFFFF, 0xFFFF, 0xFFFF, 0xFFFF, 0xFFFF, 0xFFFF, 0xFFFF, 0xFFFF, 0xFFFF, 0xFFFF, 0xFFFF, 0xFFFF, 0xFFFF,
    0xFFFF, 0xFFFF, 0xFFFF, 0xFFFF, 0xFFFF, 0xFFFF, 0xFFFF, 0xFFFF, 0xFFFF, 0xFFFF, 0xFFFF, 0xFFFF, 0xFFFF, 0xFFFF, 0xFFFF, 0xFFFF,
    0xFFFF, 0xFFFF, 0xFFFF, 0xFFFF, 0xFFFF, 0xFFFF, 0xFFFF, 0xFFFF, 0xFFFF, 0xFFFF, 0xFFFF, 0xFFFF, 0xFFFF, 0xFFFF, 0xFFFF, 0xFFFF,
    0xFFFF, 0xFFFF, 0xFFFF, 0xFFFF, 0xFFFF, 0xFFFF, 0xFFFF, 0xFFFF, 0xFFFF, 0xFFFF, 0xFFFF, 0xFFFF, 0xFFFF, 0xFFFF, 0xFFFF, 0xFFFF,
    0xFFFF, 0xFFFF, 0xFFFF, 0xFFFF, 0xFFFF, 0xFFFF, 0xFFFF, 0xFFFF, 0xFFFF, 0xFFFF, 0xFFFF, 0xFFFF, 0x8C71, 0x4228, 0xBDD7, 0xF79E,
    0xAD55, 0xAD75, 0xAD55, 0xAD75, 0xAD55, 0xAD75, 0xAD75, 0xAD75, 0xAD75, 0xAD75, 0xAD75, 0xAD55, 0xAD75, 0xB596, 0xB596, 0xB596,
    0xAD75, 0xAD75, 0xAD75, 0xAD75, 0xAD55, 0xAD55, 0xAD55, 0xAD55, 0xAD55, 0xAD55, 0xAD75, 0xAD55, 0xAD35, 0xAD55, 0xA514, 0xA514,
    0xA514, 0xA514, 0xA514, 0xA514, 0xA514, 0xA514, 0xA514, 0xA514, 0xA534, 0xA514, 0xA514, 0xAD55, 0xA534, 0xA534, 0xAD55, 0xA514,
    0xA514, 0x9CF3, 0xA534, 0x3165, 0x5800, 0xA021, 0x9020, 0x9800, 0xA000, 0xB000, 0xB000, 0xB800, 0xC000, 0xC000, 0xC000, 0xC000,
    0xC000, 0xC800, 0xC800, 0xD000, 0xD000, 0xD800, 0xD800, 0xE000, 0xE000, 0xE800, 0xE800, 0xE800, 0xE800, 0xF000, 0xF000, 0xF000,
    0xF000, 0xF000, 0xF000, 0xF020, 0xF020, 0xF041, 0xF041, 0xF061, 0xF082, 0xF0A2, 0xF8C3, 0xF8C3, 0xF8E3, 0xF904, 0xF924, 0xF944,
    0xF965, 0xF965, 0xF986, 0xF9A6, 0xF9C7, 0xF9C7, 0xF9E7, 0xF9E7, 0xFA07, 0xFA08, 0xFA08, 0xFA08, 0xFA08, 0xFA08, 0xFA08, 0xFA07,
    0xF9E7, 0xF9E7, 0xF9C7, 0xF9C6, 0xF9A6, 0xF986, 0xF986, 0xF965, 0xF924, 0xF924, 0xF104, 0xF903, 0xF0C3, 0xF0C3, 0xF0A2, 0xF082,
    0xF082, 0xF061, 0xF041, 0xF021, 0xF020, 0xF000, 0xE800, 0xE800, 0xE800, 0xE800, 0xE800, 0xE000, 0xE000, 0xE000, 0xE000, 0xD800,
    0xD800, 0xD000, 0xD000, 0xD000, 0xC800, 0xC800, 0xC000, 0xC000, 0xC000, 0xB800, 0xB000, 0xA800, 0xA000, 0x9820, 0x9800, 0x9800,
    0x9800, 0x9800, 0x9021, 0x3800, 0x528A, 0x9492, 0x8430, 0x8430, 0x8430, 0x8430, 0x8430, 0x8C51, 0x8430, 0x8430, 0x8430, 0x8C51,
    0x8C71, 0x8430, 0x8430, 0x8C51, 0x8C51, 0x8C51, 0x8430, 0x8C71, 0x9492, 0x9492, 0x8C71, 0x9492, 0x8C71, 0x9492, 0x8C71, 0x9492,
    0x9492, 0x9492, 0x9492, 0x94B2, 0x94B2, 0x94B2, 0x94B2, 0x94B2, 0x9492, 0x94B2, 0x9CF3, 0x9CD3, 0x9CF3, 0x9CF3, 0x9CF3, 0x9CF3,
    0x9CF3, 0x9CF3, 0x9CF3, 0xA514, 0x9CF3, 0xA514, 0xA534, 0xA534, 0x9CF3, 0xA514, 0xA534, 0xA534, 0xA514, 0xAD55, 0xA514, 0xDEFB,
    0xAD75, 0x4A49, 0xF79E, 0xFFFF, 0xFFFF, 0xFFFF, 0xFFFF, 0xFFFF, 0xFFFF, 0xFFFF, 0xFFFF, 0xFFFF, 0xFFFF, 0xFFFF, 0xFFFF, 0xFFFF,
    0xFFFF, 0xFFFF, 0xFFFF, 0xFFFF, 0xFFFF, 0xFFFF, 0xFFFF, 0xFFFF, 0xFFFF, 0xFFFF, 0xFFFF, 0xFFFF, 0xFFFF, 0xFFFF, 0xFFFF, 0xFFFF,
    0xFFFF, 0xFFFF, 0xFFFF, 0xFFFF, 0xFFFF, 0xFFFF, 0xFFFF, 0xFFFF, 0xFFFF, 0xFFFF, 0xFFFF, 0xFFFF, 0xFFFF, 0xFFFF, 0xFFFF, 0xFFFF,
    0xFFFF, 0xFFFF, 0xFFFF, 0xFFFF, 0xFFFF, 0xFFFF, 0xFFFF, 0xFFFF, 0xFFFF, 0xFFFF, 0xFFFF, 0xFFFF, 0xFFFF, 0xFFFF, 0xFFFF, 0xFFFF,
    0xFFFF, 0xFFFF, 0xFFFF, 0xFFFF, 0xFFFF, 0xFFFF, 0xFFFF, 0xFFFF, 0xFFFF, 0xFFFF, 0xFFFF, 0xFFFF, 0xFFFF, 0xFFFF, 0xFFFF, 0xFFFF,
    0xFFFF, 0xFFFF, 0xFFFF, 0xFFFF, 0xFFFF, 0xFFFF, 0xFFFF, 0xFFFF, 0xFFFF, 0xFFFF, 0xFFFF, 0xFFFF, 0x632C, 0x5AEB, 0xCE79, 0xE71C,
    0xA534, 0xAD75, 0xAD55, 0xAD55, 0xAD75, 0xAD75, 0xAD75, 0xAD75, 0xB596, 0xAD75, 0xAD75, 0xAD75, 0xAD55, 0xB596, 0xAD75, 0xAD75,
    0xB596, 0xAD75, 0xB5B6, 0xAD75, 0xAD55, 0xB596, 0xAD75, 0xA534, 0xAD55, 0xA534, 0xAD35, 0xAD55, 0xAD75, 0xAD55, 0xAD55, 0xA534,
    0xA514, 0xA514, 0xA514, 0xA534, 0xA514, 0xA514, 0xA514, 0xA534, 0x9CF3, 0xA514, 0xA514, 0xA514, 0xA514, 0xA514, 0xA534, 0xA514,
    0xA514, 0xA534, 0x9471, 0x2061, 0x7820, 0xA000, 0x9020, 0x9800, 0xA800, 0xB000, 0xB800, 0xB820, 0xC000, 0xC000, 0xC000, 0xC000,
    0xC800, 0xC800, 0xC800, 0xD000, 0xD800, 0xD800, 0xE000, 0xE000, 0xE800, 0xE800, 0xE800, 0xE800, 0xE800, 0xF000, 0xF000, 0xF000,
    0xF000, 0xF000, 0xF020, 0xF020, 0xF020, 0xF041, 0xF061, 0xF062, 0xF082, 0xF0A2, 0xF8C3, 0xF8E3, 0xF903, 0xF904, 0xF924, 0xF945,
    0xF965, 0xF986, 0xF9A6, 0xF9A6, 0xF9C7, 0xF9E7, 0xF9E7, 0xF9E8, 0xFA08, 0xFA08, 0xFA28, 0xFA28, 0xFA28, 0xFA28, 0xFA28, 0xFA28,
    0xFA07, 0xF9E7, 0xF9E7, 0xF9C7, 0xF9A6, 0xF9A6, 0xF986, 0xF965, 0xF145, 0xF944, 0xF124, 0xF103, 0xF0E3, 0xF0C3, 0xF0A2, 0xF0A2,
    0xF082, 0xF061, 0xF041, 0xF021, 0xF020, 0xF000, 0xF000, 0xE800, 0xE800, 0xE800, 0xE800, 0xE000, 0xE000, 0xE000, 0xE000, 0xE000,
    0xD800, 0xD800, 0xD000, 0xD000, 0xC800, 0xC800, 0xC800, 0xC000, 0xC000, 0xB800, 0xA800, 0xA000, 0x9800, 0x9000, 0x9000, 0x9800,
    0x9800, 0x9800, 0x9820, 0x6001, 0x3924, 0x8C51, 0x8430, 0x8430, 0x8430, 0x8C51, 0x8C71, 0x8C51, 0x8C51, 0x8430, 0x8430, 0x8C51,
    0x8C51, 0x8430, 0x8C51, 0x8C51, 0x8C51, 0x8C51, 0x8430, 0x8C71, 0x94B2, 0x94B2, 0x9492, 0x9492, 0x8C71, 0x8C71, 0x8C71, 0x8C71,
    0x9492, 0x9492, 0x9492, 0x9492, 0x94B2, 0x94B2, 0x9492, 0x94B2, 0x94B2, 0x94B2, 0x9CD3, 0x94B2, 0x9CD3, 0x9CD3, 0x9CF3, 0x9CF3,
    0x9CD3, 0x9CD3, 0xA514, 0xA514, 0x9CF3, 0xA514, 0xA534, 0xA534, 0xA514, 0xA534, 0xA534, 0xA534, 0xA514, 0xA534, 0x9CD3, 0xBDF7,
    0xD69A, 0x39E7, 0xC618, 0xFFFF, 0xFFFF, 0xFFFF, 0xFFFF, 0xFFFF, 0xFFFF, 0xFFFF, 0xFFFF, 0xFFFF, 0xFFFF, 0xFFFF, 0xFFFF, 0xFFFF,
    0xFFFF, 0xFFFF, 0xFFFF, 0xFFFF, 0xFFFF, 0xFFFF, 0xFFFF, 0xFFFF, 0xFFFF, 0xFFFF, 0xFFFF, 0xFFFF, 0xFFFF, 0xFFFF, 0xFFFF, 0xFFFF,
    0xFFFF, 0xFFFF, 0xFFFF, 0xFFFF, 0xFFFF, 0xFFFF, 0xFFFF, 0xFFFF, 0xFFFF, 0xFFFF, 0xFFFF, 0xFFFF, 0xFFFF, 0xFFFF, 0xFFFF, 0xFFFF,
    0xFFFF, 0xFFFF, 0xFFFF, 0xFFFF, 0xFFFF, 0xFFFF, 0xFFFF, 0xFFFF, 0xFFFF, 0xFFFF, 0xFFFF, 0xFFFF, 0xFFFF, 0xFFFF, 0xFFFF, 0xFFFF,
    0xFFFF, 0xFFFF, 0xFFFF, 0xFFFF, 0xFFFF, 0xFFFF, 0xFFFF, 0xFFFF, 0xFFFF, 0xFFFF, 0xFFFF, 0xFFFF, 0xFFFF, 0xFFFF, 0xFFFF, 0xFFFF,
    0xFFFF, 0xFFFF, 0xFFFF, 0xFFFF, 0xFFFF, 0xFFFF, 0xFFFF, 0xFFFF, 0xFFFF, 0xFFFF, 0xFFFF, 0xEF7D, 0x4228, 0x73AE, 0xE71C, 0xD69A,
    0xA534, 0xAD55, 0xAD55, 0xA534, 0xAD55, 0xAD55, 0xAD55, 0xAD75, 0xAD75, 0xAD75, 0xB596, 0xB596, 0xAD75, 0xB596, 0xB596, 0xB596,
    0xAD75, 0xAD75, 0xAD75, 0xAD75, 0xAD75, 0xB596, 0xAD75, 0xAD75, 0xAD75, 0xAD55, 0xAD55, 0xA534, 0xAD55, 0xAD55, 0xA534, 0xA514,
    0xA534, 0xA534, 0xA534, 0xA534, 0xA514, 0xA534, 0xA534, 0xA514, 0xA514, 0xA514, 0xA534, 0xA534, 0xA534, 0xA514, 0xAD55, 0xAD55,
    0xA514, 0xA555, 0x73AE, 0x2800, 0x8841, 0x9800, 0x9800, 0xA000, 0xA820, 0xB000, 0xB000, 0xB820, 0xB820, 0xC000, 0xC000, 0xC000,
    0xC800, 0xC800, 0xD000, 0xD000, 0xD800, 0xD800, 0xE000, 0xE000, 0xE800, 0xE800, 0xE800, 0xE800, 0xE800, 0xF000, 0xF000, 0xF000,
    0xF000, 0xF000, 0xF020, 0xF020, 0xF021, 0xF041, 0xF061, 0xF062, 0xF082, 0xF0C2, 0xF0E3, 0xF903, 0xF903, 0xF924, 0xF924, 0xF965,
    0xF986, 0xF9A6, 0xF9A6, 0xF9C7, 0xF9E7, 0xF9E7, 0xFA08, 0xFA08, 0xFA28, 0xFA28, 0xFA28, 0xFA28, 0xFA49, 0xFA28, 0xFA28, 0xFA28,
    0xFA28, 0xFA08, 0xF9E7, 0xF9E7, 0xF9C7, 0xF9C7, 0xF9A6, 0xF986, 0xF965, 0xF144, 0xF144, 0xF124, 0xF0E3, 0xF0E3, 0xF0C3, 0xF0A2,
    0xF082, 0xF061, 0xF041, 0xF021, 0xF020, 0xF020, 0xF000, 0xE800, 0xE800, 0xE800, 0xE800, 0xE800, 0xE000, 0xE000, 0xE000, 0xE000,
    0xD800, 0xD800, 0xD000, 0xD000, 0xD000, 0xC800, 0xC800, 0xC800, 0xC000, 0xB800, 0xB000, 0xA000, 0x9820, 0x9800, 0x9000, 0x9800,
    0x9800, 0x9000, 0x9800, 0x7821, 0x2041, 0x7BAF, 0x8C51, 0x8430, 0x8430, 0x8C51, 0x8430, 0x8430, 0x8430, 0x8430, 0x8430, 0x8430,
    0x8430, 0x8430, 0x8C51, 0x8C51, 0x8C51, 0x8430, 0x8C51, 0x9492, 0x9492, 0x94B2, 0x9492, 0x8C71, 0x8C71, 0x8C71, 0x8C71, 0x8C71,
    0x9492, 0x8C71, 0x9492, 0x94B2, 0x9492, 0x9492, 0x94B2, 0x94B2, 0x94B2, 0x94B2, 0x9492, 0x94B2, 0x9492, 0x9CD3, 0x9CD3, 0x9CF3,
    0x9CF3, 0x9CF3, 0x9CF3, 0xA514, 0xA514, 0xA514, 0xA534, 0xA534, 0xA534, 0xA514, 0xA514, 0xA534, 0xA514, 0xA534, 0x9CD3, 0xA514,
    0xE71C, 0x5ACB, 0x8410, 0xFFFF, 0xFFFF, 0xFFFF, 0xFFFF, 0xFFFF, 0xFFFF, 0xFFFF, 0xFFFF, 0xFFFF, 0xFFFF, 0xFFFF, 0xFFFF, 0xFFFF,
    0xFFFF, 0xFFFF, 0xFFFF, 0xFFFF, 0xFFFF, 0xFFFF, 0xFFFF, 0xFFFF, 0xFFFF, 0xFFFF, 0xFFFF, 0xFFFF, 0xFFFF, 0xFFFF, 0xFFFF, 0xFFFF,
    0xFFFF, 0xFFFF, 0xFFFF, 0xFFFF, 0xFFFF, 0xFFFF, 0xFFFF, 0xFFFF, 0xFFFF, 0xFFFF, 0xFFFF, 0xFFFF, 0xFFFF, 0xFFFF, 0xFFFF, 0xFFFF,
    0xFFFF, 0xFFFF, 0xFFFF, 0xFFFF, 0xFFFF, 0xFFFF, 0xFFFF, 0xFFFF, 0xFFFF, 0xFFFF, 0xFFFF, 0xFFFF, 0xFFFF, 0xFFFF, 0xFFFF, 0xFFFF,
    0xFFFF, 0xFFFF, 0xFFFF, 0xFFFF, 0xFFFF, 0xFFFF, 0xFFFF, 0xFFFF, 0xFFFF, 0xFFFF, 0xFFFF, 0xFFFF, 0xFFFF, 0xFFFF, 0xFFFF, 0xFFFF,
    0xFFFF, 0xFFFF, 0xFFFF, 0xFFFF, 0xFFFF, 0xFFFF, 0xFFFF, 0xFFFF, 0xFFFF, 0xFFFF, 0xFFFF, 0xCE59, 0x39C7, 0x8C71, 0xF79E, 0xBDD7,
    0xA534, 0xAD75, 0xAD75, 0xB596, 0xAD75, 0xAD55, 0xAD75, 0xAD75, 0xAD75, 0xAD75, 0xB596, 0xB596, 0xB5B6, 0xB596, 0xB596, 0xB596,
    0xB596, 0xAD75, 0xAD55, 0xAD75, 0xAD75, 0xAD75, 0xAD75, 0xAD75, 0xAD75, 0xAD55, 0xAD35, 0xAD55, 0xA514, 0xAD55, 0xAD55, 0xAD55,
    0xAD55, 0xAD55, 0xA534, 0xA514, 0xA514, 0xA514, 0xA534, 0xA534, 0xA534, 0x9CF3, 0x9CF3, 0xA514, 0xA514, 0xA534, 0xA534, 0xA534,
    0xA514, 0xAD95, 0x528A, 0x2000, 0x8821, 0x9820, 0x9800, 0xA000, 0xA820, 0xB000, 0xB000, 0xB820, 0xB800, 0xB800, 0xC000, 0xC800,
    0xC800, 0xC800, 0xD000, 0xD000, 0xD800, 0xD800, 0xE000, 0xE000, 0xE000, 0xE800, 0xE800, 0xE800, 0xE800, 0xE800, 0xF000, 0xF000,
    0xF000, 0xF000, 0xF020, 0xF020, 0xF041, 0xF061, 0xF061, 0xF082, 0xF0A2, 0xF0C3, 0xF8E3, 0xF903, 0xF904, 0xF924, 0xF945, 0xF965,
    0xF986, 0xF9A6, 0xF9C6, 0xF9C7, 0xF9E7, 0xFA08, 0xFA08, 0xFA08, 0xFA28, 0xFA28, 0xFA49, 0xFA49, 0xFA49, 0xFA49, 0xFA48, 0xFA48,
    0xFA28, 0xFA28, 0xFA08, 0xF9E7, 0xF9E7, 0xF9C7, 0xF9A6, 0xF186, 0xF165, 0xF165, 0xF144, 0xF124, 0xF103, 0xF8E3, 0xF0C3, 0xF0A2,
    0xF082, 0xF061, 0xF061, 0xF041, 0xF020, 0xF020, 0xF000, 0xF000, 0xE800, 0xE800, 0xE800, 0xE800, 0xE000, 0xE000, 0xE000, 0xE000,
    0xD800, 0xD800, 0xD800, 0xD000, 0xD000, 0xC800, 0xC800, 0xC800, 0xC000, 0xB800, 0xB000, 0xA800, 0xA000, 0xA000, 0x9800, 0x9800,
    0x9800, 0x9000, 0x9800, 0x9040, 0x2020, 0x5ACB, 0x8C51, 0x840F, 0x8C51, 0x8450, 0x8C51, 0x8430, 0x8410, 0x8C51, 0x8C51, 0x8430,
    0x8430, 0x8C51, 0x8C51, 0x8C51, 0x8C51, 0x8C51, 0x8430, 0x8C51, 0x8C71, 0x8C71, 0x8C71, 0x8C71, 0x8C51, 0x8C71, 0x8C71, 0x8C51,
    0x8C71, 0x8C71, 0x8C71, 0x9492, 0x9492, 0x9492, 0x94B2, 0x94B2, 0x9492, 0x9492, 0x94B2, 0x94B2, 0x94B2, 0x94B2, 0x9CF3, 0x9CD3,
    0x9CD3, 0x9CD3, 0x94B2, 0x9CD3, 0x9CF3, 0xA514, 0x9CF3, 0xA514, 0xAD55, 0xA514, 0xA514, 0xA514, 0xA534, 0xA534, 0xA514, 0x9CD3,
    0xD6BA, 0x8C71, 0x4A69, 0xFFDF, 0xFFFF, 0xFFFF, 0xFFFF, 0xFFFF, 0xFFFF, 0xFFFF, 0xFFFF, 0xFFFF, 0xFFFF, 0xFFFF, 0xFFFF, 0xFFFF,
    0xFFFF, 0xFFFF, 0xFFFF, 0xFFFF, 0xFFFF, 0xFFFF, 0xFFFF, 0xFFFF, 0xFFFF, 0xFFFF, 0xFFFF, 0xFFFF, 0xFFFF, 0xFFFF, 0xFFFF, 0xFFFF,
    0xFFFF, 0xFFFF, 0xFFFF, 0xFFFF, 0xFFFF, 0xFFFF, 0xFFFF, 0xFFFF, 0xFFFF, 0xFFFF, 0xFFFF, 0xFFFF, 0xFFFF, 0xFFFF, 0xFFFF, 0xFFFF,
    0xFFFF, 0xFFFF, 0xFFFF, 0xFFFF, 0xFFFF, 0xFFFF, 0xFFFF, 0xFFFF, 0xFFFF, 0xFFFF, 0xFFFF, 0xFFFF, 0xFFFF, 0xFFFF, 0xFFFF, 0xFFFF,
    0xFFFF, 0xFFFF, 0xFFFF, 0xFFFF, 0xFFFF, 0xFFFF, 0xFFFF, 0xFFFF, 0xFFFF, 0xFFFF, 0xFFFF, 0xFFFF, 0xFFFF, 0xFFFF, 0xFFFF, 0xFFFF,
    0xFFFF, 0xFFFF, 0xFFFF, 0xFFFF, 0xFFFF, 0xFFFF, 0xFFFF, 0xFFFF, 0xFFFF, 0xFFFF, 0xFFFF, 0x9CD3, 0x4208, 0xAD75, 0xF79E, 0xAD55,
    0xA534, 0xA534, 0xAD75, 0xB5B6, 0xAD75, 0xAD55, 0xAD75, 0xAD55, 0xAD75, 0xAD75, 0xAD55, 0xAD75, 0xB596, 0xB5B6, 0xB596, 0xAD75,
    0xB596, 0xAD55, 0xAD55, 0xAD75, 0xAD55, 0xAD55, 0xA534, 0xA534, 0xAD55, 0xAD75, 0xAD55, 0xAD55, 0xAD55, 0xA534, 0xAD55, 0xAD75,
    0xAD75, 0xAD55, 0xAD55, 0xA534, 0xA514, 0x9CF3, 0xA534, 0xA514, 0x9CF3, 0x9CF3, 0x9CF3, 0xA514, 0xA514, 0xA514, 0x9CF3, 0x9CF3,
    0xA514, 0xAD55, 0x31A6, 0x2800, 0x8821, 0x9020, 0x9800, 0xA000, 0xA800, 0xB000, 0xB000, 0xB820, 0xB800, 0xB800, 0xC000, 0xC000,
    0xC800, 0xC800, 0xD000, 0xD000, 0xD800, 0xD800, 0xE000, 0xE000, 0xE000, 0xE000, 0xE800, 0xE800, 0xE800, 0xE800, 0xE800, 0xF000,
    0xF000, 0xF000, 0xF020, 0xF020, 0xF041, 0xF061, 0xF062, 0xF882, 0xF8A2, 0xF0C3, 0xF903, 0xF904, 0xF924, 0xF925, 0xF945, 0xF966,
    0xF986, 0xF9A6, 0xF9C7, 0xF9E7, 0xFA08, 0xFA28, 0xFA28, 0xFA28, 0xFA49, 0xFA49, 0xFA49, 0xFA69, 0xFA69, 0xFA69, 0xFA49, 0xFA49,
    0xFA49, 0xFA28, 0xFA08, 0xFA08, 0xF9E7, 0xF9C7, 0xF9C7, 0xF9A6, 0xF986, 0xF965, 0xF144, 0xF924, 0xF103, 0xF0E3, 0xF0C3, 0xF0C2,
    0xF0A2, 0xF081, 0xF061, 0xF041, 0xF040, 0xF020, 0xF020, 0xE800, 0xE800, 0xE800, 0xE800, 0xE800, 0xE000, 0xE000, 0xE000, 0xE000,
    0xE000, 0xD800, 0xD800, 0xD000, 0xD000, 0xC800, 0xC800, 0xC800, 0xC000, 0xB800, 0xB800, 0xA800, 0xA000, 0xA000, 0xA000, 0x9800,
    0x9800, 0x9800, 0x9000, 0x9020, 0x4000, 0x4A08, 0x8451, 0x7BEF, 0x7BEF, 0x8450, 0x8C51, 0x8C51, 0x8430, 0x8430, 0x8430, 0x8430,
    0x8410, 0x8430, 0x8430, 0x8C71, 0x8C51, 0x8C51, 0x8C51, 0x8C51, 0x8C51, 0x8C51, 0x8C71, 0x8430, 0x8C51, 0x8C51, 0x8C51, 0x8C51,
    0x8C71, 0x8C71, 0x8C71, 0x8C71, 0x8C51, 0x8C51, 0x8C71, 0x8C71, 0x9492, 0x9492, 0x94B2, 0x94B2, 0x9492, 0x94B2, 0x9CD3, 0x94B2,
    0x9CD3, 0x9CF3, 0x9CD3, 0x9CF3, 0x9CF3, 0x9CF3, 0x9CF3, 0x9CF3, 0xA514, 0xA534, 0x9CF3, 0x9CF3, 0xA514, 0xA514, 0xA534, 0x9CD3,
    0xBDF7, 0xBDD7, 0x3186, 0xD6BA, 0xFFFF, 0xFFFF, 0xFFFF, 0xFFFF, 0xFFFF, 0xFFFF, 0xFFFF, 0xFFFF, 0xFFFF, 0xFFFF, 0xFFFF, 0xFFFF,
    0xFFFF, 0xFFFF, 0xFFFF, 0xFFFF, 0xFFFF, 0xFFFF, 0xFFFF, 0xFFFF, 0xFFFF, 0xFFFF, 0xFFFF, 0xFFFF, 0xFFFF, 0xFFFF, 0xFFFF, 0xFFFF,
    0xFFFF, 0xFFFF, 0xFFFF, 0xFFFF, 0xFFFF, 0xFFFF, 0xFFFF, 0xFFFF, 0xFFFF, 0xFFFF, 0xFFFF, 0xFFFF, 0xFFFF, 0xFFFF, 0xFFFF, 0xFFFF,
    0xFFFF, 0xFFFF, 0xFFFF, 0xFFFF, 0xFFFF, 0xFFFF, 0xFFFF, 0xFFFF, 0xFFFF, 0xFFFF, 0xFFFF, 0xFFFF, 0xFFFF, 0xFFFF, 0xFFFF, 0xFFFF,
    0xFFFF, 0xFFFF, 0xFFFF, 0xFFFF, 0xFFFF, 0xFFFF, 0xFFFF, 0xFFFF, 0xFFFF, 0xFFFF, 0xFFFF, 0xFFFF, 0xFFFF, 0xFFFF, 0xFFFF, 0xFFFF,
    0xFFFF, 0xFFFF, 0xFFFF, 0xFFFF, 0xFFFF, 0xFFFF, 0xFFFF, 0xFFFF, 0xFFFF, 0xFFFF, 0xFFFF, 0x738E, 0x52AA, 0xC638, 0xE73C, 0xA514,
    0xAD35, 0xA534, 0xAD55, 0xAD55, 0xAD55, 0xAD75, 0xAD75, 0xAD75, 0xAD75, 0xB596, 0xAD75, 0xAD75, 0xAD75, 0xAD75, 0xB596, 0xAD75,
    0xAD75, 0xAD75, 0xAD75, 0xAD75, 0xAD55, 0xAD55, 0xA534, 0xA534, 0xAD55, 0xAD75, 0xAD55, 0xAD55, 0xA534, 0xA534, 0xA534, 0xAD55,
    0xA534, 0xA534, 0xAD55, 0xAD35, 0xA514, 0xA534, 0xA534, 0xA514, 0xA514, 0x9CF3, 0xA534, 0xAD55, 0xA514, 0xA4F3, 0x9CF3, 0xA514,
    0xA514, 0xA514, 0x2945, 0x2800, 0x8821, 0x9000, 0x9800, 0xA000, 0xA800, 0xB000, 0xB000, 0xB800, 0xB800, 0xB800, 0xC000, 0xC000,
    0xC800, 0xC800, 0xD000, 0xD000, 0xD800, 0xD800, 0xE000, 0xE000, 0xE000, 0xE000, 0xE000, 0xE800, 0xE800, 0xE800, 0xE800, 0xE800,
    0xF000, 0xF000, 0xF020, 0xF020, 0xF041, 0xF061, 0xF062, 0xF082, 0xF0A3, 0xF0C3, 0xF903, 0xF904, 0xF924, 0xF945, 0xF965, 0xF986,
    0xF9A6, 0xF9C7, 0xF9E7, 0xF9E7, 0xFA08, 0xFA28, 0xFA28, 0xFA49, 0xFA69, 0xFA69, 0xFA69, 0xFA6A, 0xFA8A, 0xFA89, 0xFA69, 0xFA69,
    0xFA49, 0xFA49, 0xFA28, 0xFA08, 0xF9E8, 0xF9E7, 0xF9C7, 0xF9A6, 0xF986, 0xF965, 0xF145, 0xF945, 0xF104, 0xF8E3, 0xF8C3, 0xF0C2,
    0xF0A2, 0xF082, 0xF061, 0xF041, 0xF040, 0xF020, 0xF020, 0xE800, 0xE800, 0xE800, 0xE800, 0xE800, 0xE000, 0xE000, 0xE000, 0xE000,
    0xE000, 0xD800, 0xD800, 0xD000, 0xD000, 0xC800, 0xC800, 0xC800, 0xC000, 0xC000, 0xB800, 0xB000, 0xA800, 0xA000, 0x9800, 0x9800,
    0x9800, 0x9800, 0x9000, 0x9020, 0x4800, 0x4186, 0x8C30, 0x7BEF, 0x8410, 0x8410, 0x8410, 0x8430, 0x8430, 0x8C51, 0x8430, 0x8430,
    0x8410, 0x8430, 0x8430, 0x8C51, 0x8430, 0x8430, 0x8410, 0x8430, 0x8430, 0x8C51, 0x8C51, 0x8430, 0x8430, 0x8C51, 0x8C71, 0x8C51,
    0x8C51, 0x8C71, 0x8C71, 0x8C71, 0x8C51, 0x8C51, 0x8C51, 0x8C71, 0x8C71, 0x8C71, 0x9492, 0x9CD3, 0x94B2, 0x9492, 0x94B2, 0x94B2,
    0x9CD3, 0x9CD3, 0x9CD3, 0x9CF3, 0x9CF3, 0xA514, 0xA514, 0x9CF3, 0x9CF3, 0xA514, 0x9CF3, 0x9CD3, 0xA514, 0x9CF3, 0x9CF3, 0x9CD3,
    0xA534, 0xD69A, 0x4208, 0x9CF3, 0xFFFF, 0xFFDF, 0xFFFF, 0xFFFF, 0xFFFF, 0xFFFF, 0xFFFF, 0xFFFF, 0xFFFF, 0xFFFF, 0xFFFF, 0xFFFF,
    0xFFFF, 0xFFFF, 0xFFFF, 0xFFFF, 0xFFFF, 0xFFFF, 0xFFFF, 0xFFFF, 0xFFFF, 0xFFFF, 0xFFFF, 0xFFFF, 0xFFFF, 0xFFFF, 0xFFFF, 0xFFFF,
    0xFFFF, 0xFFFF, 0xFFFF, 0xFFFF, 0xFFFF, 0xFFFF, 0xFFFF, 0xFFFF, 0xFFFF, 0xFFFF, 0xFFFF, 0xFFFF, 0xFFFF, 0xFFFF, 0xFFFF, 0xFFFF,
    0xFFFF, 0xFFFF, 0xFFFF, 0xFFFF, 0xFFFF, 0xFFFF, 0xFFFF, 0xFFFF, 0xFFFF, 0xFFFF, 0xFFFF, 0xFFFF, 0xFFFF, 0xFFFF, 0xFFFF, 0xFFFF,
    0xFFFF, 0xFFFF, 0xFFFF, 0xFFFF, 0xFFFF, 0xFFFF, 0xFFFF, 0xFFFF, 0xFFFF, 0xFFFF, 0xFFFF, 0xFFFF, 0xFFFF, 0xFFFF, 0xFFFF, 0xFFFF,
    0xFFFF, 0xFFFF, 0xFFFF, 0xFFFF, 0xFFFF, 0xFFFF, 0xFFFF, 0xFFFF, 0xFFFF, 0xFFFF, 0xF7BE, 0x4A69, 0x738E, 0xE71C, 0xD69A, 0x9CF3,
    0xA534, 0xAD55, 0xA534, 0xAD55, 0xAD55, 0xAD55, 0xAD75, 0xAD75, 0xAD75, 0xAD55, 0xAD75, 0xAD55, 0xAD55, 0xAD75, 0xAD55, 0xAD55,
    0xB596, 0xAD55, 0xAD75, 0xAD55, 0xAD75, 0xAD75, 0xAD55, 0xAD55, 0xAD75, 0xAD35, 0xA534, 0xA534, 0xA514, 0xA514, 0xA534, 0xA534,
    0xA534, 0xAD75, 0xAD55, 0xA514, 0xA534, 0xAD35, 0xAD35, 0xA534, 0xA514, 0x9CF3, 0xA514, 0xA514, 0xA514, 0xA514, 0xA514, 0xA4F3,
    0x9D13, 0x9CB2, 0x18C3, 0x3000, 0x8821, 0x9000, 0x9800, 0xA000, 0xA800, 0xA800, 0xB000, 0xB000, 0xB800, 0xB800, 0xC000, 0xC000,
    0xC800, 0xD000, 0xD000, 0xD000, 0xD800, 0xD800, 0xD800, 0xE000, 0xE000, 0xE000, 0xE000, 0xE800, 0xE800, 0xE800, 0xE800, 0xE800,
    0xF000, 0xF000, 0xF020, 0xF020, 0xF041, 0xF061, 0xF062, 0xF0A2, 0xF0C3, 0xF0E3, 0xF904, 0xF904, 0xF924, 0xF945, 0xF965, 0xF9A6,
    0xF9C6, 0xF1E7, 0xF9E7, 0xFA08, 0xFA28, 0xFA49, 0xFA49, 0xFA69, 0xFA89, 0xFA89, 0xFA8A, 0xFA8A, 0xFA8A, 0xFA8A, 0xFA8A, 0xFA89,
    0xFA69, 0xFA69, 0xFA49, 0xFA28, 0xFA08, 0xFA07, 0xF9E7, 0xF9C7, 0xF9A6, 0xF986, 0xF965, 0xF945, 0xF924, 0xF903, 0xF8E3, 0xF0C2,
    0xF0A2, 0xF082, 0xF061, 0xF041, 0xF040, 0xF020, 0xF020, 0xE800, 0xE800, 0xE800, 0xE800, 0xE800, 0xE000, 0xE000, 0xE000, 0xE000,
    0xE000, 0xD800, 0xD800, 0xD000, 0xD000, 0xC800, 0xC800, 0xC800, 0xC000, 0xC000, 0xB800, 0xB000, 0xA800, 0xA800, 0xA000, 0x9800,
    0x9000, 0x9800, 0x9000, 0x9020, 0x5000, 0x3965, 0x8C10, 0x7BEF, 0x8410, 0x8430, 0x8430, 0x8410, 0x8410, 0x8430, 0x8430, 0x8C51,
    0x8430, 0x8430, 0x8430, 0x8C51, 0x8C51, 0x8430, 0x8410, 0x8430, 0x8C51, 0x8430, 0x8430, 0x8430, 0x8430, 0x8C51, 0x8430, 0x8C51,
    0x8C51, 0x8C71, 0x8C51, 0x8C51, 0x8C71, 0x8C71, 0x8C51, 0x8C71, 0x8C71, 0x9492, 0x9492, 0x94B2, 0x94B2, 0x9CD3, 0x94B2, 0x9492,
    0x9492, 0x94B2, 0x9CD3, 0x9CF3, 0xA514, 0x9CF3, 0x9CF3, 0x9CD3, 0x9CF3, 0x9CF3, 0xA514, 0x9CF3, 0x9CF3, 0x9CF3, 0x9CF3, 0x9CF3,
    0x9CD3, 0xCE79, 0x6B6D, 0x5AEB, 0xFFFF, 0xFFFF, 0xFFFF, 0xFFFF, 0xFFFF, 0xFFFF, 0xFFFF, 0xFFFF, 0xFFFF, 0xFFFF, 0xFFFF, 0xFFFF,
    0xFFFF, 0xFFFF, 0xFFFF, 0xFFFF, 0xFFFF, 0xFFFF, 0xFFFF, 0xFFFF, 0xFFFF, 0xFFFF, 0xFFFF, 0xFFFF, 0xFFFF, 0xFFFF, 0xFFFF, 0xFFFF,
    0xFFFF, 0xFFFF, 0xFFFF, 0xFFFF, 0xFFFF, 0xFFFF, 0xFFFF, 0xFFFF, 0xFFFF, 0xFFFF, 0xFFFF, 0xFFFF, 0xFFFF, 0xFFFF, 0xFFFF, 0xFFFF,
    0xFFFF, 0xFFFF, 0xFFFF, 0xFFFF, 0xFFFF, 0xFFFF, 0xFFFF, 0xFFFF, 0xFFFF, 0xFFFF, 0xFFFF, 0xFFFF, 0xFFFF, 0xFFFF, 0xFFFF, 0xFFFF,
    0xFFFF, 0xFFFF, 0xFFFF, 0xFFFF, 0xFFFF, 0xFFFF, 0xFFFF, 0xFFFF, 0xFFFF, 0xFFFF, 0xFFFF, 0xFFFF, 0xFFFF, 0xFFFF, 0xFFFF, 0xFFFF,
    0xFFFF, 0xFFFF, 0xFFFF, 0xFFFF, 0xFFFF, 0xFFFF, 0xFFFF, 0xFFFF, 0xFFFF, 0xFFFF, 0xDEBB, 0x39E7, 0x8C51, 0xEF7D, 0xC618, 0xAD75,
    0xAD75, 0xA534, 0xAD75, 0xAD55, 0xA534, 0xAD55, 0xAD75, 0xAD55, 0xAD55, 0xAD55, 0xAD75, 0xAD75, 0xAD55, 0xAD55, 0xAD75, 0xAD55,
    0xAD55, 0xA534, 0xA534, 0xAD75, 0xAD75, 0xB596, 0xAD55, 0xAD75, 0xAD75, 0xAD55, 0xA534, 0xA514, 0xA534, 0xA514, 0xA534, 0xA534,
    0xA534, 0xAD55, 0xAD55, 0xA534, 0xA534, 0xAD55, 0xA534, 0xA534, 0xA514, 0x9CF3, 0xA514, 0xA514, 0xA514, 0xA514, 0xA513, 0x9CD3,
    0xA533, 0x94B2, 0x1082, 0x3000, 0x8821, 0x9000, 0x9800, 0xA000, 0xA800, 0xA800, 0xB000, 0xB020, 0xB800, 0xB800, 0xB800, 0xC000,
    0xC800, 0xD000, 0xD000, 0xD000, 0xD000, 0xD800, 0xD800, 0xE000, 0xE000, 0xE000, 0xE000, 0xE800, 0xE800, 0xE800, 0xE800, 0xE800,
    0xF000, 0xF000, 0xF020, 0xF021, 0xF041, 0xF061, 0xF082, 0xF0A2, 0xF0C3, 0xF0E3, 0xF904, 0xF924, 0xF945, 0xF965, 0xF986, 0xF9A6,
    0xF1C7, 0xF9E7, 0xF9E7, 0xFA08, 0xFA28, 0xFA49, 0xFA69, 0xFA69, 0xFA8A, 0xFA8A, 0xFAAA, 0xFAAA, 0xFAAA, 0xFAAA, 0xFA8A, 0xFA8A,
    0xFA89, 0xFA69, 0xFA49, 0xFA28, 0xFA28, 0xFA08, 0xF1E7, 0xF1C7, 0xF9A6, 0xF986, 0xF965, 0xF945, 0xF924, 0xF103, 0xF0E3, 0xF0C2,
    0xF0A2, 0xF082, 0xF061, 0xF041, 0xF041, 0xF020, 0xE820, 0xE800, 0xE800, 0xE800, 0xE800, 0xE800, 0xE000, 0xE000, 0xE000, 0xE000,
    0xE000, 0xD800, 0xD800, 0xD000, 0xD000, 0xC800, 0xC800, 0xC800, 0xC000, 0xC000, 0xB800, 0xB000, 0xA800, 0xA820, 0x9820, 0x9000,
    0x9000, 0x9800, 0x9000, 0x9820, 0x5000, 0x3966, 0x8410, 0x840F, 0x8410, 0x8410, 0x8410, 0x8410, 0x8410, 0x8410, 0x8430, 0x8430,
    0x8410, 0x8430, 0x8430, 0x8430, 0x8430, 0x8430, 0x8430, 0x8430, 0x8430, 0x8C51, 0x8C51, 0x8430, 0x8430, 0x8C51, 0x8430, 0x8C51,
    0x8430, 0x8C51, 0x8C71, 0x8C51, 0x8C51, 0x8C51, 0x8C71, 0x8C71, 0x8C71, 0x9492, 0x8C51, 0x8C71, 0x9492, 0x9492, 0x9492, 0x8C71,
    0x94B2, 0x94B2, 0x9CD3, 0x9CD3, 0x9CD3, 0x9CD3, 0x9CF3, 0x9CF3, 0x9CF3, 0x9CF3, 0x9CF3, 0x9CF3, 0x9CF3, 0x9CF3, 0x9CD3, 0xA514,
    0x94B2, 0xB5B6, 0x9CF3, 0x31A6, 0xEF7D, 0xFFFF, 0xFFFF, 0xFFFF, 0xFFFF, 0xFFFF, 0xFFFF, 0xFFFF, 0xFFFF, 0xFFFF, 0xFFFF, 0xFFFF,
    0xFFFF, 0xFFFF, 0xFFFF, 0xFFFF, 0xFFFF, 0xFFFF, 0xFFFF, 0xFFFF, 0xFFFF, 0xFFFF, 0xFFFF, 0xFFFF, 0xFFFF, 0xFFFF, 0xFFFF, 0xFFFF,
    0xFFFF, 0xFFFF, 0xFFFF, 0xFFFF, 0xFFFF, 0xFFFF, 0xFFFF, 0xFFFF, 0xFFFF, 0xFFFF, 0xFFFF, 0xFFFF, 0xFFFF, 0xFFFF, 0xFFFF, 0xFFFF,
    0xFFFF, 0xFFFF, 0xFFFF, 0xFFFF, 0xFFFF, 0xFFFF, 0xFFFF, 0xFFFF, 0xFFFF, 0xFFFF, 0xFFFF, 0xFFFF, 0xFFFF, 0xFFFF, 0xFFFF, 0xFFFF,
    0xFFFF, 0xFFFF, 0xFFFF, 0xFFFF, 0xFFFF, 0xFFFF, 0xFFFF, 0xFFFF, 0xFFFF, 0xFFFF, 0xFFFF, 0xFFFF, 0xFFFF, 0xFFFF, 0xFFFF, 0xFFFF,
    0xFFFF, 0xFFFF, 0xFFFF, 0xFFFF, 0xFFFF, 0xFFFF, 0xFFFF, 0xFFFF, 0xFFFF, 0xFFFF, 0xAD55, 0x4208, 0xAD55, 0xF79E, 0xB596, 0xAD75,
    0xAD75, 0xA534, 0xAD55, 0xAD55, 0xAD55, 0xAD55, 0xAD55, 0xA534, 0xAD35, 0xAD55, 0xAD55, 0xAD55, 0xAD55, 0xAD75, 0xAD75, 0xAD75,
    0xAD55, 0xAD55, 0xAD55, 0xAD55, 0xAD55, 0xAD55, 0xAD55, 0xAD75, 0xAD75, 0xAD55, 0xA534, 0xA514, 0xAD55, 0xA514, 0xAD55, 0xA534,
    0xAD55, 0xAD55, 0xA534, 0xA534, 0xAD55, 0xA534, 0xA534, 0xA534, 0xA514, 0xA514, 0xA514, 0xA514, 0x9CD3, 0x9CF3, 0x9CD3, 0x9CB2,
    0xA514, 0x8C51, 0x0821, 0x3800, 0x8821, 0x9000, 0x9800, 0xA000, 0xA820, 0xA800, 0xB000, 0xB000, 0xB000, 0xB800, 0xC000, 0xC000,
    0xC800, 0xC800, 0xD000, 0xD000, 0xD000, 0xD800, 0xD800, 0xD800, 0xE000, 0xE000, 0xE000, 0xE800, 0xE800, 0xE800, 0xE800, 0xE800,
    0xF000, 0xF020, 0xF020, 0xF041, 0xF061, 0xF061, 0xF082, 0xF0A2, 0xF0C3, 0xF0E3, 0xF904, 0xF924, 0xF945, 0xF165, 0xF986, 0xF9A6,
    0xF1C7, 0xF9E7, 0xFA08, 0xFA28, 0xFA49, 0xFA69, 0xFA69, 0xFA89, 0xFA8A, 0xFAAA, 0xFAAA, 0xFAAA, 0xFAAA, 0xFAAA, 0xFAAA, 0xFAAA,
    0xFA8A, 0xFA89, 0xFA69, 0xFA48, 0xFA28, 0xFA08, 0xF9E7, 0xF9C7, 0xF9A6, 0xF986, 0xF965, 0xF945, 0xF924, 0xF103, 0xF0E3, 0xF0C3,
    0xF0C2, 0xF082, 0xF061, 0xF061, 0xF041, 0xF020, 0xE820, 0xE800, 0xE800, 0xE800, 0xE800, 0xE800, 0xE000, 0xE000, 0xE000, 0xE000,
    0xE000, 0xD800, 0xD800, 0xD000, 0xD000, 0xC800, 0xC800, 0xC000, 0xC020, 0xB800, 0xB800, 0xB000, 0xA800, 0xA000, 0x9820, 0x9000,
    0x9000, 0x9800, 0x9000, 0x9820, 0x5000, 0x3125, 0x8410, 0x7BEF, 0x8410, 0x8410, 0x7BEF, 0x8410, 0x8410, 0x8410, 0x8410, 0x8410,
    0x8410, 0x8410, 0x8430, 0x8C51, 0x8430, 0x8430, 0x8C51, 0x8430, 0x8430, 0x8C51, 0x8C51, 0x8C51, 0x8C51, 0x8430, 0x8430, 0x8C51,
    0x8C51, 0x8C71, 0x8C71, 0x8C71, 0x8C51, 0x8430, 0x8C51, 0x8C71, 0x8C71, 0x8C71, 0x8C71, 0x8C71, 0x8C71, 0x94B2, 0x9492, 0x8C71,
    0x94B2, 0x9CD3, 0x9CD3, 0x9CD3, 0x9CD3, 0x94B2, 0x9CD3, 0x9CD3, 0x94B2, 0x94B2, 0x94B2, 0x9CD3, 0x9CD3, 0x9CD3, 0x9CD3, 0x9CF3,
    0x9CD3, 0xAD75, 0xBDF7, 0x3186, 0xBDD7, 0xFFFF, 0xFFFF, 0xFFFF, 0xFFFF, 0xFFFF, 0xFFFF, 0xFFFF, 0xFFFF, 0xFFFF, 0xFFFF, 0xFFFF,
    0xFFFF, 0xFFFF, 0xFFFF, 0xFFFF, 0xFFFF, 0xFFFF, 0xFFFF, 0xFFFF, 0xFFFF, 0xFFFF, 0xFFFF, 0xFFFF, 0xFFFF, 0xFFFF, 0xFFFF, 0xFFFF,
    0xFFFF, 0xFFFF, 0xFFFF, 0xFFFF, 0xFFFF, 0xFFFF, 0xFFFF, 0xFFFF, 0xFFFF, 0xFFFF, 0xFFFF, 0xFFFF, 0xFFFF, 0xFFFF, 0xFFFF, 0xFFFF,
    0xFFFF, 0xFFFF, 0xFFFF, 0xFFFF, 0xFFFF, 0xFFFF, 0xFFFF, 0xFFFF, 0xFFFF, 0xFFFF, 0xFFFF, 0xFFFF, 0xFFFF, 0xFFFF, 0xFFFF, 0xFFFF,
    0xFFFF, 0xFFFF, 0xFFFF, 0xFFFF, 0xFFFF, 0xFFFF, 0xFFFF, 0xFFFF, 0xFFFF, 0xFFFF, 0xFFFF, 0xFFFF, 0xFFFF, 0xFFFF, 0xFFFF, 0xFFFF,
    0xFFFF, 0xFFFF, 0xFFFF, 0xFFFF, 0xFFFF, 0xFFFF, 0xFFFF, 0xFFFF, 0xFFFF, 0xFFFF, 0x7BCF, 0x4A69, 0xBDF7, 0xEF5D, 0xA534, 0xAD55,
    0xAD55, 0xAD55, 0xAD55, 0xA534, 0xAD75, 0xB596, 0xAD75, 0xAD75, 0xAD75, 0xAD55, 0xA534, 0xA534, 0xAD55, 0xA534, 0xAD55, 0xAD55,
    0xA534, 0xAD55, 0xAD35, 0xA534, 0xA534, 0xA534, 0xA534, 0xAD55, 0xAD55, 0xA534, 0xA514, 0xA534, 0xA534, 0xA534, 0xA534, 0xA534,
    0xA534, 0xAD55, 0xA534, 0xA514, 0xA514, 0xA514, 0xA514, 0xA514, 0xA514, 0xA514, 0xA514, 0x9CF3, 0x9CF3, 0xA514, 0xA514, 0x9CD3,
    0x9CF3, 0x7BCF, 0x0000, 0x3800, 0x8821, 0x9000, 0x9800, 0x9800, 0xA020, 0xA820, 0xA800, 0xB000, 0xB000, 0xB800, 0xB800, 0xC000,
    0xC000, 0xC800, 0xC800, 0xD000, 0xD000, 0xD800, 0xD800, 0xD800, 0xE000, 0xE000, 0xE000, 0xE000, 0xE800, 0xE800, 0xE800, 0xE800,
    0xE800, 0xF020, 0xF021, 0xF041, 0xF061, 0xF062, 0xF882, 0xF0A2, 0xF0C3, 0xF0E3, 0xF904, 0xF925, 0xF945, 0xF965, 0xF986, 0xF9C7,
    0xF9C7, 0xFA07, 0xFA08, 0xFA28, 0xFA49, 0xFA69, 0xFA89, 0xFA8A, 0xFAAA, 0xFAAA, 0xFACA, 0xFACA, 0xFACA, 0xFACA, 0xFAAA, 0xFAAA,
    0xFA8A, 0xFA89, 0xFA69, 0xFA49, 0xFA28, 0xFA28, 0xFA08, 0xF9C7, 0xF9A6, 0xF986, 0xF965, 0xF965, 0xF944, 0xF104, 0xF903, 0xF0E3,
    0xF0C2, 0xF082, 0xF062, 0xF061, 0xF041, 0xE821, 0xE820, 0xE800, 0xE800, 0xE800, 0xE800, 0xE800, 0xE000, 0xE000, 0xE000, 0xE000,
    0xE000, 0xD800, 0xD000, 0xD000, 0xC800, 0xC800, 0xC800, 0xC000, 0xC000, 0xB800, 0xB800, 0xB000, 0xA800, 0xA000, 0x9820, 0x9000,
    0x9800, 0x9000, 0x9000, 0x9000, 0x5000, 0x28E4, 0x8410, 0x7BEF, 0x7BEF, 0x8410, 0x8410, 0x8410, 0x8410, 0x8410, 0x8410, 0x8410,
    0x8410, 0x8410, 0x8430, 0x8430, 0x8430, 0x8C51, 0x8C51, 0x8C51, 0x8430, 0x8C51, 0x8C51, 0x8430, 0x8430, 0x8430, 0x8C51, 0x8C51,
    0x8C71, 0x8C71, 0x8C71, 0x8C71, 0x8C51, 0x8C51, 0x8C71, 0x8C71, 0x8C71, 0x8C71, 0x8C71, 0x9492, 0x8C71, 0x94B2, 0x94B2, 0x9492,
    0x9492, 0x94B2, 0x9CD3, 0x9CF3, 0x9CD3, 0x9CD3, 0x94B2, 0x94B2, 0x94B2, 0x9492, 0x9CD3, 0x9CD3, 0x94B2, 0x9CD3, 0x9CF3, 0x9CF3,
    0x9CF3, 0x9CF3, 0xC638, 0x528A, 0x7BEF, 0xFFFF, 0xFFDF, 0xFFFF, 0xFFFF, 0xFFFF, 0xFFFF, 0xFFFF, 0xFFFF, 0xFFFF, 0xFFFF, 0xFFFF,
    0xFFFF, 0xFFFF, 0xFFFF, 0xFFFF, 0xFFFF, 0xFFFF, 0xFFFF, 0xFFFF, 0xFFFF, 0xFFFF, 0xFFFF, 0xFFFF, 0xFFFF, 0xFFFF, 0xFFFF, 0xFFFF,
    0xFFFF, 0xFFFF, 0xFFFF, 0xFFFF, 0xFFFF, 0xFFFF, 0xFFFF, 0xFFFF, 0xFFFF, 0xFFFF, 0xFFFF, 0xFFFF, 0xFFFF, 0xFFFF, 0xFFFF, 0xFFFF,
    0xFFFF, 0xFFFF, 0xFFFF, 0xFFFF, 0xFFFF, 0xFFFF, 0xFFFF, 0xFFFF, 0xFFFF, 0xFFFF, 0xFFFF, 0xFFFF, 0xFFFF, 0xFFFF, 0xFFFF, 0xFFFF,
    0xFFFF, 0xFFFF, 0xFFFF, 0xFFFF, 0xFFFF, 0xFFFF, 0xFFFF, 0xFFFF, 0xFFFF, 0xFFFF, 0xFFFF, 0xFFFF, 0xFFFF, 0xFFFF, 0xFFFF, 0xFFFF,
    0xFFFF, 0xFFFF, 0xFFFF, 0xFFFF, 0xFFFF, 0xFFFF, 0xFFFF, 0xFFFF, 0xFFFF, 0xFFFF, 0x52AA, 0x630C, 0xD6BA, 0xDEDB, 0xA534, 0xAD75,
    0xAD75, 0xAD75, 0xAD75, 0xAD55, 0xAD75, 0xAD75, 0xAD55, 0xAD55, 0xAD55, 0xAD75, 0xAD75, 0xAD55, 0xAD55, 0xA534, 0xAD55, 0xAD55,
    0xA514, 0xAD55, 0xA534, 0xA534, 0xA534, 0xA514, 0xA534, 0xA514, 0xA534, 0xA534, 0xA514, 0xA534, 0xA534, 0xA514, 0xA514, 0xA514,
    0xA534, 0xA534, 0xA534, 0x9CF3, 0x9CF3, 0x9CF3, 0xA514, 0x9CF3, 0x9CF3, 0xA514, 0xA514, 0xA514, 0xA534, 0xA514, 0x9CF3, 0x9CF3,
    0xA534, 0x7BCF, 0x0000, 0x3820, 0x8820, 0x9000, 0x9800, 0x9800, 0x9800, 0xA800, 0xA800, 0xB000, 0xB000, 0xB800, 0xB800, 0xC000,
    0xC000, 0xC800, 0xC800, 0xC800, 0xD000, 0xD800, 0xD800, 0xD800, 0xD800, 0xE000, 0xE000, 0xE000, 0xE800, 0xE800, 0xE800, 0xE800,
    0xE800, 0xF020, 0xF020, 0xF041, 0xF061, 0xF062, 0xF882, 0xF0A2, 0xF8C3, 0xF103, 0xF904, 0xF925, 0xF945, 0xF966, 0xF186, 0xF9C7,
    0xF9E7, 0xFA08, 0xFA28, 0xFA28, 0xFA69, 0xFA89, 0xFA8A, 0xFAAA, 0xFAAA, 0xFACB, 0xFACB, 0xFACA, 0xFACB, 0xFACB, 0xFACA, 0xFAAA,
    0xFAAA, 0xFA8A, 0xFA89, 0xFA49, 0xFA29, 0xFA28, 0xFA08, 0xF9E7, 0xF9C7, 0xF9A6, 0xF966, 0xF965, 0xF944, 0xF124, 0xF103, 0xF0E3,
    0xF0C3, 0xF0A2, 0xF062, 0xF061, 0xF041, 0xF041, 0xE820, 0xE800, 0xE800, 0xE800, 0xE800, 0xE800, 0xE000, 0xE000, 0xE000, 0xE000,
    0xE000, 0xD800, 0xD000, 0xD000, 0xC800, 0xC800, 0xC800, 0xC000, 0xC000, 0xB800, 0xB800, 0xB000, 0xA800, 0xA000, 0x9800, 0x9000,
    0x9800, 0x9000, 0x9000, 0x9020, 0x5000, 0x20C3, 0x8410, 0x840F, 0x7BEF, 0x7BEF, 0x8410, 0x7BEF, 0x7BEF, 0x8410, 0x8410, 0x8410,
    0x8410, 0x8410, 0x8430, 0x8C51, 0x8430, 0x8430, 0x8430, 0x8430, 0x8430, 0x8C51, 0x8C51, 0x8430, 0x8430, 0x8430, 0x8C51, 0x8C51,
    0x8C51, 0x8430, 0x8C51, 0x8C51, 0x8430, 0x8C51, 0x8C71, 0x8C71, 0x8C51, 0x9492, 0x9492, 0x8C71, 0x8C71, 0x9492, 0x8C71, 0x9492,
    0x94B2, 0x94B2, 0x94B2, 0x9CD3, 0x94B2, 0x94B2, 0x94B2, 0x94B2, 0x9492, 0x9492, 0x9492, 0x94B2, 0x94B2, 0x9CD3, 0x9CF3, 0x9CF3,
    0x9CD3, 0x94B2, 0xBDD7, 0x7BEF, 0x4A69, 0xFFDF, 0xFFFF, 0xFFFF, 0xFFFF, 0xFFFF, 0xFFFF, 0xFFFF, 0xFFFF, 0xFFFF, 0xFFFF, 0xFFFF,
    0xFFFF, 0xFFFF, 0xFFFF, 0xFFFF, 0xFFFF, 0xFFFF, 0xFFFF, 0xFFFF, 0xFFFF, 0xFFFF, 0xFFFF, 0xFFFF, 0xFFFF, 0xFFFF, 0xFFFF, 0xFFFF,
    0xFFFF, 0xFFFF, 0xFFFF, 0xFFFF, 0xFFFF, 0xFFFF, 0xFFFF, 0xFFFF, 0xFFFF, 0xFFFF, 0xFFFF, 0xFFFF, 0xFFFF, 0xFFFF, 0xFFFF, 0xFFFF,
    0xFFFF, 0xFFFF, 0xFFFF, 0xFFFF, 0xFFFF, 0xFFFF, 0xFFFF, 0xFFFF, 0xFFFF, 0xFFFF, 0xFFFF, 0xFFFF, 0xFFFF, 0xFFFF, 0xFFFF, 0xFFFF,
    0xFFFF, 0xFFFF, 0xFFFF, 0xFFFF, 0xFFFF, 0xFFFF, 0xFFFF, 0xFFFF, 0xFFFF, 0xFFFF, 0xFFFF, 0xFFFF, 0xFFFF, 0xFFFF, 0xFFFF, 0xFFFF,
    0xFFFF, 0xFFFF, 0xFFFF, 0xFFFF, 0xFFFF, 0xFFFF, 0xFFFF, 0xFFFF, 0xFFFF, 0xE71C, 0x4208, 0x8410, 0xE73C, 0xC618, 0xAD55, 0xAD75,
    0xAD75, 0xAD75, 0xAD55, 0xAD55, 0xA534, 0xA534, 0xAD55, 0xA534, 0xB596, 0xAD55, 0xAD75, 0xAD55, 0xAD55, 0xA534, 0xA514, 0xA534,
    0xA514, 0x9CF3, 0xA514, 0xAD55, 0xA534, 0xA514, 0xA534, 0xA534, 0xA534, 0xA514, 0xA514, 0xA534, 0xA534, 0xA534, 0xA534, 0xA514,
    0xA534, 0xA534, 0x9CF3, 0x9CF3, 0xA514, 0x9CF3, 0x9CF3, 0x9CF3, 0x9CD3, 0xA514, 0x9CF3, 0x9CF3, 0x9CF3, 0xA514, 0xA514, 0x9CF3,
    0xA534, 0x736E, 0x0000, 0x4020, 0x9020, 0x9000, 0x9800, 0x9800, 0x9800, 0xA000, 0xA800, 0xB000, 0xB000, 0xB800, 0xB800, 0xC000,
    0xC000, 0xC800, 0xC800, 0xC800, 0xD000, 0xD800, 0xD800, 0xD800, 0xD800, 0xD800, 0xE000, 0xE000, 0xE000, 0xE800, 0xE800, 0xE800,
    0xE800, 0xE820, 0xF020, 0xF041, 0xF061, 0xF082, 0xF082, 0xF0A2, 0xF0E3, 0xF103, 0xF904, 0xF945, 0xF145, 0xF985, 0xF186, 0xF9C7,
    0xF9E7, 0xFA08, 0xFA28, 0xFA48, 0xFA69, 0xFA89, 0xFA8A, 0xFAAA, 0xFACB, 0xFACB, 0xFACB, 0xFAEB, 0xFACB, 0xFACB, 0xFACB, 0xFACA,
    0xFAAA, 0xFAAA, 0xFA8A, 0xFA69, 0xFA49, 0xFA28, 0xFA08, 0xF9E7, 0xF9C7, 0xF9A6, 0xF986, 0xF965, 0xF145, 0xF124, 0xF104, 0xF0E3,
    0xF0C3, 0xF0A2, 0xF082, 0xF041, 0xF061, 0xF041, 0xE820, 0xE800, 0xE800, 0xE800, 0xE800, 0xE800, 0xE000, 0xE000, 0xE000, 0xE000,
    0xE000, 0xD800, 0xD800, 0xD000, 0xC800, 0xC800, 0xC800, 0xC000, 0xC000, 0xB800, 0xB000, 0xB000, 0xA800, 0xA000, 0x9800, 0x9000,
    0x9800, 0x9000, 0x9000, 0x9020, 0x4800, 0x18C3, 0x83F0, 0x840F, 0x8410, 0x8410, 0x8410, 0x8410, 0x8410, 0x8410, 0x8410, 0x8430,
    0x8410, 0x8410, 0x8430, 0x8410, 0x8430, 0x8430, 0x8430, 0x8C51, 0x8430, 0x8430, 0x8430, 0x8430, 0x8C51, 0x8430, 0x8430, 0x8430,
    0x8430, 0x8430, 0x8C51, 0x8430, 0x8430, 0x8C71, 0x8C51, 0x8430, 0x8C51, 0x8C51, 0x8C51, 0x8C71, 0x8C71, 0x8C71, 0x9492, 0x9492,
    0x9492, 0x9492, 0x9492, 0x9492, 0x9492, 0x9492, 0x9492, 0x94B2, 0x9492, 0x9492, 0x9492, 0x9492, 0x94B2, 0x9CD3, 0x9CF3, 0xA514,
    0x9CD3, 0x9CD3, 0xA534, 0xA514, 0x3186, 0xD6BA, 0xFFFF, 0xFFFF, 0xFFFF, 0xFFFF, 0xFFFF, 0xFFFF, 0xFFFF, 0xFFFF, 0xFFFF, 0xFFFF,
    0xFFFF, 0xFFFF, 0xFFFF, 0xFFFF, 0xFFFF, 0xFFFF, 0xFFFF, 0xFFFF, 0xFFFF, 0xFFFF, 0xFFFF, 0xFFFF, 0xFFFF, 0xFFFF, 0xFFFF, 0xFFFF,
    0xFFFF, 0xFFFF, 0xFFFF, 0xFFFF, 0xFFFF, 0xFFFF, 0xFFFF, 0xFFFF, 0xFFFF, 0xFFFF, 0xFFFF, 0xFFFF, 0xFFFF, 0xFFFF, 0xFFFF, 0xFFFF,
    0xFFFF, 0xFFFF, 0xFFFF, 0xFFFF, 0xFFFF, 0xFFFF, 0xFFFF, 0xFFFF, 0xFFFF, 0xFFFF, 0xFFFF, 0xFFFF, 0xFFFF, 0xFFFF, 0xFFFF, 0xFFFF,
    0xFFFF, 0xFFFF, 0xFFFF, 0xFFFF, 0xFFFF, 0xFFFF, 0xFFFF, 0xFFFF, 0xFFFF, 0xFFFF, 0xFFFF, 0xFFFF, 0xFFFF, 0xFFFF, 0xFFFF, 0xFFFF,
    0xFFFF, 0xFFFF, 0xFFFF, 0xFFFF, 0xFFFF, 0xFFFF, 0xFFFF, 0xFFFF, 0xFFFF, 0xBDD7, 0x39E7, 0x9CD3, 0xF79E, 0xB596, 0xA534, 0xA534,
    0xA514, 0xAD55, 0xAD55, 0xAD35, 0xAD55, 0xA534, 0xA534, 0xAD75, 0xAD75, 0xAD55, 0xAD55, 0xAD75, 0xAD55, 0xA534, 0xA534, 0xA514,
    0xA514, 0xA514, 0xA514, 0xAD55, 0xA534, 0xAD55, 0xAD35, 0xAD55, 0xAD55, 0xA534, 0xA534, 0x9CF3, 0x9CF3, 0xA534, 0xA514, 0xA534,
    0xA534, 0xA514, 0xA534, 0x9CF3, 0x9CF3, 0x9CF3, 0x9CD3, 0x9CD3, 0x9CD3, 0x9CD3, 0x9CF3, 0x9CF3, 0x9CF3, 0x9CF3, 0xA534, 0xA514,
    0xA534, 0x7BCF, 0x0000, 0x4021, 0x9021, 0x9000, 0x9800, 0x9800, 0x9800, 0xA800, 0xB000, 0xB000, 0xB000, 0xB800, 0xB800, 0xC000,
    0xC000, 0xC000, 0xC800, 0xC800, 0xD000, 0xD000, 0xD800, 0xD800, 0xD800, 0xD800, 0xD800, 0xE000, 0xE000, 0xE000, 0xE800, 0xE800,
    0xE800, 0xE820, 0xE820, 0xF041, 0xF061, 0xF082, 0xF0A2, 0xF0A2, 0xF0E3, 0xF103, 0xF104, 0xF145, 0xF165, 0xF185, 0xF9A6, 0xF9C7,
    0xF9E7, 0xFA08, 0xFA28, 0xFA49, 0xFA89, 0xFA8A, 0xFAAA, 0xFAAB, 0xFACB, 0xFAEB, 0xFAEB, 0xFAEB, 0xFAEB, 0xFAEB, 0xFAEB, 0xFACB,
    0xFACB, 0xFAAA, 0xFA8A, 0xFA69, 0xFA49, 0xFA48, 0xFA28, 0xF9E7, 0xF9C7, 0xF9A6, 0xF186, 0xF185, 0xF145, 0xF124, 0xF104, 0xF0E3,
    0xF0C3, 0xF0A2, 0xF082, 0xE861, 0xE841, 0xF041, 0xE820, 0xE820, 0xE800, 0xE000, 0xE000, 0xE000, 0xE000, 0xE000, 0xE000, 0xE000,
    0xD800, 0xD800, 0xD000, 0xD000, 0xC800, 0xC800, 0xC000, 0xC000, 0xB800, 0xB800, 0xB000, 0xB000, 0xA800, 0xA800, 0x9800, 0x9000,
    0x9800, 0x9000, 0x9000, 0x9041, 0x3800, 0x1904, 0x83EF, 0x7BEF, 0x8410, 0x8410, 0x8410, 0x8410, 0x8410, 0x8410, 0x7BEF, 0x8410,
    0x8430, 0x8410, 0x8410, 0x8410, 0x8430, 0x8430, 0x8430, 0x8430, 0x8430, 0x8430, 0x8430, 0x8430, 0x8430, 0x8430, 0x8410, 0x8410,
    0x8410, 0x8430, 0x8410, 0x8410, 0x8430, 0x8C51, 0x8C51, 0x8C51, 0x8C51, 0x8C51, 0x8430, 0x8C71, 0x8C71, 0x8C51, 0x8C71, 0x8C51,
    0x8C71, 0x94B2, 0x9492, 0x9492, 0x9492, 0x9492, 0x9492, 0x9492, 0x9492, 0x9492, 0x94B2, 0x94B2, 0x94B2, 0x9CD3, 0x9492, 0x9CD3,
    0x9CD3, 0x94B2, 0x9CD3, 0xB596, 0x39E7, 0x9CD3, 0xFFFF, 0xFFDF, 0xFFFF, 0xFFFF, 0xFFFF, 0xFFFF, 0xFFFF, 0xFFFF, 0xFFFF, 0xFFFF,
    0xFFFF, 0xFFFF, 0xFFFF, 0xFFFF, 0xFFFF, 0xFFFF, 0xFFFF, 0xFFFF, 0xFFFF, 0xFFFF, 0xFFFF, 0xFFFF, 0xFFFF, 0xFFFF, 0xFFFF, 0xFFFF,
    0xFFFF, 0xFFFF, 0xFFFF, 0xFFFF, 0xFFFF, 0xFFFF, 0xFFFF, 0xFFFF, 0xFFFF, 0xFFFF, 0xFFFF, 0xFFFF, 0xFFFF, 0xFFFF, 0xFFFF, 0xFFFF,
    0xFFFF, 0xFFFF, 0xFFFF, 0xFFFF, 0xFFFF, 0xFFFF, 0xFFFF, 0xFFFF, 0xFFFF, 0xFFFF, 0xFFFF, 0xFFFF, 0xFFFF, 0xFFFF, 0xFFFF, 0xFFFF,
    0xFFFF, 0xFFFF, 0xFFFF, 0xFFFF, 0xFFFF, 0xFFFF, 0xFFFF, 0xFFFF, 0xFFFF, 0xFFFF, 0xFFFF, 0xFFFF, 0xFFFF, 0xFFFF, 0xFFFF, 0xFFFF,
    0xFFFF, 0xFFFF, 0xFFFF, 0xFFFF, 0xFFFF, 0xFFFF, 0xFFFF, 0xFFFF, 0xFFFF, 0x8C71, 0x4228, 0xB596, 0xEF5D, 0xA534, 0xAD55, 0xAD55,
    0xAD75, 0xAD75, 0xAD75, 0xAD55, 0xAD75, 0xAD75, 0xAD55, 0xAD55, 0xB596, 0xAD75, 0xAD75, 0xAD55, 0xA534, 0xA534, 0xAD55, 0xAD55,
    0xA514, 0xA534, 0xA534, 0xA534, 0xA534, 0xA534, 0xA534, 0xA514, 0xA534, 0xA534, 0xA534, 0xA514, 0xA534, 0xA514, 0xA514, 0x9CF3,
    0x9CF3, 0x9CF3, 0xA534, 0xA514, 0x9CF3, 0xA514, 0x9CF3, 0x94B2, 0x94B2, 0x94B2, 0x94B2, 0x9CD3, 0x9CF3, 0x9CF3, 0xA4F3, 0x9CD3,
    0xA514, 0x8430, 0x0020, 0x3800, 0x8821, 0x9000, 0x9000, 0x9800, 0xA020, 0xA800, 0xA800, 0xB000, 0xB000, 0xB800, 0xB800, 0xC000,
    0xC000, 0xC000, 0xC800, 0xC800, 0xD000, 0xD000, 0xD800, 0xD800, 0xD800, 0xD800, 0xD800, 0xE000, 0xE000, 0xE000, 0xE800, 0xE800,
    0xE800, 0xE820, 0xE820, 0xE841, 0xF061, 0xF081, 0xF0A2, 0xF0C2, 0xF0E3, 0xF103, 0xF104, 0xF945, 0xF165, 0xF986, 0xF9A6, 0xF9E7,
    0xF9E7, 0xFA28, 0xFA48, 0xFA49, 0xFA89, 0xFA8A, 0xFAAA, 0xFACB, 0xFAEB, 0xFAEB, 0xFAEB, 0xFB0B, 0xFB0B, 0xFAEB, 0xFAEB, 0xFAEB,
    0xFACB, 0xFAAA, 0xFAAA, 0xFA69, 0xFA49, 0xFA48, 0xFA28, 0xF9E7, 0xF9C7, 0xF9A6, 0xF186, 0xF186, 0xF145, 0xF124, 0xF104, 0xF0C3,
    0xF0C3, 0xF0A2, 0xE882, 0xE861, 0xE841, 0xE841, 0xE820, 0xE800, 0xE800, 0xE000, 0xE800, 0xE000, 0xE000, 0xE000, 0xE000, 0xD800,
    0xD800, 0xD800, 0xD000, 0xC800, 0xC800, 0xC000, 0xC000, 0xC000, 0xB800, 0xB800, 0xB000, 0xB000, 0xA800, 0xA800, 0x9800, 0x9000,
    0x9800, 0x9000, 0x9000, 0x8821, 0x3000, 0x2145, 0x8410, 0x7BEF, 0x7BEF, 0x8410, 0x8410, 0x7BEF, 0x8410, 0x8410, 0x7BEF, 0x7BEF,
    0x8410, 0x8410, 0x8410, 0x8410, 0x8410, 0x8410, 0x8410, 0x8410, 0x8410, 0x8410, 0x8430, 0x8410, 0x8430, 0x8430, 0x8430, 0x8430,
    0x8430, 0x8430, 0x8430, 0x8430, 0x8430, 0x8430, 0x8C51, 0x8C51, 0x8C51, 0x8430, 0x8C51, 0x8C71, 0x8C71, 0x8C51, 0x8C71, 0x8C51,
    0x8C71, 0x9492, 0x9492, 0x8C71, 0x9492, 0x9492, 0x9492, 0x9492, 0x8C71, 0x9492, 0x9492, 0x9492, 0x94B2, 0x94B2, 0x94B2, 0x94B2,
    0x94B2, 0x94B2, 0x94B2, 0xAD55, 0x630C, 0x5AEB, 0xFFFF, 0xFFFF, 0xFFFF, 0xFFFF, 0xFFFF, 0xFFFF, 0xFFFF, 0xFFFF, 0xFFFF, 0xFFFF,
    0xFFFF, 0xFFFF, 0xFFFF, 0xFFFF, 0xFFFF, 0xFFFF, 0xFFFF, 0xFFFF, 0xFFFF, 0xFFFF, 0xFFFF, 0xFFFF, 0xFFFF, 0xFFFF, 0xFFFF, 0xFFFF,
    0xFFFF, 0xFFFF, 0xFFFF, 0xFFFF, 0xFFFF, 0xFFFF, 0xFFFF, 0xFFFF, 0xFFFF, 0xFFFF, 0xFFFF, 0xFFFF, 0xFFFF, 0xFFFF, 0xFFFF, 0xFFFF,
    0xFFFF, 0xFFFF, 0xFFFF, 0xFFFF, 0xFFFF, 0xFFFF, 0xFFFF, 0xFFFF, 0xFFFF, 0xFFFF, 0xFFFF, 0xFFFF, 0xFFFF, 0xFFFF, 0xFFFF, 0xFFFF,
    0xFFFF, 0xFFFF, 0xFFFF, 0xFFFF, 0xFFFF, 0xFFFF, 0xFFFF, 0xFFFF, 0xFFFF, 0xFFFF, 0xFFFF, 0xFFFF, 0xFFFF, 0xFFFF, 0xFFFF, 0xFFFF,
    0xFFFF, 0xFFFF, 0xFFFF, 0xFFFF, 0xFFFF, 0xFFFF, 0xFFFF, 0xFFFF, 0xFFFF, 0x630C, 0x5ACB, 0xCE59, 0xD6BA, 0x9CF3, 0xB596, 0xAD75,
    0xAD75, 0xAD75, 0xAD75, 0xAD55, 0xAD55, 0xAD55, 0xAD55, 0xAD55, 0xAD75, 0xAD55, 0xAD55, 0xAD55, 0xAD55, 0xA534, 0xA534, 0xA534,
    0x9CF3, 0xA514, 0xA534, 0xA534, 0xA514, 0xA534, 0xAD55, 0xA514, 0xA534, 0xA514, 0xA514, 0xA514, 0xA514, 0x9CF3, 0x9CD3, 0x9CF3,
    0x9CD3, 0xA514, 0xA514, 0x9CF3, 0x9CF3, 0xA514, 0xA514, 0x9CF3, 0x9CD3, 0x94B2, 0x9492, 0x9CD3, 0x9CF3, 0x9CF3, 0x9CF3, 0x9CD3,
    0x9CF3, 0x9492, 0x1082, 0x2000, 0x8041, 0x9000, 0x9000, 0x9800, 0xA000, 0xA800, 0xA800, 0xA800, 0xB000, 0xB000, 0xB800, 0xC000,
    0xC000, 0xC000, 0xC800, 0xC800, 0xC800, 0xD000, 0xD000, 0xD800, 0xD800, 0xD800, 0xD800, 0xE000, 0xE000, 0xE000, 0xE000, 0xE800,
    0xE800, 0xE820, 0xE841, 0xE841, 0xE861, 0xF082, 0xF0A2, 0xF0C2, 0xF0E3, 0xF104, 0xF104, 0xF945, 0xF965, 0xF986, 0xF9A6, 0xF9E7,
    0xF9E7, 0xFA28, 0xFA48, 0xFA49, 0xFA89, 0xFAAA, 0xFAAA, 0xFACB, 0xFAEB, 0xFB0B, 0xFB0B, 0xFB0C, 0xFB0C, 0xFAEC, 0xFAEC, 0xFAEB,
    0xFACB, 0xFAAA, 0xFA8A, 0xFA6A, 0xFA69, 0xFA49, 0xFA28, 0xF9E7, 0xF9E7, 0xF9C7, 0xF986, 0xF166, 0xF145, 0xF124, 0xF104, 0xF0E3,
    0xF0C3, 0xF0A2, 0xE881, 0xE861, 0xE841, 0xE821, 0xE820, 0xE800, 0xE000, 0xE800, 0xE800, 0xE000, 0xE000, 0xE000, 0xD800, 0xD800,
    0xD800, 0xD000, 0xD000, 0xC800, 0xC800, 0xC000, 0xC000, 0xC000, 0xB800, 0xB800, 0xB000, 0xB000, 0xA800, 0xA000, 0x9800, 0x9800,
    0x9800, 0x8800, 0x9020, 0x8840, 0x1800, 0x39C7, 0x8C30, 0x7BEF, 0x7BEF, 0x7BEF, 0x7BEF, 0x7BEF, 0x7BEF, 0x7BEF, 0x8410, 0x7BEF,
    0x7BEF, 0x7BEF, 0x8410, 0x8410, 0x8430, 0x8430, 0x8410, 0x8430, 0x8410, 0x8410, 0x8430, 0x8430, 0x8430, 0x8410, 0x8430, 0x8430,
    0x8430, 0x8430, 0x8430, 0x8C51, 0x8C51, 0x8430, 0x8430, 0x8C51, 0x8C51, 0x8C51, 0x8C51, 0x8C51, 0x8C71, 0x9492, 0x8C71, 0x8C51,
    0x8C71, 0x8C71, 0x8C71, 0x8C71, 0x8C71, 0x8C71, 0x8C71, 0x9492, 0x9492, 0x94B2, 0x94B2, 0x94B2, 0x94B2, 0x9CD3, 0x9CD3, 0x9CD3,
    0x94B2, 0x9CF3, 0x9CD3, 0xA514, 0x8C51, 0x39C7, 0xEF7D, 0xFFFF, 0xFFFF, 0xFFFF, 0xFFFF, 0xFFFF, 0xFFFF, 0xFFFF, 0xFFFF, 0xFFFF,
    0xFFFF, 0xFFFF, 0xFFFF, 0xFFFF, 0xFFFF, 0xFFFF, 0xFFFF, 0xFFFF, 0xFFFF, 0xFFFF, 0xFFFF, 0xFFFF, 0xFFFF, 0xFFFF, 0xFFFF, 0xFFFF,
    0xFFFF, 0xFFFF, 0xFFFF, 0xFFFF, 0xFFFF, 0xFFFF, 0xFFFF, 0xFFFF, 0xFFFF, 0xFFFF, 0xFFFF, 0xFFFF, 0xFFFF, 0xFFFF, 0xFFFF, 0xFFFF,
    0xFFFF, 0xFFFF, 0xFFFF, 0xFFFF, 0xFFFF, 0xFFFF, 0xFFFF, 0xFFFF, 0xFFFF, 0xFFFF, 0xFFFF, 0xFFFF, 0xFFFF, 0xFFFF, 0xFFFF, 0xFFFF,
    0xFFFF, 0xFFFF, 0xFFFF, 0xFFFF, 0xFFFF, 0xFFFF, 0xFFFF, 0xFFFF, 0xFFFF, 0xFFFF, 0xFFFF, 0xFFFF, 0xFFFF, 0xFFFF, 0xFFFF, 0xFFFF,
    0xFFFF, 0xFFFF, 0xFFFF, 0xFFFF, 0xFFFF, 0xFFFF, 0xFFFF, 0xFFFF, 0xF79E, 0x4228, 0x7BCF, 0xDEFB, 0xC618, 0xA514, 0xAD55, 0xAD55,
    0xAD75, 0xAD55, 0xAD75, 0xAD55, 0xAD75, 0xAD55, 0xAD55, 0xAD55, 0xAD75, 0xAD55, 0xA534, 0xAD35, 0xA534, 0xA514, 0xA514, 0xA514,
    0xA514, 0xA514, 0xA534, 0xA534, 0xA514, 0xA534, 0xAD55, 0xA534, 0xA534, 0xA514, 0xA534, 0xA514, 0x9CF3, 0x9CF3, 0x9CF3, 0x9CD3,
    0x94B2, 0x9CF3, 0x9CF3, 0x9CF3, 0xA514, 0x9CF3, 0x9CF3, 0x9CF3, 0x9CD3, 0x9CF3, 0x9CD3, 0x94B2, 0x9CF3, 0x9CF3, 0x9CD3, 0x9CB3,
    0x9CD3, 0x9CF3, 0x2145, 0x0800, 0x7861, 0x9000, 0x9000, 0x9800, 0x9800, 0xA000, 0xA800, 0xA800, 0xB000, 0xB000, 0xB800, 0xB800,
    0xC000, 0xC000, 0xC800, 0xC800, 0xC800, 0xD000, 0xD000, 0xD800, 0xD800, 0xD800, 0xD800, 0xE000, 0xE000, 0xE000, 0xE000, 0xE000,
    0xE820, 0xE820, 0xE841, 0xE861, 0xE861, 0xF082, 0xF0A2, 0xF0A3, 0xF0E3, 0xF104, 0xF104, 0xF945, 0xF965, 0xF986, 0xF1A6, 0xF9E7,
    0xF9E7, 0xFA28, 0xFA48, 0xFA49, 0xFA89, 0xFAAA, 0xFAAA, 0xFACB, 0xFAEB, 0xFB0B, 0xFB0C, 0xFB0C, 0xFB0C, 0xFB0C, 0xFB0C, 0xFAEB,
    0xFACB, 0xFACA, 0xFAAA, 0xFA8A, 0xFA69, 0xFA49, 0xFA28, 0xF9E7, 0xF9C7, 0xF9C7, 0xF9A6, 0xF166, 0xF145, 0xF124, 0xF104, 0xF0E3,
    0xF0C3, 0xF0A2, 0xE881, 0xE861, 0xE861, 0xE841, 0xE820, 0xE820, 0xE000, 0xE000, 0xE000, 0xE000, 0xE000, 0xD800, 0xD800, 0xD800,
    0xD800, 0xD000, 0xD000, 0xC800, 0xC000, 0xC000, 0xC000, 0xB800, 0xB800, 0xB800, 0xB000, 0xB000, 0xA800, 0xA000, 0x9800, 0x9800,
    0x9000, 0x8800, 0x9020, 0x7840, 0x1000, 0x528A, 0x8C10, 0x7BEF, 0x7BEF, 0x8410, 0x8410, 0x7BEF, 0x8410, 0x7BEF, 0x7BEF, 0x7BEF,
    0x7BEF, 0x7BEF, 0x7BEF, 0x8410, 0x8410, 0x8410, 0x8410, 0x8410, 0x8430, 0x8410, 0x8430, 0x8430, 0x8430, 0x8430, 0x8430, 0x8C51,
    0x8430, 0x8410, 0x8430, 0x8430, 0x8430, 0x8430, 0x8430, 0x8430, 0x8C51, 0x8C51, 0x8430, 0x8430, 0x8C51, 0x8C71, 0x8C51, 0x8C51,
    0x8C71, 0x8C51, 0x8430, 0x8C71, 0x8C71, 0x8C71, 0x8C71, 0x9492, 0x9492, 0x8C71, 0x8C71, 0x9492, 0x9492, 0x9492, 0x9492, 0x9CD3,
    0x9CD3, 0x9CD3, 0x9CD3, 0x9CF3, 0xA514, 0x31A6, 0xBDD7, 0xFFFF, 0xFFFF, 0xFFFF, 0xFFFF, 0xFFFF, 0xFFFF, 0xFFFF, 0xFFFF, 0xFFFF,
    0xFFFF, 0xFFFF, 0xFFFF, 0xFFFF, 0xFFFF, 0xFFFF, 0xFFFF, 0xFFFF, 0xFFFF, 0xFFFF, 0xFFFF, 0xFFFF, 0xFFFF, 0xFFFF, 0xFFFF, 0xFFFF,
    0xFFFF, 0xFFFF, 0xFFFF, 0xFFFF, 0xFFFF, 0xFFFF, 0xFFFF, 0xFFFF, 0xFFFF, 0xFFFF, 0xFFFF, 0xFFFF, 0xFFFF, 0xFFFF, 0xFFFF, 0xFFFF,
    0xFFFF, 0xFFFF, 0xFFFF, 0xFFFF, 0xFFFF, 0xFFFF, 0xFFFF, 0xFFFF, 0xFFFF, 0xFFFF, 0xFFFF, 0xFFFF, 0xFFFF, 0xFFFF, 0xFFFF, 0xFFFF,
    0xFFFF, 0xFFFF, 0xFFFF, 0xFFFF, 0xFFFF, 0xFFFF, 0xFFFF, 0xFFFF, 0xFFFF, 0xFFFF, 0xFFFF, 0xFFFF, 0xFFFF, 0xFFFF, 0xFFFF, 0xFFFF,
    0xFFFF, 0xFFFF, 0xFFFF, 0xFFFF, 0xFFFF, 0xFFFF, 0xFFFF, 0xFFFF, 0xCE59, 0x4208, 0x9492, 0xE73C, 0xB596, 0xA534, 0xAD55, 0xAD55,
    0xAD55, 0xAD75, 0xA534, 0xAD55, 0xAD55, 0xAD55, 0xAD55, 0xAD55, 0xAD55, 0xAD55, 0xAD55, 0xAD55, 0xA534, 0xA514, 0xA514, 0xA514,
    0xA534, 0xAD35, 0xAD55, 0xA514, 0xA534, 0xA514, 0xA534, 0xA534, 0xA514, 0xAD55, 0xA534, 0xA534, 0x9CF3, 0x9CF3, 0xA514, 0x9CD3,
    0x9CF3, 0xA514, 0x9CD3, 0x9CD3, 0x94B2, 0x9CD3, 0x9CF3, 0x94B2, 0x94B2, 0x9CD3, 0x9CD3, 0x94B2, 0x9CD3, 0x9CF3, 0x9CD3, 0x9CB3,
    0x94B2, 0x9CF3, 0x4248, 0x0000, 0x5841, 0x9020, 0x9000, 0x9800, 0x9800, 0x9800, 0xA000, 0xA800, 0xA800, 0xB000, 0xB800, 0xB800,
    0xC000, 0xC000, 0xC800, 0xC800, 0xC800, 0xC800, 0xD000, 0xD800, 0xD800, 0xD800, 0xD800, 0xE000, 0xE000, 0xE000, 0xE000, 0xE000,
    0xE820, 0xE820, 0xE841, 0xE861, 0xE861, 0xF082, 0xF0A2, 0xF0C3, 0xF0E3, 0xF104, 0xF124, 0xF145, 0xF965, 0xF986, 0xF1A6, 0xF9E7,
    0xFA07, 0xFA28, 0xFA48, 0xFA49, 0xFA69, 0xFAAA, 0xFAAA, 0xFACB, 0xFAEB, 0xFB0B, 0xFB0C, 0xFB2C, 0xFB2C, 0xFB0C, 0xFB0C, 0xFAEB,
    0xFAEB, 0xFACB, 0xFAAA, 0xFA8A, 0xFA69, 0xFA49, 0xFA28, 0xF9E8, 0xF9C7, 0xF9C7, 0xF9A6, 0xF165, 0xF145, 0xF124, 0xF104, 0xF0E3,
    0xF0C3, 0xF0A2, 0xE881, 0xE881, 0xE861, 0xE841, 0xE820, 0xE020, 0xE000, 0xE000, 0xE000, 0xD800, 0xD800, 0xD800, 0xD800, 0xD800,
    0xD800, 0xD000, 0xD000, 0xC800, 0xC000, 0xC000, 0xC000, 0xB800, 0xB800, 0xB000, 0xB000, 0xA800, 0xA800, 0xA000, 0x9820, 0x9800,
    0x9000, 0x9000, 0x9020, 0x6020, 0x1020, 0x6B4D, 0x8410, 0x7BEF, 0x7BCF, 0x7BCF, 0x7BEF, 0x7BEF, 0x7BEF, 0x7BEF, 0x7BEF, 0x7BEF,
    0x8410, 0x8410, 0x7BEF, 0x7BEF, 0x7BEF, 0x8410, 0x8410, 0x8410, 0x8C51, 0x8430, 0x8430, 0x8430, 0x8430, 0x8C51, 0x8430, 0x8C51,
    0x8C51, 0x8430, 0x8C51, 0x8430, 0x8410, 0x8C51, 0x8C51, 0x8430, 0x8C51, 0x8C51, 0x8C51, 0x8C51, 0x8C51, 0x8C51, 0x8C71, 0x8C51,
    0x8430, 0x8C71, 0x8C71, 0x8C71, 0x9492, 0x8C71, 0x8C71, 0x8C71, 0x9492, 0x8C71, 0x8C71, 0x94B2, 0x94B2, 0x9492, 0x9492, 0x94B2,
    0x9CD3, 0x9CD3, 0x9CD3, 0x9CD3, 0xA534, 0x4A69, 0x7BEF, 0xFFFF, 0xFFFF, 0xFFFF, 0xFFFF, 0xFFFF, 0xFFFF, 0xFFFF, 0xFFFF, 0xFFFF,
    0xFFFF, 0xFFFF, 0xFFFF, 0xFFFF, 0xFFFF, 0xFFFF, 0xFFFF, 0xFFFF, 0xFFFF, 0xFFFF, 0xFFFF, 0xFFFF, 0xFFFF, 0xFFFF, 0xFFFF, 0xFFFF,
    0xFFFF, 0xFFFF, 0xFFFF, 0xFFFF, 0xFFFF, 0xFFFF, 0xFFFF, 0xFFFF, 0xFFFF, 0xFFFF, 0xFFFF, 0xFFFF, 0xFFFF, 0xFFFF, 0xFFFF, 0xFFFF,
    0xFFFF, 0xFFFF, 0xFFFF, 0xFFFF, 0xFFFF, 0xFFFF, 0xFFFF, 0xFFFF, 0xFFFF, 0xFFFF, 0xFFFF, 0xFFFF, 0xFFFF, 0xFFFF, 0xFFFF, 0xFFFF,
    0xFFFF, 0xFFFF, 0xFFFF, 0xFFFF, 0xFFFF, 0xFFFF, 0xFFFF, 0xFFFF, 0xFFFF, 0xFFFF, 0xFFFF, 0xFFFF, 0xFFFF, 0xFFFF, 0xFFFF, 0xFFFF,
    0xFFFF, 0xFFFF, 0xFFFF, 0xFFFF, 0xFFFF, 0xFFFF, 0xFFFF, 0xFFFF, 0x94B2, 0x4A49, 0xA534, 0xE73C, 0xAD55, 0xAD75, 0xAD75, 0xAD55,
    0xAD55, 0xAD55, 0xA554, 0xAD55, 0xAD75, 0xAD55, 0xAD55, 0xAD75, 0xAD55, 0xAD55, 0xAD55, 0xAD55, 0xAD55, 0xA534, 0xA534, 0xA534,
    0xA514, 0xA514, 0xA514, 0x9CF3, 0xA514, 0xA514, 0xA514, 0xA534, 0xA534, 0xAD55, 0xA514, 0xA514, 0xA534, 0x9CF3, 0x9CD3, 0x9CF3,
    0x9CF3, 0x9CD3, 0x9CD3, 0x9CF3, 0x94B2, 0x9CD3, 0x9CD3, 0x9CF3, 0x9CD3, 0x94B2, 0x9CD3, 0x9CD3, 0x9CD3, 0x9CD3, 0x9CF3, 0x9CD3,
    0x9CD3, 0xA534, 0x6B6D, 0x0000, 0x3020, 0x8041, 0x9000, 0x9800, 0x9800, 0x9800, 0xA000, 0xA000, 0xA800, 0xB000, 0xB000, 0xB800,
    0xB800, 0xC000, 0xC000, 0xC000, 0xC800, 0xC800, 0xD000, 0xD000, 0xD800, 0xD800, 0xD800, 0xD800, 0xD800, 0xE000, 0xE000, 0xE000,
    0xE000, 0xE820, 0xE840, 0xE861, 0xE861, 0xF082, 0xF0A2, 0xF0C3, 0xF0E3, 0xF104, 0xF124, 0xF145, 0xF165, 0xF986, 0xF1A6, 0xF9E7,
    0xFA08, 0xFA28, 0xFA48, 0xFA69, 0xFA8A, 0xFAAA, 0xFACA, 0xFACB, 0xFAEB, 0xFB0B, 0xFB2C, 0xFB2C, 0xFB2C, 0xFB0C, 0xFB0C, 0xFB0B,
    0xFAEB, 0xFACB, 0xFAAA, 0xFA8A, 0xFA69, 0xFA49, 0xFA28, 0xF9E8, 0xF9C7, 0xF9C6, 0xF9A6, 0xF985, 0xF145, 0xF124, 0xF104, 0xF0E3,
    0xF0C3, 0xE8A2, 0xE882, 0xE881, 0xE861, 0xE841, 0xE820, 0xE020, 0xE000, 0xE000, 0xE000, 0xE000, 0xD800, 0xD800, 0xD800, 0xD800,
    0xD800, 0xD000, 0xC800, 0xC800, 0xC000, 0xC000, 0xC000, 0xB800, 0xB800, 0xB000, 0xB000, 0xA800, 0xA800, 0xA000, 0x9800, 0x9000,
    0x9000, 0x9000, 0x8841, 0x4000, 0x10A2, 0x7BCF, 0x8410, 0x7BEF, 0x7BCF, 0x7BEF, 0x7BEF, 0x7BEF, 0x7BEF, 0x7BEF, 0x8410, 0x8410,
    0x8430, 0x8410, 0x8410, 0x8430, 0x7BEF, 0x8410, 0x8410, 0x8410, 0x8430, 0x8430, 0x8430, 0x8430, 0x8C51, 0x8C51, 0x8C51, 0x8430,
    0x8430, 0x8430, 0x8430, 0x8430, 0x8430, 0x8C51, 0x8C51, 0x8C51, 0x8C51, 0x8C51, 0x8C51, 0x8C51, 0x8C51, 0x8C51, 0x8C71, 0x8C51,
    0x8C51, 0x8C71, 0x8C71, 0x8C71, 0x9492, 0x8C71, 0x8C71, 0x9492, 0x8C71, 0x8C71, 0x8C71, 0x9492, 0x9492, 0x9492, 0x9492, 0x94B2,
    0x9492, 0x94B2, 0x9CD3, 0x94B2, 0x9CF3, 0x738E, 0x4228, 0xFFFF, 0xFFFF, 0xFFFF, 0xFFFF, 0xFFFF, 0xFFFF, 0xFFFF, 0xFFFF, 0xFFFF,
    0xFFFF, 0xFFFF, 0xFFFF, 0xFFFF, 0xFFFF, 0xFFFF, 0xFFFF, 0xFFFF, 0xFFFF, 0xFFFF, 0xFFFF, 0xFFFF, 0xFFFF, 0xFFFF, 0xFFFF, 0xFFFF,
    0xFFFF, 0xFFFF, 0xFFFF, 0xFFFF, 0xFFFF, 0xFFFF, 0xFFFF, 0xFFFF, 0xFFFF, 0xFFFF, 0xFFFF, 0xFFFF, 0xFFFF, 0xFFFF, 0xFFFF, 0xFFFF,
    0xFFFF, 0xFFFF, 0xFFFF, 0xFFFF, 0xFFFF, 0xFFFF, 0xFFFF, 0xFFFF, 0xFFFF, 0xFFFF, 0xFFFF, 0xFFFF, 0xFFFF, 0xFFFF, 0xFFFF, 0xFFFF,
    0xFFFF, 0xFFFF, 0xFFFF, 0xFFFF, 0xFFFF, 0xFFFF, 0xFFFF, 0xFFFF, 0xFFFF, 0xFFFF, 0xFFFF, 0xFFFF, 0xFFFF, 0xFFFF, 0xFFFF, 0xFFFF,
    0xFFFF, 0xFFFF, 0xFFFF, 0xFFFF, 0xFFFF, 0xFFFF, 0xFFFF, 0xFFFF, 0x6B6D, 0x5ACB, 0xC618, 0xDEDB, 0xA514, 0xAD75, 0xAD55, 0xAD55,
    0xAD55, 0xAD55, 0xAD55, 0xB596, 0xAD75, 0xAD75, 0xAD55, 0xAD55, 0xAD55, 0xA534, 0xAD55, 0xAD55, 0xAD55, 0xA534, 0xA534, 0xA534,
    0xA514, 0x9CF3, 0xA514, 0xA534, 0xA514, 0xA514, 0xA514, 0xA514, 0xA514, 0xA514, 0xA514, 0xA514, 0x9CF3, 0x9CF3, 0x94B2, 0x9CF3,
    0x9CD3, 0x9CD3, 0x9CD3, 0x9CD3, 0x94B2, 0x94B2, 0x9CD3, 0x94B2, 0x9CD3, 0x94B2, 0x94B2, 0x94B2, 0x94B2, 0x9CD3, 0x9CF3, 0x94B2,
    0x94B2, 0x9CF3, 0x83F0, 0x0020, 0x1000, 0x7841, 0x9000, 0x9000, 0x9800, 0x9820, 0x9800, 0xA000, 0xA800, 0xB000, 0xB000, 0xB800,
    0xB800, 0xC000, 0xC000, 0xC000, 0xC800, 0xC800, 0xD000, 0xD000, 0xD800, 0xD800, 0xD800, 0xD800, 0xD800, 0xE000, 0xE000, 0xE000,
    0xE020, 0xE020, 0xE840, 0xE861, 0xE881, 0xE882, 0xF0A2, 0xF0C3, 0xF0E3, 0xF104, 0xF124, 0xF145, 0xF165, 0xF186, 0xF1A6, 0xF9E7,
    0xFA08, 0xFA28, 0xFA48, 0xFA69, 0xFA8A, 0xFAAA, 0xFACA, 0xFACB, 0xFAEB, 0xFB0B, 0xFB0C, 0xFB2C, 0xFB2C, 0xFB0C, 0xFB0C, 0xFB0B,
    0xFAEB, 0xFACB, 0xFAAA, 0xFA8A, 0xFA69, 0xFA49, 0xFA28, 0xF9E8, 0xF9C7, 0xF9C7, 0xF9A6, 0xF965, 0xF145, 0xF124, 0xF104, 0xF0E3,
    0xF0C3, 0xE8A2, 0xE882, 0xE881, 0xE861, 0xE841, 0xE821, 0xE020, 0xE000, 0xE000, 0xE000, 0xE000, 0xD800, 0xD800, 0xD800, 0xD800,
    0xD000, 0xD000, 0xC800, 0xC800, 0xC000, 0xB800, 0xB800, 0xB800, 0xB000, 0xB000, 0xA800, 0xA800, 0xA800, 0xA000, 0x9800, 0x9000,
    0x9000, 0x9000, 0x7841, 0x2000, 0x2945, 0x8C30, 0x83EF, 0x7C10, 0x7BEF, 0x7BEF, 0x7BEF, 0x7BEF, 0x7BEF, 0x7BEF, 0x8410, 0x8410,
    0x8430, 0x8410, 0x7BEF, 0x8430, 0x7BEF, 0x7BEF, 0x8410, 0x8410, 0x8410, 0x8430, 0x8430, 0x8430, 0x8430, 0x8430, 0x8430, 0x8430,
    0x8C51, 0x8C51, 0x8430, 0x8430, 0x8430, 0x8430, 0x8C51, 0x8C71, 0x8C51, 0x8430, 0x8C51, 0x8C51, 0x8C51, 0x8C51, 0x8430, 0x8C51,
    0x8C51, 0x8C71, 0x8C51, 0x8C71, 0x8C51, 0x8C71, 0x8C71, 0x9492, 0x9492, 0x8C71, 0x9492, 0x9492, 0x8C71, 0x8C71, 0x8C71, 0x9492,
    0x8C71, 0x9492, 0x9CD3, 0x94B2, 0x94B2, 0x8C71, 0x3186, 0xD6BA, 0xFFFF, 0xFFFF, 0xFFFF, 0xFFFF, 0xFFFF, 0xFFFF, 0xFFFF, 0xFFFF,
    0xFFFF, 0xFFFF, 0xFFFF, 0xFFFF, 0xFFFF, 0xFFFF, 0xFFFF, 0xFFFF, 0xFFFF, 0xFFFF, 0xFFFF, 0xFFFF, 0xFFFF, 0xFFFF, 0xFFFF, 0xFFFF,
    0xFFFF, 0xFFFF, 0xFFFF, 0xFFFF, 0xFFFF, 0xFFFF, 0xFFFF, 0xFFFF, 0xFFFF, 0xFFFF, 0xFFFF, 0xFFFF, 0xFFFF, 0xFFFF, 0xFFFF, 0xFFFF,
    0xFFFF, 0xFFFF, 0xFFFF, 0xFFFF, 0xFFFF, 0xFFFF, 0xFFFF, 0xFFFF, 0xFFFF, 0xFFFF, 0xFFFF, 0xFFFF, 0xFFFF, 0xFFFF, 0xFFFF, 0xFFFF,
    0xFFFF, 0xFFFF, 0xFFFF, 0xFFFF, 0xFFFF, 0xFFFF, 0xFFFF, 0xFFFF, 0xFFFF, 0xFFFF, 0xFFFF, 0xFFFF, 0xFFFF, 0xFFFF, 0xFFFF, 0xFFFF,
    0xFFFF, 0xFFFF, 0xFFFF, 0xFFFF, 0xFFFF, 0xFFFF, 0xFFFF, 0xFFDF, 0x4A69, 0x6B6D, 0xD69A, 0xC638, 0xA514, 0xAD55, 0xAD55, 0xA534,
    0xAD55, 0xAD55, 0xA534, 0xAD75, 0xAD75, 0xAD55, 0xA534, 0xA534, 0xAD55, 0xA534, 0xAD55, 0xAD75, 0xAD55, 0xA534, 0xAD55, 0xA534,
    0xA514, 0xA514, 0xA534, 0xA534, 0xA514, 0xA534, 0xA514, 0xA514, 0xA514, 0xA514, 0xA514, 0x9CD3, 0x9CF3, 0x9CD3, 0x9CF3, 0x9CF3,
    0x9CD3, 0x9CD3, 0x9CD3, 0x9CF3, 0x9CD3, 0x94B2, 0x9CF3, 0x94B2, 0x9CD3, 0x94B2, 0x9492, 0x9492, 0x9CD3, 0x94B2, 0x9CD3, 0x94B2,
    0x94B2, 0x9CD3, 0x8C71, 0x0882, 0x0000, 0x5841, 0x9000, 0x9000, 0x9000, 0x9800, 0xA000, 0xA000, 0xA800, 0xA800, 0xB000, 0xB800,
    0xB800, 0xB800, 0xC000, 0xC000, 0xC800, 0xC800, 0xC800, 0xD000, 0xD000, 0xD000, 0xD800, 0xD800, 0xD800, 0xE000, 0xE000, 0xE000,
    0xE000, 0xE020, 0xE041, 0xE041, 0xE861, 0xE882, 0xE8A2, 0xF0C3, 0xF0E3, 0xF104, 0xF124, 0xF145, 0xF165, 0xF186, 0xF1A6, 0xF9E7,
    0xFA08, 0xFA28, 0xFA48, 0xFA69, 0xFA8A, 0xFAAA, 0xFACA, 0xFACB, 0xFAEB, 0xFB0B, 0xFB2B, 0xFB2C, 0xFB2C, 0xFB0C, 0xFB0B, 0xFAEB,
    0xFAEB, 0xFACA, 0xFAAA, 0xFA8A, 0xFA69, 0xFA49, 0xFA28, 0xF9E7, 0xF9C7, 0xF9A6, 0xF9A6, 0xF986, 0xF145, 0xF124, 0xF104, 0xF0E3,
    0xF0C3, 0xE8A2, 0xE882, 0xE882, 0xE861, 0xE841, 0xE020, 0xE000, 0xE000, 0xE000, 0xE000, 0xD800, 0xD800, 0xD800, 0xD800, 0xD000,
    0xD000, 0xC800, 0xC800, 0xC000, 0xC000, 0xB800, 0xB800, 0xB800, 0xB000, 0xB000, 0xA800, 0xA800, 0xA000, 0xA000, 0x9000, 0x9000,
    0x9000, 0x9000, 0x6021, 0x0000, 0x41E8, 0x8C31, 0x7C0F, 0x7C0F, 0x8410, 0x8410, 0x7BEF, 0x7BEF, 0x7BEF, 0x7BEF, 0x8410, 0x8410,
    0x8410, 0x8410, 0x8410, 0x8410, 0x8410, 0x8410, 0x8410, 0x8410, 0x8410, 0x8430, 0x8430, 0x8430, 0x8430, 0x8430, 0x8410, 0x8430,
    0x8C51, 0x8C51, 0x8430, 0x8430, 0x8C51, 0x8C51, 0x8C71, 0x8C71, 0x8C51, 0x8430, 0x8430, 0x8430, 0x8C51, 0x8C51, 0x8C51, 0x8C51,
    0x8C51, 0x8C51, 0x8430, 0x8C51, 0x8C51, 0x8C51, 0x8C51, 0x8C71, 0x8C51, 0x8C71, 0x8C71, 0x8C51, 0x8C51, 0x8C71, 0x9492, 0x9492,
    0x9492, 0x94B2, 0x94B2, 0x9492, 0x9492, 0x94B2, 0x39E7, 0x94B2, 0xFFFF, 0xFFFF, 0xFFFF, 0xFFFF, 0xFFFF, 0xFFFF, 0xFFFF, 0xFFFF,
    0xFFFF, 0xFFFF, 0xFFFF, 0xFFFF, 0xFFFF, 0xFFFF, 0xFFFF, 0xFFFF, 0xFFFF, 0xFFFF, 0xFFFF, 0xFFFF, 0xFFFF, 0xFFFF, 0xFFFF, 0xFFFF,
    0xFFFF, 0xFFFF, 0xFFFF, 0xFFFF, 0xFFFF, 0xFFFF, 0xFFFF, 0xFFFF, 0xFFFF, 0xFFFF, 0xFFFF, 0xFFFF, 0xFFFF, 0xFFFF, 0xFFFF, 0xFFFF,
    0xFFFF, 0xFFFF, 0xFFFF, 0xFFFF, 0xFFFF, 0xFFFF, 0xFFFF, 0xFFFF, 0xFFFF, 0xFFFF, 0xFFFF, 0xFFFF, 0xFFFF, 0xFFFF, 0xFFFF, 0xFFFF,
    0xFFFF, 0xFFFF, 0xFFFF, 0xFFFF, 0xFFFF, 0xFFFF, 0xFFFF, 0xFFFF, 0xFFFF, 0xFFFF, 0xFFFF, 0xFFFF, 0xFFFF, 0xFFFF, 0xFFFF, 0xFFFF,
    0xFFFF, 0xFFFF, 0xFFFF, 0xFFFF, 0xFFFF, 0xFFFF, 0xFFFF, 0xDEDB, 0x39E7, 0x8C51, 0xDEDB, 0xB5B6, 0xA534, 0xAD55, 0xAD55, 0xA534,
    0xA534, 0xA534, 0xAD55, 0xAD55, 0xAD55, 0xA534, 0xA534, 0xAD55, 0xAD55, 0xAD55, 0xA534, 0xAD55, 0xAD75, 0xAD55, 0xA534, 0xA534,
    0xA534, 0xA534, 0x9CF3, 0xA514, 0xA514, 0x9CF3, 0xA514, 0x9CF3, 0xA514, 0xA514, 0x9CD3, 0x9CF3, 0x9CD3, 0x9CD3, 0x9CF3, 0x9CD3,
    0x9CD3, 0x9CD3, 0xA514, 0x9CD3, 0x94B2, 0x9CD3, 0x9CD3, 0x9CD3, 0x9CD3, 0x94B2, 0x9492, 0x94B2, 0x9CD3, 0x9CD3, 0x9492, 0x9492,
    0x94B2, 0x9CD3, 0x9CD3, 0x2104, 0x0000, 0x3021, 0x8821, 0x9000, 0x9000, 0x9800, 0xA000, 0xA000, 0xA000, 0xA800, 0xA800, 0xB000,
    0xB000, 0xB800, 0xC000, 0xC000, 0xC000, 0xC800, 0xC800, 0xD000, 0xD000, 0xD000, 0xD000, 0xD800, 0xD800, 0xD800, 0xE000, 0xE000,
    0xE000, 0xE020, 0xE020, 0xE041, 0xE061, 0xE881, 0xE8A2, 0xE8A2, 0xE8C3, 0xF104, 0xF124, 0xF145, 0xF165, 0xF186, 0xF1A6, 0xF9E7,
    0xFA07, 0xFA08, 0xFA48, 0xFA69, 0xFA6A, 0xFAAA, 0xFAAA, 0xFACA, 0xFAEB, 0xFAEB, 0xFB0B, 0xFB0C, 0xFB0C, 0xFB0C, 0xFB0B, 0xFAEB,
    0xFAEB, 0xFAAA, 0xFAAA, 0xFA6A, 0xFA69, 0xFA49, 0xFA28, 0xF9E7, 0xF9C7, 0xF9A6, 0xF9A6, 0xF986, 0xF145, 0xF124, 0xF104, 0xF0E3,
    0xF0C3, 0xE8A2, 0xE882, 0xE862, 0xE861, 0xE841, 0xE020, 0xE000, 0xE000, 0xE000, 0xE000, 0xD800, 0xD800, 0xD800, 0xD000, 0xD000,
    0xD000, 0xC800, 0xC800, 0xC000, 0xC000, 0xB800, 0xB800, 0xB000, 0xB000, 0xA800, 0xA800, 0xA000, 0xA000, 0x9800, 0x9000, 0x9000,
    0x9000, 0x8021, 0x3020, 0x0000, 0x528A, 0x8C11, 0x7BEF, 0x7BEF, 0x7BEF, 0x7BEF, 0x7BEF, 0x7BEF, 0x7BEF, 0x7BEF, 0x7BEF, 0x8410,
    0x8410, 0x8410, 0x8410, 0x7BEF, 0x8410, 0x8430, 0x8430, 0x8430, 0x8430, 0x8430, 0x8430, 0x8430, 0x8430, 0x8430, 0x8430, 0x8430,
    0x8410, 0x8430, 0x8430, 0x8430, 0x8430, 0x8C51, 0x8C51, 0x8C51, 0x8C51, 0x8430, 0x8430, 0x8C51, 0x8C51, 0x8430, 0x8430, 0x8430,
    0x8430, 0x8430, 0x8430, 0x8C51, 0x8C71, 0x8C71, 0x8C71, 0x8C51, 0x8C51, 0x8C71, 0x8C51, 0x8C51, 0x8C71, 0x9492, 0x9492, 0x9492,
    0x9492, 0x94B2, 0x94B2, 0x9CD3, 0x94B2, 0x9492, 0x5ACB, 0x5ACB, 0xFFFF, 0xFFFF, 0xFFFF, 0xFFFF, 0xFFFF, 0xFFFF, 0xFFFF, 0xFFFF,
    0xFFFF, 0xFFFF, 0xFFFF, 0xFFFF, 0xFFFF, 0xFFFF, 0xFFFF, 0xFFFF, 0xFFFF, 0xFFFF, 0xFFFF, 0xFFFF, 0xFFFF, 0xFFFF, 0xFFFF, 0xFFFF,
    0xFFFF, 0xFFFF, 0xFFFF, 0xFFFF, 0xFFFF, 0xFFFF, 0xFFFF, 0xFFFF, 0xFFFF, 0xFFFF, 0xFFFF, 0xFFFF, 0xFFFF, 0xFFFF, 0xFFFF, 0xFFFF,
    0xFFFF, 0xFFFF, 0xFFFF, 0xFFFF, 0xFFFF, 0xFFFF, 0xFFFF, 0xFFFF, 0xFFFF, 0xFFFF, 0xFFFF, 0xFFFF, 0xFFFF, 0xFFFF, 0xFFFF, 0xFFFF,
    0xFFFF, 0xFFFF, 0xFFFF, 0xFFFF, 0xFFFF, 0xFFFF, 0xFFFF, 0xFFFF, 0xFFFF, 0xFFFF, 0xFFFF, 0xFFFF, 0xFFFF, 0xFFFF, 0xFFFF, 0xFFFF,
    0xFFFF, 0xFFFF, 0xFFFF, 0xFFFF, 0xFFFF, 0xFFFF, 0xFFFF, 0xAD55, 0x4208, 0x9CF3, 0xDEFB, 0xAD55, 0xAD55, 0xA514, 0xAD55, 0xA534,
    0xA514, 0xA534, 0xA534, 0xAD55, 0xA534, 0xAD55, 0xA534, 0xAD55, 0xAD55, 0xAD55, 0xAD55, 0xAD55, 0xAD55, 0xAD75, 0xA534, 0xAD55,
    0xAD55, 0xAD55, 0xA534, 0xA514, 0xA534, 0xA534, 0xA534, 0xA534, 0xA514, 0xA534, 0x9CF3, 0xA514, 0x9CF3, 0x9CD3, 0x9CD3, 0x9CF3,
    0x9CF3, 0x9CF3, 0x9CF3, 0x9CD3, 0x9CD3, 0x9CD3, 0x9CD3, 0x9CD3, 0x9CD3, 0x9CD3, 0x9CD3, 0x9CD3, 0x94B2, 0x9CD3, 0x9492, 0x9492,
    0x94B2, 0x94B2, 0x94D2, 0x3186, 0x0000, 0x1020, 0x6821, 0x9000, 0x9000, 0x9800, 0x9800, 0xA000, 0xA000, 0xA800, 0xA800, 0xB000,
    0xB000, 0xB800, 0xB800, 0xC000, 0xC000, 0xC000, 0xC800, 0xC800, 0xC800, 0xD000, 0xD000, 0xD000, 0xD000, 0xD800, 0xD800, 0xD800,
    0xE000, 0xE020, 0xE020, 0xE041, 0xE061, 0xE881, 0xE8A2, 0xE8A2, 0xE8E3, 0xF104, 0xF104, 0xF145, 0xF165, 0xF186, 0xF1A6, 0xF1E7,
    0xFA07, 0xFA08, 0xFA28, 0xFA49, 0xFA6A, 0xFAAA, 0xFAAA, 0xFACA, 0xFACB, 0xFAEB, 0xFB0B, 0xFB0B, 0xFB0B, 0xFB0B, 0xFAEB, 0xFAEB,
    0xFACB, 0xFAAA, 0xFA8A, 0xFA69, 0xFA69, 0xFA48, 0xFA28, 0xF9E7, 0xF9C7, 0xF9A6, 0xF1A6, 0xF966, 0xF145, 0xF124, 0xF104, 0xF0E3,
    0xE8C2, 0xE8A2, 0xE881, 0xE861, 0xE841, 0xE021, 0xE020, 0xE000, 0xE000, 0xE000, 0xD800, 0xD800, 0xD800, 0xD000, 0xD000, 0xD000,
    0xD000, 0xC800, 0xC000, 0xC000, 0xB800, 0xB800, 0xB000, 0xB000, 0xA800, 0xA800, 0xA000, 0xA000, 0x9800, 0x9000, 0x8820, 0x8800,
    0x9000, 0x6820, 0x1020, 0x0021, 0x5AEC, 0x7BF0, 0x7BEF, 0x7BCF, 0x7BEF, 0x7BEF, 0x8410, 0x7BEF, 0x7BEF, 0x8410, 0x7BEF, 0x8410,
    0x8410, 0x7BEF, 0x8410, 0x8410, 0x8410, 0x8410, 0x7BEF, 0x8410, 0x8410, 0x8410, 0x8410, 0x8410, 0x8430, 0x8430, 0x8430, 0x8430,
    0x8430, 0x8430, 0x8C51, 0x8430, 0x8430, 0x8430, 0x8C51, 0x8C51, 0x8C71, 0x8C51, 0x8430, 0x8C71, 0x8C51, 0x8430, 0x8C51, 0x8430,
    0x8430, 0x8C51, 0x8C71, 0x8C51, 0x8C71, 0x8C51, 0x8C51, 0x8C71, 0x9492, 0x8C71, 0x9492, 0x9492, 0x9492, 0x9492, 0x9492, 0x9492,
    0x8C71, 0x9492, 0x9CD3, 0x94B2, 0x94B2, 0x9492, 0x7BCF, 0x2965, 0xE73C, 0xFFFF, 0xFFFF, 0xFFFF, 0xFFFF, 0xFFFF, 0xFFFF, 0xFFFF,
    0xFFFF, 0xFFFF, 0xFFFF, 0xFFFF, 0xFFFF, 0xFFFF, 0xFFFF, 0xFFFF, 0xFFFF, 0xFFFF, 0xFFFF, 0xFFFF, 0xFFFF, 0xFFFF, 0xFFFF, 0xFFFF,
    0xFFFF, 0xFFFF, 0xFFFF, 0xFFFF, 0xFFFF, 0xFFFF, 0xFFFF, 0xFFFF, 0xFFFF, 0xFFFF, 0xFFFF, 0xFFFF, 0xFFFF, 0xFFFF, 0xFFFF, 0xFFFF,
    0xFFFF, 0xFFFF, 0xFFFF, 0xFFFF, 0xFFFF, 0xFFFF, 0xFFFF, 0xFFFF, 0xFFFF, 0xFFFF, 0xFFFF, 0xFFFF, 0xFFFF, 0xFFFF, 0xFFFF, 0xFFFF,
    0xFFFF, 0xFFFF, 0xFFFF, 0xFFFF, 0xFFFF, 0xFFFF, 0xFFFF, 0xFFFF, 0xFFFF, 0xFFFF, 0xFFFF, 0xFFFF, 0xFFFF, 0xFFFF, 0xFFFF, 0xFFFF,
    0xFFFF, 0xFFFF, 0xFFFF, 0xFFFF, 0xFFFF, 0xFFFF, 0xFFFF, 0x7BCF, 0x528A, 0xB5B6, 0xD6BA, 0x9CF3, 0xA534, 0xA514, 0xA534, 0xA534,
    0xA534, 0xA514, 0xA534, 0xA534, 0xA534, 0xA534, 0xAD55, 0xAD55, 0xAD55, 0xAD55, 0xAD55, 0xA534, 0xA534, 0xA534, 0xA514, 0xAD55,
    0xA534, 0xA514, 0xAD55, 0xA534, 0xA534, 0xA534, 0xA534, 0xA534, 0xA534, 0xA534, 0x9CF3, 0x9CD3, 0x9CD3, 0x9CF3, 0x9CD3, 0x94B2,
    0x94B2, 0x9CD3, 0xA514, 0x9CD3, 0x94B2, 0x94B2, 0x9CD3, 0x94B2, 0x9CD3, 0x9CD3, 0x94B2, 0x94B2, 0x9492, 0x94B2, 0x94B2, 0x94B2,
    0x9CD3, 0x9492, 0x9CD3, 0x4A48, 0x0800, 0x0820, 0x3800, 0x8821, 0x9000, 0x9000, 0x9000, 0x9800, 0xA000, 0xA000, 0xA800, 0xA800,
    0xB000, 0xB000, 0xB800, 0xB800, 0xC000, 0xC000, 0xC000, 0xC800, 0xC800, 0xC800, 0xD000, 0xD000, 0xD000, 0xD000, 0xD800, 0xD800,
    0xD820, 0xD820, 0xE020, 0xE061, 0xE061, 0xE881, 0xE8A2, 0xE8A2, 0xE8E3, 0xE904, 0xF104, 0xF145, 0xF165, 0xF185, 0xF1A6, 0xF9C7,
    0xF9E7, 0xFA08, 0xFA28, 0xFA49, 0xFA69, 0xFA8A, 0xFAAA, 0xFACA, 0xFACB, 0xFAEB, 0xFAEB, 0xFB0B, 0xFB0B, 0xFAEB, 0xFACB, 0xFACB,
    0xFACB, 0xFAAA, 0xFA8A, 0xFA69, 0xFA69, 0xFA48, 0xFA28, 0xF9E7, 0xF9C7, 0xF9A6, 0xF186, 0xF165, 0xF145, 0xF124, 0xF103, 0xE8E3,
    0xE8C2, 0xE8C2, 0xE8A1, 0xE861, 0xE041, 0xE041, 0xE020, 0xD800, 0xD800, 0xD800, 0xD800, 0xD000, 0xD000, 0xD000, 0xD000, 0xD000,
    0xC800, 0xC800, 0xC000, 0xB800, 0xB800, 0xB000, 0xB000, 0xA800, 0xA800, 0xA000, 0xA000, 0xA000, 0x9800, 0x9000, 0x8820, 0x9000,
    0x8021, 0x3820, 0x1800, 0x1861, 0x636D, 0x83F0, 0x7BEF, 0x7BCF, 0x7BCF, 0x7BEF, 0x7BEF, 0x7BEF, 0x7BEF, 0x7BEF, 0x7BEF, 0x8410,
    0x8410, 0x8410, 0x8410, 0x8410, 0x8410, 0x7BEF, 0x8410, 0x8410, 0x8410, 0x8430, 0x8430, 0x8C51, 0x8430, 0x8430, 0x8430, 0x8430,
    0x8C51, 0x8430, 0x8430, 0x8430, 0x8430, 0x8430, 0x8C51, 0x8C51, 0x8C71, 0x8C51, 0x8C51, 0x8C51, 0x8430, 0x8430, 0x8C51, 0x8430,
    0x8430, 0x8430, 0x8C51, 0x8C71, 0x8C71, 0x8C51, 0x8C51, 0x8C51, 0x8C71, 0x8C71, 0x9492, 0x9492, 0x9492, 0x8C71, 0x8C71, 0x8C71,
    0x8C71, 0x8C71, 0x9492, 0x9492, 0x9CD3, 0x94B2, 0x8C71, 0x2945, 0xA534, 0xFFFF, 0xFFFF, 0xFFFF, 0xFFFF, 0xFFFF, 0xFFFF, 0xFFFF,
    0xFFFF, 0xFFFF, 0xFFFF, 0xFFFF, 0xFFFF, 0xFFFF, 0xFFFF, 0xFFFF, 0xFFFF, 0xFFFF, 0xFFFF, 0xFFFF, 0xFFFF, 0xFFFF, 0xFFFF, 0xFFFF,
    0xFFFF, 0xFFFF, 0xFFFF, 0xFFFF, 0xFFFF, 0xFFFF, 0xFFFF, 0xFFFF, 0xFFFF, 0xFFFF, 0xFFFF, 0xFFFF, 0xFFFF, 0xFFFF, 0xFFFF, 0xFFFF,
    0xFFFF, 0xFFFF, 0xFFFF, 0xFFFF, 0xFFFF, 0xFFFF, 0xFFFF, 0xFFFF, 0xFFFF, 0xFFFF, 0xFFFF, 0xFFFF, 0xFFFF, 0xFFFF, 0xFFFF, 0xFFFF,
    0xFFFF, 0xFFFF, 0xFFFF, 0xFFFF, 0xFFFF, 0xFFFF, 0xFFFF, 0xFFFF, 0xFFFF, 0xFFFF, 0xFFFF, 0xFFFF, 0xFFFF, 0xFFFF, 0xFFFF, 0xFFFF,
    0xFFFF, 0xFFFF, 0xFFFF, 0xFFFF, 0xFFFF, 0xFFFF, 0xFFFF, 0x5ACB, 0x6B4D, 0xCE59, 0xC638, 0x9CF3, 0xA534, 0xA534, 0xA534, 0xA534,
    0xAD55, 0xAD55, 0xA534, 0xA534, 0xAD55, 0xA534, 0xA534, 0xA534, 0xA534, 0xA514, 0xA534, 0xAD55, 0xA534, 0xA534, 0xA514, 0xA534,
    0xA534, 0xA514, 0xA534, 0xA534, 0xA514, 0xAD55, 0xA534, 0xA514, 0xA514, 0xA514, 0x9CF3, 0x9CD3, 0x9CD3, 0x9CD3, 0x9CF3, 0x9CD3,
    0x9CD3, 0x9CD3, 0x9CF3, 0x94B2, 0x94B2, 0x9CD3, 0x9CD3, 0x9CF3, 0x9CD3, 0x94B2, 0x94B2, 0x94B2, 0x94B2, 0x94B2, 0x94B2, 0x94B2,
    0x94B2, 0x9492, 0x9CF3, 0x630B, 0x2000, 0x3062, 0x0800, 0x6820, 0x9000, 0x8800, 0x9000, 0x9800, 0x9800, 0xA000, 0xA000, 0xA800,
    0xA800, 0xB000, 0xB000, 0xB800, 0xC000, 0xC000, 0xC000, 0xC800, 0xC800, 0xC800, 0xC800, 0xC800, 0xD000, 0xD000, 0xD000, 0xD000,
    0xD820, 0xD820, 0xD820, 0xE061, 0xE061, 0xE081, 0xE8A2, 0xE8A2, 0xE8E3, 0xE8E3, 0xF104, 0xF145, 0xF165, 0xF185, 0xF1A6, 0xF9C7,
    0xF9E7, 0xFA07, 0xFA28, 0xFA29, 0xFA69, 0xFA8A, 0xFAAA, 0xFAAA, 0xFACA, 0xFACB, 0xFAEB, 0xFAEB, 0xFAEB, 0xFAEB, 0xFACB, 0xFACB,
    0xFAAA, 0xFA8A, 0xFA8A, 0xFA69, 0xFA49, 0xFA28, 0xFA08, 0xF9E7, 0xF9C7, 0xF9A6, 0xF186, 0xF165, 0xF145, 0xF124, 0xF103, 0xE8E3,
    0xE8C2, 0xE8A2, 0xE882, 0xE061, 0xE041, 0xE041, 0xD820, 0xD800, 0xD800, 0xD800, 0xD000, 0xD000, 0xD000, 0xC800, 0xC800, 0xC800,
    0xC800, 0xC800, 0xC000, 0xB800, 0xB800, 0xB000, 0xB000, 0xA800, 0xA800, 0xA000, 0xA000, 0x9800, 0x9800, 0x9000, 0x8800, 0x9000,
    0x6841, 0x2000, 0x3821, 0x28A2, 0x6BCE, 0x83D0, 0x7BEF, 0x7BEF, 0x7BEF, 0x8410, 0x8410, 0x8410, 0x8410, 0x8410, 0x7BEF, 0x7BEF,
    0x7BEF, 0x7BEF, 0x8410, 0x8410, 0x8410, 0x8410, 0x8410, 0x8410, 0x8430, 0x8430, 0x8430, 0x8430, 0x8430, 0x8430, 0x8430, 0x8430,
    0x8430, 0x8C51, 0x8430, 0x8430, 0x8C51, 0x8430, 0x8430, 0x8430, 0x8C51, 0x8C71, 0x8C51, 0x8430, 0x8430, 0x8430, 0x8430, 0x8430,
    0x8430, 0x8430, 0x8430, 0x8C71, 0x8C71, 0x8C71, 0x8C51, 0x8C51, 0x8C51, 0x8C71, 0x8C51, 0x8C51, 0x8C71, 0x8C71, 0x8C71, 0x8C51,
    0x8C71, 0x8C71, 0x9492, 0x94B2, 0x94B2, 0x9492, 0x9492, 0x4228, 0x6B4D, 0xFFFF, 0xFFFF, 0xFFFF, 0xFFFF, 0xFFFF, 0xFFFF, 0xFFFF,
    0xFFFF, 0xFFFF, 0xFFFF, 0xFFFF, 0xFFFF, 0xFFFF, 0xFFFF, 0xFFFF, 0xFFFF, 0xFFFF, 0xFFFF, 0xFFFF, 0xFFFF, 0xFFFF, 0xFFFF, 0xFFFF,
    0xFFFF, 0xFFFF, 0xFFFF, 0xFFFF, 0xFFFF, 0xFFFF, 0xFFFF, 0xFFFF, 0xFFFF, 0xFFFF, 0xFFFF, 0xFFFF, 0xFFFF, 0xFFFF, 0xFFFF, 0xFFFF,
    0xFFFF, 0xFFFF, 0xFFFF, 0xFFFF, 0xFFFF, 0xFFFF, 0xFFFF, 0xFFFF, 0xFFFF, 0xFFFF, 0xFFFF, 0xFFFF, 0xFFFF, 0xFFFF, 0xFFFF, 0xFFFF,
    0xFFFF, 0xFFFF, 0xFFFF, 0xFFFF, 0xFFFF, 0xFFFF, 0xFFFF, 0xFFFF, 0xFFFF, 0xFFFF, 0xFFFF, 0xFFFF, 0xFFFF, 0xFFFF, 0xFFFF, 0xFFFF,
    0xFFFF, 0xFFFF, 0xFFFF, 0xFFFF, 0xFFFF, 0xFFFF, 0xE73C, 0x4208, 0x8430, 0xD6BA, 0xB596, 0xA514, 0xAD55, 0xAD35, 0xAD55, 0xAD55,
    0xA534, 0xA534, 0xAD55, 0xAD55, 0xAD55, 0xAD55, 0xA534, 0xAD55, 0xA534, 0xA514, 0xA534, 0xAD75, 0xAD55, 0xA514, 0xA534, 0xA534,
    0xAD55, 0xAD55, 0xA534, 0xA514, 0xA514, 0xA514, 0xA514, 0xA514, 0xA514, 0xA514, 0x9CF3, 0x9CF3, 0x94B2, 0x94B2, 0x9CD3, 0x9CF3,
    0x9CF3, 0x9CD3, 0x9CD3, 0x9CD3, 0x9CD3, 0x9CF3, 0x9CD3, 0x9CD3, 0x9CD3, 0x94B2, 0x94B2, 0x94B2, 0x9492, 0x94B2, 0x94B2, 0x9CD3,
    0x9CD3, 0x94B2, 0x9CF3, 0x73CF, 0x2020, 0x60A3, 0x1020, 0x2820, 0x8041, 0x9000, 0x9000, 0x9000, 0x9000, 0x9800, 0xA000, 0xA800,
    0xA800, 0xA800, 0xB000, 0xB800, 0xB800, 0xB800, 0xC000, 0xC000, 0xC000, 0xC800, 0xC800, 0xC800, 0xC800, 0xC800, 0xD000, 0xD000,
    0xD800, 0xD820, 0xD820, 0xE061, 0xE061, 0xE061, 0xE8A2, 0xE8A2, 0xE8E3, 0xE8E3, 0xF104, 0xF145, 0xF145, 0xF165, 0xF1A6, 0xF1C7,
    0xF9E7, 0xF207, 0xFA28, 0xFA28, 0xFA49, 0xFA69, 0xFA8A, 0xFAAA, 0xFACA, 0xFACB, 0xFACB, 0xFAEB, 0xFACB, 0xFACB, 0xFACB, 0xFAAA,
    0xFAAA, 0xFA8A, 0xFA6A, 0xFA69, 0xFA49, 0xFA28, 0xFA08, 0xF9E7, 0xF9C7, 0xF1A6, 0xF186, 0xF165, 0xF145, 0xF124, 0xF104, 0xE8E3,
    0xE8C3, 0xE8A2, 0xE082, 0xE061, 0xD841, 0xD841, 0xD820, 0xD000, 0xD000, 0xD800, 0xD000, 0xD000, 0xC800, 0xC800, 0xC800, 0xC800,
    0xC800, 0xC000, 0xB800, 0xB800, 0xB000, 0xB000, 0xB000, 0xA800, 0xA800, 0xA000, 0xA000, 0x9800, 0x9000, 0x9000, 0x8800, 0x8821,
    0x4021, 0x3000, 0x5001, 0x3124, 0x7C10, 0x83F0, 0x7C0F, 0x7BEF, 0x8410, 0x7BEF, 0x7BEF, 0x7BEF, 0x7BEF, 0x8410, 0x8410, 0x7BEF,
    0x7BEF, 0x7BEF, 0x7BEF, 0x8410, 0x8410, 0x8410, 0x8410, 0x8430, 0x8430, 0x8410, 0x8410, 0x8410, 0x8C51, 0x8430, 0x8430, 0x8430,
    0x8430, 0x8C51, 0x8430, 0x8430, 0x8430, 0x8430, 0x8430, 0x8430, 0x8430, 0x8C51, 0x8430, 0x8C51, 0x8C51, 0x8C71, 0x8C51, 0x8430,
    0x8430, 0x8430, 0x8C51, 0x8C51, 0x8C71, 0x8C71, 0x8C71, 0x8C51, 0x8C51, 0x8C51, 0x8C51, 0x8C51, 0x8C51, 0x8C51, 0x9492, 0x8C51,
    0x8C71, 0x8C71, 0x8C71, 0x9492, 0x9492, 0x9492, 0x8C71, 0x632C, 0x31A6, 0xFFDF, 0xFFFF, 0xFFFF, 0xFFFF, 0xFFFF, 0xFFFF, 0xFFFF,
    0xFFFF, 0xFFFF, 0xFFFF, 0xFFFF, 0xFFFF, 0xFFFF, 0xFFFF, 0xFFFF, 0xFFFF, 0xFFFF, 0xFFFF, 0xFFFF, 0xFFFF, 0xFFFF, 0xFFFF, 0xFFFF,
    0xFFFF, 0xFFFF, 0xFFFF, 0xFFFF, 0xFFFF, 0xFFFF, 0xFFFF, 0xFFFF, 0xFFFF, 0xFFFF, 0xFFFF, 0xFFFF, 0xFFFF, 0xFFFF, 0xFFFF, 0xFFFF,
    0xFFFF, 0xFFFF, 0xFFFF, 0xFFFF, 0xFFFF, 0xFFFF, 0xFFFF, 0xFFFF, 0xFFFF, 0xFFFF, 0xFFFF, 0xFFFF, 0xFFFF, 0xFFFF, 0xFFFF, 0xFFFF,
    0xFFFF, 0xFFFF, 0xFFFF, 0xFFFF, 0xFFFF, 0xFFFF, 0xFFFF, 0xFFFF, 0xFFFF, 0xFFFF, 0xFFFF, 0xFFFF, 0xFFFF, 0xFFFF, 0xFFFF, 0xFFFF,
    0xFFFF, 0xFFFF, 0xFFFF, 0xFFFF, 0xFFFF, 0xFFFF, 0xBDD7, 0x4208, 0x9CD3, 0xD6BA, 0xA514, 0xA534, 0xAD55, 0xAD55, 0xAD55, 0xA514,
    0xA514, 0xA514, 0xAD55, 0xAD55, 0xAD55, 0xAD75, 0xAD55, 0xA534, 0xA534, 0xA534, 0xAD55, 0xAD55, 0xA514, 0xA514, 0xA534, 0xA534,
    0xAD55, 0xAD55, 0xA534, 0xA514, 0xA514, 0xA514, 0x9CF3, 0x9CF3, 0xA514, 0xA514, 0x9CF3, 0x9CF3, 0x9CD3, 0x94B2, 0x9492, 0x94B2,
    0x9CD3, 0x9CD3, 0x9CF3, 0x9CD3, 0x9CD3, 0x9CD3, 0x9CD3, 0x9CD3, 0x94B2, 0x9CD3, 0x9CD3, 0x9492, 0x8C71, 0x94B2, 0x9CD3, 0x94B2,
    0x94B2, 0x94B2, 0x9CD3, 0x8451, 0x1861, 0x6882, 0x4861, 0x0800, 0x5041, 0x9020, 0x8800, 0x9000, 0x9800, 0x9820, 0xA000, 0xA000,
    0xA000, 0xA800, 0xA800, 0xB000, 0xB800, 0xB800, 0xB800, 0xC000, 0xC000, 0xC000, 0xC800, 0xC800, 0xC800, 0xC800, 0xC800, 0xD000,
    0xD020, 0xD820, 0xD820, 0xD841, 0xE061, 0xE081, 0xE882, 0xE8A2, 0xE8C3, 0xF0E3, 0xF104, 0xF124, 0xF145, 0xF165, 0xF186, 0xF9A6,
    0xF9E7, 0xF1E7, 0xFA08, 0xFA28, 0xFA49, 0xFA69, 0xFA8A, 0xFAAA, 0xFAAA, 0xFACB, 0xFACB, 0xFACA, 0xFACA, 0xFACA, 0xFACB, 0xFAAA,
    0xFAAA, 0xFA8A, 0xFA6A, 0xFA49, 0xFA49, 0xFA28, 0xFA08, 0xF9E7, 0xF9C6, 0xF1A6, 0xF185, 0xF165, 0xF124, 0xF104, 0xE904, 0xE8E3,
    0xE8C2, 0xE0A2, 0xE082, 0xE061, 0xE061, 0xD841, 0xD820, 0xD000, 0xD000, 0xD000, 0xD000, 0xC800, 0xC800, 0xC800, 0xC000, 0xC000,
    0xC000, 0xB800, 0xB800, 0xB000, 0xB000, 0xA800, 0xA800, 0xA800, 0xA800, 0xA000, 0x9800, 0x9800, 0x9020, 0x8820, 0x9001, 0x6821,
    0x1800, 0x5841, 0x4800, 0x3186, 0x8431, 0x83F0, 0x8410, 0x7C10, 0x7BEF, 0x7BEF, 0x7BEF, 0x7BEF, 0x7BEF, 0x7BEF, 0x7BEF, 0x7BEF,
    0x8410, 0x7BEF, 0x7BEF, 0x8410, 0x8410, 0x8410, 0x8410, 0x8430, 0x8430, 0x8430, 0x8430, 0x8430, 0x8430, 0x8430, 0x8430, 0x8430,
    0x8430, 0x8430, 0x8C51, 0x8430, 0x8430, 0x8430, 0x8430, 0x8430, 0x8C51, 0x8C51, 0x8C51, 0x8C51, 0x8C51, 0x8C51, 0x8C51, 0x8430,
    0x8430, 0x8430, 0x8430, 0x8C51, 0x8C51, 0x8C51, 0x8C71, 0x8C51, 0x8C51, 0x8C51, 0x8C71, 0x8C71, 0x8C71, 0x8C71, 0x8C51, 0x8C51,
    0x8C71, 0x8C71, 0x8C71, 0x94B2, 0x94B2, 0x9492, 0x8C71, 0x8410, 0x2124, 0xCE59, 0xFFFF, 0xFFFF, 0xFFFF, 0xFFFF, 0xFFFF, 0xFFFF,
    0xFFFF, 0xFFFF, 0xFFFF, 0xFFFF, 0xFFFF, 0xFFFF, 0xFFFF, 0xFFFF, 0xFFFF, 0xFFFF, 0xFFFF, 0xFFFF, 0xFFFF, 0xFFFF, 0xFFFF, 0xFFFF,
    0xFFFF, 0xFFFF, 0xFFFF, 0xFFFF, 0xFFFF, 0xFFFF, 0xFFFF, 0xFFFF, 0xFFFF, 0xFFFF, 0xFFFF, 0xFFFF, 0xFFFF, 0xFFFF, 0xFFFF, 0xFFFF,
    0xFFFF, 0xFFFF, 0xFFFF, 0xFFFF, 0xFFFF, 0xFFFF, 0xFFFF, 0xFFFF, 0xFFFF, 0xFFFF, 0xFFFF, 0xFFFF, 0xFFFF, 0xFFFF, 0xFFFF, 0xFFFF,
    0xFFFF, 0xFFFF, 0xFFFF, 0xFFFF, 0xFFFF, 0xFFFF, 0xFFFF, 0xFFFF, 0xFFFF, 0xFFFF, 0xFFFF, 0xFFFF, 0xFFFF, 0xFFFF, 0xFFFF, 0xFFFF,
    0xFFFF, 0xFFFF, 0xFFFF, 0xFFFF, 0xFFFF, 0xFFFF, 0x8C71, 0x4A69, 0xAD55, 0xCE79, 0x9CF3, 0xA534, 0xA514, 0xA534, 0xA514, 0x9CF3,
    0xA514, 0xA534, 0xA534, 0xA534, 0xAD55, 0xAD55, 0xA534, 0xA514, 0xA514, 0xA514, 0xA534, 0xAD55, 0xA534, 0xA514, 0xA514, 0xA514,
    0xA514, 0x9CF3, 0xA514, 0xA514, 0x9CF3, 0x9CF3, 0x9CF3, 0x9CF3, 0x9CF3, 0xA514, 0x9CF3, 0x9CD3, 0x9CF3, 0x9CF3, 0x9CD3, 0x94B2,
    0x94B2, 0x9CD3, 0x9CD3, 0x9CF3, 0x9CD3, 0x9CD3, 0x9CF3, 0x9CF3, 0x9CD3, 0x9CD3, 0x9CD3, 0x94B2, 0x9492, 0x9492, 0x94B2, 0x9492,
    0x9492, 0x94B2, 0x9492, 0x9492, 0x20C3, 0x5041, 0x88C3, 0x2800, 0x1800, 0x6841, 0x9020, 0x9800, 0x9000, 0x9000, 0x9800, 0xA000,
    0xA000, 0xA000, 0xA800, 0xA800, 0xB000, 0xB000, 0xB800, 0xC000, 0xC000, 0xC000, 0xC000, 0xC800, 0xC800, 0xC800, 0xC800, 0xD000,
    0xD000, 0xD020, 0xD020, 0xD840, 0xD861, 0xE081, 0xE0A2, 0xE8A2, 0xE8C3, 0xE8E3, 0xE904, 0xE924, 0xF145, 0xF165, 0xF185, 0xF1A6,
    0xF1C7, 0xF1E7, 0xFA08, 0xFA08, 0xFA48, 0xFA69, 0xFA69, 0xFA8A, 0xFA8A, 0xFAAA, 0xFAAA, 0xFAAA, 0xFAAA, 0xFAAA, 0xFAAA, 0xFA8A,
    0xFA8A, 0xFA69, 0xFA69, 0xFA49, 0xFA28, 0xFA08, 0xF1E7, 0xF9C7, 0xF1A6, 0xF1A6, 0xF165, 0xF145, 0xF124, 0xE904, 0xE8E3, 0xE8C3,
    0xE0A2, 0xE082, 0xE082, 0xE061, 0xE041, 0xD841, 0xD020, 0xD020, 0xD000, 0xD000, 0xC800, 0xC800, 0xC800, 0xC000, 0xC000, 0xC000,
    0xC000, 0xB800, 0xB000, 0xB000, 0xA800, 0xA800, 0xA800, 0xA000, 0xA000, 0x9800, 0x9800, 0x9800, 0x9000, 0x8820, 0x7042, 0x2000,
    0x3800, 0x8862, 0x3800, 0x4A28, 0x8431, 0x83EF, 0x8410, 0x8410, 0x8410, 0x8410, 0x8410, 0x8410, 0x8410, 0x8410, 0x8410, 0x8410,
    0x8410, 0x8410, 0x8410, 0x8410, 0x8430, 0x8430, 0x8430, 0x8430, 0x8C51, 0x8C51, 0x8430, 0x8430, 0x8430, 0x8430, 0x8410, 0x8430,
    0x8430, 0x8430, 0x8430, 0x8430, 0x8430, 0x8430, 0x8C71, 0x8C71, 0x8C71, 0x8C51, 0x8430, 0x8430, 0x8430, 0x8430, 0x8430, 0x8C51,
    0x8430, 0x8430, 0x8430, 0x8C51, 0x8430, 0x8430, 0x8430, 0x8C51, 0x8C51, 0x8C51, 0x8C51, 0x8430, 0x8C51, 0x8C71, 0x8C51, 0x8C51,
    0x8C51, 0x8C71, 0x8C51, 0x8C71, 0x8C71, 0x8C71, 0x8C51, 0x8C51, 0x31A6, 0x8C71, 0xFFFF, 0xFFFF, 0xFFFF, 0xFFFF, 0xFFFF, 0xFFFF,
    0xFFFF, 0xFFFF, 0xFFFF, 0xFFFF, 0xFFFF, 0xFFFF, 0xFFFF, 0xFFFF, 0xFFFF, 0xFFFF, 0xFFFF, 0xFFFF, 0xFFFF, 0xFFFF, 0xFFFF, 0xFFFF,
    0xFFFF, 0xFFFF, 0xFFFF, 0xFFFF, 0xFFFF, 0xFFFF, 0xFFFF, 0xFFFF, 0xFFFF, 0xFFFF, 0xFFFF, 0xFFFF, 0xFFFF, 0xFFFF, 0xFFFF, 0xFFFF,
    0xFFFF, 0xFFFF, 0xFFFF, 0xFFFF, 0xFFFF, 0xFFFF, 0xFFFF, 0xFFFF, 0xFFFF, 0xFFFF, 0xFFFF, 0xFFFF, 0xFFFF, 0xFFFF, 0xFFFF, 0xFFFF,
    0xFFFF, 0xFFFF, 0xFFFF, 0xFFFF, 0xFFFF, 0xFFFF, 0xFFFF, 0xFFFF, 0xFFFF, 0xFFFF, 0xFFFF, 0xFFFF, 0xFFFF, 0xFFFF, 0xFFFF, 0xFFFF,
    0xFFFF, 0xFFFF, 0xFFFF, 0xFFFF, 0xFFFF, 0xFFFF, 0x632C, 0x630C, 0xBDD7, 0xC638, 0x9CF3, 0xA514, 0xA514, 0x9CF3, 0xA514, 0xA514,
    0xA534, 0xA534, 0xA534, 0xA534, 0xA514, 0xA534, 0xA514, 0xA514, 0xA534, 0xA534, 0xAD75, 0xAD75, 0xA534, 0xA534, 0xA514, 0x9CF3,
    0x9CF3, 0x9CD3, 0x9CF3, 0x9CF3, 0x9CF3, 0x9CF3, 0x9CF3, 0x9CF3, 0x9CF3, 0xA514, 0xA514, 0x9CF3, 0x9CF3, 0x9CD3, 0x9CF3, 0x9CD3,
    0x94B2, 0x94B2, 0x94B2, 0x9CD3, 0x94B2, 0x9CD3, 0x9CF3, 0x9CD3, 0x94B2, 0x9CD3, 0x94B2, 0x94B2, 0x9CD3, 0x94B2, 0x94B2, 0x9492,
    0x94B2, 0x9492, 0x94B2, 0x9CD3, 0x3166, 0x4040, 0x90A3, 0x7062, 0x1800, 0x3020, 0x8041, 0x9000, 0x9000, 0x9000, 0x9800, 0x9800,
    0xA000, 0xA000, 0xA000, 0xA800, 0xA800, 0xB000, 0xB000, 0xB800, 0xB800, 0xB800, 0xC000, 0xC000, 0xC000, 0xC000, 0xC800, 0xC800,
    0xC800, 0xD020, 0xD020, 0xD020, 0xD841, 0xD861, 0xE082, 0xE8A2, 0xE8C3, 0xE8E3, 0xE904, 0xE924, 0xF145, 0xF165, 0xF165, 0xF1A6,
    0xF9C7, 0xF1E7, 0xFA08, 0xFA08, 0xFA28, 0xFA49, 0xFA69, 0xFA6A, 0xFA8A, 0xFAAA, 0xFAAA, 0xFAAA, 0xFAAA, 0xFAAA, 0xFAAA, 0xFA8A,
    0xFA89, 0xFA69, 0xFA49, 0xFA48, 0xFA28, 0xFA08, 0xF1E7, 0xF9C7, 0xF1A6, 0xF185, 0xF165, 0xE944, 0xE924, 0xE904, 0xE8E3, 0xE8C3,
    0xE0A2, 0xE082, 0xE061, 0xD841, 0xD841, 0xD820, 0xD000, 0xC800, 0xC800, 0xC800, 0xC800, 0xC800, 0xC000, 0xC000, 0xC000, 0xC000,
    0xB800, 0xB000, 0xB000, 0xB000, 0xA800, 0xA800, 0xA000, 0xA000, 0x9800, 0x9800, 0x9000, 0x9000, 0x9000, 0x8021, 0x3820, 0x1000,
    0x7821, 0x9041, 0x2800, 0x52CA, 0x8410, 0x7BEF, 0x840F, 0x8410, 0x8410, 0x8410, 0x8410, 0x8410, 0x8410, 0x8410, 0x8410, 0x7BEF,
    0x7BEF, 0x7BEF, 0x7BEF, 0x8410, 0x8410, 0x8410, 0x8430, 0x8C51, 0x8C51, 0x8C51, 0x8430, 0x8C51, 0x8C51, 0x8430, 0x8410, 0x8430,
    0x8430, 0x8430, 0x8430, 0x8430, 0x8430, 0x8430, 0x8C51, 0x8C51, 0x8C51, 0x8C51, 0x8C51, 0x8430, 0x8430, 0x8430, 0x8430, 0x8430,
    0x8C51, 0x8C51, 0x8C51, 0x8430, 0x8430, 0x8430, 0x8430, 0x8410, 0x8430, 0x8430, 0x8C51, 0x8430, 0x8430, 0x8C71, 0x8C71, 0x8430,
    0x8C71, 0x8C71, 0x8C51, 0x8C51, 0x8C51, 0x8C51, 0x8430, 0x8C51, 0x4A69, 0x528A, 0xFFFF, 0xFFFF, 0xFFFF, 0xFFFF, 0xFFFF, 0xFFFF,
    0xFFFF, 0xFFFF, 0xFFFF, 0xFFFF, 0xFFFF, 0xFFFF, 0xFFFF, 0xFFFF, 0xFFFF, 0xFFFF, 0xFFFF, 0xFFFF, 0xFFFF, 0xFFFF, 0xFFFF, 0xFFFF,
    0xFFFF, 0xFFFF, 0xFFFF, 0xFFFF, 0xFFFF, 0xFFFF, 0xFFFF, 0xFFFF, 0xFFFF, 0xFFFF, 0xFFFF, 0xFFFF, 0xFFFF, 0xFFFF, 0xFFFF, 0xFFFF,
    0xFFFF, 0xFFFF, 0xFFFF, 0xFFFF, 0xFFFF, 0xFFFF, 0xFFFF, 0xFFFF, 0xFFFF, 0xFFFF, 0xFFFF, 0xFFFF, 0xFFFF, 0xFFFF, 0xFFFF, 0xFFFF,
    0xFFFF, 0xFFFF, 0xFFFF, 0xFFFF, 0xFFFF, 0xFFFF, 0xFFFF, 0xFFFF, 0xFFFF, 0xFFFF, 0xFFFF, 0xFFFF, 0xFFFF, 0xFFFF, 0xFFFF, 0xFFFF,
    0xFFFF, 0xFFFF, 0xFFFF, 0xFFFF, 0xFFFF, 0xEF7D, 0x4228, 0x7BCF, 0xC638, 0xB596, 0x9CD3, 0xA514, 0xA514, 0xA534, 0xAD55, 0xA534,
    0xA534, 0xA534, 0xA534, 0xA534, 0xA534, 0xA534, 0xA534, 0xA514, 0xA534, 0xAD55, 0xAD55, 0xA534, 0xA514, 0xA514, 0x9CF3, 0x9CF3,
    0xA514, 0x9CF3, 0x9CF3, 0xA514, 0x9CF3, 0x9CF3, 0x9CF3, 0xA514, 0xA514, 0xA514, 0xA534, 0x9CF3, 0x9CF3, 0x9CF3, 0x9CF3, 0x9CD3,
    0x94B2, 0x94B2, 0x94B2, 0x94B2, 0x9492, 0x9492, 0x94B2, 0x9CF3, 0x9CF3, 0x9CD3, 0x94B2, 0x94B2, 0x9CD3, 0x9CD3, 0x94B2, 0x9492,
    0x9492, 0x9492, 0x9471, 0x9CD3, 0x4228, 0x3000, 0x8061, 0x9862, 0x5841, 0x0800, 0x4841, 0x8821, 0x9000, 0x9000, 0x9800, 0x9800,
    0xA000, 0xA000, 0xA000, 0xA000, 0xA800, 0xA800, 0xB000, 0xB000, 0xB800, 0xB800, 0xB800, 0xB800, 0xC000, 0xC000, 0xC000, 0xC800,
    0xC800, 0xC800, 0xD020, 0xD020, 0xD861, 0xD861, 0xE082, 0xE082, 0xE8A3, 0xE8E3, 0xE8E3, 0xE904, 0xF124, 0xF145, 0xF165, 0xF1A6,
    0xF9C6, 0xF1C7, 0xF9E7, 0xFA08, 0xFA28, 0xFA28, 0xFA49, 0xFA69, 0xFA6A, 0xFA8A, 0xFA8A, 0xFA8A, 0xFA8A, 0xFA8A, 0xFA8A, 0xFA69,
    0xFA69, 0xFA49, 0xFA48, 0xFA28, 0xFA08, 0xF9E7, 0xF9E7, 0xF9C7, 0xF9A6, 0xF185, 0xF165, 0xE944, 0xE924, 0xE903, 0xE8C3, 0xE0C3,
    0xE0A2, 0xE082, 0xD861, 0xD841, 0xD841, 0xD821, 0xD020, 0xC800, 0xC800, 0xC800, 0xC000, 0xC000, 0xC000, 0xB800, 0xB800, 0xB800,
    0xB000, 0xB000, 0xA820, 0xA800, 0xA800, 0xA000, 0x9800, 0x9800, 0x9800, 0x9000, 0x9000, 0x9000, 0x8820, 0x4820, 0x1800, 0x6021,
    0xA020, 0x8840, 0x2040, 0x636D, 0x8410, 0x7BEF, 0x83EF, 0x8410, 0x8410, 0x7BEF, 0x8410, 0x8410, 0x8410, 0x8410, 0x7BEF, 0x7BEF,
    0x7BEF, 0x8410, 0x8410, 0x8410, 0x8410, 0x8410, 0x7BEF, 0x8430, 0x8430, 0x8430, 0x8430, 0x8C51, 0x8C71, 0x8430, 0x8C51, 0x8C51,
    0x8430, 0x8430, 0x8430, 0x8C51, 0x8430, 0x8430, 0x8C51, 0x8430, 0x8430, 0x8C51, 0x8430, 0x8430, 0x8430, 0x8430, 0x8430, 0x8410,
    0x8430, 0x8430, 0x8C51, 0x8430, 0x8430, 0x8430, 0x8C51, 0x8430, 0x8C51, 0x8430, 0x8430, 0x8430, 0x8430, 0x8C51, 0x8430, 0x8430,
    0x8430, 0x8C71, 0x8C51, 0x8C51, 0x8C71, 0x8C51, 0x8430, 0x8430, 0x738E, 0x2945, 0xE73C, 0xFFFF, 0xFFFF, 0xFFFF, 0xFFFF, 0xFFFF,
    0xFFFF, 0xFFFF, 0xFFFF, 0xFFFF, 0xFFFF, 0xFFFF, 0xFFFF, 0xFFFF, 0xFFFF, 0xFFFF, 0xFFFF, 0xFFFF, 0xFFFF, 0xFFFF, 0xFFFF, 0xFFFF,
    0xFFFF, 0xFFFF, 0xFFFF, 0xFFFF, 0xFFFF, 0xFFFF, 0xFFFF, 0xFFFF, 0xFFFF, 0xFFFF, 0xFFFF, 0xFFFF, 0xFFFF, 0xFFFF, 0xFFFF, 0xFFFF,
    0xFFFF, 0xFFFF, 0xFFFF, 0xFFFF, 0xFFFF, 0xFFFF, 0xFFFF, 0xFFFF, 0xFFFF, 0xFFFF, 0xFFFF, 0xFFFF, 0xFFFF, 0xFFFF, 0xFFFF, 0xFFFF,
    0xFFFF, 0xFFFF, 0xFFFF, 0xFFFF, 0xFFFF, 0xFFFF, 0xFFFF, 0xFFFF, 0xFFFF, 0xFFFF, 0xFFFF, 0xFFFF, 0xFFFF, 0xFFFF, 0xFFFF, 0xFFFF,
    0xFFFF, 0xFFFF, 0xFFFF, 0xFFFF, 0xFFFF, 0xCE59, 0x4208, 0x9492, 0xCE59, 0xA514, 0x9CF3, 0xA514, 0xA514, 0xA514, 0xA534, 0xA514,
    0x9CF3, 0xA514, 0xA534, 0xA514, 0xA534, 0xA534, 0xAD55, 0xA514, 0x9CF3, 0xA534, 0xA534, 0xA514, 0xA514, 0xA514, 0x9CF3, 0x9CD3,
    0xA514, 0x9CF3, 0x9CD3, 0x9CF3, 0x9CD3, 0x94B2, 0x9CD3, 0x9CD3, 0x9CF3, 0x9CF3, 0x9CF3, 0x9CD3, 0x9CF3, 0x9CF3, 0x9CD3, 0x9CD3,
    0x94B2, 0x9CD3, 0x9CD3, 0x9492, 0x9492, 0x94B2, 0x94B2, 0x94B2, 0x9CD3, 0x94B2, 0x94B2, 0x94B2, 0x94B2, 0x9CD3, 0x9CD3, 0x9CD3,
    0x9492, 0x9492, 0x9492, 0x9CD3, 0x5AEB, 0x2000, 0x7861, 0x9020, 0x9862, 0x3000, 0x1000, 0x6842, 0x9020, 0x9000, 0x9000, 0x9800,
    0xA000, 0xA000, 0xA000, 0xA000, 0xA800, 0xA800, 0xA800, 0xB000, 0xB000, 0xB000, 0xB800, 0xB800, 0xB800, 0xC000, 0xC000, 0xC000,
    0xC800, 0xC820, 0xD020, 0xD020, 0xD861, 0xD861, 0xD882, 0xE082, 0xE0A2, 0xE8C3, 0xE8E3, 0xE904, 0xF124, 0xF145, 0xF165, 0xF186,
    0xF1A6, 0xF1C7, 0xF9E7, 0xF207, 0xFA28, 0xFA28, 0xFA49, 0xFA49, 0xFA69, 0xFA69, 0xFA8A, 0xFA89, 0xFA89, 0xFA89, 0xFA89, 0xFA69,
    0xFA69, 0xFA49, 0xFA48, 0xFA28, 0xFA08, 0xF9E7, 0xF9E7, 0xF9A6, 0xF186, 0xF165, 0xF145, 0xF124, 0xE924, 0xE904, 0xE8C3, 0xE0C3,
    0xE0A2, 0xE082, 0xD861, 0xD841, 0xD840, 0xD020, 0xC800, 0xC800, 0xC000, 0xC000, 0xC000, 0xC000, 0xC000, 0xB800, 0xB800, 0xB800,
    0xB000, 0xA800, 0xA800, 0xA000, 0xA000, 0x9800, 0x9800, 0x9800, 0x9000, 0x9000, 0x9000, 0x8820, 0x5021, 0x1000, 0x5820, 0x9841,
    0xA020, 0x7040, 0x1861, 0x73AE, 0x8410, 0x7BEF, 0x7BEF, 0x7BEF, 0x8410, 0x7C10, 0x8410, 0x8430, 0x8430, 0x8410, 0x7BEF, 0x7BEF,
    0x7BEF, 0x8410, 0x8410, 0x8410, 0x8410, 0x8410, 0x7BEF, 0x8410, 0x8430, 0x8410, 0x8410, 0x8430, 0x8430, 0x8410, 0x8430, 0x8C51,
    0x8430, 0x8430, 0x8C51, 0x8C51, 0x8430, 0x8430, 0x8C51, 0x8C51, 0x8430, 0x8430, 0x8C51, 0x8430, 0x8430, 0x8430, 0x8430, 0x8430,
    0x8430, 0x8430, 0x8430, 0x8430, 0x8410, 0x8410, 0x8430, 0x8430, 0x8C51, 0x8C51, 0x8C51, 0x8430, 0x8430, 0x8430, 0x8430, 0x8C51,
    0x8C51, 0x8C51, 0x8C51, 0x8C51, 0x8C71, 0x8C51, 0x8C51, 0x8430, 0x8C51, 0x2124, 0xAD55, 0xFFFF, 0xFFDF, 0xFFFF, 0xFFFF, 0xFFFF,
    0xFFFF, 0xFFFF, 0xFFFF, 0xFFFF, 0xFFFF, 0xFFFF, 0xFFFF, 0xFFFF, 0xFFFF, 0xFFFF, 0xFFFF, 0xFFFF, 0xFFFF, 0xFFFF, 0xFFFF, 0xFFFF,
    0xFFFF, 0xFFFF, 0xFFFF, 0xFFFF, 0xFFFF, 0xFFFF, 0xFFFF, 0xFFFF, 0xFFFF, 0xFFFF, 0xFFFF, 0xFFFF, 0xFFFF, 0xFFFF, 0xFFFF, 0xFFFF,
    0xFFFF, 0xFFFF, 0xFFFF, 0xFFFF, 0xFFFF, 0xFFFF, 0xFFFF, 0xFFFF, 0xFFFF, 0xFFFF, 0xFFFF, 0xFFFF, 0xFFFF, 0xFFFF, 0xFFFF, 0xFFFF,
    0xFFFF, 0xFFFF, 0xFFFF, 0xFFFF, 0xFFFF, 0xFFFF, 0xFFFF, 0xFFFF, 0xFFFF, 0xFFFF, 0xFFFF, 0xFFFF, 0xFFFF, 0xFFFF, 0xFFFF, 0xFFFF,
    0xFFFF, 0xFFFF, 0xFFFF, 0xFFDF, 0xFFFF, 0x9CF3, 0x4A49, 0xA514, 0xC638, 0x9CD3, 0x9CF3, 0xA514, 0x9CF3, 0xA514, 0xA534, 0xA514,
    0xA534, 0xA534, 0xAD75, 0xA534, 0xA514, 0xA534, 0xA534, 0xA514, 0x9CF3, 0x9CF3, 0xA534, 0xA514, 0xA534, 0xA534, 0xA514, 0x9CF3,
    0x9CD3, 0x9CF3, 0x9CD3, 0x9CD3, 0x94B2, 0x9CD3, 0x9CD3, 0x94B2, 0x9CD3, 0x9CF3, 0x9CF3, 0x9CF3, 0x9CD3, 0x9CD3, 0x94B2, 0x9CF3,
    0x94B2, 0x94B2, 0x9CF3, 0x94B2, 0x94B2, 0x9CD3, 0x94B2, 0x9492, 0x94B2, 0x9492, 0x9492, 0x94B2, 0x9492, 0x94B2, 0x94B2, 0x94B2,
    0x94B2, 0x94B2, 0x94B2, 0x9CF3, 0x73AE, 0x1800, 0x7061, 0x8020, 0x9841, 0x8842, 0x2000, 0x2800, 0x8022, 0x9000, 0x8820, 0x9000,
    0x9800, 0x9800, 0xA000, 0xA000, 0xA000, 0xA800, 0xA800, 0xA800, 0xB000, 0xB000, 0xB000, 0xB800, 0xB800, 0xC000, 0xC000, 0xC000,
    0xC800, 0xC800, 0xC820, 0xD020, 0xD040, 0xD841, 0xD882, 0xE082, 0xE0A2, 0xE0C3, 0xE8E3, 0xE8E3, 0xE924, 0xF145, 0xF165, 0xF185,
    0xF1A6, 0xF1A6, 0xF9C7, 0xF9E7, 0xFA08, 0xFA28, 0xFA28, 0xFA49, 0xFA49, 0xFA69, 0xFA69, 0xFA69, 0xFA69, 0xFA69, 0xFA69, 0xFA49,
    0xFA49, 0xFA48, 0xFA28, 0xFA08, 0xF9E7, 0xF9E7, 0xF9C7, 0xF1A6, 0xF165, 0xF165, 0xF145, 0xE924, 0xE904, 0xE8E3, 0xE0C3, 0xE0A2,
    0xE082, 0xD882, 0xD861, 0xD841, 0xD021, 0xD021, 0xC800, 0xC000, 0xC000, 0xC000, 0xC000, 0xB800, 0xB820, 0xB800, 0xB000, 0xB000,
    0xB000, 0xA800, 0xA800, 0xA000, 0x9800, 0x9800, 0x9800, 0x9000, 0x9000, 0x9000, 0x8821, 0x5041, 0x1000, 0x5021, 0xA041, 0xA000,
    0x9820, 0x5800, 0x20C3, 0x83EF, 0x7C0F, 0x8410, 0x8410, 0x7BEF, 0x840F, 0x7BEF, 0x7BEF, 0x8410, 0x8410, 0x8410, 0x8410, 0x8410,
    0x7BEF, 0x7BEF, 0x8410, 0x8430, 0x8410, 0x8410, 0x8410, 0x8410, 0x8430, 0x8410, 0x8430, 0x8C51, 0x8430, 0x8430, 0x8430, 0x8C51,
    0x8410, 0x8430, 0x8C51, 0x8C51, 0x8430, 0x8C51, 0x8C71, 0x8C51, 0x8430, 0x8410, 0x8430, 0x8430, 0x8430, 0x8430, 0x8C51, 0x8C51,
    0x8430, 0x8430, 0x8C51, 0x8430, 0x8430, 0x8430, 0x8C51, 0x8430, 0x8430, 0x8C51, 0x8430, 0x8C51, 0x8C51, 0x8430, 0x8430, 0x8C51,
    0x8C51, 0x8430, 0x8430, 0x8430, 0x8430, 0x8C51, 0x8C51, 0x8430, 0x8C71, 0x4208, 0x6B6D, 0xFFFF, 0xFFDF, 0xFFFF, 0xFFFF, 0xFFFF,
    0xFFFF, 0xFFFF, 0xFFFF, 0xFFFF, 0xFFFF, 0xFFFF, 0xFFFF, 0xFFFF, 0xFFFF, 0xFFFF, 0xFFFF, 0xFFFF, 0xFFFF, 0xFFFF, 0xFFFF, 0xFFFF,
    0xFFFF, 0xFFFF, 0xFFFF, 0xFFFF, 0xFFFF, 0xFFFF, 0xFFFF, 0xFFFF, 0xFFFF, 0xFFFF, 0xFFFF, 0xFFFF, 0xFFFF, 0xFFFF, 0xFFFF, 0xFFFF,
    0xFFFF, 0xFFFF, 0xFFFF, 0xFFFF, 0xFFFF, 0xFFFF, 0xFFFF, 0xFFFF, 0xFFFF, 0xFFFF, 0xFFFF, 0xFFFF, 0xFFFF, 0xFFFF, 0xFFFF, 0xFFFF,
    0xFFFF, 0xFFFF, 0xFFFF, 0xFFFF, 0xFFFF, 0xFFFF, 0xFFFF, 0xFFFF, 0xFFFF, 0xFFFF, 0xFFFF, 0xFFFF, 0xFFFF, 0xFFFF, 0xFFFF, 0xFFFF,
    0xFFFF, 0xFFFF, 0xFFFF, 0xFFDF, 0xFFFF, 0x6B6D, 0x5ACB, 0xAD55, 0xBDD7, 0x9CD3, 0x9CF3, 0x9CF3, 0x9CF3, 0xA514, 0x9CF3, 0xA514,
    0xA534, 0xA534, 0xAD55, 0xAD55, 0xA534, 0xA534, 0xA534, 0xA514, 0xA514, 0xA514, 0x9CF3, 0x9CF3, 0x9CD3, 0x9CF3, 0x9CD3, 0x9CF3,
    0x9CF3, 0x9CF3, 0x9CF3, 0x9CF3, 0x9CF3, 0x9CF3, 0x9CF3, 0x9CD3, 0x9CD3, 0x9CD3, 0x9CD3, 0x9CD3, 0x9CD3, 0xA514, 0x9CD3, 0x9CD3,
    0x9CD3, 0x94B2, 0x9CD3, 0x94B2, 0x94B2, 0x94B2, 0x9492, 0x9492, 0x94B2, 0x94B2, 0x9492, 0x9CD3, 0x9492, 0x9492, 0x9492, 0x9492,
    0x94B2, 0x94B2, 0x94B2, 0x9CD3, 0x8C51, 0x1861, 0x6041, 0x8041, 0x8020, 0x9820, 0x7841, 0x1000, 0x3801, 0x8041, 0x8820, 0x9000,
    0x9000, 0x9800, 0x9800, 0xA000, 0xA000, 0xA000, 0xA800, 0xA800, 0xA800, 0xB000, 0xB000, 0xB000, 0xB800, 0xB800, 0xB800, 0xC000,
    0xC000, 0xC800, 0xC820, 0xC820, 0xD040, 0xD041, 0xD861, 0xD882, 0xE0A2, 0xE0C3, 0xE8E3, 0xE8E3, 0xE924, 0xF144, 0xF145, 0xF165,
    0xF186, 0xF1A6, 0xF9C7, 0xF1C7, 0xFA07, 0xFA08, 0xFA28, 0xFA28, 0xFA28, 0xFA49, 0xFA49, 0xFA49, 0xFA49, 0xFA49, 0xFA49, 0xFA48,
    0xFA28, 0xFA28, 0xFA08, 0xFA07, 0xF9E7, 0xF9C7, 0xF1C6, 0xF1A6, 0xF165, 0xF165, 0xF145, 0xE924, 0xE904, 0xE8E3, 0xE0C3, 0xE0A2,
    0xE082, 0xD862, 0xD861, 0xD041, 0xD021, 0xD020, 0xC800, 0xC000, 0xC000, 0xB800, 0xB800, 0xB800, 0xB000, 0xB000, 0xB000, 0xB000,
    0xA800, 0xA000, 0xA000, 0x9800, 0x9800, 0x9800, 0x9800, 0x9000, 0x9800, 0x8841, 0x5041, 0x1000, 0x5021, 0xA041, 0xA000, 0xA000,
    0x9841, 0x4800, 0x3165, 0x8C30, 0x8410, 0x7C0F, 0x8410, 0x8410, 0x8410, 0x8410, 0x7BEF, 0x8410, 0x8410, 0x8410, 0x8410, 0x8410,
    0x8410, 0x7BEF, 0x7BEF, 0x8410, 0x8430, 0x8410, 0x8410, 0x8430, 0x8430, 0x8410, 0x8410, 0x8430, 0x8430, 0x8430, 0x8C51, 0x8C51,
    0x8430, 0x8430, 0x8C51, 0x8C51, 0x8430, 0x8C51, 0x8C51, 0x8430, 0x8430, 0x8430, 0x8430, 0x8430, 0x8410, 0x8430, 0x8430, 0x8430,
    0x8430, 0x8430, 0x8410, 0x8430, 0x8430, 0x8C51, 0x8C51, 0x8430, 0x8430, 0x8430, 0x8430, 0x8C51, 0x8C51, 0x8C51, 0x8C51, 0x8C51,
    0x8C51, 0x8C51, 0x8C51, 0x8430, 0x8430, 0x8430, 0x8C51, 0x8C51, 0x8C51, 0x632C, 0x31A6, 0xF7BE, 0xFFFF, 0xFFFF, 0xFFFF, 0xFFFF,
    0xFFFF, 0xFFFF, 0xFFFF, 0xFFFF, 0xFFFF, 0xFFFF, 0xFFFF, 0xFFFF, 0xFFFF, 0xFFFF, 0xFFFF, 0xFFFF, 0xFFFF, 0xFFFF, 0xFFFF, 0xFFFF,
    0xFFFF, 0xFFFF, 0xFFFF, 0xFFFF, 0xFFFF, 0xFFFF, 0xFFFF, 0xFFFF, 0xFFFF, 0xFFFF, 0xFFFF, 0xFFFF, 0xFFFF, 0xFFFF, 0xFFFF, 0xFFFF,
    0xFFFF, 0xFFFF, 0xFFFF, 0xFFFF, 0xFFFF, 0xFFFF, 0xFFFF, 0xFFFF, 0xFFFF, 0xFFFF, 0xFFFF, 0xFFFF, 0xFFFF, 0xFFFF, 0xFFFF, 0xFFFF,
    0xFFFF, 0xFFFF, 0xFFFF, 0xFFFF, 0xFFFF, 0xFFFF, 0xFFFF, 0xFFFF, 0xFFFF, 0xFFFF, 0xFFFF, 0xFFFF, 0xFFFF, 0xFFFF, 0xFFFF, 0xFFFF,
    0xFFFF, 0xFFFF, 0xFFFF, 0xFFFF, 0xFFDF, 0x4A69, 0x738E, 0xB5B6, 0xB596, 0x9CF3, 0xA534, 0x9CF3, 0x9CF3, 0xA514, 0xA514, 0xA514,
    0xA514, 0x9CF3, 0xA514, 0xA534, 0xA514, 0xA514, 0xA514, 0xA514, 0xA514, 0xA534, 0x9CF3, 0x9CF3, 0x9CF3, 0x9CD3, 0x94B2, 0x9CD3,
    0x9CF3, 0x9CF3, 0x9CF3, 0x9CD3, 0xA514, 0x9CF3, 0x9CD3, 0x9CF3, 0x9CD3, 0x9CF3, 0x9CF3, 0x9CF3, 0x9CF3, 0x9CD3, 0x9CD3, 0x9492,
    0x94B2, 0x94B2, 0x9492, 0x94B2, 0x94B2, 0x94B2, 0x94B2, 0x9492, 0x94B2, 0x9492, 0x8C71, 0x9492, 0x94B2, 0x94B2, 0x9492, 0x9492,
    0x94B2, 0x94B2, 0x94B2, 0x94B2, 0x9492, 0x20E3, 0x5020, 0x8042, 0x8020, 0x8020, 0xA061, 0x6842, 0x1000, 0x4020, 0x8020, 0x9000,
    0x9000, 0x9020, 0x9800, 0x9800, 0x9800, 0xA000, 0xA000, 0xA800, 0xA800, 0xA800, 0xB000, 0xB000, 0xB000, 0xB800, 0xB800, 0xB800,
    0xC000, 0xC000, 0xC820, 0xC820, 0xC840, 0xD041, 0xD881, 0xD882, 0xE0A2, 0xE0C3, 0xE8E3, 0xE8E3, 0xE904, 0xE924, 0xF144, 0xF165,
    0xF186, 0xF186, 0xF9A6, 0xF1C6, 0xF9E7, 0xF9E7, 0xFA08, 0xFA28, 0xFA28, 0xFA28, 0xFA48, 0xFA48, 0xFA48, 0xFA48, 0xFA28, 0xFA28,
    0xFA28, 0xFA07, 0xF9E7, 0xF9E7, 0xF9C7, 0xF9C6, 0xF1A6, 0xF186, 0xF165, 0xF145, 0xE924, 0xE924, 0xE904, 0xE8E3, 0xE0C3, 0xE0A2,
    0xE082, 0xD861, 0xD061, 0xD041, 0xD020, 0xC820, 0xC000, 0xC000, 0xC000, 0xB800, 0xB800, 0xB000, 0xB000, 0xB000, 0xB000, 0xA800,
    0xA800, 0xA000, 0xA000, 0x9800, 0x9800, 0x9000, 0x9000, 0x8800, 0x8840, 0x5841, 0x1000, 0x5021, 0xA861, 0xA000, 0x9800, 0x9820,
    0x9841, 0x3000, 0x4208, 0x8C51, 0x8410, 0x840F, 0x8430, 0x8430, 0x8410, 0x7BEF, 0x8410, 0x8410, 0x7BEF, 0x8410, 0x8410, 0x8410,
    0x8410, 0x8410, 0x7BEF, 0x7BEF, 0x8410, 0x8410, 0x8410, 0x8410, 0x8410, 0x8410, 0x8430, 0x8430, 0x8430, 0x8C51, 0x8430, 0x8C51,
    0x8430, 0x8430, 0x8C51, 0x8C51, 0x8430, 0x8430, 0x8C51, 0x8C51, 0x8C51, 0x8430, 0x8430, 0x8430, 0x8410, 0x8410, 0x8430, 0x8430,
    0x8430, 0x8410, 0x8430, 0x8430, 0x8430, 0x8C51, 0x8C71, 0x8430, 0x8430, 0x8430, 0x8430, 0x8430, 0x8430, 0x8410, 0x8430, 0x8430,
    0x8430, 0x8C51, 0x8C51, 0x8430, 0x8C51, 0x8C51, 0x8430, 0x8430, 0x8430, 0x7BEF, 0x18E3, 0xCE59, 0xFFFF, 0xFFFF, 0xFFFF, 0xFFFF,
    0xFFFF, 0xFFFF, 0xFFFF, 0xFFFF, 0xFFFF, 0xFFFF, 0xFFFF, 0xFFFF, 0xFFFF, 0xFFFF, 0xFFFF, 0xFFFF, 0xFFFF, 0xFFFF, 0xFFFF, 0xFFFF,
    0xFFFF, 0xFFFF, 0xFFFF, 0xFFFF, 0xFFFF, 0xFFFF, 0xFFFF, 0xFFFF, 0xFFFF, 0xFFFF, 0xFFFF, 0xFFFF, 0xFFFF, 0xFFFF, 0xFFFF, 0xFFFF,
    0xFFFF, 0xFFFF, 0xFFFF, 0xFFFF, 0xFFFF, 0xFFFF, 0xFFFF, 0xFFFF, 0xFFFF, 0xFFFF, 0xFFFF, 0xFFFF, 0xFFFF, 0xFFFF, 0xFFFF, 0xFFFF,
    0xFFFF, 0xFFFF, 0xFFFF, 0xFFFF, 0xFFFF, 0xFFFF, 0xFFFF, 0xFFFF, 0xFFFF, 0xFFFF, 0xFFFF, 0xFFFF, 0xFFFF, 0xFFFF, 0xFFFF, 0xFFFF,
    0xFFFF, 0xFFFF, 0xFFFF, 0xFFFF, 0xD6BA, 0x39E7, 0x8430, 0xBDD7, 0xAD55, 0xA534, 0xA534, 0xA534, 0xAD75, 0xA514, 0xA534, 0xA534,
    0x9D13, 0xA514, 0xA534, 0xA514, 0xA534, 0xA514, 0x9CF3, 0xA534, 0xA534, 0xA514, 0xA514, 0x9CF3, 0x9CF3, 0x9CD3, 0x94B2, 0x9CD3,
    0x9CD3, 0x9CD3, 0x9CD3, 0x9CD3, 0x9CF3, 0x9CD3, 0x9492, 0x94B2, 0x9CD3, 0x9CF3, 0x9CD3, 0x9CD3, 0x9CF3, 0x9CD3, 0x94B2, 0x94B2,
    0x94B2, 0x94B2, 0x9492, 0x9492, 0x94B2, 0x94B2, 0x94B2, 0x94B2, 0x94B2, 0x9492, 0x9492, 0x9492, 0x9492, 0x9492, 0x9492, 0x8C71,
    0x8C71, 0x8C71, 0x9492, 0x9492, 0x94D2, 0x2986, 0x4000, 0x8041, 0x8000, 0x8020, 0x8040, 0x9861, 0x6021, 0x1800, 0x4020, 0x8040,
    0x9020, 0x9020, 0x9800, 0x9800, 0x9800, 0x9800, 0xA000, 0xA000, 0xA800, 0xA800, 0xA800, 0xB000, 0xB000, 0xB000, 0xB000, 0xB800,
    0xB800, 0xC000, 0xC000, 0xC820, 0xC820, 0xD040, 0xD861, 0xD882, 0xD882, 0xE0A2, 0xE0C3, 0xE8E3, 0xE904, 0xE924, 0xE944, 0xF145,
    0xF165, 0xF186, 0xF9A6, 0xF1C6, 0xF9C7, 0xF9E7, 0xFA07, 0xFA08, 0xFA08, 0xFA28, 0xFA28, 0xFA28, 0xFA28, 0xFA28, 0xFA28, 0xFA08,
    0xFA07, 0xF9E7, 0xF9E7, 0xF9C7, 0xF9C6, 0xF1A6, 0xF186, 0xF165, 0xF145, 0xF145, 0xE924, 0xE904, 0xE8E3, 0xE0C3, 0xE0A2, 0xE082,
    0xD882, 0xD861, 0xD041, 0xD041, 0xC820, 0xC800, 0xC000, 0xC000, 0xB800, 0xB800, 0xB000, 0xB000, 0xA800, 0xA800, 0xA800, 0xA800,
    0xA800, 0xA000, 0xA000, 0x9800, 0x9800, 0x9000, 0x9000, 0x8820, 0x5041, 0x1000, 0x4820, 0xB041, 0xB000, 0x9800, 0x9020, 0x9820,
    0x9021, 0x2000, 0x528A, 0x8430, 0x7BEF, 0x8410, 0x8430, 0x8430, 0x8430, 0x8410, 0x8410, 0x8410, 0x8410, 0x8410, 0x8410, 0x8410,
    0x8410, 0x8410, 0x8410, 0x8410, 0x8410, 0x8430, 0x8430, 0x8430, 0x8430, 0x8430, 0x8430, 0x8430, 0x8410, 0x8430, 0x8430, 0x8C51,
    0x8C51, 0x8430, 0x8C51, 0x8C51, 0x8430, 0x8C51, 0x8C51, 0x8430, 0x8430, 0x8430, 0x8430, 0x8430, 0x8410, 0x7BEF, 0x8410, 0x8410,
    0x8430, 0x8430, 0x8430, 0x8430, 0x8430, 0x8430, 0x8430, 0x8430, 0x8C51, 0x8C51, 0x8C51, 0x8430, 0x8C51, 0x8430, 0x8430, 0x8430,
    0x8410, 0x8410, 0x8C51, 0x8C51, 0x8C51, 0x8430, 0x8430, 0x8C51, 0x8430, 0x8C51, 0x2965, 0x8C51, 0xFFFF, 0xFFFF, 0xFFFF, 0xFFFF,
    0xFFFF, 0xFFFF, 0xFFFF, 0xFFFF, 0xFFFF, 0xFFFF, 0xFFFF, 0xFFFF, 0xFFFF, 0xFFFF, 0xFFFF, 0xFFFF, 0xFFFF, 0xFFFF, 0xFFFF, 0xFFFF,
    0xFFFF, 0xFFFF, 0xFFFF, 0xFFFF, 0xFFFF, 0xFFFF, 0xFFFF, 0xFFFF, 0xFFFF, 0xFFFF, 0xFFFF, 0xFFFF, 0xFFFF, 0xFFFF, 0xFFFF, 0xFFFF,
    0xFFFF, 0xFFFF, 0xFFFF, 0xFFFF, 0xFFFF, 0xFFFF, 0xFFFF, 0xFFFF, 0xFFFF, 0xFFFF, 0xFFFF, 0xFFFF, 0xFFFF, 0xFFFF, 0xFFFF, 0xFFFF,
    0xFFFF, 0xFFFF, 0xFFFF, 0xFFFF, 0xFFFF, 0xFFFF, 0xFFFF, 0xFFFF, 0xFFFF, 0xFFFF, 0xFFFF, 0xFFFF, 0xFFFF, 0xFFFF, 0xFFFF, 0xFFFF,
    0xFFFF, 0xFFFF, 0xFFFF, 0xFFFF, 0xAD55, 0x4208, 0x9492, 0xBDD7, 0xA514, 0xA514, 0xA534, 0xAD55, 0xA534, 0xA514, 0xA514, 0xA514,
    0xA514, 0xA514, 0xA514, 0xA514, 0xA514, 0xA514, 0x9CF3, 0xA514, 0x9CF3, 0x9CF3, 0xA514, 0x9CF3, 0x9CD3, 0x9CD3, 0x9CD3, 0x94B2,
    0x9CD3, 0x9CD3, 0x9CD3, 0x9CD3, 0x9CD3, 0x94B2, 0x9492, 0x94B2, 0x94B2, 0x9CD3, 0x9CD3, 0x9CD3, 0x9CD3, 0x9492, 0x94B2, 0x94B2,
    0x94B2, 0x9CD3, 0x9CD3, 0x9CD3, 0x9492, 0x94B2, 0x9492, 0x94B2, 0x9492, 0x9492, 0x94B2, 0x9492, 0x9492, 0x8C71, 0x8C71, 0x8C71,
    0x8C71, 0x8C51, 0x8C71, 0x8C50, 0x94D2, 0x3A28, 0x2800, 0x7821, 0x8001, 0x8001, 0x7040, 0x9000, 0xA821, 0x6840, 0x1800, 0x3820,
    0x8821, 0x9000, 0x9000, 0x9020, 0x9000, 0x9000, 0x9000, 0xA000, 0xA000, 0xA800, 0xA800, 0xA800, 0xA800, 0xB000, 0xB000, 0xB000,
    0xB800, 0xB800, 0xC000, 0xC020, 0xC820, 0xD040, 0xD061, 0xD882, 0xD882, 0xD8A2, 0xE0A2, 0xE0E3, 0xE904, 0xE924, 0xF124, 0xF145,
    0xF165, 0xF166, 0xF186, 0xF1A6, 0xF1C7, 0xF1E7, 0xF9E7, 0xFA07, 0xFA08, 0xFA08, 0xFA08, 0xFA28, 0xFA08, 0xFA08, 0xFA28, 0xFA08,
    0xFA07, 0xF9E7, 0xF9C7, 0xF9C7, 0xF9A6, 0xF1A6, 0xF186, 0xF165, 0xF145, 0xF125, 0xE924, 0xE904, 0xE8E3, 0xE0C3, 0xE0A2, 0xD882,
    0xD882, 0xD861, 0xD041, 0xC841, 0xC820, 0xC000, 0xB800, 0xB800, 0xB800, 0xB000, 0xB000, 0xB000, 0xA800, 0xA800, 0xA800, 0xA000,
    0xA000, 0xA000, 0x9800, 0x9000, 0x9000, 0x9000, 0x8821, 0x4840, 0x1000, 0x5020, 0xA842, 0xA800, 0xA000, 0x9800, 0x9820, 0x9820,
    0x8022, 0x1820, 0x634D, 0x8430, 0x8410, 0x8430, 0x8410, 0x8410, 0x8430, 0x8410, 0x8410, 0x8410, 0x8410, 0x8410, 0x8410, 0x8410,
    0x8410, 0x8410, 0x8410, 0x7BEF, 0x7BEF, 0x8410, 0x8410, 0x8430, 0x8430, 0x8430, 0x8430, 0x8430, 0x8430, 0x8410, 0x8430, 0x8430,
    0x8430, 0x8430, 0x8C51, 0x8C51, 0x8C51, 0x8C51, 0x8430, 0x8430, 0x8430, 0x8430, 0x8410, 0x8410, 0x8430, 0x8430, 0x8430, 0x8430,
    0x8430, 0x8430, 0x8430, 0x8430, 0x8430, 0x8C51, 0x8410, 0x8430, 0x8C51, 0x8430, 0x8C51, 0x8430, 0x8430, 0x8C51, 0x8430, 0x8430,
    0x8430, 0x8430, 0x8C51, 0x8430, 0x8C51, 0x8C51, 0x8430, 0x8C51, 0x8C51, 0x8C71, 0x528A, 0x4A49, 0xFFFF, 0xFFFF, 0xFFFF, 0xFFFF,
    0xFFFF, 0xFFFF, 0xFFFF, 0xFFFF, 0xFFFF, 0xFFFF, 0xFFFF, 0xFFFF, 0xFFFF, 0xFFFF, 0xFFFF, 0xFFFF, 0xFFFF, 0xFFFF, 0xFFFF, 0xFFFF,
    0xFFFF, 0xFFFF, 0xFFFF, 0xFFFF, 0xFFFF, 0xFFFF, 0xFFFF, 0xFFFF, 0xFFFF, 0xFFFF, 0xFFFF, 0xFFFF, 0xFFFF, 0xFFFF, 0xFFFF, 0xFFFF,
    0xFFFF, 0xFFFF, 0xFFFF, 0xFFFF, 0xFFFF, 0xFFFF, 0xFFFF, 0xFFFF, 0xFFFF, 0xFFFF, 0xFFFF, 0xFFFF, 0xFFFF, 0xFFFF, 0xFFFF, 0xFFFF,
    0xFFFF, 0xFFFF, 0xFFFF, 0xFFFF, 0xFFFF, 0xFFFF, 0xFFFF, 0xFFFF, 0xFFFF, 0xFFFF, 0xFFFF, 0xFFFF, 0xFFFF, 0xFFFF, 0xFFFF, 0xFFFF,
    0xFFFF, 0xFFFF, 0xFFFF, 0xFFFF, 0x7BEF, 0x52AA, 0x9CF3, 0xB5B6, 0x9CF3, 0x9CF3, 0xA514, 0xA534, 0x9CF3, 0xA534, 0xA514, 0x9CF3,
    0xA514, 0xA514, 0xA514, 0xA514, 0xA534, 0x9CF3, 0x9CF3, 0x9CF3, 0x9CF3, 0x9CF3, 0x9CF3, 0xA514, 0xA534, 0x9CF3, 0x9CF3, 0x9CF3,
    0x94B2, 0x9CF3, 0x9CF3, 0x9CD3, 0x9CD3, 0x9CD3, 0x94B2, 0x9CD3, 0x94B2, 0x94B2, 0x9CD3, 0x9CD3, 0x9CD3, 0x94B2, 0x9CD3, 0x9CD3,
    0x9CD3, 0x9CD3, 0x94B2, 0x94B2, 0x94B2, 0x94B2, 0x9CD3, 0x9CD3, 0x9CF3, 0x9CD3, 0x94B2, 0x9CD3, 0x94B2, 0x9492, 0x8C71, 0x8C71,
    0x8C71, 0x8C71, 0x8C71, 0x8C51, 0x9492, 0x52AA, 0x1800, 0x7021, 0x7801, 0x7820, 0x7820, 0x8000, 0x9800, 0xA062, 0x7041, 0x2000,
    0x4001, 0x7822, 0x8820, 0x9000, 0x9000, 0x9000, 0x9800, 0x9800, 0x9800, 0xA000, 0xA000, 0xA000, 0xA800, 0xA800, 0xA800, 0xB000,
    0xB000, 0xB800, 0xB800, 0xC020, 0xC020, 0xC820, 0xD061, 0xD861, 0xD882, 0xD8A2, 0xE0A2, 0xE0C3, 0xE8E3, 0xE904, 0xE924, 0xF145,
    0xF165, 0xF165, 0xF186, 0xF1A6, 0xF1A6, 0xF9C6, 0xF9C7, 0xF9E7, 0xF9E7, 0xF9E8, 0xF9E8, 0xFA08, 0xFA08, 0xFA08, 0xFA08, 0xF9E7,
    0xF9E7, 0xF9C7, 0xF9C7, 0xF9A6, 0xF1A6, 0xF186, 0xF165, 0xF165, 0xF145, 0xF124, 0xE904, 0xE8E3, 0xE0C3, 0xE0C3, 0xE0A2, 0xD882,
    0xD881, 0xD061, 0xD041, 0xC821, 0xC020, 0xC020, 0xB800, 0xB000, 0xB000, 0xB000, 0xB000, 0xA800, 0xA800, 0xA800, 0xA000, 0x9800,
    0x9800, 0x9000, 0x9000, 0x9000, 0x9001, 0x7841, 0x3820, 0x0800, 0x5840, 0xB042, 0xB020, 0x9020, 0xA000, 0xA000, 0x9820, 0x9820,
    0x7001, 0x1861, 0x7BCF, 0x8430, 0x8430, 0x8430, 0x8410, 0x8410, 0x8430, 0x8430, 0x8430, 0x7BEF, 0x8410, 0x8410, 0x8410, 0x8410,
    0x8410, 0x8410, 0x8410, 0x8410, 0x8410, 0x8410, 0x8410, 0x8410, 0x8410, 0x8410, 0x8410, 0x8430, 0x8430, 0x8430, 0x8430, 0x8430,
    0x8430, 0x8430, 0x8C51, 0x8C51, 0x8C51, 0x8C51, 0x8C51, 0x8430, 0x8430, 0x8430, 0x8430, 0x8430, 0x8C51, 0x8C51, 0x8C51, 0x8C51,
    0x8C51, 0x8430, 0x8430, 0x8430, 0x8430, 0x8430, 0x8430, 0x8C51, 0x8C51, 0x8430, 0x8430, 0x8430, 0x8410, 0x8430, 0x8C51, 0x8430,
    0x8430, 0x8430, 0x8C51, 0x8430, 0x8430, 0x8430, 0x8430, 0x8C51, 0x8C51, 0x8C51, 0x6B6D, 0x2124, 0xE73C, 0xFFFF, 0xFFFF, 0xFFFF,
    0xFFFF, 0xFFFF, 0xFFFF, 0xFFFF, 0xFFFF, 0xFFFF, 0xFFFF, 0xFFFF, 0xFFFF, 0xFFFF, 0xFFFF, 0xFFFF, 0xFFFF, 0xFFFF, 0xFFFF, 0xFFFF,
    0xFFFF, 0xFFFF, 0xFFFF, 0xFFFF, 0xFFFF, 0xFFFF, 0xFFFF, 0xFFFF, 0xFFFF, 0xFFFF, 0xFFFF, 0xFFFF, 0xFFFF, 0xFFFF, 0xFFFF, 0xFFFF,
    0xFFFF, 0xFFFF, 0xFFFF, 0xFFFF, 0xFFFF, 0xFFFF, 0xFFFF, 0xFFFF, 0xFFFF, 0xFFFF, 0xFFFF, 0xFFFF, 0xFFFF, 0xFFFF, 0xFFFF, 0xFFFF,
    0xFFFF, 0xFFFF, 0xFFFF, 0xFFFF, 0xFFFF, 0xFFFF, 0xFFFF, 0xFFFF, 0xFFFF, 0xFFFF, 0xFFFF, 0xFFFF, 0xFFFF, 0xFFFF, 0xFFFF, 0xFFFF,
    0xFFFF, 0xFFFF, 0xFFFF, 0xFFFF, 0x5ACB, 0x6B6D, 0xA514, 0xAD75, 0x9CF3, 0xA514, 0x9CF3, 0xA514, 0xA514, 0xA514, 0xAD35, 0xA534,
    0x9CF3, 0x9CF3, 0xA514, 0xA534, 0xAD55, 0x9CF3, 0x9CF3, 0xA514, 0xA514, 0x9CF3, 0x9CF3, 0x9CD3, 0x9CF3, 0x9CF3, 0x9CF3, 0x9CD3,
    0x9CD3, 0x9CD3, 0x9CD3, 0x9CD3, 0x9CF3, 0x9CD3, 0x94B2, 0x94B2, 0x94B2, 0x9CD3, 0x9CD3, 0x94B2, 0x9492, 0x94B2, 0x94B2, 0x9CD3,
    0x9CD3, 0x9CD3, 0x94B2, 0x94B2, 0x94B2, 0x9CD3, 0x94B2, 0x9492, 0x9492, 0x9492, 0x94B2, 0x94B2, 0x94B2, 0x9492, 0x8C71, 0x8C71,
    0x8C71, 0x9492, 0x8C71, 0x8C71, 0x94B2, 0x6B6D, 0x1800, 0x6021, 0x7821, 0x7020, 0x7820, 0x7820, 0x8000, 0x9000, 0xA840, 0x7841,
    0x2000, 0x2000, 0x6041, 0x8820, 0x9000, 0x9000, 0x9000, 0x9800, 0x9800, 0x9800, 0xA000, 0xA000, 0xA000, 0xA800, 0xA800, 0xA800,
    0xB000, 0xB000, 0xB000, 0xB820, 0xC020, 0xC820, 0xC841, 0xD061, 0xD061, 0xD882, 0xD8A2, 0xE0C3, 0xE0E3, 0xE904, 0xE904, 0xE924,
    0xF145, 0xF165, 0xF185, 0xF186, 0xF1A6, 0xF9A6, 0xF9C7, 0xF9C7, 0xF9C7, 0xF9C7, 0xF9C7, 0xF9E7, 0xF9E7, 0xF9E7, 0xF9E7, 0xF9C7,
    0xF9C7, 0xF9C7, 0xF9A6, 0xF186, 0xF186, 0xF165, 0xF165, 0xF145, 0xF124, 0xE904, 0xE904, 0xE0E3, 0xE0C3, 0xE0A2, 0xD8A2, 0xD081,
    0xD061, 0xD041, 0xC841, 0xC820, 0xC000, 0xB800, 0xB000, 0xB000, 0xB000, 0xA800, 0xA800, 0xA800, 0xA000, 0xA000, 0xA000, 0x9800,
    0x9800, 0x9000, 0x9000, 0x8820, 0x6821, 0x1800, 0x1800, 0x7821, 0xB861, 0xB000, 0xA000, 0xA000, 0xA000, 0x9800, 0x9000, 0x9020,
    0x6000, 0x20E3, 0x8430, 0x83EF, 0x7BEF, 0x8410, 0x8410, 0x8410, 0x8410, 0x8430, 0x8430, 0x8410, 0x8410, 0x8410, 0x8410, 0x8410,
    0x7BEF, 0x7BEF, 0x8410, 0x8410, 0x8410, 0x8410, 0x8410, 0x8430, 0x8430, 0x7BEF, 0x8410, 0x8430, 0x8430, 0x8430, 0x8430, 0x8C51,
    0x8C51, 0x8430, 0x8C51, 0x8C51, 0x8C51, 0x8C51, 0x8C51, 0x8C51, 0x8C51, 0x8430, 0x8C51, 0x8430, 0x8430, 0x8C51, 0x8430, 0x8430,
    0x8430, 0x8430, 0x8430, 0x8430, 0x8430, 0x8430, 0x8430, 0x8C51, 0x8430, 0x8C51, 0x8430, 0x8430, 0x8430, 0x8430, 0x8410, 0x8430,
    0x8430, 0x8410, 0x8430, 0x8430, 0x8430, 0x8430, 0x8C51, 0x8C51, 0x8430, 0x8410, 0x8430, 0x2104, 0xAD55, 0xFFFF, 0xFFFF, 0xFFFF,
    0xFFFF, 0xFFFF, 0xFFFF, 0xFFFF, 0xFFFF, 0xFFFF, 0xFFFF, 0xFFFF, 0xFFFF, 0xFFFF, 0xFFFF, 0xFFFF, 0xFFFF, 0xFFFF, 0xFFFF, 0xFFFF,
    0xFFFF, 0xFFFF, 0xFFFF, 0xFFFF, 0xFFFF, 0xFFFF, 0xFFFF, 0xFFFF, 0xFFFF, 0xFFFF, 0xFFFF, 0xFFFF, 0xFFFF, 0xFFFF, 0xFFFF, 0xFFFF,
    0xFFFF, 0xFFFF, 0xFFFF, 0xFFFF, 0xFFFF, 0xFFFF, 0xFFFF, 0xFFFF, 0xFFFF, 0xFFFF, 0xFFFF, 0xFFFF, 0xFFFF, 0xFFFF, 0xFFFF, 0xFFFF,
    0xFFFF, 0xFFFF, 0xFFFF, 0xFFFF, 0xFFFF, 0xFFFF, 0xFFFF, 0xFFFF, 0xFFFF, 0xFFFF, 0xFFFF, 0xFFFF, 0xFFFF, 0xFFFF, 0xFFFF, 0xFFFF,
    0xFFFF, 0xFFFF, 0xFFFF, 0xE73C, 0x4208, 0x8430, 0xAD55, 0xAD55, 0x9CD3, 0x9CF3, 0xA514, 0xA514, 0xA534, 0xA534, 0xA534, 0xA534,
    0xA514, 0xA514, 0xA514, 0x9CF3, 0xA514, 0xA514, 0x9CF3, 0x9CF3, 0x9CD3, 0x9CD3, 0x9CD3, 0x94B2, 0x94B2, 0x9CF3, 0x9CF3, 0x9CD3,
    0x9CD3, 0x9CD3, 0x94B2, 0x9CD3, 0x9CF3, 0x9CF3, 0x9CF3, 0x9CD3, 0x94B2, 0x9CD3, 0x9CD3, 0x9CD3, 0x94B2, 0x94B2, 0x94B2, 0x9CD3,
    0x9CD3, 0x9CD3, 0x94B2, 0x9CD3, 0x94B2, 0x9492, 0x94B2, 0x94B2, 0x9492, 0x8C71, 0x9492, 0x94B2, 0x9492, 0x8C71, 0x8C51, 0x8C71,
    0x8C71, 0x8C71, 0x8C71, 0x8C71, 0x9492, 0x8430, 0x1861, 0x5820, 0x7821, 0x7000, 0x7020, 0x7020, 0x7820, 0x8000, 0x9020, 0xA840,
    0x8860, 0x4000, 0x1800, 0x3820, 0x8021, 0x9000, 0x8800, 0x9000, 0x9800, 0x9800, 0x9800, 0xA000, 0xA000, 0xA000, 0xA000, 0xA800,
    0xA800, 0xB000, 0xB000, 0xB820, 0xB820, 0xC020, 0xC840, 0xC861, 0xD061, 0xD082, 0xD8A2, 0xE0C2, 0xE0C3, 0xE8E3, 0xE904, 0xE924,
    0xF124, 0xF145, 0xF165, 0xF185, 0xF185, 0xF1A6, 0xF9A6, 0xF9C7, 0xF9C7, 0xF9C7, 0xF9C7, 0xF9C7, 0xF9C7, 0xF9C7, 0xF9C7, 0xF9C6,
    0xF9C6, 0xF9A6, 0xF9A6, 0xF186, 0xF165, 0xF165, 0xF145, 0xF124, 0xE924, 0xE904, 0xE8E3, 0xE0C3, 0xE0A2, 0xD8A2, 0xD882, 0xD081,
    0xD061, 0xC841, 0xC841, 0xC020, 0xB800, 0xB800, 0xB000, 0xB000, 0xA800, 0xA800, 0xA000, 0xA000, 0x9800, 0x9800, 0x9800, 0x9800,
    0x9000, 0x8821, 0x7821, 0x3820, 0x1000, 0x3020, 0x9062, 0xC840, 0xB000, 0xA000, 0xA000, 0x9800, 0x9800, 0x9800, 0x9000, 0x9020,
    0x4000, 0x2944, 0x8431, 0x8410, 0x8410, 0x8410, 0x8410, 0x8410, 0x8410, 0x8410, 0x8430, 0x8410, 0x8410, 0x8410, 0x8430, 0x8410,
    0x8410, 0x8430, 0x8410, 0x7BEF, 0x8410, 0x8410, 0x8410, 0x8430, 0x8C51, 0x8410, 0x8410, 0x8410, 0x8410, 0x8430, 0x8430, 0x8430,
    0x8430, 0x8430, 0x8C51, 0x8430, 0x8430, 0x8C51, 0x8C51, 0x8430, 0x8C51, 0x8430, 0x8C51, 0x8C51, 0x8C51, 0x8430, 0x8430, 0x8430,
    0x8430, 0x8430, 0x8430, 0x8430, 0x8C51, 0x8430, 0x8430, 0x8430, 0x8430, 0x8430, 0x8430, 0x8430, 0x8C51, 0x8430, 0x8430, 0x8430,
    0x8410, 0x8430, 0x8430, 0x8430, 0x8430, 0x8C51, 0x8430, 0x8430, 0x8C51, 0x8430, 0x8C71, 0x39E7, 0x632C, 0xFFFF, 0xFFDF, 0xFFFF,
    0xFFFF, 0xFFFF, 0xFFFF, 0xFFFF, 0xFFFF, 0xFFFF, 0xFFFF, 0xFFFF, 0xFFFF, 0xFFFF, 0xFFFF, 0xFFFF, 0xFFFF, 0xFFFF, 0xFFFF, 0xFFFF,
    0xFFFF, 0xFFFF, 0xFFFF, 0xFFFF, 0xFFFF, 0xFFFF, 0xFFFF, 0xFFFF, 0xFFFF, 0xFFFF, 0xFFFF, 0xFFFF, 0xFFFF, 0xFFFF, 0xFFFF, 0xFFFF,
    0xFFFF, 0xFFFF, 0xFFFF, 0xFFFF, 0xFFFF, 0xFFFF, 0xFFFF, 0xFFFF, 0xFFFF, 0xFFFF, 0xFFFF, 0xFFFF, 0xFFFF, 0xFFFF, 0xFFFF, 0xFFFF,
    0xFFFF, 0xFFFF, 0xFFFF, 0xFFFF, 0xFFFF, 0xFFFF, 0xFFFF, 0xFFFF, 0xFFFF, 0xFFFF, 0xFFFF, 0xFFFF, 0xFFFF, 0xFFFF, 0xFFFF, 0xFFFF,
    0xFFFF, 0xFFFF, 0xFFFF, 0xBDD7, 0x4208, 0x8C71, 0xAD55, 0xA514, 0xA514, 0x9CF3, 0x9CF3, 0xA514, 0xA534, 0xA534, 0xA534, 0xA534,
    0xA534, 0xA514, 0xA534, 0xA514, 0x9CF3, 0xA514, 0xA514, 0x9CF3, 0xA514, 0x9CF3, 0x9CF3, 0x9CF3, 0x9CD3, 0x9CD3, 0x9CD3, 0x9CD3,
    0x9CF3, 0x9CF3, 0x94B2, 0x9CD3, 0x9CF3, 0x9CF3, 0x94B2, 0x94B2, 0x94B2, 0x9CD3, 0x9CD3, 0x9CD3, 0x9CD3, 0x9CD3, 0x94B2, 0x94B2,
    0x94B2, 0x9CD3, 0x9CD3, 0x94B2, 0x94B2, 0x8C71, 0x9492, 0x9CD3, 0x94B2, 0x94B2, 0x94B2, 0x94B2, 0x9492, 0x9492, 0x8C51, 0x8C51,
    0x8C71, 0x8C51, 0x8C51, 0x8C71, 0x9471, 0x8C51, 0x20E3, 0x4800, 0x7820, 0x7000, 0x7020, 0x7800, 0x7820, 0x7820, 0x8000, 0x9800,
    0xA840, 0xA841, 0x6841, 0x2800, 0x2800, 0x5020, 0x8041, 0x9800, 0x9000, 0x9000, 0x9800, 0x9800, 0x9800, 0xA000, 0xA000, 0xA000,
    0xA800, 0xA800, 0xA800, 0xB000, 0xB820, 0xB820, 0xC041, 0xC861, 0xC861, 0xD082, 0xD882, 0xD8A2, 0xE0C3, 0xE8E3, 0xE8E3, 0xE904,
    0xF124, 0xF124, 0xF145, 0xF165, 0xF165, 0xF185, 0xF986, 0xF9A6, 0xF9A6, 0xF9A6, 0xF9A6, 0xF9A6, 0xF9A6, 0xF9C6, 0xF9C6, 0xF9A6,
    0xF9A6, 0xF9A6, 0xF986, 0xF965, 0xF165, 0xF145, 0xF145, 0xF124, 0xE904, 0xE904, 0xE0E3, 0xE0C3, 0xD8A2, 0xD8A2, 0xD082, 0xD061,
    0xC861, 0xC841, 0xC021, 0xC000, 0xB800, 0xB000, 0xB000, 0xA800, 0xA000, 0xA000, 0xA000, 0x9800, 0x9800, 0x9800, 0x9000, 0x9800,
    0x9020, 0x6021, 0x2800, 0x2800, 0x6821, 0xB061, 0xC020, 0xA800, 0xA000, 0xA000, 0x9800, 0x9820, 0x9820, 0x9800, 0x9000, 0x9041,
    0x3000, 0x39E7, 0x8C51, 0x8410, 0x8410, 0x8410, 0x8410, 0x8430, 0x8410, 0x8430, 0x8410, 0x7BEF, 0x8410, 0x8410, 0x8430, 0x8410,
    0x8410, 0x8410, 0x8410, 0x8410, 0x7BEF, 0x8410, 0x8410, 0x8410, 0x8430, 0x8430, 0x8410, 0x8410, 0x8410, 0x8410, 0x8410, 0x8430,
    0x8C51, 0x8C51, 0x8C51, 0x8C51, 0x8C51, 0x8C51, 0x8C51, 0x8430, 0x8430, 0x8C51, 0x8C51, 0x8C51, 0x8C51, 0x8410, 0x8430, 0x8430,
    0x8C51, 0x8430, 0x8C51, 0x8C51, 0x8C71, 0x8C71, 0x8C71, 0x8430, 0x8430, 0x8430, 0x8430, 0x8430, 0x8430, 0x8430, 0x8430, 0x8430,
    0x8410, 0x8410, 0x8430, 0x8430, 0x8430, 0x8C51, 0x8C51, 0x8430, 0x8430, 0x8430, 0x8430, 0x5AEB, 0x31A6, 0xF7BE, 0xFFFF, 0xFFFF,
    0xFFFF, 0xFFFF, 0xFFFF, 0xFFFF, 0xFFFF, 0xFFFF, 0xFFFF, 0xFFFF, 0xFFFF, 0xFFFF, 0xFFFF, 0xFFFF, 0xFFFF, 0xFFFF, 0xFFFF, 0xFFFF,
    0xFFFF, 0xFFFF, 0xFFFF, 0xFFFF, 0xFFFF, 0xFFFF, 0xFFFF, 0xFFFF, 0xFFFF, 0xFFFF, 0xFFFF, 0xFFFF, 0xFFFF, 0xFFFF, 0xFFFF, 0xFFFF,
    0xFFFF, 0xFFFF, 0xFFFF, 0xFFFF, 0xFFFF, 0xFFFF, 0xFFFF, 0xFFFF, 0xFFFF, 0xFFFF, 0xFFFF, 0xFFFF, 0xFFFF, 0xFFFF, 0xFFFF, 0xFFFF,
    0xFFFF, 0xFFFF, 0xFFFF, 0xFFFF, 0xFFFF, 0xFFFF, 0xFFFF, 0xFFFF, 0xFFFF, 0xFFFF, 0xFFFF, 0xFFFF, 0xFFFF, 0xFFFF, 0xFFFF, 0xFFFF,
    0xFFFF, 0xFFFF, 0xFFFF, 0x8C51, 0x528A, 0x94B2, 0xA514, 0x9CF3, 0x9CF3, 0xA514, 0xA514, 0xA534, 0xA534, 0xA514, 0xA514, 0xA514,
    0xA514, 0xA534, 0xA514, 0xA534, 0xA514, 0xA514, 0x9CF3, 0xA514, 0x9CF3, 0x9CF3, 0x9CD3, 0x9CD3, 0x9CF3, 0x9CF3, 0x9CD3, 0x9CD3,
    0x9CF3, 0x9CF3, 0x9CD3, 0x9CF3, 0x9CF3, 0x9CD3, 0x94B2, 0x9CD3, 0x94B2, 0x94B2, 0x94B2, 0x94B2, 0x9CD3, 0x9CD3, 0x9CD3, 0x9CD3,
    0x9CD3, 0x9CD3, 0x9CD3, 0x9CD3, 0x94B2, 0x9492, 0x94B2, 0x9CD3, 0x94B2, 0x94B2, 0x94B2, 0x9492, 0x9492, 0x94B2, 0x8C71, 0x8C71,
    0x8C71, 0x8C71, 0x8C71, 0x8C71, 0x9471, 0x8C71, 0x2965, 0x3800, 0x7041, 0x7000, 0x7000, 0x7800, 0x8000, 0x8000, 0x8000, 0x8000,
    0x9000, 0xA800, 0xB021, 0x9821, 0x5040, 0x1800, 0x3800, 0x7022, 0x9041, 0x9000, 0x9000, 0x9800, 0x9800, 0x9800, 0x9800, 0xA000,
    0xA000, 0xA800, 0xA800, 0xB000, 0xB020, 0xB820, 0xB840, 0xC061, 0xC861, 0xD061, 0xD082, 0xD8A2, 0xE0C2, 0xE0C3, 0xE8E3, 0xE904,
    0xE904, 0xF124, 0xF145, 0xF145, 0xF165, 0xF165, 0xF185, 0xF986, 0xF986, 0xF986, 0xF9A6, 0xF9A6, 0xF9A6, 0xF9A6, 0xF9A6, 0xF986,
    0xF986, 0xF986, 0xF965, 0xF965, 0xF145, 0xF145, 0xF124, 0xE904, 0xE904, 0xE0E3, 0xE0C3, 0xE0C3, 0xD8A2, 0xD882, 0xD061, 0xC861,
    0xC841, 0xC021, 0xC020, 0xB820, 0xB000, 0xB000, 0xA800, 0xA800, 0xA000, 0x9820, 0x9800, 0x9800, 0x9000, 0x9800, 0x9020, 0x7841,
    0x4001, 0x3000, 0x6021, 0xA061, 0xC021, 0xC000, 0xB000, 0xA000, 0xA000, 0x9800, 0x9800, 0x9000, 0x9800, 0x9000, 0x9000, 0x8841,
    0x2000, 0x52AA, 0x8C51, 0x7BEF, 0x7BEF, 0x8410, 0x8410, 0x8410, 0x8410, 0x8430, 0x8430, 0x8430, 0x8430, 0x8430, 0x8430, 0x8430,
    0x8410, 0x8410, 0x8430, 0x8410, 0x7BEF, 0x8410, 0x8430, 0x8410, 0x8410, 0x8430, 0x8430, 0x7BEF, 0x8410, 0x8410, 0x8430, 0x8410,
    0x8410, 0x8430, 0x8C51, 0x8430, 0x8C51, 0x8C51, 0x8C51, 0x8C51, 0x8C51, 0x8C51, 0x8430, 0x8430, 0x8430, 0x8430, 0x8C51, 0x8C51,
    0x8430, 0x8430, 0x8C51, 0x8C51, 0x8C71, 0x8C71, 0x8C51, 0x8C51, 0x8C51, 0x8430, 0x8430, 0x8430, 0x8430, 0x8430, 0x8430, 0x8410,
    0x8430, 0x8430, 0x8430, 0x8410, 0x8410, 0x8430, 0x8430, 0x8430, 0x8430, 0x8430, 0x8430, 0x7BCF, 0x18E3, 0xCE59, 0xFFFF, 0xFFFF,
    0xFFFF, 0xFFFF, 0xFFFF, 0xFFFF, 0xFFFF, 0xFFFF, 0xFFFF, 0xFFFF, 0xFFFF, 0xFFFF, 0xFFFF, 0xFFFF, 0xFFFF, 0xFFFF, 0xFFFF, 0xFFFF,
    0xFFFF, 0xFFFF, 0xFFFF, 0xFFFF, 0xFFFF, 0xFFFF, 0xFFFF, 0xFFFF, 0xFFFF, 0xFFFF, 0xFFFF, 0xFFFF, 0xFFFF, 0xFFFF, 0xFFFF, 0xFFFF,
    0xFFFF, 0xFFFF, 0xFFFF, 0xFFFF, 0xFFFF, 0xFFFF, 0xFFFF, 0xFFFF, 0xFFFF, 0xFFFF, 0xFFFF, 0xFFFF, 0xFFFF, 0xFFFF, 0xFFFF, 0xFFFF,
    0xFFFF, 0xFFFF, 0xFFFF, 0xFFFF, 0xFFFF, 0xFFFF, 0xFFFF, 0xFFFF, 0xFFFF, 0xFFFF, 0xFFFF, 0xFFFF, 0xFFFF, 0xFFFF, 0xFFFF, 0xFFFF,
    0xFFFF, 0xFFFF, 0xFFFF, 0x630C, 0x632C, 0x9CD3, 0xA534, 0x9CF3, 0x9CF3, 0xA534, 0xA514, 0xA534, 0xA514, 0xA514, 0xA514, 0x9CF3,
    0xA514, 0xA514, 0x9CF3, 0x9CF3, 0xA514, 0x9CF3, 0x9CF3, 0xA514, 0x9CD3, 0x9CD3, 0x94B2, 0x94B2, 0x9CD3, 0x9CD3, 0x9CD3, 0x9CF3,
    0x9CD3, 0x9CF3, 0xA514, 0x9CD3, 0x9CF3, 0x9CF3, 0x9CF3, 0x9CD3, 0x9CD3, 0x94B2, 0x94B2, 0x9CD3, 0x9CD3, 0x9CD3, 0x9CD3, 0x94B2,
    0x94B2, 0x94B2, 0x94B2, 0x94B2, 0x94B2, 0x9492, 0x94B2, 0x9492, 0x8C71, 0x94B2, 0x94B2, 0x9492, 0x94B2, 0x9492, 0x8C71, 0x9492,
    0x8C71, 0x8C71, 0x8C71, 0x8C71, 0x8C31, 0x9492, 0x4228, 0x2800, 0x6861, 0x7000, 0x7000, 0x7820, 0x7800, 0x7800, 0x7800, 0x7800,
    0x8000, 0x9000, 0xA000, 0xB800, 0xB021, 0x8841, 0x4800, 0x2000, 0x4820, 0x8041, 0x9820, 0x9800, 0x9001, 0x9000, 0x9020, 0x9820,
    0xA000, 0xA800, 0xA800, 0xA800, 0xB000, 0xB020, 0xB840, 0xC041, 0xC841, 0xD061, 0xD062, 0xD882, 0xD8A2, 0xE0C3, 0xE0E3, 0xE8E3,
    0xE8E4, 0xE904, 0xF124, 0xF124, 0xF145, 0xF145, 0xF965, 0xF966, 0xF966, 0xF966, 0xF986, 0xF986, 0xF986, 0xF986, 0xF985, 0xF965,
    0xF965, 0xF965, 0xF945, 0xF145, 0xF145, 0xF124, 0xE924, 0xE904, 0xE8E3, 0xE0E3, 0xE0C3, 0xD8A2, 0xD882, 0xD082, 0xD061, 0xC841,
    0xC841, 0xC020, 0xB820, 0xB800, 0xB000, 0xA800, 0xA000, 0xA000, 0x9800, 0x9820, 0x9020, 0x9800, 0x9800, 0x8841, 0x5820, 0x2000,
    0x3820, 0x9042, 0xC021, 0xC020, 0xB800, 0xA800, 0xA800, 0xA000, 0xA000, 0x9800, 0x9000, 0x9000, 0x9000, 0x9000, 0x9020, 0x7820,
    0x1800, 0x632C, 0x8C51, 0x8410, 0x8410, 0x8410, 0x8410, 0x8410, 0x8410, 0x8410, 0x8C51, 0x8430, 0x8430, 0x8430, 0x8C51, 0x8C51,
    0x8410, 0x8410, 0x8410, 0x8410, 0x7BEF, 0x8410, 0x8430, 0x8410, 0x8410, 0x8430, 0x8C51, 0x8410, 0x8430, 0x8430, 0x8C51, 0x8430,
    0x8430, 0x8430, 0x8430, 0x8430, 0x8430, 0x8C51, 0x8430, 0x8C51, 0x8C51, 0x8C51, 0x8C51, 0x8430, 0x8430, 0x8430, 0x8410, 0x8C51,
    0x8C51, 0x8C51, 0x8C51, 0x8C51, 0x8C51, 0x8C71, 0x8C51, 0x8C51, 0x8430, 0x8430, 0x8430, 0x8430, 0x8430, 0x8430, 0x8430, 0x8430,
    0x8430, 0x8C51, 0x8430, 0x8410, 0x8430, 0x8430, 0x8430, 0x8C51, 0x8430, 0x8430, 0x8430, 0x8C71, 0x2965, 0x8C51, 0xFFFF, 0xFFDF,
    0xFFFF, 0xFFFF, 0xFFFF, 0xFFFF, 0xFFFF, 0xFFFF, 0xFFFF, 0xFFFF, 0xFFFF, 0xFFFF, 0xFFFF, 0xFFFF, 0xFFFF, 0xFFFF, 0xFFFF, 0xFFFF,
    0xFFFF, 0xFFFF, 0xFFFF, 0xFFFF, 0xFFFF, 0xFFFF, 0xFFFF, 0xFFFF, 0xFFFF, 0xFFFF, 0xFFFF, 0xFFFF, 0xFFFF, 0xFFFF, 0xFFFF, 0xFFFF,
    0xFFFF, 0xFFFF, 0xFFFF, 0xFFFF, 0xFFFF, 0xFFFF, 0xFFFF, 0xFFFF, 0xFFFF, 0xFFFF, 0xFFFF, 0xFFFF, 0xFFFF, 0xFFFF, 0xFFFF, 0xFFFF,
    0xFFFF, 0xFFFF, 0xFFFF, 0xFFFF, 0xFFFF, 0xFFFF, 0xFFFF, 0xFFFF, 0xFFFF, 0xFFFF, 0xFFFF, 0xFFFF, 0xFFFF, 0xFFFF, 0xFFFF, 0xFFFF,
    0xFFFF, 0xFFFF, 0xF79E, 0x4228, 0x8410, 0x9CD3, 0xAD35, 0xA534, 0xA514, 0xAD55, 0x9CF3, 0xA514, 0xA514, 0xA514, 0xA534, 0xA534,
    0xA514, 0xA514, 0xA514, 0xA534, 0xA514, 0x9CF3, 0xA514, 0x9CF3, 0x9CD3, 0x9CD3, 0x9CD3, 0x94B2, 0x94B2, 0x9CD3, 0x9CD3, 0x9CF3,
    0x9CF3, 0x9CF3, 0x9CF3, 0x9CD3, 0x9CF3, 0x94B2, 0x9CD3, 0x9CD3, 0x94B2, 0x9CD3, 0x94B2, 0x9CD3, 0x9CD3, 0x94B2, 0x94B2, 0x9CD3,
    0x94B2, 0x94B2, 0x94B2, 0x94B2, 0x94B2, 0x8C71, 0x9492, 0x9492, 0x9492, 0x9492, 0x9492, 0x94B2, 0x9492, 0x9492, 0x8C71, 0x8C51,
    0x8C51, 0x8C51, 0x8C51, 0x8430, 0x8C30, 0x9492, 0x52CB, 0x1800, 0x6861, 0x7020, 0x7000, 0x7800, 0x7800, 0x7000, 0x7820, 0x7820,
    0x8000, 0x8800, 0x8800, 0x9800, 0xB000, 0xC000, 0xA841, 0x7841, 0x3800, 0x2800, 0x5020, 0x7021, 0x8840, 0x9020, 0x9800, 0x9800,
    0x9800, 0xA000, 0xA000, 0xA800, 0xA800, 0xB000, 0xB820, 0xC021, 0xC041, 0xC861, 0xD061, 0xD082, 0xD882, 0xE0A2, 0xE0C3, 0xE0C3,
    0xE8E3, 0xE8E4, 0xF104, 0xF124, 0xF124, 0xF125, 0xF145, 0xF945, 0xF945, 0xF965, 0xF965, 0xF965, 0xF965, 0xF965, 0xF965, 0xF965,
    0xF945, 0xF945, 0xF945, 0xF124, 0xF124, 0xF104, 0xE904, 0xE8E3, 0xE0E3, 0xE0C3, 0xD8A2, 0xD8A2, 0xD082, 0xD061, 0xC841, 0xC841,
    0xC041, 0xB820, 0xB000, 0xB000, 0xA800, 0xA000, 0xA000, 0xA000, 0xA000, 0xA000, 0x9801, 0x8821, 0x6021, 0x3800, 0x2800, 0x7841,
    0xB821, 0xC800, 0xC000, 0xB800, 0xA800, 0xA020, 0xA000, 0xA000, 0xA000, 0x9000, 0x9000, 0x8800, 0x9000, 0x9000, 0x9020, 0x7041,
    0x1861, 0x7BAF, 0x8C30, 0x8430, 0x8410, 0x8410, 0x8410, 0x8430, 0x8410, 0x8430, 0x8430, 0x8430, 0x8430, 0x8430, 0x8430, 0x8410,
    0x8410, 0x8410, 0x8410, 0x8410, 0x8410, 0x8430, 0x8430, 0x8C51, 0x8C51, 0x8430, 0x8430, 0x8430, 0x8430, 0x8410, 0x8430, 0x8C51,
    0x8430, 0x8430, 0x8430, 0x8430, 0x8C51, 0x8430, 0x8430, 0x8430, 0x8C51, 0x8C71, 0x8C51, 0x8C51, 0x8C51, 0x8C51, 0x8430, 0x8430,
    0x8C51, 0x8C51, 0x8C51, 0x8C51, 0x8C71, 0x8C51, 0x8C51, 0x8C71, 0x8C51, 0x8C51, 0x8C51, 0x8C51, 0x8430, 0x8430, 0x8430, 0x8C51,
    0x8C51, 0x8C51, 0x8C51, 0x8430, 0x8430, 0x8C51, 0x8C51, 0x8C51, 0x8C71, 0x8C51, 0x8430, 0x8C51, 0x4A69, 0x4A49, 0xFFFF, 0xFFFF,
    0xFFFF, 0xFFFF, 0xFFFF, 0xFFFF, 0xFFFF, 0xFFFF, 0xFFFF, 0xFFFF, 0xFFFF, 0xFFFF, 0xFFFF, 0xFFFF, 0xFFFF, 0xFFFF, 0xFFFF, 0xFFFF,
    0xFFFF, 0xFFFF, 0xFFFF, 0xFFFF, 0xFFFF, 0xFFFF, 0xFFFF, 0xFFFF, 0xFFFF, 0xFFFF, 0xFFFF, 0xFFFF, 0xFFFF, 0xFFFF, 0xFFFF, 0xFFFF,
    0xFFFF, 0xFFFF, 0xFFFF, 0xFFFF, 0xFFFF, 0xFFFF, 0xFFFF, 0xFFFF, 0xFFFF, 0xFFFF, 0xFFFF, 0xFFFF, 0xFFFF, 0xFFFF, 0xFFFF, 0xFFFF,
    0xFFFF, 0xFFFF, 0xFFFF, 0xFFFF, 0xFFFF, 0xFFFF, 0xFFFF, 0xFFFF, 0xFFFF, 0xFFFF, 0xFFFF, 0xFFFF, 0xFFFF, 0xFFFF, 0xFFFF, 0xFFFF,
    0xFFFF, 0xFFFF, 0xC638, 0x39E7, 0x9492, 0xA514, 0xA514, 0x9CF3, 0xA514, 0xA514, 0xA514, 0xA514, 0xA514, 0xA514, 0xA534, 0xA514,
    0xA534, 0xA534, 0xA534, 0xA514, 0xA514, 0xA514, 0x9CF3, 0x9CF3, 0x9CF3, 0x9CD3, 0x9CD3, 0x94B2, 0x9CD3, 0x9CD3, 0x9CF3, 0x9CD3,
    0x9CD3, 0x9CD3, 0x9CF3, 0x9CF3, 0x9CD3, 0x9CF3, 0x9CD3, 0x94B2, 0x9CD3, 0x9CD3, 0x9CD3, 0x94B2, 0x94B2, 0x9CD3, 0x9CD3, 0x9CD3,
    0x9CD3, 0x9CD3, 0x9CF3, 0x9CD3, 0x9CD3, 0x9492, 0x9492, 0x9492, 0x8C71, 0x9492, 0x9492, 0x9492, 0x8C71, 0x94B2, 0x94B2, 0x8C51,
    0x8C71, 0x8C71, 0x8C71, 0x8C71, 0x8C51, 0x9492, 0x738E, 0x1800, 0x6041, 0x7820, 0x7800, 0x7800, 0x7800, 0x7800, 0x7800, 0x7820,
    0x8020, 0x8800, 0x8800, 0x9000, 0x9820, 0xA820, 0xB800, 0xC020, 0xB041, 0x7841, 0x3820, 0x2000, 0x2820, 0x4840, 0x7021, 0x9021,
    0x9821, 0x9800, 0x9800, 0xA000, 0xA800, 0xB000, 0xB000, 0xB820, 0xC041, 0xC041, 0xC861, 0xD082, 0xD082, 0xD8A2, 0xE0A2, 0xE0C3,
    0xE8C3, 0xE8E3, 0xF104, 0xF104, 0xF124, 0xF124, 0xF124, 0xF944, 0xF944, 0xF945, 0xF965, 0xF945, 0xF965, 0xF965, 0xF945, 0xF945,
    0xF944, 0xF144, 0xF124, 0xF124, 0xF104, 0xE904, 0xE8E4, 0xE8E3, 0xE0C3, 0xE0C2, 0xD8A2, 0xD082, 0xD082, 0xD061, 0xC841, 0xC041,
    0xB840, 0xB820, 0xB000, 0xA800, 0xA000, 0xA000, 0xA000, 0xA000, 0x9040, 0x8041, 0x6041, 0x3001, 0x2000, 0x5020, 0xA061, 0xC821,
    0xC800, 0xB800, 0xB000, 0xB000, 0xA800, 0xA000, 0xA000, 0xA000, 0x9800, 0x9800, 0x9000, 0x9000, 0x8800, 0x8800, 0x8820, 0x5820,
    0x18A3, 0x8C11, 0x8C30, 0x8430, 0x8410, 0x8410, 0x8410, 0x8410, 0x8430, 0x8430, 0x8430, 0x8430, 0x8430, 0x8430, 0x8430, 0x8430,
    0x8430, 0x8410, 0x8410, 0x8430, 0x8410, 0x8410, 0x8430, 0x8C51, 0x8430, 0x8430, 0x8430, 0x8430, 0x8430, 0x8430, 0x8430, 0x8430,
    0x8430, 0x8C51, 0x8430, 0x8C51, 0x8C51, 0x8C51, 0x8C51, 0x8430, 0x8430, 0x8C51, 0x8C51, 0x8430, 0x8430, 0x8C51, 0x8C51, 0x8C51,
    0x8430, 0x8C51, 0x8C51, 0x8C51, 0x8C51, 0x8430, 0x8C51, 0x8C51, 0x8C51, 0x8430, 0x8C51, 0x8430, 0x8430, 0x8C51, 0x8C51, 0x8430,
    0x8430, 0x8430, 0x8430, 0x8430, 0x8430, 0x8C51, 0x8C51, 0x8430, 0x8430, 0x8C51, 0x8430, 0x8430, 0x6B6D, 0x18E3, 0xE73C, 0xFFFF,
    0xFFFF, 0xFFFF, 0xFFFF, 0xFFFF, 0xFFFF, 0xFFFF, 0xFFFF, 0xFFFF, 0xFFFF, 0xFFFF, 0xFFFF, 0xFFFF, 0xFFFF, 0xFFFF, 0xFFFF, 0xFFFF,
    0xFFFF, 0xFFFF, 0xFFFF, 0xFFFF, 0xFFFF, 0xFFFF, 0xFFFF, 0xFFFF, 0xFFFF, 0xFFFF, 0xFFFF, 0xFFFF, 0xFFFF, 0xFFFF, 0xFFFF, 0xFFFF,
    0xFFFF, 0xFFFF, 0xFFFF, 0xFFFF, 0xFFFF, 0xFFFF, 0xFFFF, 0xFFFF, 0xFFFF, 0xFFFF, 0xFFFF, 0xFFFF, 0xFFFF, 0xFFFF, 0xFFFF, 0xFFFF,
    0xFFFF, 0xFFFF, 0xFFFF, 0xFFFF, 0xFFFF, 0xFFFF, 0xFFFF, 0xFFFF, 0xFFFF, 0xFFFF, 0xFFFF, 0xFFFF, 0xFFFF, 0xFFFF, 0xFFFF, 0xFFFF,
    0xFFDF, 0xFFFF, 0x94B2, 0x4A69, 0x9CD3, 0xA534, 0xA534, 0xA514, 0xA514, 0xA534, 0xA514, 0x9CF3, 0xA514, 0xA534, 0xA514, 0x9D13,
    0xA514, 0xA534, 0xA514, 0xA514, 0xA514, 0xA514, 0x9CF3, 0x9CF3, 0x9CD3, 0x9CD3, 0x9CD3, 0x9CF3, 0x9CD3, 0x9CD3, 0x94B2, 0x9CD3,
    0x9CD3, 0x9CD3, 0x9CF3, 0x9CD3, 0x9CD3, 0x9CD3, 0x9CD3, 0x9CD3, 0x9CD3, 0x9CD3, 0x9CD3, 0x94B2, 0x9CD3, 0x9CD3, 0x9CD3, 0x9CD3,
    0x94B2, 0x94B2, 0x9CD3, 0x94B2, 0x94B2, 0x94B2, 0x94B2, 0x9492, 0x8C71, 0x9492, 0x94B2, 0x9492, 0x9492, 0x94B2, 0x94B2, 0x9492,
    0x94B2, 0x9492, 0x9492, 0x8C71, 0x8C51, 0x8C71, 0x7BEF, 0x1061, 0x5820, 0x7820, 0x7800, 0x7800, 0x8000, 0x7800, 0x7800, 0x7800,
    0x8000, 0x8800, 0x9000, 0x9020, 0x9020, 0x9800, 0xA800, 0xB000, 0xC000, 0xC021, 0xB041, 0x8841, 0x4820, 0x1800, 0x1000, 0x2000,
    0x5021, 0x8041, 0x9820, 0xA020, 0xA800, 0xB000, 0xB000, 0xB800, 0xB820, 0xC041, 0xC841, 0xD061, 0xD061, 0xD882, 0xD8A2, 0xE0A2,
    0xE0C3, 0xE8C3, 0xE8E3, 0xE904, 0xF104, 0xF104, 0xF124, 0xF924, 0xF924, 0xF944, 0xF945, 0xF945, 0xF925, 0xF945, 0xF945, 0xF925,
    0xF924, 0xF124, 0xF124, 0xF104, 0xE904, 0xE903, 0xE8E3, 0xE0E3, 0xE0C2, 0xD8A2, 0xD8A2, 0xD082, 0xD061, 0xC841, 0xC841, 0xC020,
    0xB820, 0xB000, 0xA800, 0xA800, 0xA000, 0xA000, 0x9820, 0x8041, 0x5041, 0x2800, 0x2000, 0x4000, 0x9041, 0xC041, 0xC020, 0xC000,
    0xB800, 0xB000, 0xA800, 0xA000, 0xA000, 0xA000, 0xA000, 0xA000, 0x9800, 0x9800, 0x9800, 0x9000, 0x8800, 0x8820, 0x8840, 0x4000,
    0x2125, 0x9431, 0x8C31, 0x8C51, 0x8430, 0x8430, 0x8430, 0x8410, 0x8430, 0x8430, 0x8430, 0x8410, 0x8410, 0x8430, 0x8410, 0x8430,
    0x8430, 0x8410, 0x8C51, 0x8430, 0x8430, 0x8430, 0x8430, 0x8C51, 0x8430, 0x8430, 0x8430, 0x8430, 0x8430, 0x8430, 0x8430, 0x8430,
    0x8430, 0x8430, 0x8430, 0x8C51, 0x8C71, 0x8C51, 0x8C51, 0x8430, 0x8430, 0x8C51, 0x8C51, 0x8C51, 0x8C51, 0x8C51, 0x8C51, 0x8430,
    0x8430, 0x8430, 0x8430, 0x8430, 0x8430, 0x8430, 0x8430, 0x8430, 0x8430, 0x8430, 0x8430, 0x8430, 0x8430, 0x8430, 0x8C51, 0x8410,
    0x8430, 0x8430, 0x8430, 0x8430, 0x8430, 0x8430, 0x8430, 0x8430, 0x8410, 0x8C51, 0x8430, 0x8410, 0x8430, 0x18E3, 0xAD55, 0xFFFF,
    0xFFDF, 0xFFFF, 0xFFFF, 0xFFFF, 0xFFFF, 0xFFFF, 0xFFFF, 0xFFFF, 0xFFFF, 0xFFFF, 0xFFFF, 0xFFFF, 0xFFFF, 0xFFFF, 0xFFFF, 0xFFFF,
    0xFFFF, 0xFFFF, 0xFFFF, 0xFFFF, 0xFFFF, 0xFFFF, 0xFFFF, 0xFFFF, 0xFFFF, 0xFFFF, 0xFFFF, 0xFFFF, 0xFFFF, 0xFFFF, 0xFFFF, 0xFFFF,
    0xFFFF, 0xFFFF, 0xFFFF, 0xFFFF, 0xFFFF, 0xFFFF, 0xFFFF, 0xFFFF, 0xFFFF, 0xFFFF, 0xFFFF, 0xFFFF, 0xFFFF, 0xFFFF, 0xFFFF, 0xFFFF,
    0xFFFF, 0xFFFF, 0xFFFF, 0xFFFF, 0xFFFF, 0xFFFF, 0xFFFF, 0xFFFF, 0xFFFF, 0xFFFF, 0xFFFF, 0xFFFF, 0xFFFF, 0xFFFF, 0xFFFF, 0xFFFF,
    0xFFFF, 0xFFFF, 0x6B4D, 0x630C, 0x94B2, 0x9CF3, 0xA534, 0xA514, 0xA514, 0x9CF3, 0x9CF3, 0xA514, 0xA514, 0x9CF3, 0xA514, 0x9CD3,
    0x9CF3, 0x9CD3, 0x9CD3, 0x9CF3, 0x9CF3, 0xA514, 0xA514, 0xA514, 0xA514, 0xA514, 0x9CF3, 0x9CF3, 0x9CD3, 0x9CD3, 0x94B2, 0x94B2,
    0x9CD3, 0x94B2, 0x9CD3, 0x9CD3, 0x94B2, 0x9CF3, 0x9CD3, 0x9CD3, 0x9CD3, 0x9CD3, 0x94B2, 0x9CD3, 0x9CD3, 0x9CD3, 0x9CF3, 0x9CF3,
    0x9CD3, 0x94B2, 0x94B2, 0x9CD3, 0x94B2, 0x94B2, 0x94B2, 0x8C71, 0x94B2, 0x9492, 0x9492, 0x9492, 0x8C71, 0x9492, 0x94B2, 0x9492,
    0x94B2, 0x94B2, 0x9492, 0x8C51, 0x8450, 0x8C51, 0x8430, 0x20E3, 0x4000, 0x7020, 0x7800, 0x8000, 0x8000, 0x7820, 0x7820, 0x7800,
    0x8000, 0x8800, 0x9000, 0x9020, 0x9820, 0x9820, 0x9800, 0xA000, 0xB000, 0xB800, 0xC800, 0xC820, 0xB840, 0x9840, 0x5020, 0x1000,
    0x0000, 0x1000, 0x3020, 0x6040, 0x8021, 0xA021, 0xB020, 0xB821, 0xB841, 0xB840, 0xC040, 0xC860, 0xD061, 0xD081, 0xD882, 0xE083,
    0xE0A3, 0xE0C3, 0xE8E3, 0xE8E3, 0xF0E4, 0xF104, 0xF104, 0xF924, 0xF924, 0xF925, 0xF925, 0xF924, 0xF924, 0xF924, 0xF924, 0xF924,
    0xF904, 0xF904, 0xF104, 0xF103, 0xE8E3, 0xE8C3, 0xE0C3, 0xE0C3, 0xD8A2, 0xD8A2, 0xD082, 0xC881, 0xC861, 0xC841, 0xC021, 0xB820,
    0xB800, 0xB000, 0xA820, 0xA021, 0x8821, 0x6821, 0x3800, 0x2000, 0x2800, 0x5020, 0x8862, 0xB821, 0xD000, 0xC000, 0xB820, 0xB000,
    0xB000, 0xB000, 0xA820, 0xA020, 0xA000, 0xA000, 0xA000, 0x9800, 0x9800, 0x9800, 0x9800, 0x9000, 0x8800, 0x8820, 0x8041, 0x2800,
    0x39C8, 0x8C51, 0x8410, 0x8430, 0x8430, 0x8430, 0x8430, 0x8430, 0x8410, 0x8410, 0x8430, 0x8410, 0x8410, 0x8410, 0x8410, 0x8430,
    0x8410, 0x8410, 0x8430, 0x8430, 0x8430, 0x8430, 0x8430, 0x8C51, 0x8C51, 0x8430, 0x8C51, 0x8430, 0x8430, 0x8430, 0x8430, 0x8C51,
    0x8430, 0x8410, 0x8430, 0x8430, 0x8C51, 0x8C51, 0x8C51, 0x8C51, 0x8C51, 0x8C51, 0x8C51, 0x8430, 0x8430, 0x8C51, 0x8C51, 0x8C51,
    0x8430, 0x8430, 0x8430, 0x8C51, 0x8430, 0x8C51, 0x8430, 0x8430, 0x8C51, 0x8C51, 0x8430, 0x8430, 0x8430, 0x8430, 0x8430, 0x8430,
    0x8430, 0x8430, 0x8C51, 0x8C51, 0x8410, 0x8430, 0x8410, 0x8430, 0x8430, 0x8430, 0x8430, 0x8430, 0x8C51, 0x31A6, 0x6B4D, 0xFFFF,
    0xFFDF, 0xFFFF, 0xFFFF, 0xFFFF, 0xFFFF, 0xFFFF, 0xFFFF, 0xFFFF, 0xFFFF, 0xFFFF, 0xFFFF, 0xFFFF, 0xFFFF, 0xFFFF, 0xFFFF, 0xFFFF,
    0xFFFF, 0xFFFF, 0xFFFF, 0xFFFF, 0xFFFF, 0xFFFF, 0xFFFF, 0xFFFF, 0xFFFF, 0xFFFF, 0xFFFF, 0xFFFF, 0xFFFF, 0xFFFF, 0xFFFF, 0xFFFF,
    0xFFFF, 0xFFFF, 0xFFFF, 0xFFFF, 0xFFFF, 0xFFFF, 0xFFFF, 0xFFFF, 0xFFFF, 0xFFFF, 0xFFFF, 0xFFFF, 0xFFFF, 0xFFFF, 0xFFFF, 0xFFFF,
    0xFFFF, 0xFFFF, 0xFFFF, 0xFFFF, 0xFFFF, 0xFFFF, 0xFFFF, 0xFFFF, 0xFFFF, 0xFFFF, 0xFFFF, 0xFFFF, 0xFFFF, 0xFFFF, 0xFFFF, 0xFFFF,
    0xFFFF, 0xFFDF, 0x4228, 0x73AE, 0x9CD3, 0xA514, 0x9CF3, 0xA514, 0x9CF3, 0xA514, 0xA514, 0xA514, 0xA514, 0xA514, 0xA514, 0x9CF3,
    0x9CF3, 0x9CD3, 0x9CD3, 0x94B2, 0x9CD3, 0x9CF3, 0x9CF3, 0x9CF3, 0xA514, 0xA534, 0xA534, 0xA514, 0x9CF3, 0x9CF3, 0x9CD3, 0x94B2,
    0x94B2, 0x94B2, 0x94B2, 0x9CD3, 0x9CD3, 0x9CF3, 0x9CD3, 0x9CD3, 0x9CD3, 0x9CD3, 0x9CD3, 0x9CD3, 0x9CF3, 0x9CF3, 0x9CD3, 0x9CD3,
    0x9CD3, 0x94B2, 0x94B2, 0x94B2, 0x94B2, 0x9492, 0x94B2, 0x9492, 0x9492, 0x9492, 0x9492, 0x94B2, 0x9492, 0x9492, 0x9492, 0x9492,
    0x94B2, 0x94B2, 0x94B2, 0x8C71, 0x8C51, 0x8C50, 0x9492, 0x3186, 0x3000, 0x6820, 0x7800, 0x8000, 0x8000, 0x8000, 0x8000, 0x8000,
    0x8000, 0x8800, 0x9000, 0x9000, 0x9000, 0x9820, 0x9820, 0x9800, 0xA000, 0xA800, 0xB800, 0xC000, 0xC000, 0xC820, 0xC040, 0xA841,
    0x7041, 0x3800, 0x1000, 0x0800, 0x1000, 0x3000, 0x5020, 0x7041, 0x8861, 0xA861, 0xC062, 0xC862, 0xD061, 0xD861, 0xD861, 0xD882,
    0xE0A2, 0xE0A2, 0xE0C2, 0xE8E3, 0xE8E3, 0xF0E3, 0xF0E3, 0xF903, 0xF903, 0xF924, 0xF924, 0xF904, 0xF904, 0xF904, 0xF904, 0xF903,
    0xF903, 0xF103, 0xF0E3, 0xF0E3, 0xE8E2, 0xE0C3, 0xE0A3, 0xE0A2, 0xE081, 0xD081, 0xC881, 0xC861, 0xC841, 0xC842, 0xB861, 0xB040,
    0xA860, 0x8040, 0x5820, 0x3820, 0x2000, 0x2000, 0x3800, 0x7021, 0xA841, 0xC041, 0xC840, 0xC800, 0xB800, 0xB020, 0xB000, 0xB000,
    0xB000, 0xB000, 0xA800, 0xA800, 0xA000, 0xA000, 0x9800, 0x9800, 0x9800, 0x9000, 0x9000, 0x9000, 0x8800, 0x8800, 0x7840, 0x2000,
    0x526A, 0x8C72, 0x7BEF, 0x7BEF, 0x8410, 0x8410, 0x8410, 0x8410, 0x8430, 0x8430, 0x8430, 0x8430, 0x8430, 0x8410, 0x8410, 0x8430,
    0x8410, 0x8410, 0x8430, 0x8430, 0x8430, 0x8430, 0x8430, 0x8430, 0x8C51, 0x8C51, 0x8430, 0x8430, 0x8430, 0x8410, 0x8430, 0x8430,
    0x8430, 0x8410, 0x8430, 0x8430, 0x8C51, 0x8C51, 0x8C51, 0x8C71, 0x8C51, 0x8C51, 0x8430, 0x8430, 0x8430, 0x8C51, 0x8C51, 0x8430,
    0x8C51, 0x8430, 0x8430, 0x8C51, 0x8430, 0x8C51, 0x8C51, 0x8430, 0x8C51, 0x8C51, 0x8410, 0x8410, 0x8430, 0x8410, 0x8430, 0x8410,
    0x8430, 0x8430, 0x8430, 0x8430, 0x8410, 0x8430, 0x8430, 0x8410, 0x8430, 0x8430, 0x8430, 0x8430, 0x8C51, 0x5ACB, 0x3186, 0xFFDF,
    0xFFFF, 0xFFFF, 0xFFFF, 0xFFFF, 0xFFFF, 0xFFFF, 0xFFFF, 0xFFFF, 0xFFFF, 0xFFFF, 0xFFFF, 0xFFFF, 0xFFFF, 0xFFFF, 0xFFFF, 0xFFFF,
    0xFFFF, 0xFFFF, 0xFFFF, 0xFFFF, 0xFFFF, 0xFFFF, 0xFFFF, 0xFFFF, 0xFFFF, 0xFFFF, 0xFFFF, 0xFFFF, 0xFFFF, 0xFFFF, 0xFFFF, 0xFFFF,
    0xFFFF, 0xFFFF, 0xFFFF, 0xFFFF, 0xFFFF, 0xFFFF, 0xFFFF, 0xFFFF, 0xFFFF, 0xFFFF, 0xFFFF, 0xFFFF, 0xFFFF, 0xFFFF, 0xFFFF, 0xFFFF,
    0xFFFF, 0xFFFF, 0xFFFF, 0xFFFF, 0xFFFF, 0xFFFF, 0xFFFF, 0xFFFF, 0xFFFF, 0xFFFF, 0xFFFF, 0xFFFF, 0xFFFF, 0xFFFF, 0xFFFF, 0xFFFF,
    0xFFFF, 0xD6BA, 0x39C7, 0x8C51, 0x9CF3, 0xAD55, 0xA514, 0xA514, 0xA514, 0xA514, 0xA534, 0x9CF3, 0x9CF3, 0x9CF3, 0x9CF3, 0xA514,
    0xA514, 0xA514, 0x9CF3, 0x9CD3, 0x9CF3, 0x9CD3, 0x9CF3, 0x9CF3, 0x9CF3, 0xA514, 0xA514, 0xA514, 0x9CF3, 0x9CF3, 0x94B2, 0x9CD3,
    0x9CD3, 0x9CD3, 0x94B2, 0x9CD3, 0x9CD3, 0x94B2, 0x94B2, 0x9CD3, 0x9CF3, 0x9CD3, 0x9CD3, 0x9CD3, 0x9CD3, 0x9CF3, 0x9CF3, 0x9CD3,
    0x9CD3, 0x94B2, 0x9492, 0x94B2, 0x9492, 0x9492, 0x9492, 0x9492, 0x9492, 0x94B2, 0x94B2, 0x94B2, 0x94B2, 0x9CD3, 0x94B2, 0x9492,
    0x9492, 0x9492, 0x9491, 0x9492, 0x94B2, 0x8C91, 0x9492, 0x4229, 0x2800, 0x6840, 0x7020, 0x8000, 0x8000, 0x8000, 0x8000, 0x8000,
    0x8800, 0x8800, 0x8800, 0x9000, 0x9020, 0x9020, 0x9800, 0x9800, 0xA000, 0xA800, 0xB000, 0xB000, 0xB800, 0xB800, 0xC800, 0xD000,
    0xD020, 0xC821, 0xA861, 0x7040, 0x4020, 0x2000, 0x0800, 0x0000, 0x1000, 0x2800, 0x5841, 0x7861, 0x90A1, 0xB0A2, 0xC8A3, 0xD0C2,
    0xE0C2, 0xE8C2, 0xE8C3, 0xE8E3, 0xE8E3, 0xF0E3, 0xF0E3, 0xF0E3, 0xF8E3, 0xF8E4, 0xF8E4, 0xF8E4, 0xF8E4, 0xF8E4, 0xF8E4, 0xF0E4,
    0xF0E4, 0xF0E4, 0xF0C3, 0xF0C3, 0xE8C3, 0xE0C2, 0xE0A2, 0xE882, 0xE082, 0xD0C2, 0xC8A2, 0xC0A2, 0xA882, 0x8061, 0x5860, 0x4020,
    0x2800, 0x2000, 0x3000, 0x4820, 0x7841, 0xA042, 0xC042, 0xD021, 0xC820, 0xC020, 0xB800, 0xB020, 0xB000, 0xB000, 0xB000, 0xB000,
    0xB000, 0xB000, 0xA800, 0xA000, 0xA000, 0x9800, 0x9820, 0x9820, 0x9000, 0x8800, 0x8800, 0x8800, 0x8800, 0x8800, 0x7020, 0x1800,
    0x5ACC, 0x8431, 0x840F, 0x7BF0, 0x7BEF, 0x8410, 0x8410, 0x8410, 0x8430, 0x8410, 0x8410, 0x8430, 0x8430, 0x8430, 0x8410, 0x8410,
    0x8430, 0x8430, 0x8430, 0x8430, 0x8410, 0x8430, 0x8430, 0x8430, 0x8C51, 0x8C51, 0x8430, 0x8430, 0x8430, 0x8410, 0x8430, 0x8410,
    0x8410, 0x8430, 0x8430, 0x8430, 0x8C71, 0x8C51, 0x8C51, 0x8C51, 0x8C51, 0x8430, 0x8430, 0x8C51, 0x8430, 0x8C51, 0x8C51, 0x8430,
    0x8C51, 0x8410, 0x8410, 0x8430, 0x8430, 0x8430, 0x8C51, 0x8C51, 0x8C51, 0x8430, 0x8430, 0x8430, 0x8410, 0x8410, 0x8410, 0x8410,
    0x8410, 0x8410, 0x8430, 0x8430, 0x8410, 0x8430, 0x8430, 0x8410, 0x8410, 0x8430, 0x8430, 0x8410, 0x8410, 0x7BCF, 0x18C3, 0xC638,
    0xFFFF, 0xFFFF, 0xFFFF, 0xFFFF, 0xFFFF, 0xFFFF, 0xFFFF, 0xFFFF, 0xFFFF, 0xFFFF, 0xFFFF, 0xFFFF, 0xFFFF, 0xFFFF, 0xFFFF, 0xFFFF,
    0xFFFF, 0xFFFF, 0xFFFF, 0xFFFF, 0xFFFF, 0xFFFF, 0xFFFF, 0xFFFF, 0xFFFF, 0xFFFF, 0xFFFF, 0xFFFF, 0xFFFF, 0xFFFF, 0xFFFF, 0xFFFF,
    0xFFFF, 0xFFFF, 0xFFFF, 0xFFFF, 0xFFFF, 0xFFFF, 0xFFFF, 0xFFFF, 0xFFFF, 0xFFFF, 0xFFFF, 0xFFFF, 0xFFFF, 0xFFFF, 0xFFFF, 0xFFFF,
    0xFFFF, 0xFFFF, 0xFFFF, 0xFFFF, 0xFFFF, 0xFFFF, 0xFFFF, 0xFFFF, 0xFFFF, 0xFFFF, 0xFFFF, 0xFFFF, 0xFFFF, 0xFFFF, 0xFFFF, 0xFFFF,
    0xFFFF, 0xAD55, 0x39E7, 0x8C71, 0x9CF3, 0xA534, 0xA514, 0x9CF3, 0x9CF3, 0x9CF3, 0xA514, 0xA514, 0x9CF3, 0x9CF3, 0x9CF3, 0xA514,
    0xA514, 0x9CF3, 0x9CF3, 0x9CD3, 0x9CF3, 0x9CD3, 0x9CD3, 0x9CD3, 0x9CF3, 0x9CF3, 0x9CD3, 0x9CD3, 0x94B2, 0x94B2, 0x94B2, 0x9CD3,
    0x9CD3, 0x9CF3, 0x9CD3, 0x9CD3, 0x94B2, 0x94B2, 0x94B2, 0x94B2, 0x9CD3, 0x9CD3, 0x9CD3, 0x94B2, 0x9CD3, 0x9CD3, 0x9CF3, 0x9CD3,
    0x9CD3, 0x94B2, 0x94B2, 0x9492, 0x9492, 0x8C71, 0x94B2, 0x94B2, 0x9492, 0x9492, 0x9492, 0x94B2, 0x9492, 0x94B2, 0x8C71, 0x9492,
    0x8C71, 0x8C71, 0x8C71, 0x9472, 0x9492, 0x94B2, 0x9CB2, 0x5AEB, 0x1800, 0x6020, 0x7020, 0x7800, 0x8000, 0x8000, 0x8000, 0x8000,
    0x8000, 0x8800, 0x8800, 0x9000, 0x9000, 0x9000, 0x9800, 0x9800, 0xA000, 0xA000, 0xA800, 0xA800, 0xB000, 0xB000, 0xB800, 0xC000,
    0xC800, 0xD000, 0xD020, 0xD820, 0xD041, 0xB841, 0x9841, 0x7020, 0x4020, 0x1800, 0x0800, 0x0800, 0x0800, 0x2000, 0x3821, 0x5041,
    0x7061, 0x90A2, 0xA8C3, 0xB0C3, 0xC8E4, 0xD105, 0xE124, 0xE924, 0xF124, 0xF924, 0xF924, 0xF904, 0xF904, 0xF8E4, 0xF8E4, 0xF904,
    0xF904, 0xF103, 0xF104, 0xE8E4, 0xE0E3, 0xD0E3, 0xB8E3, 0xA8C3, 0x9083, 0x7062, 0x5041, 0x3820, 0x2000, 0x2000, 0x3000, 0x4021,
    0x6841, 0x9041, 0xB841, 0xD040, 0xE020, 0xD000, 0xC800, 0xC000, 0xB800, 0xB800, 0xB000, 0xA820, 0xA820, 0xB000, 0xA800, 0xA800,
    0xB000, 0xA800, 0xA000, 0xA000, 0x9800, 0x9800, 0x9000, 0x9000, 0x8800, 0x8800, 0x8800, 0x8800, 0x8800, 0x8820, 0x6841, 0x1041,
    0x6B6E, 0x8430, 0x840F, 0x8410, 0x8410, 0x8410, 0x8410, 0x8410, 0x8410, 0x8430, 0x8430, 0x8430, 0x8C51, 0x8430, 0x8430, 0x8430,
    0x8430, 0x8430, 0x8410, 0x8410, 0x8410, 0x8430, 0x8430, 0x8430, 0x8430, 0x8C51, 0x8C51, 0x8430, 0x8430, 0x8430, 0x8430, 0x8410,
    0x8410, 0x8430, 0x8430, 0x8430, 0x8C51, 0x8430, 0x8C51, 0x8C51, 0x8430, 0x8430, 0x8430, 0x8430, 0x8430, 0x8430, 0x8430, 0x8430,
    0x8430, 0x8430, 0x8C51, 0x8C71, 0x8C51, 0x8430, 0x8410, 0x8430, 0x8C51, 0x8430, 0x8430, 0x8430, 0x8430, 0x8430, 0x8410, 0x8410,
    0x8410, 0x8410, 0x8430, 0x8430, 0x8430, 0x8430, 0x8430, 0x8430, 0x8410, 0x8410, 0x8410, 0x8430, 0x8410, 0x8430, 0x2104, 0x8430,
    0xFFFF, 0xFFDF, 0xFFFF, 0xFFFF, 0xFFFF, 0xFFFF, 0xFFFF, 0xFFFF, 0xFFFF, 0xFFFF, 0xFFFF, 0xFFFF, 0xFFFF, 0xFFFF, 0xFFFF, 0xFFFF,
    0xFFFF, 0xFFFF, 0xFFFF, 0xFFFF, 0xFFFF, 0xFFFF, 0xFFFF, 0xFFFF, 0xFFFF, 0xFFFF, 0xFFFF, 0xFFFF, 0xFFFF, 0xFFFF, 0xFFFF, 0xFFFF,
    0xFFFF, 0xFFFF, 0xFFFF, 0xFFFF, 0xFFFF, 0xFFFF, 0xFFFF, 0xFFFF, 0xFFFF, 0xFFFF, 0xFFFF, 0xFFFF, 0xFFFF, 0xFFFF, 0xFFFF, 0xFFFF,
    0xFFFF, 0xFFFF, 0xFFFF, 0xFFFF, 0xFFFF, 0xFFFF, 0xFFFF, 0xFFFF, 0xFFFF, 0xFFFF, 0xFFFF, 0xFFFF, 0xFFFF, 0xFFFF, 0xFFFF, 0xFFFF,
    0xFFFF, 0x7BCF, 0x52AA, 0x9CD3, 0xA514, 0x9CF3, 0x9CD3, 0x9CF3, 0x9CD3, 0x9CD3, 0x9CF3, 0x9CF3, 0x9CD3, 0x9CF3, 0x9CF3, 0xA514,
    0xA514, 0x9CF3, 0x9CF3, 0x9CD3, 0x9CF3, 0x9CD3, 0x9CD3, 0x9CD3, 0x9CD3, 0x9CF3, 0x9CD3, 0x9CD3, 0x9CD3, 0x9CD3, 0x9CD3, 0x94B2,
    0x9CD3, 0x9CD3, 0x9CD3, 0x9CD3, 0x9CD3, 0x94B2, 0x94B2, 0x9CD3, 0x94B2, 0x94B2, 0x9CD3, 0x94B2, 0x9CD3, 0x94B2, 0x9CD3, 0x9CD3,
    0x9CD3, 0x94B2, 0x9CD3, 0x94B2, 0x94B2, 0x9492, 0x9492, 0x9492, 0x8C71, 0x8C71, 0x94B2, 0x9492, 0x94B2, 0x9492, 0x8C71, 0x8C71,
    0x9492, 0x8C71, 0x8C51, 0x8C51, 0x8C71, 0x9492, 0x9CB2, 0x73AE, 0x1000, 0x6000, 0x7800, 0x7800, 0x8000, 0x8000, 0x8000, 0x8000,
    0x8000, 0x8000, 0x8800, 0x9000, 0x9000, 0x9000, 0x9800, 0x9800, 0x9800, 0xA000, 0xA800, 0xA800, 0xA800, 0xB000, 0xB000, 0xB800,
    0xC000, 0xC000, 0xC800, 0xD000, 0xD800, 0xE000, 0xE000, 0xE020, 0xD041, 0xC041, 0xA861, 0x8061, 0x6040, 0x3820, 0x2000, 0x1000,
    0x0800, 0x0000, 0x0800, 0x1000, 0x2000, 0x2800, 0x3820, 0x4841, 0x5862, 0x6882, 0x70A2, 0x80C3, 0x98E3, 0xA0C3, 0xA0C4, 0x98E4,
    0x80C3, 0x6882, 0x6082, 0x5841, 0x4821, 0x3000, 0x2000, 0x1800, 0x1800, 0x2800, 0x4020, 0x5820, 0x8021, 0xA862, 0xC062, 0xD862,
    0xD841, 0xE020, 0xD800, 0xD000, 0xC800, 0xC800, 0xC800, 0xB800, 0xB800, 0xB800, 0xB800, 0xB000, 0xB020, 0xA800, 0xA800, 0xA800,
    0xA800, 0xA800, 0xA000, 0xA000, 0x9800, 0x9800, 0x9000, 0x9000, 0x8800, 0x8800, 0x8800, 0x8800, 0x8800, 0x8820, 0x5820, 0x18A2,
    0x7BD0, 0x8410, 0x7BEF, 0x8430, 0x8410, 0x8410, 0x8410, 0x8410, 0x8410, 0x8410, 0x8430, 0x8430, 0x8430, 0x8410, 0x8410, 0x8430,
    0x8430, 0x8430, 0x8430, 0x8410, 0x8430, 0x8430, 0x8430, 0x8430, 0x8430, 0x8430, 0x8430, 0x8430, 0x8430, 0x8430, 0x8430, 0x8410,
    0x8430, 0x8430, 0x8430, 0x8410, 0x8430, 0x8410, 0x8430, 0x8430, 0x8430, 0x8430, 0x8430, 0x8430, 0x8430, 0x8430, 0x8430, 0x8430,
    0x8430, 0x8430, 0x8C51, 0x8C51, 0x8C51, 0x8C51, 0x8430, 0x8430, 0x8430, 0x8430, 0x8430, 0x8430, 0x8430, 0x8430, 0x8410, 0x8410,
    0x8410, 0x8410, 0x8410, 0x8410, 0x8430, 0x8430, 0x8430, 0x8C51, 0x8430, 0x8410, 0x7BEF, 0x8410, 0x7BEF, 0x8430, 0x4228, 0x4228,
    0xFFFF, 0xFFFF, 0xFFFF, 0xFFFF, 0xFFFF, 0xFFFF, 0xFFFF, 0xFFFF, 0xFFFF, 0xFFFF, 0xFFFF, 0xFFFF, 0xFFFF, 0xFFFF, 0xFFFF, 0xFFFF,
    0xFFFF, 0xFFFF, 0xFFFF, 0xFFFF, 0xFFFF, 0xFFFF, 0xFFFF, 0xFFFF, 0xFFFF, 0xFFFF, 0xFFFF, 0xFFFF, 0xFFFF, 0xFFFF, 0xFFFF, 0xFFFF,
    0xFFFF, 0xFFFF, 0xFFFF, 0xFFFF, 0xFFFF, 0xFFFF, 0xFFFF, 0xFFFF, 0xFFFF, 0xFFFF, 0xFFFF, 0xFFFF, 0xFFFF, 0xFFFF, 0xFFFF, 0xFFFF,
    0xFFFF, 0xFFFF, 0xFFFF, 0xFFFF, 0xFFFF, 0xFFFF, 0xFFFF, 0xFFFF, 0xFFFF, 0xFFFF, 0xFFFF, 0xFFFF, 0xFFFF, 0xFFFF, 0xFFFF, 0xFFFF,
    0xFFFF, 0x528A, 0x6B6D, 0x9CD3, 0xA514, 0xA514, 0x9CF3, 0x9CF3, 0x9CF3, 0xA514, 0x9CF3, 0x9CF3, 0x9CD3, 0x9CD3, 0x9CD3, 0x9CD3,
    0x9CF3, 0x9CD3, 0x9CF3, 0x9CF3, 0x9CF3, 0x9CF3, 0x9CF3, 0x9CF3, 0x9CD3, 0x9CD3, 0x9CD3, 0x9CD3, 0x9CD3, 0x9CD3, 0x9CD3, 0x9CD3,
    0x9CD3, 0x94B2, 0x9CD3, 0x9CD3, 0x94B2, 0x9CD3, 0x9CD3, 0x9CD3, 0x94B2, 0x94B2, 0x94B2, 0x94B2, 0x9CD3, 0x9492, 0x94B2, 0x9CD3,
    0x94B2, 0x9CD3, 0x9CD3, 0x9CD3, 0x94B2, 0x9492, 0x8C71, 0x8C71, 0x8C71, 0x8C71, 0x9492, 0x9492, 0x9492, 0x8C71, 0x8C71, 0x8C71,
    0x8C71, 0x8C71, 0x8C71, 0x8C71, 0x8C72, 0x8C71, 0x9492, 0x7C10, 0x1061, 0x5000, 0x7800, 0x7800, 0x7800, 0x7800, 0x8000, 0x8020,
    0x8020, 0x8800, 0x8800, 0x9000, 0x9000, 0x9000, 0x9000, 0x9800, 0x9800, 0xA000, 0xA820, 0xA800, 0xA800, 0xB000, 0xB800, 0xB800,
    0xB800, 0xC000, 0xC800, 0xC800, 0xD000, 0xD000, 0xD800, 0xE000, 0xE800, 0xE800, 0xF020, 0xE841, 0xE081, 0xD881, 0xC081, 0xB0A2,
    0x9881, 0x7862, 0x6861, 0x6041, 0x5841, 0x4020, 0x3020, 0x2800, 0x2000, 0x2000, 0x1800, 0x1000, 0x1000, 0x1000, 0x1000, 0x1800,
    0x1800, 0x2000, 0x2800, 0x3800, 0x4000, 0x5021, 0x6862, 0x8862, 0xA882, 0xC0A2, 0xE062, 0xE862, 0xE841, 0xE820, 0xE020, 0xE000,
    0xD800, 0xD000, 0xC800, 0xC000, 0xB800, 0xB800, 0xB800, 0xB800, 0xB800, 0xB800, 0xB800, 0xB800, 0xB000, 0xA800, 0xA800, 0xA800,
    0xA800, 0xA800, 0xA000, 0x9800, 0x9800, 0x9000, 0x9000, 0x9000, 0x8800, 0x8800, 0x8800, 0x8800, 0x8800, 0x8821, 0x4000, 0x2104,
    0x8410, 0x8410, 0x7C0F, 0x8410, 0x8410, 0x8430, 0x8430, 0x8430, 0x8410, 0x8410, 0x8410, 0x8430, 0x8410, 0x8410, 0x8430, 0x8410,
    0x8410, 0x8430, 0x8430, 0x8430, 0x8C51, 0x8C51, 0x8430, 0x8430, 0x8430, 0x8430, 0x8430, 0x8410, 0x8410, 0x8410, 0x8430, 0x8C51,
    0x8430, 0x8430, 0x8430, 0x8430, 0x8430, 0x8430, 0x8430, 0x8430, 0x8C51, 0x8C51, 0x8430, 0x8410, 0x8410, 0x8430, 0x8430, 0x8430,
    0x8C51, 0x8C51, 0x8C51, 0x8C51, 0x8C51, 0x8C71, 0x8C51, 0x8430, 0x8430, 0x8430, 0x8430, 0x8430, 0x8C51, 0x8430, 0x8410, 0x8410,
    0x8410, 0x8410, 0x8410, 0x8410, 0x8410, 0x8430, 0x8430, 0x8430, 0x8430, 0x8C51, 0x8410, 0x8430, 0x8410, 0x8430, 0x6B4D, 0x18C3,
    0xE71C, 0xFFFF, 0xFFFF, 0xFFFF, 0xFFFF, 0xFFFF, 0xFFFF, 0xFFFF, 0xFFFF, 0xFFFF, 0xFFFF, 0xFFFF, 0xFFFF, 0xFFFF, 0xFFFF, 0xFFFF,
    0xFFFF, 0xFFFF, 0xFFFF, 0xFFFF, 0xFFFF, 0xFFFF, 0xFFFF, 0xFFFF, 0xFFFF, 0xFFFF, 0xFFFF, 0xFFFF, 0xFFFF, 0xFFFF, 0xFFFF, 0xFFFF,
    0xFFFF, 0xFFFF, 0xFFFF, 0xFFFF, 0xFFFF, 0xFFFF, 0xFFFF, 0xFFFF, 0xFFFF, 0xFFFF, 0xFFFF, 0xFFFF, 0xFFFF, 0xFFFF, 0xFFFF, 0xFFFF,
    0xFFFF, 0xFFFF, 0xFFFF, 0xFFFF, 0xFFFF, 0xFFFF, 0xFFFF, 0xFFFF, 0xFFFF, 0xFFFF, 0xFFFF, 0xFFFF, 0xFFFF, 0xFFFF, 0xFFFF, 0xFFFF,
    0xE73C, 0x39E7, 0x8410, 0x94B2, 0xA514, 0xA514, 0xA534, 0xA514, 0xA514, 0xA514, 0x9CF3, 0xA514, 0x9CF3, 0x9CD3, 0x9CD3, 0x9CD3,
    0x9CD3, 0x9CD3, 0x9CF3, 0x9CF3, 0x9CF3, 0x9CD3, 0x94B2, 0x9CD3, 0x9CD3, 0x9CD3, 0x9CD3, 0x9CD3, 0x94B2, 0x9CD3, 0x9CD3, 0x9CD3,
    0x9CD3, 0x94B2, 0x94B2, 0x9492, 0x94B2, 0x94B2, 0x94B2, 0x9CD3, 0x94B2, 0x94B2, 0x94B2, 0x9492, 0x9492, 0x9CD3, 0x94B2, 0x9CD3,
    0x9CD3, 0x94B2, 0x9492, 0x9492, 0x9492, 0x9492, 0x8C71, 0x8C71, 0x8C71, 0x9492, 0x8C71, 0x8C71, 0x8C71, 0x8C71, 0x8C71, 0x8C71,
    0x8C51, 0x8C51, 0x8C51, 0x8C51, 0x8C71, 0x8C51, 0x8C71, 0x8C51, 0x18E3, 0x4000, 0x7820, 0x7820, 0x7800, 0x7800, 0x7800, 0x8020,
    0x8020, 0x8000, 0x8800, 0x8800, 0x9000, 0x9000, 0x9000, 0x9800, 0x9800, 0xA000, 0xA800, 0xA800, 0xA800, 0xA800, 0xB000, 0xB000,
    0xB800, 0xC000, 0xC000, 0xC800, 0xC800, 0xD000, 0xD000, 0xD800, 0xE000, 0xE000, 0xE000, 0xE000, 0xE820, 0xF020, 0xF021, 0xF062,
    0xF082, 0xF862, 0xF082, 0xF0A2, 0xF0C3, 0xE8C3, 0xE8C3, 0xE0C3, 0xD8C3, 0xD0E3, 0xC8C3, 0xB0C3, 0xA8C3, 0xA0C3, 0xA0A3, 0xB0A3,
    0xC0C2, 0xD0E3, 0xD8C3, 0xE0C3, 0xE8A3, 0xF0A3, 0xF0A3, 0xF083, 0xF062, 0xF041, 0xE821, 0xE801, 0xE000, 0xD800, 0xD800, 0xD800,
    0xD000, 0xD000, 0xC800, 0xC000, 0xC020, 0xB800, 0xB800, 0xB800, 0xB800, 0xB800, 0xB800, 0xB000, 0xB000, 0xA800, 0xA800, 0xA800,
    0xA800, 0xA000, 0x9800, 0x9000, 0x9000, 0x9000, 0x9000, 0x8800, 0x8800, 0x8800, 0x8800, 0x8800, 0x8800, 0x8041, 0x3000, 0x39A6,
    0x8C51, 0x8410, 0x8430, 0x8410, 0x8410, 0x8C51, 0x8430, 0x8410, 0x8410, 0x8430, 0x8410, 0x8430, 0x8430, 0x8430, 0x8430, 0x8430,
    0x8410, 0x8430, 0x8430, 0x8430, 0x8C51, 0x8C51, 0x8C51, 0x8430, 0x8430, 0x8430, 0x8430, 0x8410, 0x8430, 0x8C51, 0x8430, 0x8430,
    0x8410, 0x8430, 0x8430, 0x8430, 0x8430, 0x8430, 0x8430, 0x8C51, 0x8C51, 0x8C51, 0x8430, 0x8430, 0x8430, 0x8C51, 0x8430, 0x8430,
    0x8430, 0x8C51, 0x8C51, 0x8C51, 0x8C51, 0x8430, 0x8430, 0x8430, 0x8C51, 0x8430, 0x8410, 0x8410, 0x8430, 0x8410, 0x8410, 0x8410,
    0x8410, 0x8410, 0x8410, 0x8410, 0x8410, 0x8410, 0x8430, 0x8410, 0x8410, 0x8430, 0x8410, 0x8430, 0x8430, 0x8410, 0x8410, 0x10A2,
    0xA534, 0xFFFF, 0xFFFF, 0xFFFF, 0xFFFF, 0xFFFF, 0xFFFF, 0xFFFF, 0xFFFF, 0xFFFF, 0xFFFF, 0xFFFF, 0xFFFF, 0xFFFF, 0xFFFF, 0xFFFF,
    0xFFFF, 0xFFFF, 0xFFFF, 0xFFFF, 0xFFFF, 0xFFFF, 0xFFFF, 0xFFFF, 0xFFFF, 0xFFFF, 0xFFFF, 0xFFFF, 0xFFFF, 0xFFFF, 0xFFFF, 0xFFFF,
    0xFFFF, 0xFFFF, 0xFFFF, 0xFFFF, 0xFFFF, 0xFFFF, 0xFFFF, 0xFFFF, 0xFFFF, 0xFFFF, 0xFFFF, 0xFFFF, 0xFFFF, 0xFFFF, 0xFFFF, 0xFFFF,
    0xFFFF, 0xFFFF, 0xFFFF, 0xFFFF, 0xFFFF, 0xFFFF, 0xFFFF, 0xFFFF, 0xFFFF, 0xFFFF, 0xFFFF, 0xFFFF, 0xFFFF, 0xFFFF, 0xFFFF, 0xFFFF,
    0xBDD7, 0x39E7, 0x8C71, 0x9CD3, 0x9CF3, 0x9CD3, 0x9CF3, 0xA514, 0x9CF3, 0x9CD3, 0xA514, 0xA514, 0x9CF3, 0x9CD3, 0x9CF3, 0x9CD3,
    0x9CF3, 0x9CD3, 0x9CD3, 0x9CD3, 0x9CD3, 0x9CD3, 0x94B2, 0x9CD3, 0x94B2, 0x9CD3, 0x9CD3, 0x9CD3, 0x94B2, 0x9CD3, 0x9CD3, 0x94B2,
    0x94B2, 0x9CD3, 0x9CD3, 0x94B2, 0x9CD3, 0x94B2, 0x94B2, 0x9CD3, 0x9492, 0x94B2, 0x94B2, 0x94B2, 0x9492, 0x9492, 0x9492, 0x9492,
    0x9492, 0x8C71, 0x8C71, 0x8C71, 0x8C71, 0x8C71, 0x9492, 0x8C71, 0x8C71, 0x9492, 0x94B2, 0x9492, 0x8C71, 0x8C71, 0x8C71, 0x9492,
    0x8C51, 0x8C51, 0x8430, 0x8C51, 0x8C51, 0x8C71, 0x8C71, 0x94B2, 0x2965, 0x3000, 0x7841, 0x7020, 0x7800, 0x7800, 0x7800, 0x8000,
    0x7820, 0x8000, 0x8800, 0x8800, 0x8800, 0x9000, 0x9000, 0x9000, 0x9800, 0xA000, 0xA000, 0xA800, 0xA800, 0xA800, 0xB000, 0xB000,
    0xB800, 0xC000, 0xC000, 0xC800, 0xC800, 0xC800, 0xD000, 0xD800, 0xD800, 0xD800, 0xE000, 0xE020, 0xE020, 0xE020, 0xE820, 0xE840,
    0xE840, 0xF041, 0xF042, 0xF042, 0xF862, 0xF862, 0xF882, 0xF8A2, 0xF8A2, 0xF8A2, 0xF8A3, 0xF8A2, 0xF8A2, 0xF8C2, 0xF8A3, 0xF8A3,
    0xF882, 0xF882, 0xF882, 0xF862, 0xF061, 0xF061, 0xF061, 0xF041, 0xE840, 0xE820, 0xE020, 0xE000, 0xE000, 0xD800, 0xD800, 0xD000,
    0xD000, 0xC800, 0xC800, 0xC000, 0xC000, 0xB800, 0xB800, 0xB000, 0xB000, 0xB000, 0xB000, 0xB000, 0xB000, 0xA800, 0xA800, 0xA800,
    0xA000, 0xA000, 0x9820, 0x9000, 0x9000, 0x8800, 0x8800, 0x8800, 0x8800, 0x8800, 0x8000, 0x8000, 0x8800, 0x7840, 0x2000, 0x4A69,
    0x8C71, 0x8410, 0x8430, 0x8430, 0x8430, 0x8430, 0x8430, 0x8410, 0x8430, 0x8C51, 0x8430, 0x8430, 0x8C51, 0x8430, 0x8430, 0x8430,
    0x8430, 0x8430, 0x8430, 0x8430, 0x8430, 0x8C51, 0x8430, 0x8C51, 0x8430, 0x8430, 0x8430, 0x8430, 0x8430, 0x8430, 0x8430, 0x8430,
    0x8430, 0x8430, 0x8430, 0x8430, 0x8C51, 0x8430, 0x8410, 0x8430, 0x8430, 0x8C51, 0x8430, 0x8430, 0x8C51, 0x8C51, 0x8C51, 0x8C51,
    0x8430, 0x8C51, 0x8430, 0x8430, 0x8C51, 0x8C51, 0x8430, 0x8430, 0x8430, 0x8410, 0x8410, 0x8410, 0x8410, 0x8410, 0x8410, 0x8410,
    0x7BEF, 0x8410, 0x8430, 0x8430, 0x8430, 0x8430, 0x8430, 0x8430, 0x8430, 0x8430, 0x8410, 0x8430, 0x8430, 0x8410, 0x8C51, 0x3186,
    0x5AEB, 0xFFFF, 0xFFFF, 0xFFFF, 0xFFFF, 0xFFFF, 0xFFFF, 0xFFFF, 0xFFFF, 0xFFFF, 0xFFFF, 0xFFFF, 0xFFFF, 0xFFFF, 0xFFFF, 0xFFFF,
    0xFFFF, 0xFFFF, 0xFFFF, 0xFFFF, 0xFFFF, 0xFFFF, 0xFFFF, 0xFFFF, 0xFFFF, 0xFFFF, 0xFFFF, 0xFFFF, 0xFFFF, 0xFFFF, 0xFFFF, 0xFFFF,
    0xFFFF, 0xFFFF, 0xFFFF, 0xFFFF, 0xFFFF, 0xFFFF, 0xFFFF, 0xFFFF, 0xFFFF, 0xFFFF, 0xFFFF, 0xFFFF, 0xFFFF, 0xFFFF, 0xFFFF, 0xFFFF,
    0xFFFF, 0xFFFF, 0xFFFF, 0xFFFF, 0xFFFF, 0xFFFF, 0xFFFF, 0xFFFF, 0xFFFF, 0xFFFF, 0xFFFF, 0xFFFF, 0xFFFF, 0xFFFF, 0xFFFF, 0xFFFF,
    0x8C51, 0x4A69, 0x94B2, 0xA514, 0x9CF3, 0x9CF3, 0x9CD3, 0x9CD3, 0x9CD3, 0x9CF3, 0xA514, 0xA514, 0x9CF3, 0xA514, 0xA514, 0x9CD3,
    0x9CF3, 0x9CD3, 0x9CD3, 0x9CD3, 0x9CD3, 0x9CD3, 0x94B2, 0x9CD3, 0x9CD3, 0x9CD3, 0x9CD3, 0x9CD3, 0x94B2, 0x9CD3, 0x94B2, 0x94B2,
    0x9CD3, 0x9CD3, 0x94B2, 0x9CD3, 0x9CD3, 0x9CD3, 0x9CD3, 0x9CF3, 0x9CD3, 0x9CD3, 0x9CF3, 0x9CD3, 0x9492, 0x9492, 0x9492, 0x9492,
    0x9492, 0x9492, 0x8C71, 0x9492, 0x9492, 0x8C71, 0x8C71, 0x9492, 0x9492, 0x9492, 0x9492, 0x8C71, 0x9492, 0x8C71, 0x8C71, 0x8C71,
    0x8C51, 0x8C51, 0x8C51, 0x8C51, 0x8C51, 0x8C51, 0x8C51, 0x94B2, 0x4228, 0x2000, 0x6841, 0x7020, 0x7000, 0x7000, 0x7800, 0x7800,
    0x7820, 0x8000, 0x8800, 0x8800, 0x8800, 0x8800, 0x9020, 0x9000, 0x9800, 0x9800, 0xA000, 0xA000, 0xA800, 0xA800, 0xB800, 0xB800,
    0xB820, 0xC000, 0xC000, 0xC800, 0xC800, 0xD000, 0xD000, 0xD800, 0xD800, 0xD800, 0xE000, 0xE000, 0xE000, 0xE820, 0xE820, 0xE820,
    0xE841, 0xE841, 0xF061, 0xF061, 0xF061, 0xF061, 0xF081, 0xF081, 0xF061, 0xF861, 0xF882, 0xF082, 0xF082, 0xF082, 0xF081, 0xF081,
    0xF081, 0xF861, 0xF861, 0xF061, 0xF041, 0xF061, 0xE841, 0xE840, 0xE840, 0xE021, 0xE020, 0xE000, 0xD800, 0xD800, 0xD800, 0xD000,
    0xC800, 0xC800, 0xC000, 0xC020, 0xC000, 0xB800, 0xB800, 0xB000, 0xB000, 0xB000, 0xB000, 0xB000, 0xA800, 0xA800, 0xA000, 0xA000,
    0xA000, 0x9800, 0x9820, 0x9000, 0x9000, 0x8800, 0x8800, 0x8000, 0x8000, 0x8020, 0x8000, 0x8000, 0x8000, 0x6840, 0x1800, 0x5B0C,
    0x8C71, 0x8410, 0x8410, 0x8430, 0x8430, 0x8410, 0x8410, 0x8430, 0x8430, 0x8C51, 0x8430, 0x8430, 0x8C51, 0x8C51, 0x8430, 0x8430,
    0x8C51, 0x8C51, 0x8C51, 0x8430, 0x8410, 0x8430, 0x8430, 0x8430, 0x8430, 0x8430, 0x8430, 0x8430, 0x8430, 0x8410, 0x8430, 0x8430,
    0x8410, 0x8410, 0x8430, 0x8430, 0x8430, 0x8430, 0x8430, 0x8430, 0x8430, 0x8C51, 0x8430, 0x8430, 0x8430, 0x8C51, 0x8C51, 0x8430,
    0x8430, 0x8C51, 0x8430, 0x8430, 0x8C51, 0x8C71, 0x8C51, 0x8430, 0x8410, 0x8430, 0x8430, 0x8430, 0x8410, 0x8410, 0x8410, 0x8410,
    0x8410, 0x8410, 0x8430, 0x8410, 0x8430, 0x8C51, 0x8410, 0x8430, 0x8C51, 0x8430, 0x8410, 0x7BEF, 0x8410, 0x8430, 0x8410, 0x52AA,
    0x2945, 0xF7BE, 0xFFFF, 0xFFFF, 0xFFFF, 0xFFFF, 0xFFFF, 0xFFFF, 0xFFFF, 0xFFFF, 0xFFFF, 0xFFFF, 0xFFFF, 0xFFFF, 0xFFFF, 0xFFFF,
    0xFFFF, 0xFFFF, 0xFFFF, 0xFFFF, 0xFFFF, 0xFFFF, 0xFFFF, 0xFFFF, 0xFFFF, 0xFFFF, 0xFFFF, 0xFFFF, 0xFFFF, 0xFFFF, 0xFFFF, 0xFFFF,
    0xFFFF, 0xFFFF, 0xFFFF, 0xFFFF, 0xFFFF, 0xFFFF, 0xFFFF, 0xFFFF, 0xFFFF, 0xFFFF, 0xFFFF, 0xFFFF, 0xFFFF, 0xFFFF, 0xFFFF, 0xFFFF,
    0xFFFF, 0xFFFF, 0xFFFF, 0xFFFF, 0xFFFF, 0xFFFF, 0xFFFF, 0xFFFF, 0xFFFF, 0xFFFF, 0xFFFF, 0xFFFF, 0xFFFF, 0xFFFF, 0xFFFF, 0xFFFF,
    0x5AEB, 0x632C, 0x94B2, 0xA514, 0x9CF3, 0xA514, 0x9CD3, 0x9CD3, 0x9CD3, 0x9CF3, 0x9CF3, 0x9CF3, 0x9CF3, 0x9CF3, 0x9CF3, 0x9CF3,
    0x9CF3, 0x9CF3, 0x9CF3, 0x9CD3, 0x9CD3, 0x9CD3, 0x9CD3, 0x94B2, 0x94B2, 0x9CD3, 0x9CD3, 0x9CD3, 0x9CD3, 0x9CD3, 0x9CD3, 0x9CD3,
    0x9CF3, 0x9CD3, 0x94B2, 0x9CD3, 0x9CD3, 0x9CD3, 0x94B2, 0x9CD3, 0x9CF3, 0x9CF3, 0x9CF3, 0x9CD3, 0x94B2, 0x94B2, 0x94B2, 0x9492,
    0x9492, 0x9492, 0x9492, 0x94B2, 0x94B2, 0x94B2, 0x9492, 0x9492, 0x9492, 0x9492, 0x9492, 0x9492, 0x8C71, 0x8C51, 0x8C71, 0x8C71,
    0x8C71, 0x8C71, 0x8C51, 0x8C51, 0x8C51, 0x8C51, 0x8C51, 0x9492, 0x5B0C, 0x1800, 0x6021, 0x6820, 0x7000, 0x7000, 0x7000, 0x7000,
    0x7800, 0x8000, 0x8000, 0x8800, 0x8800, 0x8800, 0x9000, 0x9000, 0x9000, 0x9800, 0xA000, 0xA000, 0xA000, 0xA800, 0xB000, 0xB000,
    0xB000, 0xB820, 0xC000, 0xC800, 0xD000, 0xD000, 0xD800, 0xD800, 0xD800, 0xD800, 0xD800, 0xE000, 0xE000, 0xE000, 0xE820, 0xE820,
    0xE820, 0xF020, 0xF020, 0xF041, 0xF041, 0xF061, 0xF041, 0xF061, 0xF061, 0xF861, 0xF861, 0xF081, 0xF081, 0xF061, 0xF061, 0xF061,
    0xF061, 0xF061, 0xF061, 0xE861, 0xE861, 0xF040, 0xF020, 0xE820, 0xE820, 0xE020, 0xE000, 0xD800, 0xD800, 0xD800, 0xD000, 0xD000,
    0xC800, 0xC800, 0xC000, 0xC020, 0xC000, 0xB800, 0xB800, 0xB000, 0xB000, 0xA800, 0xB000, 0xA800, 0xA800, 0xA000, 0x9800, 0x9800,
    0x9800, 0x9000, 0x9000, 0x9000, 0x9000, 0x9000, 0x8800, 0x8000, 0x8000, 0x8000, 0x8020, 0x7800, 0x8000, 0x6020, 0x1040, 0x738E,
    0x8C51, 0x8410, 0x8410, 0x8410, 0x8430, 0x8430, 0x8410, 0x8410, 0x8410, 0x8410, 0x8430, 0x8C51, 0x8C51, 0x8C51, 0x8430, 0x8C51,
    0x8C51, 0x8430, 0x8C51, 0x8430, 0x8430, 0x8430, 0x8430, 0x8430, 0x8430, 0x8410, 0x8430, 0x8430, 0x8430, 0x8410, 0x8430, 0x8430,
    0x8430, 0x8410, 0x8410, 0x8430, 0x8430, 0x8430, 0x8430, 0x8430, 0x8430, 0x8C51, 0x8430, 0x8430, 0x8430, 0x8430, 0x8430, 0x8430,
    0x8C51, 0x8C71, 0x8430, 0x8C51, 0x8C51, 0x8C51, 0x8430, 0x8430, 0x8410, 0x8410, 0x7BEF, 0x8410, 0x8410, 0x8410, 0x8410, 0x8430,
    0x8430, 0x8430, 0x8410, 0x8410, 0x8430, 0x8C51, 0x8430, 0x8430, 0x8430, 0x8430, 0x8410, 0x7BEF, 0x8410, 0x8410, 0x8410, 0x738E,
    0x1082, 0xC638, 0xFFFF, 0xFFFF, 0xFFFF, 0xFFFF, 0xFFFF, 0xFFFF, 0xFFFF, 0xFFFF, 0xFFFF, 0xFFFF, 0xFFFF, 0xFFFF, 0xFFFF, 0xFFFF,
    0xFFFF, 0xFFFF, 0xFFFF, 0xFFFF, 0xFFFF, 0xFFFF, 0xFFFF, 0xFFFF, 0xFFFF, 0xFFFF, 0xFFFF, 0xFFFF, 0xFFFF, 0xFFFF, 0xFFFF, 0xFFFF,
    0xFFFF, 0xFFFF, 0xFFFF, 0xFFFF, 0xFFFF, 0xFFFF, 0xFFFF, 0xFFFF, 0xFFFF, 0xFFFF, 0xFFFF, 0xFFFF, 0xFFFF, 0xFFFF, 0xFFFF, 0xFFFF,
    0xFFFF, 0xFFFF, 0xFFFF, 0xFFFF, 0xFFFF, 0xFFFF, 0xFFFF, 0xFFFF, 0xFFFF, 0xFFFF, 0xFFFF, 0xFFFF, 0xFFFF, 0xFFFF, 0xFFFF, 0xEF7D,
    0x4208, 0x7BEF, 0x9CD3, 0xA514, 0x9CF3, 0x9CD3, 0x94B2, 0x9CD3, 0x9CD3, 0x9CD3, 0x94B2, 0x9CD3, 0x9CF3, 0x9CF3, 0x9CF3, 0x9CF3,
    0x9CF3, 0x9CF3, 0x9CF3, 0x9CF3, 0x9CF3, 0x9CD3, 0x9CD3, 0x9CD3, 0x9CD3, 0xA514, 0x9CF3, 0x94B2, 0x94B2, 0x9CD3, 0x9CD3, 0x9CF3,
    0x9CF3, 0x9CF3, 0x9CF3, 0x9CD3, 0x9CD3, 0x94B2, 0x94B2, 0x94B2, 0x94B2, 0x9CF3, 0x9CD3, 0x94B2, 0x94B2, 0x9492, 0x94B2, 0x9492,
    0x9492, 0x9492, 0x94B2, 0x9492, 0x9492, 0x94B2, 0x9492, 0x9492, 0x9492, 0x8C51, 0x8C51, 0x9492, 0x8C71, 0x8C71, 0x8C71, 0x8C71,
    0x8C51, 0x8C51, 0x8430, 0x8C51, 0x8C51, 0x8430, 0x8430, 0x8C71, 0x6B8D, 0x1000, 0x5820, 0x6820, 0x7000, 0x6800, 0x7000, 0x7800,
    0x7800, 0x7800, 0x8000, 0x8000, 0x8800, 0x8800, 0x9000, 0x9000, 0x9000, 0x9800, 0x9800, 0xA000, 0xA000, 0xA800, 0xA800, 0xA800,
    0xB000, 0xB800, 0xC000, 0xC800, 0xC800, 0xD000, 0xD000, 0xD000, 0xD800, 0xD800, 0xD800, 0xE000, 0xE000, 0xE020, 0xE020, 0xE820,
    0xE820, 0xE820, 0xF021, 0xF041, 0xF041, 0xF041, 0xF041, 0xF041, 0xF061, 0xF861, 0xF061, 0xF841, 0xF861, 0xF841, 0xF861, 0xF061,
    0xF061, 0xF041, 0xF041, 0xF041, 0xF021, 0xE841, 0xE820, 0xE820, 0xE820, 0xE000, 0xE000, 0xD800, 0xD800, 0xD800, 0xD000, 0xD000,
    0xC800, 0xC800, 0xC000, 0xC000, 0xB800, 0xB800, 0xB000, 0xB000, 0xA800, 0xA800, 0xA800, 0xA800, 0xA000, 0xA000, 0xA000, 0x9800,
    0x9000, 0x9000, 0x8800, 0x8800, 0x8800, 0x8800, 0x8800, 0x8800, 0x8000, 0x8000, 0x7800, 0x7800, 0x7820, 0x4800, 0x18A2, 0x7BF0,
    0x8C30, 0x8430, 0x8430, 0x8430, 0x8C51, 0x8C51, 0x8C51, 0x8C51, 0x8C51, 0x8C51, 0x8430, 0x8C51, 0x8C51, 0x8C51, 0x8430, 0x8C51,
    0x8C51, 0x8430, 0x8430, 0x8430, 0x8430, 0x8410, 0x8430, 0x8430, 0x8430, 0x8430, 0x8430, 0x8430, 0x8430, 0x8410, 0x8410, 0x8430,
    0x8430, 0x8430, 0x8430, 0x8430, 0x8430, 0x8430, 0x8430, 0x8430, 0x8430, 0x8430, 0x8430, 0x8430, 0x8430, 0x8430, 0x8C51, 0x8430,
    0x8430, 0x8C51, 0x8C51, 0x8C51, 0x8C51, 0x8430, 0x8430, 0x8430, 0x8410, 0x8410, 0x8410, 0x8410, 0x8430, 0x8430, 0x8430, 0x8430,
    0x8410, 0x8410, 0x8430, 0x8430, 0x7BEF, 0x8410, 0x8430, 0x8410, 0x8410, 0x8410, 0x8410, 0x7BEF, 0x8410, 0x8410, 0x8410, 0x8430,
    0x18E3, 0x8430, 0xFFFF, 0xFFFF, 0xFFFF, 0xFFFF, 0xFFFF, 0xFFFF, 0xFFFF, 0xFFFF, 0xFFFF, 0xFFFF, 0xFFFF, 0xFFFF, 0xFFFF, 0xFFFF,
    0xFFFF, 0xFFFF, 0xFFFF, 0xFFFF, 0xFFFF, 0xFFFF, 0xFFFF, 0xFFFF, 0xFFFF, 0xFFFF, 0xFFFF, 0xFFFF, 0xFFFF, 0xFFFF, 0xFFFF, 0xFFFF,
    0xFFFF, 0xFFFF, 0xFFFF, 0xFFFF, 0xFFFF, 0xFFFF, 0xFFFF, 0xFFFF, 0xFFFF, 0xFFFF, 0xFFFF, 0xFFFF, 0xFFFF, 0xFFFF, 0xFFFF, 0xFFFF,
    0xFFFF, 0xFFFF, 0xFFFF, 0xFFFF, 0xFFFF, 0xFFFF, 0xFFFF, 0xFFFF, 0xFFFF, 0xFFFF, 0xFFFF, 0xFFFF, 0xFFFF, 0xFFFF, 0xFFFF, 0xC638,
    0x39C7, 0x8C71, 0x9CD3, 0x9CF3, 0x9CF3, 0x9CF3, 0x9CD3, 0x9CD3, 0x9CD3, 0x9CD3, 0x9CF3, 0x9CD3, 0x9CF3, 0xA514, 0x9CF3, 0xA514,
    0xA514, 0x9CD3, 0x9CD3, 0x9CF3, 0x9CF3, 0x9CD3, 0x9CD3, 0x9CF3, 0x9CF3, 0x9CD3, 0x9CD3, 0x9CD3, 0x94B2, 0x9CD3, 0x9CD3, 0x9CD3,
    0x9CF3, 0x9CD3, 0x9CD3, 0x9CD3, 0x94B2, 0x94B2, 0x94B2, 0x9CD3, 0x9CD3, 0x9CF3, 0x94B2, 0x9492, 0x9492, 0x9492, 0x9492, 0x9492,
    0x94B2, 0x94B2, 0x94B2, 0x9492, 0x9492, 0x94B2, 0x9492, 0x9492, 0x94B2, 0x8C71, 0x8C51, 0x8C71, 0x8C71, 0x8C71, 0x8C71, 0x8C71,
    0x8C71, 0x8C51, 0x8C51, 0x8C51, 0x8C51, 0x8C51, 0x8410, 0x8430, 0x7BEF, 0x1081, 0x4800, 0x6800, 0x7000, 0x6800, 0x6800, 0x7000,
    0x7000, 0x7800, 0x7820, 0x8000, 0x8000, 0x8800, 0x9000, 0x9000, 0x9000, 0x9800, 0x9800, 0x9800, 0xA000, 0xA000, 0xA800, 0xA800,
    0xB000, 0xB800, 0xB800, 0xC000, 0xC800, 0xC800, 0xD000, 0xD000, 0xD000, 0xD800, 0xD800, 0xE000, 0xE000, 0xE000, 0xE000, 0xE800,
    0xE820, 0xE820, 0xE820, 0xE820, 0xF021, 0xF041, 0xF041, 0xF041, 0xF041, 0xF041, 0xF041, 0xF041, 0xF041, 0xF041, 0xF041, 0xF041,
    0xF041, 0xF041, 0xF041, 0xF021, 0xE821, 0xE820, 0xE820, 0xE820, 0xE800, 0xE000, 0xE000, 0xD800, 0xD800, 0xD000, 0xD000, 0xD000,
    0xC800, 0xC800, 0xC000, 0xB800, 0xB800, 0xB800, 0xB000, 0xA800, 0xA800, 0xA800, 0xA800, 0xA800, 0xA000, 0xA000, 0xA000, 0x9800,
    0x9000, 0x9000, 0x9000, 0x8800, 0x8800, 0x8800, 0x8800, 0x8000, 0x8000, 0x8000, 0x8000, 0x7800, 0x7820, 0x3800, 0x2104, 0x8430,
    0x8410, 0x8430, 0x8430, 0x8430, 0x8430, 0x8430, 0x8C51, 0x8430, 0x8C51, 0x8C71, 0x8430, 0x8C51, 0x8C51, 0x8430, 0x8430, 0x8430,
    0x8C51, 0x8C51, 0x8C51, 0x8430, 0x8430, 0x8410, 0x8430, 0x8410, 0x8430, 0x8410, 0x8410, 0x8410, 0x8410, 0x8410, 0x8410, 0x8410,
    0x8410, 0x8430, 0x8430, 0x8410, 0x8410, 0x8430, 0x8430, 0x8430, 0x8430, 0x8430, 0x8430, 0x8410, 0x8430, 0x8C51, 0x8430, 0x8430,
    0x8430, 0x8C51, 0x8C51, 0x8C71, 0x8C71, 0x8C51, 0x8C51, 0x8C51, 0x8430, 0x8430, 0x8430, 0x8410, 0x8C51, 0x8C51, 0x8430, 0x8430,
    0x8410, 0x8410, 0x8430, 0x8430, 0x8410, 0x8410, 0x8410, 0x8430, 0x8410, 0x8410, 0x8410, 0x8410, 0x8410, 0x8410, 0x8410, 0x8430,
    0x4208, 0x4228, 0xFFFF, 0xFFFF, 0xFFFF, 0xFFFF, 0xFFFF, 0xFFFF, 0xFFFF, 0xFFFF, 0xFFFF, 0xFFFF, 0xFFFF, 0xFFFF, 0xFFFF, 0xFFFF,
    0xFFFF, 0xFFFF, 0xFFFF, 0xFFFF, 0xFFFF, 0xFFFF, 0xFFFF, 0xFFFF, 0xFFFF, 0xFFFF, 0xFFFF, 0xFFFF, 0xFFFF, 0xFFFF, 0xFFFF, 0xFFFF,
    0xFFFF, 0xFFFF, 0xFFFF, 0xFFFF, 0xFFFF, 0xFFFF, 0xFFFF, 0xFFFF, 0xFFFF, 0xFFFF, 0xFFFF, 0xFFFF, 0xFFFF, 0xFFFF, 0xFFFF, 0xFFFF,
    0xFFFF, 0xFFFF, 0xFFFF, 0xFFFF, 0xFFFF, 0xFFFF, 0xFFFF, 0xFFFF, 0xFFFF, 0xFFFF, 0xFFFF, 0xFFFF, 0xFFFF, 0xFFFF, 0xFFFF, 0x94B2,
    0x4A49, 0x94B2, 0x9CF3, 0x9CD3, 0x9CF3, 0x9CF3, 0x94B2, 0x94B2, 0x94B2, 0x9CD3, 0x9CD3, 0x9CF3, 0x9CF3, 0x9CF3, 0x9CF3, 0xA514,
    0x9CF3, 0x9CF3, 0x9CF3, 0x9CF3, 0x9CF3, 0x9CD3, 0x9CF3, 0x9CF3, 0x9CD3, 0x9CD3, 0x9CD3, 0x9CD3, 0x9CD3, 0x9CD3, 0x9CD3, 0x9CD3,
    0x9CF3, 0x9CF3, 0x94B2, 0x9CD3, 0x94B2, 0x94B2, 0x9CD3, 0x9CD3, 0x9CD3, 0x9CD3, 0x94B2, 0x94B2, 0x9492, 0x94B2, 0x9492, 0x94B2,
    0x94B2, 0x9492, 0x9492, 0x94B2, 0x94B2, 0x9CD3, 0x94B2, 0x9CD3, 0x9CD3, 0x8C71, 0x8C71, 0x8C71, 0x8C51, 0x8C51, 0x94B2, 0x9492,
    0x8C71, 0x8C71, 0x8C51, 0x8C51, 0x8C51, 0x8430, 0x8C51, 0x8C71, 0x8430, 0x1082, 0x3800, 0x6820, 0x7000, 0x6800, 0x6800, 0x7000,
    0x7000, 0x7000, 0x7820, 0x7800, 0x8020, 0x8820, 0x8800, 0x9000, 0x9000, 0x9800, 0x9800, 0xA000, 0xA000, 0xA000, 0xA800, 0xA800,
    0xB000, 0xB800, 0xB800, 0xC000, 0xC800, 0xC800, 0xD000, 0xD000, 0xD000, 0xD800, 0xD800, 0xE000, 0xE000, 0xE000, 0xE000, 0xE800,
    0xE800, 0xE820, 0xE820, 0xE820, 0xF020, 0xF021, 0xF020, 0xF020, 0xF041, 0xF041, 0xF041, 0xF041, 0xF041, 0xF041, 0xF041, 0xF041,
    0xF041, 0xF021, 0xF021, 0xE820, 0xE820, 0xE820, 0xE820, 0xE800, 0xE800, 0xE000, 0xE000, 0xD800, 0xD000, 0xD000, 0xD000, 0xC800,
    0xC800, 0xC000, 0xC000, 0xB800, 0xB800, 0xB000, 0xA800, 0xA800, 0xA800, 0xA800, 0xA800, 0xA000, 0xA000, 0xA000, 0xA000, 0x9800,
    0x9000, 0x9000, 0x9000, 0x8820, 0x8000, 0x8000, 0x8000, 0x8000, 0x8000, 0x8000, 0x8000, 0x7800, 0x7820, 0x3020, 0x1061, 0x6B4D,
    0x8451, 0x8410, 0x8430, 0x8430, 0x8410, 0x8410, 0x8410, 0x8430, 0x8C51, 0x8C51, 0x8C51, 0x8C51, 0x8C51, 0x8C51, 0x8430, 0x8C51,
    0x8430, 0x8430, 0x8430, 0x8430, 0x8C51, 0x8430, 0x8430, 0x8410, 0x8410, 0x8410, 0x8430, 0x8410, 0x8430, 0x8430, 0x8410, 0x8410,
    0x8430, 0x8C51, 0x8430, 0x8430, 0x8430, 0x8430, 0x8430, 0x8C51, 0x8430, 0x8430, 0x8410, 0x8410, 0x8430, 0x8C51, 0x8C51, 0x8430,
    0x8C51, 0x8C71, 0x8C51, 0x8C71, 0x8C71, 0x8C71, 0x8C71, 0x8C51, 0x8430, 0x8430, 0x8430, 0x8410, 0x8430, 0x8430, 0x8410, 0x8410,
    0x8430, 0x8410, 0x8410, 0x8430, 0x8410, 0x8410, 0x8430, 0x8410, 0x8410, 0x8430, 0x8410, 0x8410, 0x8410, 0x8410, 0x8410, 0x8430,
    0x6B4D, 0x18C3, 0xE71C, 0xFFFF, 0xFFFF, 0xFFFF, 0xFFFF, 0xFFFF, 0xFFFF, 0xFFFF, 0xFFFF, 0xFFFF, 0xFFFF, 0xFFFF, 0xFFFF, 0xFFFF,
    0xFFFF, 0xFFFF, 0xFFFF, 0xFFFF, 0xFFFF, 0xFFFF, 0xFFFF, 0xFFFF, 0xFFFF, 0xFFFF, 0xFFFF, 0xFFFF, 0xFFFF, 0xFFFF, 0xFFFF, 0xFFFF,
    0xFFFF, 0xFFFF, 0xFFFF, 0xFFFF, 0xFFFF, 0xFFFF, 0xFFFF, 0xFFFF, 0xFFFF, 0xFFFF, 0xFFFF, 0xFFFF, 0xFFFF, 0xFFFF, 0xFFFF, 0xFFFF,
    0xFFFF, 0xFFFF, 0xFFFF, 0xFFFF, 0xFFFF, 0xFFFF, 0xFFFF, 0xFFFF, 0xFFFF, 0xFFFF, 0xFFFF, 0xFFFF, 0xFFFF, 0xFFFF, 0xFFFF, 0x632C,
    0x5AEB, 0x9CD3, 0xA514, 0x9CF3, 0x9CF3, 0x9CF3, 0x9CD3, 0x9CF3, 0x9CD3, 0x9CD3, 0x94B2, 0x9CF3, 0x9CF3, 0xA514, 0x9CF3, 0x9CF3,
    0xA514, 0xA514, 0x9CF3, 0x9CF3, 0x9CD3, 0x9CD3, 0x9CD3, 0x94B2, 0x9CD3, 0x9CD3, 0x9CF3, 0x9CD3, 0x9CD3, 0x9CF3, 0x9CF3, 0x9CD3,
    0x9CD3, 0x9CD3, 0x9CD3, 0x94B2, 0x94B2, 0x9CD3, 0x9CF3, 0x9CD3, 0x94B2, 0x9CD3, 0x9CF3, 0x9CD3, 0x94B2, 0x94B2, 0x94B2, 0x94B2,
    0x94B2, 0x9492, 0x8C71, 0x8C71, 0x9492, 0x9CD3, 0x9CD3, 0x94B2, 0x94B2, 0x9492, 0x9492, 0x8C71, 0x8C71, 0x8C51, 0x8C71, 0x8C71,
    0x8C51, 0x8C51, 0x8430, 0x8C51, 0x8C71, 0x8C51, 0x8C51, 0x9492, 0x4A49, 0x0820, 0x3040, 0x6840, 0x6800, 0x6800, 0x6800, 0x7000,
    0x7000, 0x7000, 0x7800, 0x7800, 0x8000, 0x8020, 0x8800, 0x8820, 0x8800, 0x9000, 0x9800, 0xA000, 0xA000, 0xA020, 0xA020, 0xA800,
    0xB000, 0xB000, 0xB800, 0xB800, 0xC020, 0xC800, 0xD000, 0xD000, 0xD000, 0xD800, 0xD800, 0xD800, 0xE000, 0xE000, 0xE000, 0xE000,
    0xE000, 0xE800, 0xE800, 0xE800, 0xE820, 0xF020, 0xF020, 0xF020, 0xF020, 0xF020, 0xF020, 0xF020, 0xF020, 0xF020, 0xF020, 0xF020,
    0xF020, 0xF020, 0xF020, 0xE820, 0xE820, 0xE820, 0xE800, 0xE800, 0xE000, 0xE000, 0xD800, 0xD800, 0xD000, 0xD000, 0xD000, 0xC800,
    0xC800, 0xC000, 0xC000, 0xB800, 0xB800, 0xB000, 0xB000, 0xA800, 0xA800, 0xA800, 0xA000, 0xA000, 0xA000, 0xA000, 0xA000, 0x9820,
    0x9000, 0x9000, 0x9000, 0x8800, 0x8000, 0x8000, 0x8000, 0x8000, 0x8000, 0x8000, 0x8000, 0x7800, 0x7021, 0x2000, 0x2925, 0x31A7,
    0x7C0F, 0x8430, 0x8430, 0x8410, 0x8410, 0x8410, 0x8430, 0x8430, 0x8C51, 0x8430, 0x8430, 0x8C51, 0x8C51, 0x8C51, 0x8C51, 0x8C51,
    0x8430, 0x8430, 0x8C51, 0x8C51, 0x8C51, 0x8C51, 0x8430, 0x8430, 0x8C51, 0x8C51, 0x8C51, 0x8430, 0x8C51, 0x8430, 0x8430, 0x8430,
    0x8430, 0x8430, 0x8430, 0x8430, 0x8430, 0x8430, 0x8C51, 0x8C51, 0x8430, 0x8430, 0x8430, 0x8430, 0x8430, 0x8430, 0x8C51, 0x8430,
    0x8C71, 0x8430, 0x8C51, 0x8C51, 0x8C51, 0x8430, 0x8C71, 0x8C71, 0x8C51, 0x8430, 0x8430, 0x8410, 0x8410, 0x8430, 0x8430, 0x8410,
    0x8430, 0x8430, 0x8410, 0x8430, 0x8430, 0x8430, 0x8410, 0x8410, 0x8410, 0x8410, 0x8410, 0x8410, 0x8430, 0x8410, 0x7BEF, 0x7BEF,
    0x7BEF, 0x10A2, 0xA534, 0xFFFF, 0xFFFF, 0xFFFF, 0xFFFF, 0xFFFF, 0xFFFF, 0xFFFF, 0xFFFF, 0xFFFF, 0xFFFF, 0xFFFF, 0xFFFF, 0xFFFF,
    0xFFFF, 0xFFFF, 0xFFFF, 0xFFFF, 0xFFFF, 0xFFFF, 0xFFFF, 0xFFFF, 0xFFFF, 0xFFFF, 0xFFFF, 0xFFFF, 0xFFFF, 0xFFFF, 0xFFFF, 0xFFFF,
    0xFFFF, 0xFFFF, 0xFFFF, 0xFFFF, 0xFFFF, 0xFFFF, 0xFFFF, 0xFFFF, 0xFFFF, 0xFFFF, 0xFFFF, 0xFFFF, 0xFFFF, 0xFFFF, 0xFFFF, 0xFFFF,
    0xFFFF, 0xFFFF, 0xFFFF, 0xFFFF, 0xFFFF, 0xFFFF, 0xFFFF, 0xFFFF, 0xFFFF, 0xFFFF, 0xFFFF, 0xFFFF, 0xFFFF, 0xFFFF, 0xF7BE, 0x4228,
    0x738E, 0x94B2, 0xA514, 0x9CD3, 0x9CD3, 0x9CD3, 0x9CD3, 0x9CF3, 0x9CF3, 0x9CD3, 0x94B2, 0x94B2, 0x9CD3, 0x9CD3, 0x9CD3, 0x9CD3,
    0x9CF3, 0x9CF3, 0x9CF3, 0x9CF3, 0x9CF3, 0x9CF3, 0x9CD3, 0x94B2, 0x9CD3, 0x9CD3, 0x9CF3, 0x9CD3, 0x94B2, 0x9CD3, 0x9CD3, 0x9CD3,
    0x9CD3, 0x94B2, 0x94B2, 0x94B2, 0x9492, 0x9492, 0x8C71, 0x94B2, 0x94B2, 0x9CD3, 0x9CD3, 0x94B2, 0x9CD3, 0x9492, 0x94B2, 0x94B2,
    0x94B2, 0x8C71, 0x8C71, 0x8C51, 0x8C71, 0x94B2, 0x94B2, 0x94B2, 0x9492, 0x9492, 0x8C71, 0x8C51, 0x8C51, 0x8C51, 0x8C51, 0x8C51,
    0x8C51, 0x8430, 0x8430, 0x8430, 0x8C51, 0x8C51, 0x8C71, 0x6B6D, 0x2924, 0x2965, 0x1800, 0x6841, 0x6800, 0x6800, 0x6800, 0x6800,
    0x7000, 0x7000, 0x7800, 0x7800, 0x8000, 0x8000, 0x8000, 0x8000, 0x8800, 0x9000, 0x9820, 0xA000, 0xA000, 0xA000, 0xA000, 0xA800,
    0xA800, 0xB000, 0xB800, 0xB800, 0xC000, 0xC800, 0xD000, 0xD000, 0xD000, 0xD000, 0xD800, 0xD800, 0xE000, 0xE000, 0xE000, 0xE000,
    0xE000, 0xE800, 0xE800, 0xE800, 0xE800, 0xE800, 0xF000, 0xF000, 0xF020, 0xF020, 0xF020, 0xF020, 0xF020, 0xF020, 0xF020, 0xF020,
    0xF020, 0xF000, 0xE800, 0xE800, 0xE800, 0xE800, 0xE000, 0xE000, 0xE000, 0xE000, 0xD800, 0xD800, 0xD000, 0xD000, 0xC800, 0xC800,
    0xC000, 0xC000, 0xB800, 0xB800, 0xB000, 0xB000, 0xB000, 0xA800, 0xA800, 0xA000, 0xA000, 0xA000, 0xA000, 0xA000, 0x9800, 0x9000,
    0x9000, 0x9000, 0x8800, 0x8800, 0x8800, 0x8000, 0x8000, 0x8000, 0x8000, 0x8000, 0x8000, 0x8000, 0x7021, 0x0800, 0x5AEB, 0x4A69,
    0x3A28, 0x8C51, 0x7BEF, 0x8410, 0x8410, 0x8430, 0x8C51, 0x8C51, 0x8430, 0x8430, 0x8C51, 0x8430, 0x8C51, 0x8C51, 0x8C51, 0x8C51,
    0x8C51, 0x8C51, 0x8C71, 0x8C51, 0x8C51, 0x8C51, 0x8C51, 0x8430, 0x8430, 0x8C51, 0x8C51, 0x8C51, 0x8C51, 0x8C51, 0x8430, 0x8430,
    0x8430, 0x8430, 0x8410, 0x8410, 0x8430, 0x8430, 0x8C51, 0x8C51, 0x8430, 0x8430, 0x8430, 0x8430, 0x8430, 0x8430, 0x8430, 0x8430,
    0x8C51, 0x8430, 0x8C51, 0x8C51, 0x8C51, 0x8C51, 0x8C51, 0x8C71, 0x8C71, 0x8C51, 0x8430, 0x8430, 0x8410, 0x8430, 0x8430, 0x8430,
    0x8430, 0x8430, 0x8430, 0x8430, 0x8C51, 0x8430, 0x8410, 0x8410, 0x8410, 0x8410, 0x8410, 0x8410, 0x8410, 0x8410, 0x8410, 0x7BEF,
    0x8430, 0x2965, 0x5AEB, 0xFFFF, 0xFFFF, 0xFFFF, 0xFFFF, 0xFFFF, 0xFFFF, 0xFFFF, 0xFFFF, 0xFFFF, 0xFFFF, 0xFFFF, 0xFFFF, 0xFFFF,
    0xFFFF, 0xFFFF, 0xFFFF, 0xFFFF, 0xFFFF, 0xFFFF, 0xFFFF, 0xFFFF, 0xFFFF, 0xFFFF, 0xFFFF, 0xFFFF, 0xFFFF, 0xFFFF, 0xFFFF, 0xFFFF,
    0xFFFF, 0xFFFF, 0xFFFF, 0xFFFF, 0xFFFF, 0xFFFF, 0xFFFF, 0xFFFF, 0xFFFF, 0xFFFF, 0xFFFF, 0xFFFF, 0xFFFF, 0xFFFF, 0xFFFF, 0xFFFF,
    0xFFFF, 0xFFFF, 0xFFFF, 0xFFFF, 0xFFFF, 0xFFFF, 0xFFFF, 0xFFFF, 0xFFFF, 0xFFFF, 0xFFFF, 0xFFFF, 0xFFFF, 0xFFFF, 0xD6BA, 0x31A6,
    0x8430, 0x94B2, 0x9CF3, 0x9CF3, 0x9CD3, 0x9CF3, 0x9CF3, 0x9CF3, 0x9CD3, 0x9CD3, 0x9492, 0x9CD3, 0x9CD3, 0x9CD3, 0x9CF3, 0x9CD3,
    0x9CF3, 0x9CF3, 0x9CF3, 0x9CF3, 0x9CD3, 0x9CD3, 0x9CD3, 0x9CD3, 0x94B2, 0x9CD3, 0x94B2, 0x9CD3, 0x9CD3, 0x9CD3, 0x9CD3, 0x9CD3,
    0x94B2, 0x94B2, 0x9CD3, 0x94B2, 0x94B2, 0x9492, 0x8C71, 0x94B2, 0x94B2, 0x94B2, 0x94B2, 0x9CD3, 0x9CF3, 0x9CD3, 0x9CD3, 0x9CD3,
    0x94B2, 0x94B2, 0x94B2, 0x9492, 0x94B2, 0x94B2, 0x94B2, 0x94B2, 0x9CF3, 0x9492, 0x8C71, 0x8C51, 0x8C71, 0x8C71, 0x8C71, 0x8C71,
    0x8C51, 0x8430, 0x8C51, 0x8C51, 0x8C51, 0x8C71, 0x8C71, 0x2945, 0x5AEB, 0x4A8A, 0x1000, 0x5820, 0x6800, 0x6000, 0x6800, 0x6800,
    0x7000, 0x7000, 0x7000, 0x7800, 0x8000, 0x8000, 0x8000, 0x8000, 0x8800, 0x9000, 0x9800, 0x9800, 0x9800, 0xA000, 0xA000, 0xA800,
    0xA800, 0xB000, 0xB800, 0xB800, 0xC000, 0xC800, 0xC800, 0xD000, 0xD000, 0xD000, 0xD800, 0xD800, 0xD800, 0xE000, 0xE000, 0xE000,
    0xE000, 0xE000, 0xE800, 0xE800, 0xE800, 0xE800, 0xE800, 0xF000, 0xF000, 0xF020, 0xF000, 0xF020, 0xF020, 0xF020, 0xF020, 0xF020,
    0xF020, 0xE800, 0xE800, 0xE800, 0xE800, 0xE800, 0xE000, 0xE000, 0xE000, 0xE000, 0xD800, 0xD000, 0xD000, 0xD000, 0xC800, 0xC800,
    0xC000, 0xC000, 0xB800, 0xB000, 0xB000, 0xB000, 0xA800, 0xA800, 0xA800, 0xA800, 0xA000, 0xA000, 0xA000, 0x9800, 0x9800, 0x9000,
    0x8800, 0x8800, 0x8800, 0x8820, 0x8800, 0x8000, 0x8000, 0x8000, 0x8000, 0x8000, 0x8000, 0x8000, 0x6040, 0x0000, 0x94D3, 0xB5B6,
    0x10E3, 0x73AE, 0x8410, 0x8430, 0x8430, 0x8430, 0x8430, 0x8430, 0x8C51, 0x8410, 0x8430, 0x8430, 0x8430, 0x8C51, 0x8430, 0x8C51,
    0x8C51, 0x8C51, 0x8C71, 0x8C51, 0x8C51, 0x8C51, 0x8430, 0x8430, 0x8C51, 0x8C51, 0x8C51, 0x8C51, 0x8C51, 0x8C51, 0x8C51, 0x8430,
    0x8C51, 0x8C51, 0x8430, 0x8410, 0x8430, 0x8430, 0x8430, 0x8430, 0x8430, 0x8430, 0x8430, 0x8430, 0x8C51, 0x8C51, 0x8430, 0x8430,
    0x8C51, 0x8430, 0x8430, 0x8C51, 0x8C51, 0x8C71, 0x8C71, 0x8C51, 0x8C51, 0x8430, 0x8430, 0x8430, 0x8410, 0x8430, 0x8430, 0x8430,
    0x8430, 0x8430, 0x8C51, 0x8430, 0x8430, 0x8430, 0x8410, 0x8410, 0x8410, 0x8430, 0x8430, 0x8410, 0x8410, 0x8410, 0x8430, 0x8430,
    0x8430, 0x528A, 0x2124, 0xF7BE, 0xFFFF, 0xFFFF, 0xFFFF, 0xFFFF, 0xFFFF, 0xFFFF, 0xFFFF, 0xFFFF, 0xFFFF, 0xFFFF, 0xFFFF, 0xFFFF,
    0xFFFF, 0xFFFF, 0xFFFF, 0xFFFF, 0xFFFF, 0xFFFF, 0xFFFF, 0xFFFF, 0xFFFF, 0xFFFF, 0xFFFF, 0xFFFF, 0xFFFF, 0xFFFF, 0xFFFF, 0xFFFF,
    0xFFFF, 0xFFFF, 0xFFFF, 0xFFFF, 0xFFFF, 0xFFFF, 0xFFFF, 0xFFFF, 0xFFFF, 0xFFFF, 0xFFFF, 0xFFFF, 0xFFFF, 0xFFFF, 0xFFFF, 0xFFFF,
    0xFFFF, 0xFFFF, 0xFFFF, 0xFFFF, 0xFFFF, 0xFFFF, 0xFFFF, 0xFFFF, 0xFFFF, 0xFFFF, 0xFFFF, 0xFFFF, 0xFFFF, 0xFFFF, 0xA534, 0x39E7,
    0x9492, 0x9CD3, 0x9CF3, 0x9CD3, 0x9CD3, 0x9CD3, 0x9CF3, 0x9CD3, 0x9CD3, 0x94B2, 0x94B2, 0x9CD3, 0x94B2, 0x9CD3, 0x9CF3, 0x9CD3,
    0x9CF3, 0x9CF3, 0x9CF3, 0x9CD3, 0x9492, 0x94B2, 0x94B2, 0x9CF3, 0x9CF3, 0x9CD3, 0x9CD3, 0xA514, 0xA514, 0x9CD3, 0x9CD3, 0x9CD3,
    0x9CD3, 0x9CD3, 0x9CF3, 0x9CF3, 0x9CD3, 0x9492, 0x9CD3, 0x94B2, 0x94B2, 0x9CD3, 0x9CD3, 0x9CD3, 0x9CD3, 0x9CD3, 0x9CD3, 0x9CF3,
    0x9CD3, 0x94B2, 0x9492, 0x94B2, 0x94B2, 0x94B2, 0x94B2, 0x94B2, 0x9CD3, 0x8C71, 0x8C51, 0x8C51, 0x8C51, 0x8C71, 0x9492, 0x9492,
    0x8C71, 0x8C71, 0x8C51, 0x8C71, 0x8C71, 0x94B2, 0x738E, 0x1082, 0xA534, 0x736E, 0x1000, 0x5820, 0x6800, 0x6000, 0x6000, 0x6800,
    0x7000, 0x7000, 0x7000, 0x7800, 0x8000, 0x8000, 0x8000, 0x8800, 0x8800, 0x8800, 0x9000, 0x9800, 0x9800, 0xA000, 0xA000, 0xA800,
    0xA800, 0xB000, 0xB000, 0xB800, 0xC000, 0xC800, 0xC800, 0xD000, 0xD000, 0xD000, 0xD000, 0xD800, 0xD800, 0xE000, 0xE000, 0xE000,
    0xE000, 0xE000, 0xE800, 0xE800, 0xE800, 0xE800, 0xE800, 0xE800, 0xE800, 0xE800, 0xE800, 0xE800, 0xE800, 0xE800, 0xE800, 0xE800,
    0xE800, 0xE800, 0xE800, 0xE800, 0xE800, 0xE800, 0xE000, 0xE000, 0xE000, 0xE000, 0xD800, 0xD000, 0xD000, 0xC800, 0xC800, 0xC800,
    0xC000, 0xB800, 0xB800, 0xB000, 0xB000, 0xB000, 0xA800, 0xA820, 0xA800, 0xA000, 0xA000, 0x9800, 0x9800, 0x9800, 0x9000, 0x9000,
    0x8800, 0x8800, 0x8800, 0x8800, 0x8800, 0x8000, 0x8000, 0x8000, 0x8000, 0x8000, 0x7800, 0x8020, 0x5020, 0x0000, 0xA514, 0xF7DE,
    0x31C6, 0x4208, 0x8C51, 0x8410, 0x8430, 0x8430, 0x8430, 0x8410, 0x8430, 0x8410, 0x8410, 0x8430, 0x8430, 0x8C51, 0x8C51, 0x8430,
    0x8C51, 0x8C51, 0x8C71, 0x8C71, 0x8C51, 0x8C51, 0x8C51, 0x8430, 0x8430, 0x8430, 0x8C51, 0x8C71, 0x8C51, 0x8430, 0x8C51, 0x8C51,
    0x8C51, 0x8430, 0x8430, 0x8C51, 0x8430, 0x8430, 0x8C51, 0x8C51, 0x8C51, 0x8430, 0x8430, 0x8430, 0x8430, 0x8C51, 0x8430, 0x8430,
    0x8430, 0x8430, 0x8C51, 0x8C51, 0x8430, 0x8C51, 0x8C51, 0x8C51, 0x8C51, 0x8C51, 0x8430, 0x8430, 0x8430, 0x8430, 0x8430, 0x8430,
    0x8430, 0x8430, 0x8C51, 0x8C51, 0x8410, 0x8430, 0x8430, 0x8430, 0x8430, 0x8430, 0x8410, 0x8430, 0x8430, 0x8410, 0x8430, 0x8430,
    0x8430, 0x73AE, 0x1082, 0xCE59, 0xFFFF, 0xFFFF, 0xFFFF, 0xFFFF, 0xFFFF, 0xFFFF, 0xFFFF, 0xFFFF, 0xFFFF, 0xFFFF, 0xFFFF, 0xFFFF,
    0xFFFF, 0xFFFF, 0xFFFF, 0xFFFF, 0xFFFF, 0xFFFF, 0xFFFF, 0xFFFF, 0xFFFF, 0xFFFF, 0xFFFF, 0xFFFF, 0xFFFF, 0xFFFF, 0xFFFF, 0xFFFF,
    0xFFFF, 0xFFFF, 0xFFFF, 0xFFFF, 0xFFFF, 0xFFFF, 0xFFFF, 0xFFFF, 0xFFFF, 0xFFFF, 0xFFFF, 0xFFFF, 0xFFFF, 0xFFFF, 0xFFFF, 0xFFFF,
    0xFFFF, 0xFFFF, 0xFFFF, 0xFFFF, 0xFFFF, 0xFFFF, 0xFFFF, 0xFFFF, 0xFFFF, 0xFFFF, 0xFFFF, 0xFFFF, 0xFFFF, 0xFFFF, 0x738E, 0x52AA,
    0x9492, 0x9CD3, 0x9CD3, 0x9CD3, 0x9CD3, 0x9CF3, 0x9CD3, 0x9CD3, 0x9CF3, 0x9CD3, 0x9CD3, 0x9CD3, 0x9CD3, 0x9CD3, 0x9CD3, 0x9CD3,
    0x9CF3, 0x9CF3, 0x9CD3, 0x9CD3, 0x9CD3, 0x9CD3, 0x9CD3, 0x9CF3, 0x9CD3, 0x9CD3, 0xA514, 0xA514, 0x9CF3, 0xA514, 0x9CD3, 0x9CD3,
    0x94B2, 0x94B2, 0x94B2, 0x94B2, 0x9CD3, 0x94B2, 0x94B2, 0x9CD3, 0x9CD3, 0x9CF3, 0x9CF3, 0x94B2, 0x94B2, 0x9CD3, 0x94B2, 0x9CF3,
    0x9CD3, 0x94B2, 0x94B2, 0x94B2, 0x94B2, 0x9492, 0x9492, 0x94B2, 0x94B2, 0x8C71, 0x8C51, 0x8C51, 0x8C51, 0x8C71, 0x8C51, 0x8C71,
    0x8C51, 0x8C51, 0x8C51, 0x8C71, 0x8C71, 0x9CD3, 0x39C7, 0x3186, 0xEF5D, 0x8C30, 0x1020, 0x5020, 0x6800, 0x6000, 0x6800, 0x6800,
    0x7000, 0x7000, 0x7000, 0x7800, 0x8000, 0x8000, 0x8800, 0x8800, 0x8800, 0x8800, 0x9000, 0x9800, 0x9800, 0xA000, 0xA000, 0xA800,
    0xA800, 0xB020, 0xB000, 0xB800, 0xC000, 0xC000, 0xC800, 0xC800, 0xC800, 0xD000, 0xD000, 0xD800, 0xD800, 0xD800, 0xD800, 0xE000,
    0xE000, 0xE000, 0xE000, 0xE800, 0xE800, 0xE800, 0xE800, 0xE800, 0xE800, 0xE800, 0xE800, 0xE800, 0xE800, 0xE800, 0xE800, 0xE800,
    0xE800, 0xE800, 0xE800, 0xE800, 0xE800, 0xE000, 0xE000, 0xE000, 0xE000, 0xD800, 0xD800, 0xD000, 0xD000, 0xD000, 0xC800, 0xC000,
    0xC000, 0xB800, 0xB800, 0xB000, 0xB000, 0xB000, 0xA820, 0xA820, 0xA000, 0xA020, 0x9800, 0x9800, 0x9000, 0x9000, 0x9000, 0x9000,
    0x9020, 0x9000, 0x8800, 0x8800, 0x8000, 0x8000, 0x8000, 0x8000, 0x8000, 0x8000, 0x7800, 0x7820, 0x4020, 0x0861, 0xB5B6, 0xFFFF,
    0x8C71, 0x18C3, 0x7BEF, 0x8430, 0x8410, 0x8430, 0x8430, 0x8410, 0x8430, 0x8430, 0x8430, 0x8430, 0x8430, 0x8C51, 0x8C51, 0x8430,
    0x8C51, 0x8C51, 0x8C51, 0x8430, 0x8C51, 0x8430, 0x8C51, 0x8C51, 0x8C51, 0x8430, 0x8C51, 0x8430, 0x8430, 0x8410, 0x8430, 0x8C71,
    0x8C51, 0x8C51, 0x8C51, 0x8430, 0x8430, 0x8C51, 0x8C51, 0x8430, 0x8C51, 0x8430, 0x8430, 0x8430, 0x8430, 0x8C51, 0x8430, 0x8430,
    0x8430, 0x8C51, 0x8C51, 0x8C51, 0x8430, 0x8430, 0x8430, 0x8C51, 0x8C51, 0x8C51, 0x8C71, 0x8C51, 0x8430, 0x8430, 0x8410, 0x8430,
    0x8430, 0x8430, 0x8430, 0x8430, 0x8410, 0x8430, 0x8430, 0x8430, 0x8430, 0x8430, 0x8430, 0x8410, 0x8410, 0x8410, 0x8410, 0x8410,
    0x8410, 0x8430, 0x18E3, 0x8410, 0xFFFF, 0xFFDF, 0xFFFF, 0xFFFF, 0xFFFF, 0xFFFF, 0xFFFF, 0xFFFF, 0xFFFF, 0xFFFF, 0xFFFF, 0xFFFF,
    0xFFFF, 0xFFFF, 0xFFFF, 0xFFFF, 0xFFFF, 0xFFFF, 0xFFFF, 0xFFFF, 0xFFFF, 0xFFFF, 0xFFFF, 0xFFFF, 0xFFFF, 0xFFFF, 0xFFFF, 0xFFFF,
    0xFFFF, 0xFFFF, 0xFFFF, 0xFFFF, 0xFFFF, 0xFFFF, 0xFFFF, 0xFFFF, 0xFFFF, 0xFFFF, 0xFFFF, 0xFFFF, 0xFFFF, 0xFFFF, 0xFFFF, 0xFFFF,
    0xFFFF, 0xFFFF, 0xFFFF, 0xFFFF, 0xFFFF, 0xFFFF, 0xFFFF, 0xFFFF, 0xFFFF, 0xFFFF, 0xFFFF, 0xFFFF, 0xFFFF, 0xFFFF, 0x4A49, 0x6B6D,
    0x9492, 0x9CD3, 0x9CD3, 0x9CD3, 0x9CD3, 0x9CD3, 0x9CD3, 0x9CF3, 0xA514, 0x9CF3, 0x9CD3, 0xA514, 0x9CF3, 0x9CF3, 0x9CD3, 0x9CD3,
    0x9CD3, 0x9CD3, 0x94B2, 0x9CD3, 0x9CF3, 0x9CF3, 0x9CF3, 0x9CD3, 0x9CD3, 0x9CD3, 0x9CF3, 0x9CF3, 0x9CF3, 0x9CF3, 0x9CF3, 0x94B2,
    0x94B2, 0x94B2, 0x94B2, 0x94B2, 0x94B2, 0x94B2, 0x9CD3, 0x9CD3, 0x9CF3, 0x9CD3, 0x94B2, 0x94B2, 0x94B2, 0x9CD3, 0x9CD3, 0x9CD3,
    0x9CD3, 0x9CF3, 0x9CD3, 0x94B2, 0x9492, 0x9492, 0x9492, 0x94B2, 0x94B2, 0x94B2, 0x9492, 0x8C71, 0x8C71, 0x8C71, 0x8C71, 0x8C51,
    0x8C71, 0x8C51, 0x8C51, 0x8C71, 0x9492, 0x8430, 0x0861, 0x7BCF, 0xFFFF, 0x9491, 0x1882, 0x4020, 0x6020, 0x6000, 0x6800, 0x6800,
    0x7000, 0x7000, 0x7000, 0x7820, 0x7800, 0x8000, 0x8000, 0x8800, 0x8800, 0x8800, 0x9000, 0x9000, 0x9800, 0x9800, 0xA000, 0xA000,
    0xA800, 0xA800, 0xA800, 0xB000, 0xB800, 0xC000, 0xC000, 0xC000, 0xC800, 0xC800, 0xD000, 0xD800, 0xD800, 0xD800, 0xD800, 0xE000,
    0xE000, 0xE000, 0xE000, 0xE000, 0xE800, 0xE800, 0xE800, 0xE800, 0xE800, 0xE800, 0xE800, 0xE800, 0xE800, 0xE800, 0xE800, 0xE800,
    0xE800, 0xE000, 0xE000, 0xE000, 0xE000, 0xE000, 0xE000, 0xE000, 0xD800, 0xD800, 0xD000, 0xD000, 0xC800, 0xC800, 0xC000, 0xC000,
    0xB800, 0xB800, 0xB800, 0xB000, 0xB000, 0xA800, 0xA800, 0xA000, 0xA000, 0xA000, 0x9820, 0x9000, 0x9000, 0x9000, 0x9000, 0x9000,
    0x9000, 0x8800, 0x8800, 0x8000, 0x8000, 0x8000, 0x8020, 0x8800, 0x8000, 0x8020, 0x7800, 0x7820, 0x3800, 0x18E3, 0xCE79, 0xFFFF,
    0xDEDB, 0x18E3, 0x5AAB, 0x8C71, 0x8410, 0x8410, 0x8410, 0x8410, 0x8430, 0x8430, 0x8430, 0x8430, 0x8430, 0x8430, 0x8430, 0x8430,
    0x8430, 0x8430, 0x8430, 0x8430, 0x8430, 0x8430, 0x8430, 0x8430, 0x8410, 0x8430, 0x8430, 0x8430, 0x8430, 0x8430, 0x8430, 0x8430,
    0x8C51, 0x8C51, 0x8430, 0x8430, 0x8C51, 0x8C51, 0x8C71, 0x8C51, 0x8C51, 0x8C51, 0x8C51, 0x8430, 0x8430, 0x8C51, 0x8430, 0x8430,
    0x8C51, 0x8C51, 0x8C51, 0x8C51, 0x8C51, 0x8C51, 0x8C51, 0x8C51, 0x8C51, 0x8C51, 0x8C51, 0x8C51, 0x8C51, 0x8430, 0x8430, 0x8430,
    0x8C51, 0x8C51, 0x8430, 0x8410, 0x8410, 0x8410, 0x8410, 0x8410, 0x8410, 0x8430, 0x8430, 0x8430, 0x8430, 0x8410, 0x8410, 0x8410,
    0x7BEF, 0x8C51, 0x4208, 0x4208, 0xFFFF, 0xFFFF, 0xFFFF, 0xFFFF, 0xFFFF, 0xFFFF, 0xFFFF, 0xFFFF, 0xFFFF, 0xFFFF, 0xFFFF, 0xFFFF,
    0xFFFF, 0xFFFF, 0xFFFF, 0xFFFF, 0xFFFF, 0xFFFF, 0xFFFF, 0xFFFF, 0xFFFF, 0xFFFF, 0xFFFF, 0xFFFF, 0xFFFF, 0xFFFF, 0xFFFF, 0xFFFF,
    0xFFFF, 0xFFFF, 0xFFFF, 0xFFFF, 0xFFFF, 0xFFFF, 0xFFFF, 0xFFFF, 0xFFFF, 0xFFFF, 0xFFFF, 0xFFFF, 0xFFFF, 0xFFFF, 0xFFFF, 0xFFFF,
    0xFFFF, 0xFFFF, 0xFFFF, 0xFFFF, 0xFFFF, 0xFFFF, 0xFFFF, 0xFFFF, 0xFFFF, 0xFFFF, 0xFFFF, 0xFFFF, 0xFFFF, 0xDEFB, 0x31A6, 0x8430,
    0x94B2, 0x9CD3, 0x94B2, 0x94B2, 0x94B2, 0x9CF3, 0x9CD3, 0x9CD3, 0x9CF3, 0xA514, 0xA514, 0xA514, 0xA514, 0x9CF3, 0x9CD3, 0x9CD3,
    0x9CD3, 0x9CD3, 0x94B2, 0x9CF3, 0x9CF3, 0x9CF3, 0x9CF3, 0x9CF3, 0x9CD3, 0x9CD3, 0x94B2, 0x9CD3, 0x9CF3, 0x94B2, 0x9CD3, 0x9CD3,
    0x9CD3, 0x94B2, 0x94B2, 0x94B2, 0x94B2, 0x94B2, 0x94B2, 0x94B2, 0x94B2, 0x94B2, 0x9CD3, 0x9CD3, 0x9CD3, 0x9CD3, 0x9CD3, 0x9CD3,
    0x94B2, 0x94B2, 0x9CD3, 0x9CD3, 0x94B2, 0x94B2, 0x9492, 0x94B2, 0x94B2, 0x9492, 0x9492, 0x9492, 0x8C51, 0x8C51, 0x8C71, 0x8C51,
    0x8C51, 0x8C51, 0x8C51, 0x8C71, 0x9CD3, 0x5AEB, 0x0841, 0xAD75, 0xFFFF, 0xAD75, 0x18E3, 0x3000, 0x5820, 0x6000, 0x6800, 0x6800,
    0x7000, 0x7000, 0x7000, 0x7000, 0x7800, 0x7800, 0x8000, 0x8000, 0x8020, 0x8800, 0x8800, 0x9000, 0x9000, 0x9800, 0x9800, 0x9800,
    0xA000, 0xA000, 0xA820, 0xB020, 0xB800, 0xB800, 0xC000, 0xC000, 0xC000, 0xC800, 0xD000, 0xD000, 0xD000, 0xD800, 0xD800, 0xD800,
    0xE000, 0xE000, 0xE000, 0xE000, 0xE800, 0xE800, 0xE800, 0xE800, 0xE800, 0xE800, 0xE800, 0xE800, 0xE800, 0xE800, 0xE800, 0xE800,
    0xE800, 0xE000, 0xE000, 0xE000, 0xE000, 0xE000, 0xD800, 0xD800, 0xD800, 0xD000, 0xD000, 0xD000, 0xC800, 0xC800, 0xC000, 0xC000,
    0xB800, 0xB800, 0xB800, 0xB000, 0xA800, 0xA800, 0xA000, 0xA000, 0xA000, 0x9800, 0x9800, 0x9000, 0x9000, 0x9000, 0x9000, 0x9000,
    0x8800, 0x8800, 0x8800, 0x8000, 0x8000, 0x8000, 0x8020, 0x8000, 0x8000, 0x7820, 0x7800, 0x7821, 0x2800, 0x2165, 0xC638, 0xFFFF,
    0xFFDF, 0x4A69, 0x2945, 0x8C51, 0x7BEF, 0x7BEF, 0x8410, 0x8410, 0x8430, 0x8410, 0x8430, 0x8430, 0x8430, 0x8430, 0x8430, 0x8430,
    0x8430, 0x8430, 0x8430, 0x8430, 0x8410, 0x8430, 0x8430, 0x8430, 0x8410, 0x8430, 0x8410, 0x8430, 0x8430, 0x8430, 0x8C51, 0x8430,
    0x8430, 0x8C51, 0x8C51, 0x8430, 0x8430, 0x8430, 0x8C51, 0x8C71, 0x8C51, 0x8430, 0x8430, 0x8430, 0x8430, 0x8C51, 0x8410, 0x8410,
    0x8430, 0x8C51, 0x8C51, 0x8C51, 0x8C51, 0x8C71, 0x8C71, 0x8430, 0x8C51, 0x8C51, 0x8430, 0x8C51, 0x8430, 0x8430, 0x8430, 0x8430,
    0x8430, 0x8430, 0x8430, 0x8430, 0x8410, 0x8410, 0x8410, 0x8410, 0x8410, 0x8410, 0x8430, 0x8430, 0x8430, 0x8410, 0x8430, 0x8430,
    0x8410, 0x8430, 0x632C, 0x18C3, 0xE71C, 0xFFFF, 0xFFFF, 0xFFFF, 0xFFFF, 0xFFFF, 0xFFFF, 0xFFFF, 0xFFFF, 0xFFFF, 0xFFFF, 0xFFFF,
    0xFFFF, 0xFFFF, 0xFFFF, 0xFFFF, 0xFFFF, 0xFFFF, 0xFFFF, 0xFFFF, 0xFFFF, 0xFFFF, 0xFFFF, 0xFFFF, 0xFFFF, 0xFFFF, 0xFFFF, 0xFFFF,
    0xFFFF, 0xFFFF, 0xFFFF, 0xFFFF, 0xFFFF, 0xFFFF, 0xFFFF, 0xFFFF, 0xFFFF, 0xFFFF, 0xFFFF, 0xFFFF, 0xFFFF, 0xFFFF, 0xFFFF, 0xFFFF,
    0xFFFF, 0xFFFF, 0xFFFF, 0xFFFF, 0xFFFF, 0xFFFF, 0xFFFF, 0xFFFF, 0xFFFF, 0xFFFF, 0xFFFF, 0xFFFF, 0xFFFF, 0xB596, 0x31A6, 0x94B2,
    0x9CD3, 0x9CF3, 0x94B2, 0x94B2, 0x9CD3, 0x9CD3, 0x9CF3, 0x9CF3, 0x9CD3, 0x9CD3, 0xA514, 0xA534, 0xA514, 0x9CD3, 0x9CD3, 0x9CD3,
    0x9CD3, 0x9CF3, 0x9CD3, 0x9CF3, 0x9CD3, 0x9CD3, 0x9CF3, 0x9CF3, 0x9CF3, 0x9CD3, 0x94B2, 0x94B2, 0x9CD3, 0x9CD3, 0x9CF3, 0x9CD3,
    0x9CD3, 0x9CF3, 0x9CD3, 0x94B2, 0x94B2, 0x94B2, 0x94B2, 0x94B2, 0x9492, 0x94B2, 0x9CD3, 0x9CD3, 0x94B2, 0x9492, 0x94B2, 0x9CD3,
    0x9492, 0x94B2, 0x94B2, 0x9CD3, 0x9492, 0x9492, 0x9492, 0x9492, 0x9492, 0x9492, 0x8C71, 0x8C71, 0x8C71, 0x8C51, 0x8C51, 0x8C71,
    0x8C51, 0x8C71, 0x9492, 0x8C71, 0x94B2, 0x31A6, 0x2124, 0xDEFB, 0xFFFF, 0x94B2, 0x1903, 0x2000, 0x5021, 0x6000, 0x6000, 0x6800,
    0x7000, 0x7000, 0x7800, 0x7800, 0x7800, 0x7800, 0x7800, 0x8000, 0x8000, 0x8800, 0x8800, 0x9000, 0x9800, 0x9800, 0x9800, 0x9800,
    0xA000, 0xA000, 0xA800, 0xB000, 0xB800, 0xB800, 0xC000, 0xC000, 0xC000, 0xC800, 0xC800, 0xD000, 0xD000, 0xD000, 0xD800, 0xE000,
    0xE000, 0xE000, 0xE000, 0xE000, 0xE000, 0xE000, 0xE800, 0xE820, 0xE820, 0xE821, 0xE821, 0xE840, 0xE840, 0xE841, 0xE821, 0xE821,
    0xE820, 0xE820, 0xE020, 0xE020, 0xE020, 0xE020, 0xD800, 0xD800, 0xD000, 0xD000, 0xD000, 0xC800, 0xC800, 0xC000, 0xC000, 0xC000,
    0xB800, 0xB800, 0xB000, 0xA800, 0xA820, 0xA000, 0xA000, 0xA000, 0x9800, 0x9800, 0x9000, 0x9000, 0x9020, 0x9020, 0x8800, 0x8800,
    0x8800, 0x8800, 0x8000, 0x8000, 0x8000, 0x7800, 0x7800, 0x7800, 0x7800, 0x7820, 0x7820, 0x7021, 0x2000, 0x31C6, 0x7BCF, 0xFFDF,
    0xFFFF, 0x7BCF, 0x0861, 0x7BEF, 0x8410, 0x8410, 0x8410, 0x8430, 0x8430, 0x8410, 0x8410, 0x8430, 0x8430, 0x8430, 0x8430, 0x8430,
    0x8430, 0x8430, 0x8430, 0x8430, 0x8430, 0x8410, 0x8430, 0x8C51, 0x8430, 0x8430, 0x8430, 0x8430, 0x8430, 0x8C51, 0x8C71, 0x8C71,
    0x8C51, 0x8C51, 0x8C51, 0x8430, 0x8430, 0x8430, 0x8430, 0x8C51, 0x8C51, 0x8410, 0x8430, 0x8430, 0x8430, 0x8C51, 0x8430, 0x7BEF,
    0x8430, 0x8C51, 0x8C51, 0x8C51, 0x8C51, 0x8C71, 0x8C51, 0x8C51, 0x8430, 0x8430, 0x8430, 0x8C51, 0x8C51, 0x8430, 0x8430, 0x8430,
    0x8430, 0x8C51, 0x8430, 0x8C51, 0x8410, 0x8410, 0x8410, 0x8410, 0x8410, 0x7BEF, 0x8410, 0x7BEF, 0x8410, 0x8410, 0x8410, 0x8410,
    0x8410, 0x8410, 0x8410, 0x10A2, 0xA534, 0xFFFF, 0xFFDF, 0xFFFF, 0xFFFF, 0xFFFF, 0xFFFF, 0xFFFF, 0xFFFF, 0xFFFF, 0xFFFF, 0xFFFF,
    0xFFFF, 0xFFFF, 0xFFFF, 0xFFFF, 0xFFFF, 0xFFFF, 0xFFFF, 0xFFFF, 0xFFFF, 0xFFFF, 0xFFFF, 0xFFFF, 0xFFFF, 0xFFFF, 0xFFFF, 0xFFFF,
    0xFFFF, 0xFFFF, 0xFFFF, 0xFFFF, 0xFFFF, 0xFFFF, 0xFFFF, 0xFFFF, 0xFFFF, 0xFFFF, 0xFFFF, 0xFFFF, 0xFFFF, 0xFFFF, 0xFFFF, 0xFFFF,
    0xFFFF, 0xFFFF, 0xFFFF, 0xFFFF, 0xFFFF, 0xFFFF, 0xFFFF, 0xFFFF, 0xFFFF, 0xFFFF, 0xFFFF, 0xFFDF, 0xFFFF, 0x8410, 0x4228, 0x94B2,
    0x94B2, 0x9CD3, 0x94B2, 0x94B2, 0x9492, 0x94B2, 0x9CD3, 0x9CD3, 0x9CF3, 0x9CF3, 0xA514, 0x9CF3, 0xA514, 0x9CF3, 0x9CD3, 0x9CD3,
    0x9CF3, 0xA514, 0x9CF3, 0x9CD3, 0x9CF3, 0x9CD3, 0x9CD3, 0x9CD3, 0x94B2, 0x9CD3, 0x9CD3, 0x94B2, 0x9CD3, 0x9CF3, 0x9CF3, 0x9CD3,
    0x94B2, 0x94B2, 0x94B2, 0x9492, 0x9492, 0x9492, 0x94B2, 0x94B2, 0x94B2, 0x9492, 0x9492, 0x94B2, 0x94B2, 0x9492, 0x8C71, 0x9492,
    0x8C71, 0x9492, 0x9492, 0x9492, 0x94B2, 0x9492, 0x9492, 0x8C71, 0x9492, 0x9492, 0x8C71, 0x8C51, 0x8C51, 0x8C51, 0x8C71, 0x8C71,
    0x8C71, 0x9492, 0x8C71, 0x8C51, 0x8C71, 0x10A2, 0x5ACB, 0xFFFF, 0xB5B6, 0x4A89, 0x31A6, 0x1000, 0x4841, 0x6000, 0x6000, 0x6800,
    0x6800, 0x7000, 0x7800, 0x7800, 0x7800, 0x7800, 0x7800, 0x8020, 0x8000, 0x8800, 0x8800, 0x9000, 0x9800, 0x9800, 0x9800, 0x9800,
    0x9800, 0xA000, 0xA800, 0xB000, 0xB000, 0xB800, 0xB800, 0xB800, 0xC000, 0xC000, 0xC800, 0xC800, 0xC800, 0xD000, 0xD800, 0xD800,
    0xD800, 0xD800, 0xE020, 0xE020, 0xE021, 0xE021, 0xE041, 0xE841, 0xE861, 0xE862, 0xE882, 0xE861, 0xE882, 0xE882, 0xE882, 0xE882,
    0xE062, 0xE061, 0xE061, 0xE061, 0xE061, 0xE041, 0xD841, 0xD820, 0xD020, 0xC800, 0xC800, 0xC800, 0xC000, 0xC000, 0xC000, 0xB800,
    0xB800, 0xB000, 0xA800, 0xA820, 0xA020, 0xA000, 0xA000, 0x9800, 0x9800, 0x9800, 0x9000, 0x9000, 0x9000, 0x8800, 0x8820, 0x8800,
    0x8800, 0x8800, 0x8820, 0x8000, 0x8000, 0x8000, 0x7800, 0x7800, 0x7800, 0x7020, 0x7020, 0x6020, 0x2061, 0x4A69, 0x4A49, 0xBDF7,
    0xFFFF, 0x9CD3, 0x0841, 0x632C, 0x8C71, 0x8410, 0x8410, 0x8430, 0x8430, 0x8410, 0x8430, 0x8430, 0x8430, 0x8430, 0x8430, 0x8C51,
    0x8430, 0x8430, 0x8430, 0x8430, 0x8430, 0x8430, 0x8C51, 0x8430, 0x8410, 0x8410, 0x8430, 0x8430, 0x8430, 0x8430, 0x8430, 0x8C51,
    0x8430, 0x8430, 0x8430, 0x8C51, 0x8430, 0x8430, 0x8430, 0x8C51, 0x8C51, 0x8430, 0x8430, 0x8430, 0x8430, 0x8430, 0x8430, 0x8430,
    0x8430, 0x8430, 0x8C51, 0x8C71, 0x8C51, 0x8C71, 0x8C51, 0x8430, 0x8430, 0x8430, 0x8C51, 0x8430, 0x8430, 0x8430, 0x8430, 0x8430,
    0x8430, 0x8430, 0x8430, 0x8C51, 0x8C51, 0x8430, 0x8430, 0x8410, 0x8410, 0x8410, 0x8410, 0x8410, 0x7BEF, 0x8410, 0x8410, 0x8410,
    0x8410, 0x7BEF, 0x8C51, 0x2965, 0x630C, 0xFFFF, 0xFFDF, 0xFFFF, 0xFFFF, 0xFFFF, 0xFFFF, 0xFFFF, 0xFFFF, 0xFFFF, 0xFFFF, 0xFFFF,
    0xFFFF, 0xFFFF, 0xFFFF, 0xFFFF, 0xFFFF, 0xFFFF, 0xFFFF, 0xFFFF, 0xFFFF, 0xFFFF, 0xFFFF, 0xFFFF, 0xFFFF, 0xFFFF, 0xFFFF, 0xFFFF,
    0xFFFF, 0xFFFF, 0xFFFF, 0xFFFF, 0xFFFF, 0xFFFF, 0xFFFF, 0xFFFF, 0xFFFF, 0xFFFF, 0xFFFF, 0xFFFF, 0xFFFF, 0xFFFF, 0xFFFF, 0xFFFF,
    0xFFFF, 0xFFFF, 0xFFFF, 0xFFFF, 0xFFFF, 0xFFFF, 0xFFFF, 0xFFFF, 0xFFFF, 0xFFFF, 0xFFFF, 0xFFFF, 0xFFFF, 0x4A69, 0x630C, 0x94B2,
    0x94B2, 0x9CD3, 0x9CD3, 0x9CF3, 0x94B2, 0x94B2, 0x9CD3, 0x9CD3, 0x9CD3, 0x9CF3, 0xA514, 0x9CF3, 0x9CF3, 0x9CF3, 0x9CD3, 0x9CD3,
    0x9CD3, 0x9CF3, 0x9CD3, 0x9CD3, 0x9CF3, 0x9CD3, 0x9CD3, 0x94B2, 0x94B2, 0x9492, 0x94B2, 0x9CD3, 0x9CD3, 0x9CD3, 0x9CD3, 0x9CF3,
    0xA514, 0x9CD3, 0x9CD3, 0x94B2, 0x94B2, 0x9492, 0x94B2, 0x94B2, 0x9492, 0x94B2, 0x94B2, 0x94B2, 0x94B2, 0x9492, 0x8C51, 0x8C71,
    0x8C71, 0x8C71, 0x8C71, 0x8C71, 0x9492, 0x9492, 0x9492, 0x9492, 0x9492, 0x9492, 0x8C71, 0x8C51, 0x8C51, 0x8430, 0x8C51, 0x8C51,
    0x8C71, 0x8C51, 0x8C71, 0x9492, 0x8410, 0x0000, 0x9CD3, 0xE71B, 0x4A69, 0x528A, 0x4228, 0x1000, 0x4041, 0x6000, 0x6000, 0x6820,
    0x6800, 0x6800, 0x7000, 0x7800, 0x7800, 0x7800, 0x7800, 0x7820, 0x8020, 0x8000, 0x8800, 0x9000, 0x9000, 0x9800, 0x9800, 0x9800,
    0x9800, 0xA000, 0xA800, 0xA800, 0xB000, 0xB000, 0xB000, 0xB800, 0xB800, 0xC000, 0xC000, 0xC800, 0xC800, 0xD000, 0xD020, 0xD820,
    0xD840, 0xE041, 0xE061, 0xE061, 0xE062, 0xE882, 0xE882, 0xE8A2, 0xE8A2, 0xE8C2, 0xE8C3, 0xE8C2, 0xE8C3, 0xE8C3, 0xE0C3, 0xE8C3,
    0xE0C3, 0xE0A2, 0xE0A2, 0xE0A2, 0xE082, 0xD881, 0xD881, 0xD861, 0xD061, 0xD041, 0xC841, 0xC821, 0xC020, 0xC000, 0xB800, 0xB800,
    0xB000, 0xB000, 0xA800, 0xA800, 0xA820, 0xA000, 0xA000, 0x9800, 0x9800, 0x9800, 0x9020, 0x8800, 0x8800, 0x8800, 0x8800, 0x8800,
    0x8800, 0x8800, 0x8800, 0x8800, 0x8000, 0x8000, 0x7800, 0x7800, 0x7800, 0x7020, 0x7020, 0x5020, 0x28C3, 0x528A, 0x4A49, 0x632C,
    0xF7BE, 0xB596, 0x0841, 0x52AA, 0x8C71, 0x8410, 0x8410, 0x8410, 0x8430, 0x8430, 0x8410, 0x8410, 0x8410, 0x8430, 0x8430, 0x8C51,
    0x8430, 0x8430, 0x8430, 0x8430, 0x8C51, 0x8430, 0x8C51, 0x8C51, 0x8C51, 0x8430, 0x8C51, 0x8430, 0x8C51, 0x8C51, 0x8430, 0x8C51,
    0x8430, 0x8430, 0x8430, 0x8430, 0x8C51, 0x8C51, 0x8C51, 0x8C51, 0x8C51, 0x8C51, 0x8430, 0x8430, 0x8410, 0x8410, 0x8410, 0x8410,
    0x8430, 0x8430, 0x8430, 0x8C51, 0x8C51, 0x8C71, 0x8C51, 0x8C51, 0x8C51, 0x8430, 0x8C51, 0x8C51, 0x8430, 0x8430, 0x8430, 0x8430,
    0x8430, 0x8430, 0x8430, 0x8430, 0x8430, 0x8410, 0x8430, 0x8430, 0x8410, 0x8410, 0x7BEF, 0x8410, 0x7BEF, 0x8410, 0x8410, 0x8410,
    0x8410, 0x8410, 0x8C51, 0x52AA, 0x2945, 0xF7BE, 0xFFFF, 0xFFFF, 0xFFFF, 0xFFFF, 0xFFFF, 0xFFFF, 0xFFFF, 0xFFFF, 0xFFFF, 0xFFFF,
    0xFFFF, 0xFFFF, 0xFFFF, 0xFFFF, 0xFFFF, 0xFFFF, 0xFFFF, 0xFFFF, 0xFFFF, 0xFFFF, 0xFFFF, 0xFFFF, 0xFFFF, 0xFFFF, 0xFFFF, 0xFFFF,
    0xFFFF, 0xFFFF, 0xFFFF, 0xFFFF, 0xFFFF, 0xFFFF, 0xFFFF, 0xFFFF, 0xFFFF, 0xFFFF, 0xFFFF, 0xFFFF, 0xFFFF, 0xFFFF, 0xFFFF, 0xFFFF,
    0xFFFF, 0xFFFF, 0xFFFF, 0xFFFF, 0xFFFF, 0xFFFF, 0xFFFF, 0xFFFF, 0xFFFF, 0xFFFF, 0xFFFF, 0xFFFF, 0xEF7D, 0x3186, 0x7BCF, 0x9492,
    0x9CD3, 0x9CD3, 0x9CD3, 0x9CD3, 0x94B2, 0x94B2, 0x94B2, 0x9CD3, 0x94B2, 0x9CD3, 0x9CF3, 0x9CD3, 0x9CF3, 0x9CF3, 0x9CF3, 0x9CF3,
    0x9CD3, 0x9CD3, 0x9CD3, 0x9CD3, 0x9CD3, 0x9CF3, 0x9CD3, 0x94B2, 0x94B2, 0x94B2, 0x94B2, 0x94B2, 0x94B2, 0x94B2, 0x9CD3, 0x9CD3,
    0x9CF3, 0x94B2, 0x9CD3, 0x9CD3, 0x94B2, 0x94B2, 0x9492, 0x94B2, 0x9492, 0x9492, 0x94B2, 0x94B2, 0x9492, 0x94B2, 0x94B2, 0x9492,
    0x8C71, 0x8C71, 0x8C71, 0x9492, 0x9492, 0x94B2, 0x9492, 0x94B2, 0x9492, 0x8C71, 0x8C71, 0x8C71, 0x8C71, 0x8C51, 0x8C51, 0x8C51,
    0x8C51, 0x8C51, 0x8C71, 0x94B2, 0x6B6D, 0x0000, 0xB596, 0x7BEF, 0x4A29, 0x528A, 0x5289, 0x1082, 0x2800, 0x5821, 0x5800, 0x6020,
    0x6800, 0x6800, 0x7000, 0x7000, 0x7000, 0x7800, 0x7800, 0x7800, 0x7800, 0x8020, 0x8820, 0x8800, 0x9000, 0x9000, 0x9000, 0x9800,
    0x9800, 0xA000, 0xA000, 0xA000, 0xA800, 0xB000, 0xB000, 0xB000, 0xB800, 0xC000, 0xC000, 0xC800, 0xD000, 0xD020, 0xD040, 0xD841,
    0xD861, 0xE082, 0xE082, 0xE0A2, 0xE0A2, 0xE8C3, 0xE8C3, 0xE8E3, 0xE8E3, 0xE904, 0xE904, 0xE904, 0xE904, 0xE904, 0xE904, 0xE904,
    0xE904, 0xE8E3, 0xE0E3, 0xE0E3, 0xE0C3, 0xD8C2, 0xD8C2, 0xD8A2, 0xD882, 0xD082, 0xC862, 0xC841, 0xC041, 0xC020, 0xB800, 0xB820,
    0xB000, 0xB000, 0xA800, 0xA800, 0xA800, 0xA000, 0xA000, 0x9800, 0x9800, 0x9000, 0x8800, 0x8800, 0x8800, 0x8800, 0x8800, 0x8800,
    0x8800, 0x8800, 0x8000, 0x8000, 0x8000, 0x7800, 0x7800, 0x7800, 0x7000, 0x7020, 0x7020, 0x3800, 0x2904, 0x52AA, 0x528A, 0x4208,
    0xB5B6, 0xD69A, 0x1082, 0x39E7, 0x8C71, 0x8410, 0x8430, 0x8430, 0x8430, 0x8430, 0x8430, 0x8430, 0x8430, 0x8410, 0x8410, 0x8430,
    0x8430, 0x8430, 0x8C51, 0x8C51, 0x8C71, 0x8C51, 0x8C51, 0x8C51, 0x8430, 0x8430, 0x8C51, 0x8430, 0x8430, 0x8430, 0x8C51, 0x8430,
    0x8430, 0x8430, 0x8410, 0x8430, 0x8C51, 0x8C51, 0x8C71, 0x8C51, 0x8C51, 0x8C51, 0x8430, 0x8410, 0x8410, 0x8430, 0x8430, 0x8410,
    0x8430, 0x8430, 0x8430, 0x8430, 0x8410, 0x8430, 0x8C71, 0x8C51, 0x8C51, 0x8C51, 0x8430, 0x8410, 0x8430, 0x8430, 0x8430, 0x8430,
    0x8430, 0x8C51, 0x8C51, 0x8430, 0x8410, 0x8410, 0x8410, 0x8430, 0x8410, 0x8410, 0x8410, 0x8410, 0x7BEF, 0x7BEF, 0x7BEF, 0x7BEF,
    0x8410, 0x8410, 0x8430, 0x73AE, 0x1082, 0xC638, 0xFFFF, 0xFFFF, 0xFFFF, 0xFFFF, 0xFFFF, 0xFFFF, 0xFFFF, 0xFFFF, 0xFFFF, 0xFFFF,
    0xFFFF, 0xFFFF, 0xFFFF, 0xFFFF, 0xFFFF, 0xFFFF, 0xFFFF, 0xFFFF, 0xFFFF, 0xFFFF, 0xFFFF, 0xFFFF, 0xFFFF, 0xFFFF, 0xFFFF, 0xFFFF,
    0xFFFF, 0xFFFF, 0xFFFF, 0xFFFF, 0xFFFF, 0xFFFF, 0xFFFF, 0xFFFF, 0xFFFF, 0xFFFF, 0xFFFF, 0xFFFF, 0xFFFF, 0xFFFF, 0xFFFF, 0xFFFF,
    0xFFFF, 0xFFFF, 0xFFFF, 0xFFFF, 0xFFFF, 0xFFFF, 0xFFFF, 0xFFFF, 0xFFFF, 0xFFFF, 0xFFFF, 0xFFFF, 0xC618, 0x2965, 0x8C51, 0x8C71,
    0x94B2, 0x9CD3, 0x9CD3, 0x94B2, 0x94B2, 0x94B2, 0x94B2, 0x94B2, 0x9CD3, 0x9492, 0x94B2, 0x9CD3, 0x9CD3, 0x9CD3, 0x9CF3, 0x94B2,
    0x9CD3, 0x9CD3, 0x9CD3, 0x9CD3, 0x9CD3, 0x9CD3, 0x9CD3, 0x9CD3, 0x9CF3, 0x9CD3, 0x94B2, 0x9492, 0x94B2, 0x9CD3, 0x9CD3, 0x9CD3,
    0x9CD3, 0x94B2, 0x94B2, 0x9492, 0x94B2, 0x94B2, 0x94B2, 0x94B2, 0x94B2, 0x94B2, 0x9492, 0x94B2, 0x94B2, 0x9492, 0x94B2, 0x9492,
    0x8C71, 0x8C71, 0x9492, 0x8C71, 0x94B2, 0x9492, 0x94B2, 0x94B2, 0x8C71, 0x8C71, 0x9492, 0x8C71, 0x8C71, 0x8C71, 0x8C51, 0x8C71,
    0x8C51, 0x8C51, 0x8C51, 0x94B2, 0x5AEB, 0x0841, 0x8430, 0x528A, 0x528A, 0x5269, 0x5AAA, 0x3A08, 0x1800, 0x5041, 0x5820, 0x6020,
    0x6800, 0x6800, 0x6800, 0x7000, 0x7000, 0x7000, 0x7800, 0x7800, 0x7800, 0x7800, 0x8000, 0x8800, 0x8820, 0x9000, 0x9020, 0x9820,
    0x9800, 0x9800, 0xA000, 0xA000, 0xA000, 0xA800, 0xB000, 0xB000, 0xB800, 0xB800, 0xC000, 0xC820, 0xC820, 0xD041, 0xD861, 0xD881,
    0xD8A2, 0xE0C2, 0xE0C3, 0xE0E3, 0xE0E4, 0xE904, 0xE904, 0xE924, 0xE945, 0xE945, 0xE945, 0xE965, 0xE965, 0xE965, 0xE965, 0xE966,
    0xE965, 0xE945, 0xE945, 0xE145, 0xE104, 0xD903, 0xD903, 0xD8E3, 0xD8C3, 0xD0C3, 0xC8A2, 0xC882, 0xC061, 0xC041, 0xB841, 0xB020,
    0xB020, 0xA820, 0xA800, 0xA000, 0xA000, 0x9800, 0x9800, 0x9800, 0x9000, 0x9000, 0x8800, 0x8800, 0x8800, 0x8800, 0x8800, 0x8800,
    0x8000, 0x8000, 0x7800, 0x7800, 0x7800, 0x7800, 0x7800, 0x7800, 0x7020, 0x7020, 0x7020, 0x3000, 0x3186, 0x52AA, 0x528A, 0x4228,
    0x7BCF, 0xBDF7, 0x10A2, 0x3186, 0x9492, 0x8430, 0x8430, 0x8430, 0x8430, 0x8C51, 0x8430, 0x8430, 0x8C51, 0x8430, 0x8430, 0x8430,
    0x8430, 0x8430, 0x8430, 0x8430, 0x8C51, 0x8C51, 0x8C71, 0x8C51, 0x8430, 0x8430, 0x8C51, 0x8C51, 0x8C51, 0x8C51, 0x8C51, 0x8C51,
    0x8C51, 0x8C51, 0x8C51, 0x8C71, 0x8C51, 0x8430, 0x8430, 0x8C51, 0x8C51, 0x8C51, 0x8430, 0x8410, 0x8430, 0x8430, 0x8410, 0x8410,
    0x8430, 0x8430, 0x8430, 0x8430, 0x8C51, 0x8C51, 0x8430, 0x8430, 0x8430, 0x8430, 0x8430, 0x8410, 0x8410, 0x8430, 0x8430, 0x8C51,
    0x8C51, 0x8C51, 0x8C51, 0x8430, 0x8430, 0x8430, 0x8410, 0x8410, 0x8410, 0x7BEF, 0x7BEF, 0x8410, 0x7BEF, 0x7BEF, 0x7BEF, 0x7BEF,
    0x7BEF, 0x7BEF, 0x7BEF, 0x8430, 0x18E3, 0x7BEF, 0xFFFF, 0xFFFF, 0xFFFF, 0xFFFF, 0xFFFF, 0xFFFF, 0xFFFF, 0xFFFF, 0xFFFF, 0xFFFF,
    0xFFFF, 0xFFFF, 0xFFFF, 0xFFFF, 0xFFFF, 0xFFFF, 0xFFFF, 0xFFFF, 0xFFFF, 0xFFFF, 0xFFFF, 0xFFFF, 0xFFFF, 0xFFFF, 0xFFFF, 0xFFFF,
    0xFFFF, 0xFFFF, 0xFFFF, 0xFFFF, 0xFFFF, 0xFFFF, 0xFFFF, 0xFFFF, 0xFFFF, 0xFFFF, 0xFFFF, 0xFFFF, 0xFFFF, 0xFFFF, 0xFFFF, 0xFFFF,
    0xFFFF, 0xFFFF, 0xFFFF, 0xFFFF, 0xFFFF, 0xFFFF, 0xFFFF, 0xFFFF, 0xFFFF, 0xFFFF, 0xFFFF, 0xFFFF, 0x8C71, 0x39E7, 0x94B2, 0x9CD3,
    0x9CD3, 0x9CD3, 0x9CD3, 0x94B2, 0x9CD3, 0x9CD3, 0x9CD3, 0x9CF3, 0x9CF3, 0x9CD3, 0x9CD3, 0x9CF3, 0x9CF3, 0x94B2, 0x9CD3, 0x9CD3,
    0x9CD3, 0x9CD3, 0x9CD3, 0x94B2, 0x94B2, 0x9CD3, 0x9CF3, 0x9CF3, 0x9CF3, 0x9CD3, 0x94B2, 0x94B2, 0x94B2, 0x9CD3, 0x94B2, 0x9CD3,
    0x9CD3, 0x94B2, 0x94B2, 0x9492, 0x9492, 0x94B2, 0x94B2, 0x94B2, 0x94B2, 0x9492, 0x94B2, 0x94B2, 0x9CD3, 0x94B2, 0x94B2, 0x9492,
    0x9492, 0x8C71, 0x8C71, 0x8C71, 0x9492, 0x8C71, 0x8C71, 0x8C71, 0x9492, 0x8C51, 0x8C71, 0x8C71, 0x8C71, 0x9492, 0x9492, 0x8C71,
    0x8C71, 0x8C51, 0x8C51, 0x94B2, 0x52AA, 0x0020, 0x528A, 0x528A, 0x528A, 0x528A, 0x526A, 0x6B8E, 0x1881, 0x4001, 0x6020, 0x6000,
    0x6800, 0x6800, 0x6800, 0x7000, 0x7000, 0x7000, 0x7800, 0x7800, 0x7800, 0x7800, 0x8000, 0x8000, 0x8800, 0x8800, 0x9000, 0x9000,
    0x9800, 0x9800, 0x9800, 0xA000, 0xA000, 0xA800, 0xB000, 0xB000, 0xB800, 0xB800, 0xC020, 0xC841, 0xC841, 0xD082, 0xD081, 0xD8A2,
    0xD8C3, 0xE0E3, 0xE0E3, 0xE124, 0xE945, 0xE945, 0xE965, 0xE985, 0xE986, 0xE9A6, 0xE9A6, 0xE9A6, 0xE9C7, 0xE9C7, 0xE9C7, 0xE9A6,
    0xE9A7, 0xE9A6, 0xE986, 0xE986, 0xE166, 0xE145, 0xE144, 0xD924, 0xD904, 0xD104, 0xD0E3, 0xC8A2, 0xC0A2, 0xB882, 0xB861, 0xB041,
    0xB040, 0xA820, 0xA000, 0xA000, 0xA000, 0x9800, 0x9000, 0x9000, 0x8800, 0x8800, 0x8800, 0x8800, 0x8800, 0x8800, 0x8000, 0x8000,
    0x7800, 0x7800, 0x7800, 0x7800, 0x7800, 0x7800, 0x7800, 0x7820, 0x7020, 0x7020, 0x7021, 0x3061, 0x4A6A, 0x526A, 0x4A69, 0x4A49,
    0x5ACB, 0x8C71, 0x18C3, 0x2945, 0x9492, 0x8430, 0x8430, 0x8430, 0x8C51, 0x8430, 0x8C51, 0x8C51, 0x8430, 0x8C51, 0x8C51, 0x8430,
    0x8430, 0x8C51, 0x8C51, 0x8C51, 0x8430, 0x8430, 0x8C71, 0x8C51, 0x8430, 0x8430, 0x8C51, 0x8C51, 0x8430, 0x8C51, 0x8430, 0x8430,
    0x8430, 0x8C71, 0x8C51, 0x8C51, 0x8C71, 0x8C51, 0x8430, 0x8430, 0x8C51, 0x8C51, 0x8430, 0x8C51, 0x8430, 0x8C51, 0x8410, 0x8410,
    0x8430, 0x8C51, 0x8C51, 0x8C51, 0x8C51, 0x8C71, 0x8C51, 0x8430, 0x8430, 0x8410, 0x8410, 0x8430, 0x8430, 0x8430, 0x8430, 0x8C51,
    0x8C71, 0x8C51, 0x8C51, 0x8C51, 0x8410, 0x8410, 0x8410, 0x8410, 0x8410, 0x8410, 0x8410, 0x8410, 0x8410, 0x7BEF, 0x7BEF, 0x8410,
    0x8410, 0x8410, 0x7BEF, 0x8C51, 0x39C7, 0x39E7, 0xFFFF, 0xFFFF, 0xFFFF, 0xFFFF, 0xFFFF, 0xFFFF, 0xFFFF, 0xFFFF, 0xFFFF, 0xFFFF,
    0xFFFF, 0xFFFF, 0xFFFF, 0xFFFF, 0xFFFF, 0xFFFF, 0xFFFF, 0xFFFF, 0xFFFF, 0xFFFF, 0xFFFF, 0xFFFF, 0xFFFF, 0xFFFF, 0xFFFF, 0xFFFF,
    0xFFFF, 0xFFFF, 0xFFFF, 0xFFFF, 0xFFFF, 0xFFFF, 0xFFFF, 0xFFFF, 0xFFFF, 0xFFFF, 0xFFFF, 0xFFFF, 0xFFFF, 0xFFFF, 0xFFFF, 0xFFFF,
    0xFFFF, 0xFFFF, 0xFFFF, 0xFFFF, 0xFFFF, 0xFFFF, 0xFFFF, 0xFFFF, 0xFFFF, 0xFFFF, 0xFFFF, 0xFFFF, 0x5AEB, 0x52AA, 0x94B2, 0x9CF3,
    0x9CD3, 0x94B2, 0x94B2, 0x94B2, 0x9CD3, 0x94B2, 0x94B2, 0x9CD3, 0x94B2, 0x9CD3, 0x9CF3, 0xA514, 0x9CF3, 0x9CD3, 0x9CF3, 0x9CF3,
    0x9CF3, 0x9CF3, 0x9CD3, 0x9CF3, 0x9CD3, 0x9CF3, 0xA514, 0x9CF3, 0x9CD3, 0x9CF3, 0x9CD3, 0x94B2, 0x94B2, 0x94B2, 0x9492, 0x94B2,
    0x94B2, 0x94B2, 0x94B2, 0x94B2, 0x94B2, 0x9492, 0x9492, 0x9492, 0x94B2, 0x94B2, 0x9CD3, 0x94B2, 0x94B2, 0x94B2, 0x94B2, 0x8C71,
    0x8C71, 0x8C71, 0x9492, 0x9492, 0x8C71, 0x9492, 0x8C71, 0x9492, 0x94B2, 0x9492, 0x8C51, 0x8C71, 0x8C71, 0x9492, 0x8C71, 0x8C71,
    0x9492, 0x8C71, 0x8C51, 0x94B2, 0x52AA, 0x0020, 0x4A69, 0x528A, 0x528A, 0x528A, 0x4A49, 0x73CF, 0x4228, 0x1800, 0x5821, 0x6020,
    0x6000, 0x6800, 0x7000, 0x7000, 0x7000, 0x7000, 0x7000, 0x7800, 0x7800, 0x7800, 0x7800, 0x8000, 0x8800, 0x8800, 0x9000, 0x9000,
    0x9800, 0x9800, 0x9800, 0xA000, 0xA000, 0xA800, 0xA800, 0xB000, 0xB000, 0xB820, 0xB820, 0xC041, 0xC861, 0xD082, 0xD0A2, 0xD8C3,
    0xD904, 0xE104, 0xE124, 0xE945, 0xE966, 0xE986, 0xE9A7, 0xE9C7, 0xE9C7, 0xF1E7, 0xF1E7, 0xF208, 0xF208, 0xF208, 0xF208, 0xF208,
    0xEA08, 0xE9E7, 0xE9E7, 0xE9C7, 0xE9A6, 0xE186, 0xE165, 0xD945, 0xD924, 0xD924, 0xD103, 0xC8C3, 0xC0C3, 0xC0A2, 0xB882, 0xB861,
    0xB061, 0xA840, 0xA820, 0xA000, 0x9800, 0x9800, 0x9000, 0x8800, 0x8800, 0x8800, 0x8800, 0x8000, 0x8800, 0x8000, 0x8000, 0x7800,
    0x7800, 0x7800, 0x7800, 0x7820, 0x7800, 0x7800, 0x7820, 0x7800, 0x7000, 0x7040, 0x5800, 0x41C6, 0x630C, 0x4A29, 0x4A69, 0x4A69,
    0x4A69, 0x5ACB, 0x18E3, 0x2124, 0x9492, 0x8C51, 0x8C51, 0x8430, 0x8C51, 0x8C51, 0x8C51, 0x8430, 0x8430, 0x8430, 0x8C51, 0x8C51,
    0x8C51, 0x8C51, 0x8C71, 0x8C51, 0x8430, 0x8430, 0x8C51, 0x8C51, 0x8C51, 0x8430, 0x8430, 0x8430, 0x8430, 0x8C51, 0x8C51, 0x8430,
    0x8C51, 0x8C51, 0x8C71, 0x8C51, 0x8C51, 0x8C51, 0x8430, 0x8430, 0x8430, 0x8430, 0x8430, 0x8C51, 0x8430, 0x8430, 0x8430, 0x8410,
    0x8430, 0x8430, 0x8430, 0x8430, 0x8410, 0x8430, 0x8C51, 0x8430, 0x8C51, 0x8430, 0x8430, 0x8C51, 0x8C51, 0x8430, 0x8410, 0x8C51,
    0x8C51, 0x8430, 0x8C51, 0x8430, 0x8410, 0x8430, 0x8430, 0x8410, 0x8410, 0x7BEF, 0x8410, 0x8410, 0x7BEF, 0x7BEF, 0x7BEF, 0x7BEF,
    0x8410, 0x8410, 0x8410, 0x8430, 0x5AEB, 0x18C3, 0xE73C, 0xFFFF, 0xFFFF, 0xFFFF, 0xFFFF, 0xFFFF, 0xFFFF, 0xFFFF, 0xFFFF, 0xFFFF,
    0xFFFF, 0xFFFF, 0xFFFF, 0xFFFF, 0xFFFF, 0xFFFF, 0xFFFF, 0xFFFF, 0xFFFF, 0xFFFF, 0xFFFF, 0xFFFF, 0xFFFF, 0xFFFF, 0xFFFF, 0xFFFF,
    0xFFFF, 0xFFFF, 0xFFFF, 0xFFFF, 0xFFFF, 0xFFFF, 0xFFFF, 0xFFFF, 0xFFFF, 0xFFFF, 0xFFFF, 0xFFFF, 0xFFFF, 0xFFFF, 0xFFFF, 0xFFFF,
    0xFFFF, 0xFFFF, 0xFFFF, 0xFFFF, 0xFFFF, 0xFFFF, 0xFFFF, 0xFFFF, 0xFFFF, 0xFFFF, 0xFFFF, 0xF7BE, 0x31A6, 0x6B6D, 0x9492, 0x9CF3,
    0x94B2, 0x94B2, 0x94B2, 0x94B2, 0x9492, 0x9492, 0x94B2, 0x94B2, 0x9CD3, 0x9CD3, 0x9CF3, 0x9CD3, 0x9CF3, 0x9CF3, 0x9CD3, 0x9CF3,
    0x9CF3, 0x9CF3, 0x9CF3, 0x9CF3, 0x9CD3, 0x9CD3, 0x9CF3, 0x9CD3, 0x9CF3, 0x9CD3, 0x9CD3, 0x9CD3, 0x9492, 0x9492, 0x9492, 0x9492,
    0x94B2, 0x94B2, 0x94B2, 0x94B2, 0x9CD3, 0x94B2, 0x9CD3, 0x8C71, 0x8C71, 0x9492, 0x94B2, 0x94B2, 0x9492, 0x8C71, 0x9492, 0x9492,
    0x9492, 0x8C71, 0x9492, 0x8C71, 0x9492, 0x9492, 0x94B2, 0x9492, 0x9492, 0x9492, 0x9492, 0x9492, 0x8C71, 0x8C51, 0x8C51, 0x8C71,
    0x9492, 0x9492, 0x8C51, 0x94B2, 0x52AA, 0x0000, 0x4A49, 0x528A, 0x528A, 0x528A, 0x5269, 0x5AEB, 0x9CF3, 0x0820, 0x4020, 0x6020,
    0x5820, 0x6800, 0x7000, 0x7000, 0x7000, 0x7000, 0x7000, 0x7800, 0x7800, 0x7800, 0x7800, 0x8000, 0x8000, 0x8800, 0x8800, 0x9000,
    0x9000, 0x9800, 0x9800, 0x9800, 0xA000, 0xA000, 0xA800, 0xA800, 0xB020, 0xB020, 0xB841, 0xC081, 0xC882, 0xD0A2, 0xD0C3, 0xD904,
    0xE124, 0xE145, 0xE165, 0xE986, 0xE9A7, 0xE9C7, 0xF1E7, 0xF1E8, 0xF208, 0xF228, 0xF228, 0xF249, 0xF249, 0xF249, 0xF249, 0xF249,
    0xF249, 0xF228, 0xF228, 0xF208, 0xE9E7, 0xE9C7, 0xE1C7, 0xE186, 0xD965, 0xD945, 0xD124, 0xD104, 0xC8E3, 0xC0C3, 0xB882, 0xB061,
    0xB061, 0xA841, 0xA820, 0xA020, 0x9800, 0x9800, 0x9020, 0x8800, 0x8800, 0x8800, 0x8800, 0x8000, 0x8000, 0x8000, 0x7800, 0x7800,
    0x7800, 0x7800, 0x7800, 0x7800, 0x7800, 0x7800, 0x7000, 0x7000, 0x7000, 0x7841, 0x3840, 0x738E, 0x528A, 0x4A49, 0x4A69, 0x4A69,
    0x4A69, 0x52AA, 0x18C3, 0x2945, 0x9492, 0x8C51, 0x8C51, 0x8C51, 0x8430, 0x8430, 0x8430, 0x8430, 0x8430, 0x8430, 0x8C51, 0x8C71,
    0x8C71, 0x8C71, 0x8C51, 0x8C71, 0x8430, 0x8430, 0x8C51, 0x8430, 0x8C71, 0x8C51, 0x8C71, 0x8C51, 0x8430, 0x8C51, 0x8C51, 0x8430,
    0x8C51, 0x8C71, 0x8C51, 0x8C51, 0x8C71, 0x8C51, 0x8430, 0x8C51, 0x8C51, 0x8430, 0x8430, 0x8C51, 0x8C51, 0x8430, 0x8430, 0x8430,
    0x8410, 0x8430, 0x8430, 0x8430, 0x8430, 0x8430, 0x8C51, 0x8430, 0x8430, 0x8430, 0x8C51, 0x8C51, 0x8C51, 0x8430, 0x8C51, 0x8C71,
    0x8C51, 0x8430, 0x8430, 0x8410, 0x8430, 0x8430, 0x8430, 0x8410, 0x8410, 0x8410, 0x8410, 0x7BEF, 0x7BEF, 0x7BEF, 0x7BEF, 0x7BEF,
    0x7BEF, 0x8410, 0x8410, 0x8410, 0x7BEF, 0x0861, 0xA514, 0xFFFF, 0xFFFF, 0xFFFF, 0xFFFF, 0xFFFF, 0xFFFF, 0xFFFF, 0xFFFF, 0xFFFF,
    0xFFFF, 0xFFFF, 0xFFFF, 0xFFFF, 0xFFFF, 0xFFFF, 0xFFFF, 0xFFFF, 0xFFFF, 0xFFFF, 0xFFFF, 0xFFFF, 0xFFFF, 0xFFFF, 0xFFFF, 0xFFFF,
    0xFFFF, 0xFFFF, 0xFFFF, 0xFFFF, 0xFFFF, 0xFFFF, 0xFFFF, 0xFFFF, 0xFFFF, 0xFFFF, 0xFFFF, 0xFFFF, 0xFFFF, 0xFFFF, 0xFFFF, 0xFFFF,
    0xFFFF, 0xFFFF, 0xFFFF, 0xFFFF, 0xFFFF, 0xFFFF, 0xFFFF, 0xFFFF, 0xFFFF, 0xFFFF, 0xFFFF, 0xD69A, 0x2945, 0x8430, 0x94B2, 0x9CF3,
    0x9492, 0x94B2, 0x94B2, 0x94B2, 0x94B2, 0x94B2, 0x94B2, 0x94B2, 0x9CD3, 0x9CF3, 0x9CD3, 0x94B2, 0x94B2, 0x9CD3, 0x9CD3, 0x9CD3,
    0x9CF3, 0x9CF3, 0x9CD3, 0x9CD3, 0x9CD3, 0x9CD3, 0x9CD3, 0x9CD3, 0x9CD3, 0x9CD3, 0x9CF3, 0x9CF3, 0x94B2, 0x94B2, 0x9492, 0x9492,
    0x9CD3, 0x94B2, 0x94B2, 0x94B2, 0x9CF3, 0x9CD3, 0x94B2, 0x9CD3, 0x9492, 0x9492, 0x9492, 0x9CD3, 0x94B2, 0x8C71, 0x8C71, 0x9492,
    0x9492, 0x8C71, 0x8C71, 0x8C71, 0x8C71, 0x8C71, 0x94B2, 0x8C71, 0x8C71, 0x8C71, 0x8C71, 0x8C71, 0x8C71, 0x8C51, 0x8C51, 0x8C51,
    0x8C71, 0x8C71, 0x8C51, 0x94B2, 0x52AA, 0x0000, 0x4208, 0x52AA, 0x528A, 0x528A, 0x528A, 0x4208, 0xB596, 0x6B4D, 0x0800, 0x6062,
    0x5800, 0x6800, 0x7000, 0x7000, 0x7000, 0x7000, 0x7000, 0x7800, 0x7800, 0x7800, 0x8000, 0x8000, 0x8000, 0x8800, 0x8800, 0x9000,
    0x9000, 0x9000, 0x9800, 0x9800, 0x9800, 0xA000, 0xA800, 0xA800, 0xB020, 0xB841, 0xB861, 0xC082, 0xC8A2, 0xD0C3, 0xD0E3, 0xD924,
    0xE145, 0xE165, 0xE1A6, 0xE9A6, 0xE9C7, 0xEA08, 0xF208, 0xF249, 0xF269, 0xF269, 0xF289, 0xF28A, 0xFAAA, 0xFAAA, 0xFAAA, 0xFA8A,
    0xF28A, 0xF269, 0xF269, 0xF249, 0xEA28, 0xEA08, 0xE9E7, 0xE1C6, 0xE1A6, 0xD965, 0xD145, 0xD145, 0xC904, 0xC0E3, 0xB8C3, 0xB8A2,
    0xB061, 0xA841, 0xA040, 0xA020, 0x9820, 0x9000, 0x9020, 0x8800, 0x8800, 0x8800, 0x8800, 0x8000, 0x8000, 0x8000, 0x7800, 0x7800,
    0x7800, 0x7800, 0x7000, 0x7000, 0x7000, 0x7000, 0x7000, 0x7000, 0x7821, 0x5800, 0x41C6, 0x83F0, 0x4208, 0x4A69, 0x4A69, 0x4A69,
    0x4A69, 0x528A, 0x1082, 0x31A6, 0x9492, 0x8430, 0x8C51, 0x8C51, 0x8C51, 0x8C51, 0x8430, 0x8430, 0x8C51, 0x8430, 0x8430, 0x8C51,
    0x8C51, 0x8C51, 0x8C51, 0x8430, 0x8430, 0x8C51, 0x8C51, 0x8C51, 0x8C51, 0x8C51, 0x9492, 0x8C71, 0x8C51, 0x8C71, 0x8C71, 0x8C51,
    0x8C51, 0x8C71, 0x8C71, 0x8C51, 0x8C51, 0x8430, 0x8C51, 0x8C51, 0x8C51, 0x8430, 0x8430, 0x8430, 0x8410, 0x8430, 0x8430, 0x8430,
    0x8410, 0x8430, 0x8430, 0x8C51, 0x8C51, 0x8430, 0x8C51, 0x8C51, 0x8C51, 0x8C51, 0x8C51, 0x8C51, 0x8C51, 0x8430, 0x8430, 0x8C51,
    0x8C71, 0x8C51, 0x8C71, 0x8C51, 0x8430, 0x8430, 0x8410, 0x8430, 0x8410, 0x8410, 0x8410, 0x7BEF, 0x7BEF, 0x8410, 0x8410, 0x7BEF,
    0x8410, 0x8410, 0x8410, 0x7BEF, 0x8430, 0x2124, 0x630C, 0xFFFF, 0xFFFF, 0xFFFF, 0xFFFF, 0xFFFF, 0xFFFF, 0xFFFF, 0xFFFF, 0xFFFF,
    0xFFFF, 0xFFFF, 0xFFFF, 0xFFFF, 0xFFFF, 0xFFFF, 0xFFFF, 0xFFFF, 0xFFFF, 0xFFFF, 0xFFFF, 0xFFFF, 0xFFFF, 0xFFFF, 0xFFFF, 0xFFFF,
    0xFFFF, 0xFFFF, 0xFFFF, 0xFFFF, 0xFFFF, 0xFFFF, 0xFFFF, 0xFFFF, 0xFFFF, 0xFFFF, 0xFFFF, 0xFFFF, 0xFFFF, 0xFFFF, 0xFFFF, 0xFFFF,
    0xFFFF, 0xFFFF, 0xFFFF, 0xFFFF, 0xFFFF, 0xFFFF, 0xFFFF, 0xFFFF, 0xFFFF, 0xFFFF, 0xFFFF, 0xA514, 0x2965, 0x8C71, 0x9CD3, 0x9CD3,
    0x9CD3, 0x9CD3, 0x94B2, 0x94B2, 0x9CD3, 0x9CD3, 0x9CD3, 0x9CF3, 0x9CF3, 0x9CF3, 0x9CF3, 0x9CD3, 0x94B2, 0x94B2, 0x9CD3, 0x9CD3,
    0x9CF3, 0x9CD3, 0x9CD3, 0x9CD3, 0x9CF3, 0x9CD3, 0x94B2, 0x9CD3, 0x9CD3, 0x94B2, 0x9CD3, 0x94B2, 0x94B2, 0x9492, 0x94B2, 0x94B2,
    0x94B2, 0x9492, 0x9492, 0x94B2, 0x9CD3, 0x9CD3, 0x94B2, 0x9CF3, 0x9492, 0x9492, 0x8C71, 0x8C71, 0x9492, 0x9492, 0x9492, 0x9492,
    0x8C51, 0x8C71, 0x8C71, 0x8430, 0x8C51, 0x8C71, 0x8C71, 0x9492, 0x9492, 0x8C71, 0x8C71, 0x8C71, 0x8C71, 0x8C71, 0x8C51, 0x8C51,
    0x8430, 0x8C71, 0x8C71, 0x8C51, 0x4A69, 0x0000, 0x31A6, 0x52AA, 0x528A, 0x528A, 0x528A, 0x4A49, 0x6B6D, 0xD6BA, 0x18C3, 0x4021,
    0x7842, 0x6000, 0x6800, 0x7000, 0x7000, 0x7000, 0x7000, 0x7000, 0x7800, 0x7820, 0x8000, 0x8000, 0x8000, 0x8000, 0x8800, 0x8800,
    0x9000, 0x9000, 0x9800, 0x9800, 0x9800, 0xA000, 0xA000, 0xA820, 0xB040, 0xB861, 0xC082, 0xC082, 0xC8A2, 0xD0E3, 0xD8E4, 0xD945,
    0xE165, 0xE186, 0xE1C7, 0xE1E7, 0xE9E8, 0xEA28, 0xF249, 0xF269, 0xF28A, 0xF2AA, 0xFACA, 0xFACB, 0xFAEB, 0xFAEB, 0xFAEB, 0xFACB,
    0xFACB, 0xF2AA, 0xF28A, 0xF289, 0xEA49, 0xEA28, 0xE208, 0xE1E7, 0xD9C6, 0xD9A6, 0xD965, 0xD145, 0xC924, 0xC0E3, 0xC0C3, 0xB0A2,
    0xB082, 0xA861, 0xA041, 0xA020, 0x9820, 0x9000, 0x9000, 0x8800, 0x8800, 0x8800, 0x8000, 0x8000, 0x8000, 0x8000, 0x8000, 0x8000,
    0x8000, 0x7820, 0x7000, 0x7000, 0x7000, 0x7000, 0x7000, 0x7800, 0x7862, 0x2820, 0x9492, 0x62CB, 0x4A28, 0x4A49, 0x4A49, 0x4A49,
    0x4A69, 0x4A69, 0x0020, 0x4228, 0x9492, 0x8430, 0x8C51, 0x8C51, 0x8C51, 0x8C51, 0x8C51, 0x8C51, 0x8C51, 0x8C51, 0x8430, 0x8430,
    0x8430, 0x8C51, 0x8C71, 0x8C51, 0x8C71, 0x8C51, 0x8C71, 0x8C71, 0x8C71, 0x8C71, 0x8C71, 0x8C51, 0x8C51, 0x8C71, 0x8C51, 0x8C51,
    0x8C51, 0x8C51, 0x8C51, 0x8430, 0x8C51, 0x8C51, 0x8C51, 0x8430, 0x8410, 0x8430, 0x8430, 0x8430, 0x8410, 0x8430, 0x8C51, 0x8430,
    0x8430, 0x8C51, 0x8430, 0x8430, 0x8C51, 0x8C51, 0x8430, 0x8430, 0x8C51, 0x8C51, 0x8C51, 0x8430, 0x8C51, 0x8430, 0x8410, 0x8C51,
    0x8C71, 0x8C51, 0x8C51, 0x8C51, 0x8430, 0x8430, 0x8410, 0x7BEF, 0x8410, 0x8430, 0x8430, 0x8410, 0x8410, 0x8410, 0x8410, 0x8410,
    0x8410, 0x8410, 0x8410, 0x7BEF, 0x8430, 0x4A69, 0x2945, 0xF7BE, 0xFFFF, 0xFFFF, 0xFFFF, 0xFFFF, 0xFFFF, 0xFFFF, 0xFFFF, 0xFFFF,
    0xFFFF, 0xFFFF, 0xFFFF, 0xFFFF, 0xFFFF, 0xFFFF, 0xFFFF, 0xFFFF, 0xFFFF, 0xFFFF, 0xFFFF, 0xFFFF, 0xFFFF, 0xFFFF, 0xFFFF, 0xFFFF,
    0xFFFF, 0xFFFF, 0xFFFF, 0xFFFF, 0xFFFF, 0xFFFF, 0xFFFF, 0xFFFF, 0xFFFF, 0xFFFF, 0xFFFF, 0xFFFF, 0xFFFF, 0xFFFF, 0xFFFF, 0xFFFF,
    0xFFFF, 0xFFFF, 0xFFFF, 0xFFFF, 0xFFFF, 0xFFFF, 0xFFFF, 0xFFFF, 0xFFFF, 0xFFFF, 0xFFFF, 0x632C, 0x4A49, 0x94B2, 0x9CF3, 0x9CF3,
    0x9CF3, 0x9CF3, 0x9CD3, 0x9CD3, 0x9CD3, 0x9CD3, 0x9CD3, 0x9CD3, 0x9CF3, 0x9CD3, 0x9CD3, 0x9CF3, 0x9CD3, 0x9CD3, 0x9CF3, 0x9CD3,
    0x9CF3, 0x9CF3, 0x9CD3, 0x9CD3, 0x9CF3, 0x9CD3, 0x94B2, 0x9CD3, 0x9CD3, 0x9CD3, 0x9CD3, 0x9CD3, 0x9CD3, 0x94B2, 0x9492, 0x9492,
    0x94B2, 0x94B2, 0x9492, 0x94B2, 0x9CD3, 0x94B2, 0x94B2, 0x9CD3, 0x94B2, 0x9492, 0x94B2, 0x8C71, 0x9492, 0x8C71, 0x9492, 0x9492,
    0x8C71, 0x8C71, 0x9492, 0x8C51, 0x8C71, 0x8C71, 0x8C51, 0x8C51, 0x8C71, 0x9492, 0x9492, 0x9492, 0x9492, 0x8C51, 0x8C51, 0x8C71,
    0x8C51, 0x8C51, 0x8C71, 0x738E, 0x52AA, 0x0020, 0x2124, 0x5ACB, 0x5269, 0x528A, 0x528A, 0x528A, 0x4208, 0xC618, 0x9D15, 0x0000,
    0x6842, 0x7821, 0x6000, 0x6820, 0x6800, 0x6800, 0x7000, 0x7000, 0x7000, 0x7800, 0x7800, 0x8000, 0x8000, 0x8000, 0x8000, 0x8800,
    0x8800, 0x9000, 0x9000, 0x9800, 0x9800, 0x9800, 0xA000, 0xA820, 0xB041, 0xB861, 0xC062, 0xC0A2, 0xC8C3, 0xD0E4, 0xD104, 0xD945,
    0xD965, 0xE186, 0xE1C7, 0xE1E7, 0xEA28, 0xEA48, 0xEA49, 0xF289, 0xF2AA, 0xFACA, 0xFAEB, 0xFB0B, 0xFB0C, 0xFB0C, 0xFB0C, 0xFB0C,
    0xFAEB, 0xFACB, 0xF2AA, 0xF28A, 0xEA69, 0xEA48, 0xE228, 0xE1E7, 0xD9C6, 0xD9A6, 0xD985, 0xD145, 0xC924, 0xC0E3, 0xB8C3, 0xB0A2,
    0xB082, 0xA861, 0xA040, 0xA020, 0x9820, 0x9000, 0x9000, 0x8800, 0x8820, 0x8800, 0x8800, 0x8000, 0x8020, 0x8000, 0x8000, 0x8000,
    0x8000, 0x7800, 0x7000, 0x7000, 0x7000, 0x7000, 0x6800, 0x8062, 0x3000, 0x6B2C, 0xA4F4, 0x39E8, 0x4A69, 0x4A49, 0x4A49, 0x4228,
    0x4A69, 0x4208, 0x0000, 0x5AEB, 0x9CD3, 0x8C51, 0x8C51, 0x8C51, 0x8430, 0x8430, 0x8C51, 0x8C51, 0x8C51, 0x8C51, 0x8C51, 0x8C51,
    0x8C51, 0x8C71, 0x8C71, 0x8C71, 0x8C51, 0x8C51, 0x8430, 0x8C51, 0x8C71, 0x8C71, 0x8C71, 0x8C71, 0x8C51, 0x8C51, 0x8C51, 0x8C51,
    0x8C51, 0x8C71, 0x8C51, 0x8C51, 0x8C71, 0x8C51, 0x8430, 0x8430, 0x8430, 0x8430, 0x8410, 0x8430, 0x8410, 0x8410, 0x8430, 0x8430,
    0x8430, 0x8430, 0x8430, 0x8430, 0x8C51, 0x8C51, 0x8430, 0x8430, 0x8C51, 0x8430, 0x8430, 0x8430, 0x8C51, 0x8C51, 0x8430, 0x8430,
    0x8C51, 0x8C71, 0x8C71, 0x8430, 0x8430, 0x8410, 0x8410, 0x8410, 0x8410, 0x8410, 0x8410, 0x8430, 0x8430, 0x8410, 0x8410, 0x8410,
    0x8430, 0x8410, 0x7BEF, 0x7BEF, 0x8410, 0x738E, 0x0861, 0xC638, 0xFFFF, 0xFFFF, 0xFFFF, 0xFFFF, 0xFFFF, 0xFFFF, 0xFFFF, 0xFFFF,
    0xFFFF, 0xFFFF, 0xFFFF, 0xFFFF, 0xFFFF, 0xFFFF, 0xFFFF, 0xFFFF, 0xFFFF, 0xFFFF, 0xFFFF, 0xFFFF, 0xFFFF, 0xFFFF, 0xFFFF, 0xFFFF,
    0xFFFF, 0xFFFF, 0xFFFF, 0xFFFF, 0xFFFF, 0xFFFF, 0xFFFF, 0xFFFF, 0xFFFF, 0xFFFF, 0xFFFF, 0xFFFF, 0xFFFF, 0xFFFF, 0xFFFF, 0xFFFF,
    0xFFFF, 0xFFFF, 0xFFFF, 0xFFFF, 0xFFFF, 0xFFFF, 0xFFFF, 0xFFFF, 0xFFFF, 0xFFFF, 0xFFDF, 0x4208, 0x632C, 0x94B2, 0x9CF3, 0x9CD3,
    0x9CD3, 0x9CD3, 0x94B2, 0x94B2, 0x9CD3, 0x94B2, 0x9CD3, 0x9CD3, 0x94B2, 0x94B2, 0x9CD3, 0x9CD3, 0x9CD3, 0x9CD3, 0x94B2, 0x9CD3,
    0x9CD3, 0x9CD3, 0x9CD3, 0x9CD3, 0x9CD3, 0x94B2, 0x9CD3, 0x9CD3, 0x9CD3, 0x9CD3, 0x9CF3, 0x9CD3, 0x94B2, 0x9CF3, 0x94B2, 0x9CD3,
    0x9CD3, 0x9CD3, 0x9492, 0x9492, 0x9CD3, 0x9CD3, 0x9CD3, 0x9492, 0x94B2, 0x8C71, 0x9492, 0x8C71, 0x9492, 0x8C71, 0x8C71, 0x8C71,
    0x8C71, 0x8C71, 0x9492, 0x9492, 0x94B2, 0x9492, 0x9492, 0x8C71, 0x8C51, 0x8C51, 0x8C71, 0x9492, 0x8C71, 0x8C71, 0x8C71, 0x8C51,
    0x8C51, 0x8C51, 0x7BEF, 0x5AEB, 0x5AEB, 0x1082, 0x1082, 0x528A, 0x528A, 0x4A69, 0x528A, 0x528A, 0x4A69, 0x630C, 0xF7BF, 0x630C,
    0x0800, 0x6862, 0x8020, 0x6020, 0x6820, 0x6800, 0x6800, 0x7000, 0x7000, 0x7800, 0x7800, 0x7800, 0x7800, 0x7800, 0x8000, 0x8800,
    0x8800, 0x8800, 0x9000, 0x9000, 0x9800, 0x9800, 0x9800, 0xA020, 0xA841, 0xB061, 0xB862, 0xC0A2, 0xC0C3, 0xC8E3, 0xD124, 0xD145,
    0xD965, 0xD986, 0xE1C7, 0xE1E7, 0xEA28, 0xEA48, 0xEA69, 0xF28A, 0xF2AA, 0xFACA, 0xFAEB, 0xFAEB, 0xFB0C, 0xFB0C, 0xFB0C, 0xFB0C,
    0xFAEB, 0xFACB, 0xF2AA, 0xF28A, 0xEA69, 0xEA48, 0xEA28, 0xE1E7, 0xD9C7, 0xD9A6, 0xD186, 0xD165, 0xC924, 0xC103, 0xB8E3, 0xB0A2,
    0xA882, 0xA861, 0xA041, 0x9820, 0x9800, 0x9820, 0x9000, 0x8800, 0x8800, 0x8800, 0x8800, 0x8000, 0x8000, 0x8000, 0x8000, 0x8000,
    0x8000, 0x7800, 0x7000, 0x7020, 0x6820, 0x6820, 0x8862, 0x5000, 0x4185, 0xD699, 0x528A, 0x4229, 0x4A49, 0x4228, 0x4228, 0x4A49,
    0x4A69, 0x3186, 0x0000, 0x7BCF, 0x94B2, 0x8C71, 0x8C71, 0x8C51, 0x8C51, 0x8C51, 0x8430, 0x8430, 0x8430, 0x8430, 0x8C51, 0x8C51,
    0x8C51, 0x8430, 0x8430, 0x8430, 0x8430, 0x8430, 0x8430, 0x8C51, 0x8C51, 0x8430, 0x8C71, 0x8C71, 0x8430, 0x8C51, 0x8C51, 0x8C51,
    0x8C51, 0x8C71, 0x8C71, 0x8C51, 0x8C51, 0x8C51, 0x8430, 0x8430, 0x8430, 0x8410, 0x8410, 0x8430, 0x8430, 0x8430, 0x8410, 0x8430,
    0x8430, 0x8410, 0x8430, 0x8430, 0x8430, 0x8C51, 0x8430, 0x8430, 0x8430, 0x8430, 0x8430, 0x8430, 0x8C51, 0x8C51, 0x8430, 0x8430,
    0x8C51, 0x8C51, 0x8C71, 0x8430, 0x8410, 0x8410, 0x8410, 0x7BEF, 0x7BEF, 0x7BEF, 0x8410, 0x8410, 0x7BEF, 0x7BEF, 0x8410, 0x8410,
    0x8410, 0x8410, 0x7BEF, 0x7BEF, 0x7BEF, 0x8410, 0x10A2, 0x8410, 0xFFFF, 0xFFFF, 0xFFFF, 0xFFFF, 0xFFFF, 0xFFFF, 0xFFFF, 0xFFFF,
    0xFFFF, 0xFFFF, 0xFFFF, 0xFFFF, 0xFFFF, 0xFFFF, 0xFFFF, 0xFFFF, 0xFFFF, 0xFFFF, 0xFFFF, 0xFFFF, 0xFFFF, 0xFFFF, 0xFFFF, 0xFFFF,
    0xFFFF, 0xFFFF, 0xFFFF, 0xFFFF, 0xFFFF, 0xFFFF, 0xFFFF, 0xFFFF, 0xFFFF, 0xFFFF, 0xFFFF, 0xFFFF, 0xFFFF, 0xFFFF, 0xFFFF, 0xFFFF,
    0xFFFF, 0xFFFF, 0xFFFF, 0xFFFF, 0xFFFF, 0xFFFF, 0xFFFF, 0xFFFF, 0xFFFF, 0xFFFF, 0xDEFB, 0x2965, 0x7BEF, 0x9492, 0x94B2, 0x94B2,
    0x9CD3, 0x9CF3, 0x9CD3, 0x94B2, 0x9CD3, 0x9CD3, 0x9CD3, 0x94B2, 0x94B2, 0x94B2, 0x9CD3, 0x9CD3, 0x9CD3, 0x9CD3, 0x94B2, 0x94B2,
    0x9CD3, 0x94B2, 0x9CD3, 0x9CF3, 0x9CD3, 0x94B2, 0x94B2, 0x94B2, 0x94B2, 0x9CD3, 0x9CF3, 0x9CD3, 0x9CF3, 0x9CD3, 0x9CD3, 0x9CF3,
    0x9CD3, 0x9CD3, 0x94B2, 0x9CD3, 0x9CD3, 0x94B2, 0x9CD3, 0x94B2, 0x94B2, 0x9492, 0x9492, 0x9492, 0x9492, 0x8C71, 0x8C71, 0x8C71,
    0x8C71, 0x9492, 0x8C71, 0x9492, 0x94B2, 0x9492, 0x9492, 0x9492, 0x8C51, 0x8C71, 0x8C51, 0x9492, 0x94B2, 0x8C71, 0x8C71, 0x8C71,
    0x8C51, 0x8C71, 0x738E, 0x5AEB, 0x630C, 0x2945, 0x0000, 0x4228, 0x528A, 0x4A69, 0x528A, 0x528A, 0x528A, 0x4208, 0x9CD3, 0xFFFF,
    0x4A6A, 0x1000, 0x7882, 0x8000, 0x6000, 0x6800, 0x6800, 0x6820, 0x7000, 0x7000, 0x7000, 0x7000, 0x7800, 0x7800, 0x8000, 0x8800,
    0x8800, 0x8800, 0x8800, 0x9020, 0x9020, 0x9000, 0x9800, 0xA020, 0xA841, 0xB041, 0xB061, 0xB8A2, 0xC0C2, 0xC0E3, 0xC904, 0xD145,
    0xD165, 0xD986, 0xE1A6, 0xE1C7, 0xE208, 0xEA28, 0xEA49, 0xF269, 0xF2AA, 0xF2AA, 0xFACB, 0xFACB, 0xFAEB, 0xFAEB, 0xFAEB, 0xFAEB,
    0xF2CB, 0xF2AA, 0xF28A, 0xF269, 0xEA49, 0xEA28, 0xE208, 0xE1E7, 0xD9C6, 0xD186, 0xD165, 0xC945, 0xC124, 0xB8E3, 0xB8C3, 0xB0A2,
    0xA882, 0xA861, 0xA041, 0x9820, 0x9800, 0x9000, 0x9000, 0x8800, 0x8800, 0x8800, 0x8000, 0x8000, 0x8000, 0x8000, 0x8000, 0x7800,
    0x7820, 0x7800, 0x7820, 0x7820, 0x7800, 0x9841, 0x7822, 0x2041, 0xC678, 0x8430, 0x39C7, 0x4A49, 0x4A29, 0x4A28, 0x4228, 0x4228,
    0x4A69, 0x18C3, 0x0841, 0x7BEF, 0x8C71, 0x8C71, 0x8C71, 0x8C71, 0x8C51, 0x8C51, 0x8430, 0x8430, 0x8430, 0x8430, 0x8430, 0x8430,
    0x8430, 0x8410, 0x8430, 0x8C51, 0x8430, 0x8C51, 0x8C51, 0x8430, 0x8430, 0x8430, 0x8430, 0x8430, 0x8C51, 0x8C51, 0x8C71, 0x8C51,
    0x8C51, 0x8C71, 0x8C51, 0x9492, 0x8C71, 0x8C51, 0x8C51, 0x8C51, 0x8430, 0x8430, 0x8430, 0x8C51, 0x8430, 0x8C51, 0x8430, 0x8430,
    0x8430, 0x8430, 0x8430, 0x8430, 0x8430, 0x8C51, 0x8C51, 0x8410, 0x8410, 0x8430, 0x8430, 0x8C51, 0x8430, 0x8430, 0x8C51, 0x8C51,
    0x8C51, 0x8C51, 0x8C51, 0x8C51, 0x8C51, 0x8C51, 0x8410, 0x8410, 0x8430, 0x8410, 0x8410, 0x7BEF, 0x7BEF, 0x8410, 0x8430, 0x8410,
    0x8410, 0x8430, 0x8410, 0x7BEF, 0x7BEF, 0x8430, 0x31A6, 0x39E7, 0xFFFF, 0xFFFF, 0xFFFF, 0xFFFF, 0xFFFF, 0xFFFF, 0xFFFF, 0xFFFF,
    0xFFFF, 0xFFFF, 0xFFFF, 0xFFFF, 0xFFFF, 0xFFFF, 0xFFFF, 0xFFFF, 0xFFFF, 0xFFFF, 0xFFFF, 0xFFFF, 0xFFFF, 0xFFFF, 0xFFFF, 0xFFFF,
    0xFFFF, 0xFFFF, 0xFFFF, 0xFFFF, 0xFFFF, 0xFFFF, 0xFFFF, 0xFFFF, 0xFFFF, 0xFFFF, 0xFFFF, 0xFFFF, 0xFFFF, 0xFFFF, 0xFFFF, 0xFFFF,
    0xFFFF, 0xFFFF, 0xFFFF, 0xFFFF, 0xFFFF, 0xFFFF, 0xFFFF, 0xFFFF, 0xFFFF, 0xFFFF, 0xAD75, 0x2965, 0x8C51, 0x9492, 0x94B2, 0x9CD3,
    0x9CD3, 0x9CD3, 0x9CD3, 0x9CD3, 0x9CD3, 0x94B2, 0x9CD3, 0x9CD3, 0x94B2, 0x9CD3, 0x94B2, 0x9CD3, 0x9CD3, 0x94B2, 0x9CD3, 0x9CD3,
    0x9CF3, 0x9CD3, 0x94B2, 0x9CD3, 0x9CD3, 0x9CD3, 0x94B2, 0x94B2, 0x94B2, 0x9CD3, 0x9CD3, 0x9CF3, 0x9CD3, 0x9CD3, 0x9CD3, 0x94B2,
    0x94B2, 0x94B2, 0x9492, 0x94B2, 0x9CD3, 0x9CD3, 0x9CD3, 0x9CF3, 0x9CD3, 0x9492, 0x9492, 0x9492, 0x8C71, 0x8C71, 0x8C71, 0x9492,
    0x8C71, 0x9492, 0x9492, 0x9492, 0x9492, 0x8C71, 0x9492, 0x8C71, 0x8C51, 0x8C71, 0x9492, 0x94B2, 0x9492, 0x8C51, 0x8C51, 0x8C71,
    0x8C71, 0x7BEF, 0x5AEB, 0x5ACB, 0x5AEB, 0x4208, 0x0000, 0x2965, 0x52AA, 0x4A69, 0x528A, 0x528A, 0x4A69, 0x4A69, 0x4A49, 0xD67A,
    0xFFBE, 0x39E7, 0x1000, 0x7862, 0x7821, 0x6800, 0x6820, 0x7000, 0x7000, 0x7000, 0x7000, 0x7000, 0x7000, 0x7800, 0x8000, 0x8800,
    0x8800, 0x8800, 0x8820, 0x9020, 0x9020, 0x9020, 0x9020, 0x9820, 0xA841, 0xA841, 0xB061, 0xB8A2, 0xB8A2, 0xB8C3, 0xC103, 0xC924,
    0xD145, 0xD165, 0xD9A6, 0xE1C7, 0xE1E7, 0xE208, 0xEA28, 0xEA49, 0xF269, 0xF289, 0xF28A, 0xF2AA, 0xF2AA, 0xF2AA, 0xF2CA, 0xF2CA,
    0xF28A, 0xF28A, 0xEA69, 0xEA49, 0xEA28, 0xE208, 0xE1E7, 0xD9C6, 0xD186, 0xD165, 0xC944, 0xC124, 0xC103, 0xB8E3, 0xB0C3, 0xB0A2,
    0xA882, 0xA061, 0xA041, 0x9820, 0x9820, 0x9000, 0x9000, 0x8800, 0x8800, 0x8800, 0x8000, 0x8000, 0x8000, 0x8000, 0x7800, 0x7800,
    0x7800, 0x8000, 0x8000, 0x8000, 0xA021, 0x8841, 0x2000, 0xAD75, 0xBE18, 0x31C7, 0x4A49, 0x4A29, 0x4A29, 0x4A49, 0x4A28, 0x4A49,
    0x4208, 0x0000, 0x2104, 0x632C, 0x8C71, 0x8C71, 0x8C71, 0x8C51, 0x8C51, 0x8C51, 0x8C51, 0x8C51, 0x8C51, 0x8C51, 0x8C51, 0x8C51,
    0x8430, 0x8430, 0x8430, 0x8430, 0x8430, 0x8C51, 0x8C71, 0x8C51, 0x8430, 0x8C51, 0x8C51, 0x8C51, 0x8C71, 0x8C71, 0x8C71, 0x8C51,
    0x8C51, 0x8C71, 0x8C51, 0x8C71, 0x8C71, 0x8C71, 0x8C71, 0x8C71, 0x8C51, 0x8C51, 0x8C51, 0x8430, 0x8C51, 0x8C51, 0x8430, 0x8430,
    0x8430, 0x8430, 0x8430, 0x8C51, 0x8430, 0x8C51, 0x8C51, 0x8C51, 0x8C51, 0x8C51, 0x8430, 0x8C51, 0x8C51, 0x8430, 0x8C51, 0x8C51,
    0x8C51, 0x8C51, 0x8C51, 0x8430, 0x8C51, 0x8C51, 0x8C51, 0x8430, 0x8410, 0x8410, 0x8410, 0x8410, 0x8410, 0x7BEF, 0x8410, 0x8410,
    0x8410, 0x8430, 0x8430, 0x8410, 0x7BEF, 0x8430, 0x5AEB, 0x1082, 0xE71C, 0xFFFF, 0xFFFF, 0xFFFF, 0xFFFF, 0xFFFF, 0xFFFF, 0xFFFF,
    0xFFFF, 0xFFFF, 0xFFFF, 0xFFFF, 0xFFFF, 0xFFFF, 0xFFFF, 0xFFFF, 0xFFFF, 0xFFFF, 0xFFFF, 0xFFFF, 0xFFFF, 0xFFFF, 0xFFFF, 0xFFFF,
    0xFFFF, 0xFFFF, 0xFFFF, 0xFFFF, 0xFFFF, 0xFFFF, 0xFFFF, 0xFFFF, 0xFFFF, 0xFFFF, 0xFFFF, 0xFFFF, 0xFFFF, 0xFFFF, 0xFFFF, 0xFFFF,
    0xFFFF, 0xFFFF, 0xFFFF, 0xFFFF, 0xFFFF, 0xFFFF, 0xFFFF, 0xFFFF, 0xFFDF, 0xFFFF, 0x73AE, 0x4208, 0x9492, 0x94B2, 0x9492, 0x9492,
    0x9492, 0x9492, 0x9492, 0x94B2, 0x94B2, 0x9CD3, 0x9CD3, 0x9CD3, 0x9CD3, 0x9CD3, 0x9CD3, 0x9CD3, 0x9CD3, 0x9CD3, 0x9CD3, 0x9CD3,
    0x94B2, 0x9CF3, 0x9CF3, 0x9CD3, 0x9CD3, 0x9CD3, 0x9CD3, 0x9CD3, 0x9CD3, 0x94B2, 0x94B2, 0x9CD3, 0x9CD3, 0x9CD3, 0x9CF3, 0x94B2,
    0x9CD3, 0x94B2, 0x94B2, 0x94B2, 0x94B2, 0x94B2, 0x9CD3, 0x94B2, 0x9492, 0x9492, 0x8C71, 0x8C71, 0x8C51, 0x8C71, 0x94B2, 0x9492,
    0x8C71, 0x8C71, 0x9492, 0x9492, 0x8C71, 0x8C71, 0x8C71, 0x8C71, 0x8C71, 0x8C71, 0x9492, 0x94B2, 0x9492, 0x8C51, 0x8C51, 0x8C71,
    0x8C51, 0x632C, 0x52AA, 0x5ACB, 0x52AA, 0x528A, 0x0821, 0x0861, 0x4A69, 0x4A69, 0x528A, 0x4A69, 0x4A69, 0x4A69, 0x4A49, 0x5AEB,
    0xEF5D, 0xEF5D, 0x2986, 0x2000, 0x8062, 0x8000, 0x6020, 0x6800, 0x7000, 0x7000, 0x7000, 0x7000, 0x7000, 0x7800, 0x7800, 0x8000,
    0x8000, 0x8800, 0x8800, 0x8800, 0x9000, 0x9000, 0x9020, 0x9820, 0xA020, 0xA821, 0xA841, 0xA861, 0xB082, 0xB8C2, 0xB8E3, 0xC103,
    0xC124, 0xC945, 0xD185, 0xD986, 0xD9A6, 0xE1C7, 0xE1E7, 0xEA08, 0xEA28, 0xEA28, 0xEA49, 0xEA49, 0xEA69, 0xF269, 0xEA69, 0xEA69,
    0xEA49, 0xEA49, 0xEA28, 0xE208, 0xE1E7, 0xD9E7, 0xD9C6, 0xD186, 0xD165, 0xC945, 0xC924, 0xC104, 0xB8E3, 0xB8C3, 0xB0A3, 0xA882,
    0xA861, 0xA041, 0x9820, 0x9020, 0x9020, 0x9000, 0x9020, 0x8820, 0x8820, 0x8800, 0x8000, 0x8000, 0x8000, 0x8000, 0x7800, 0x7800,
    0x7800, 0x7800, 0x8800, 0xA040, 0x8882, 0x1800, 0x94B1, 0xEF1C, 0x4229, 0x4228, 0x4228, 0x4228, 0x4229, 0x4249, 0x4228, 0x4A69,
    0x2945, 0x0000, 0x4228, 0x5ACB, 0x7BCF, 0x9492, 0x8C51, 0x8C51, 0x8C51, 0x8C51, 0x8C51, 0x8C51, 0x8C51, 0x8C71, 0x8C51, 0x8C51,
    0x8C51, 0x8C51, 0x8430, 0x8430, 0x8C51, 0x8C51, 0x8C71, 0x8C71, 0x8C51, 0x8C51, 0x8C51, 0x8C51, 0x8C51, 0x8C71, 0x8C71, 0x8C71,
    0x8C71, 0x8C51, 0x8C51, 0x8C51, 0x8C71, 0x8C71, 0x8C51, 0x9492, 0x8C51, 0x8C51, 0x8C51, 0x8C51, 0x8430, 0x8C51, 0x8C51, 0x8430,
    0x8C51, 0x8430, 0x8430, 0x8C51, 0x8430, 0x8430, 0x8430, 0x8C51, 0x8C51, 0x8C51, 0x8430, 0x8C51, 0x8C51, 0x8C51, 0x8430, 0x8430,
    0x8430, 0x8430, 0x8C51, 0x8430, 0x8430, 0x8C51, 0x8C51, 0x8410, 0x8410, 0x8410, 0x8410, 0x7BEF, 0x8410, 0x8410, 0x8410, 0x8410,
    0x8430, 0x8430, 0x8430, 0x8410, 0x8410, 0x8410, 0x7BEF, 0x0841, 0xA514, 0xFFFF, 0xFFFF, 0xFFFF, 0xFFFF, 0xFFFF, 0xFFFF, 0xFFFF,
    0xFFFF, 0xFFFF, 0xFFFF, 0xFFFF, 0xFFFF, 0xFFFF, 0xFFFF, 0xFFFF, 0xFFFF, 0xFFFF, 0xFFFF, 0xFFFF, 0xFFFF, 0xFFFF, 0xFFFF, 0xFFFF,
    0xFFFF, 0xFFFF, 0xFFFF, 0xFFFF, 0xFFFF, 0xFFFF, 0xFFFF, 0xFFFF, 0xFFFF, 0xFFFF, 0xFFFF, 0xFFFF, 0xFFFF, 0xFFFF, 0xFFFF, 0xFFFF,
    0xFFFF, 0xFFFF, 0xFFFF, 0xFFFF, 0xFFFF, 0xFFFF, 0xFFFF, 0xFFFF, 0xFFFF, 0xFFFF, 0x4A49, 0x5ACB, 0x9492, 0x9492, 0x9492, 0x8C71,
    0x94B2, 0x9492, 0x94B2, 0x9CD3, 0x9CD3, 0x9CD3, 0x94B2, 0x94B2, 0x9CD3, 0x9CF3, 0x9CD3, 0x9CD3, 0x9CF3, 0x9CF3, 0x9CD3, 0x9CD3,
    0x9CD3, 0x9CD3, 0x94B2, 0x94B2, 0x9CD3, 0x94B2, 0x9CD3, 0x9CD3, 0x94B2, 0x9CD3, 0x9CD3, 0x94B2, 0x9CF3, 0x9492, 0x94B2, 0x94B2,
    0x9CD3, 0x9CD3, 0x94B2, 0x94B2, 0x94B2, 0x94B2, 0x94B2, 0x9492, 0x8C71, 0x8C71, 0x8C71, 0x8C71, 0x8C71, 0x9492, 0x9492, 0x9492,
    0x8C71, 0x9492, 0x8C71, 0x8C71, 0x9492, 0x9492, 0x8C71, 0x8C71, 0x8C71, 0x8C71, 0x8C51, 0x9492, 0x8C71, 0x8C71, 0x8C71, 0x8C71,
    0x7BEF, 0x5ACB, 0x52AA, 0x52AA, 0x52AA, 0x5ACB, 0x2945, 0x0000, 0x31A6, 0x528A, 0x4A69, 0x4A69, 0x4A69, 0x4A69, 0x4A69, 0x4228,
    0x738E, 0xFFDF, 0xE6FB, 0x2145, 0x2000, 0x8882, 0x8821, 0x7000, 0x7000, 0x7000, 0x7000, 0x7000, 0x7800, 0x7800, 0x7800, 0x8000,
    0x8000, 0x8800, 0x8800, 0x8800, 0x9000, 0x9000, 0x9000, 0x9000, 0x9820, 0xA020, 0xA041, 0xA061, 0xA881, 0xB0A2, 0xB8A2, 0xB8C3,
    0xB8E3, 0xC104, 0xC945, 0xD165, 0xD186, 0xD986, 0xD9A6, 0xE1C7, 0xE1E7, 0xE207, 0xE208, 0xE208, 0xE208, 0xE208, 0xE208, 0xE208,
    0xE208, 0xE1E8, 0xE1E7, 0xD9C7, 0xD9C7, 0xD1A6, 0xD186, 0xC965, 0xC945, 0xC124, 0xC103, 0xB8C3, 0xB8C3, 0xB082, 0xA882, 0xA861,
    0xA041, 0x9820, 0x9000, 0x9000, 0x9000, 0x9000, 0x8800, 0x8800, 0x8800, 0x8800, 0x8000, 0x8000, 0x8000, 0x8000, 0x7800, 0x7800,
    0x7800, 0x8800, 0xA021, 0x8082, 0x1800, 0x7BCE, 0xFFBE, 0x5AAA, 0x39E7, 0x4228, 0x4228, 0x4228, 0x4228, 0x4228, 0x4A49, 0x4228,
    0x0841, 0x1082, 0x630C, 0x5AEB, 0x630C, 0x8C51, 0x8C71, 0x8C51, 0x8C71, 0x8C51, 0x8C51, 0x8C51, 0x8C51, 0x8C71, 0x8C51, 0x8C51,
    0x8C51, 0x8C51, 0x8C51, 0x8C51, 0x8C71, 0x8C51, 0x8C51, 0x8C51, 0x8C51, 0x8C51, 0x8C51, 0x8C51, 0x8C51, 0x8C51, 0x8C51, 0x8C71,
    0x8C71, 0x8C51, 0x8C51, 0x8C71, 0x9492, 0x8C71, 0x8430, 0x8C71, 0x8C71, 0x8C51, 0x8C51, 0x8430, 0x8430, 0x8430, 0x8C51, 0x8430,
    0x8C51, 0x8C51, 0x8C51, 0x8430, 0x8C51, 0x8430, 0x8430, 0x8C51, 0x8430, 0x8430, 0x8C51, 0x8C51, 0x8C51, 0x8C71, 0x8C51, 0x8430,
    0x8430, 0x8C51, 0x8C51, 0x8C51, 0x8C71, 0x8C51, 0x8430, 0x8410, 0x8430, 0x8430, 0x8430, 0x8410, 0x8410, 0x8430, 0x8430, 0x8430,
    0x8430, 0x8410, 0x8410, 0x8410, 0x8410, 0x7BEF, 0x8C51, 0x2124, 0x5ACB, 0xFFFF, 0xFFFF, 0xFFFF, 0xFFFF, 0xFFFF, 0xFFFF, 0xFFFF,
    0xFFFF, 0xFFFF, 0xFFFF, 0xFFFF, 0xFFFF, 0xFFFF, 0xFFFF, 0xFFFF, 0xFFFF, 0xFFFF, 0xFFFF, 0xFFFF, 0xFFFF, 0xFFFF, 0xFFFF, 0xFFFF,
    0xFFFF, 0xFFFF, 0xFFFF, 0xFFFF, 0xFFFF, 0xFFFF, 0xFFFF, 0xFFFF, 0xFFFF, 0xFFFF, 0xFFFF, 0xFFFF, 0xFFFF, 0xFFFF, 0xFFFF, 0xFFFF,
    0xFFFF, 0xFFFF, 0xFFFF, 0xFFFF, 0xFFFF, 0xFFFF, 0xFFFF, 0xFFFF, 0xFFFF, 0xEF7D, 0x3186, 0x73AE, 0x8C71, 0x94B2, 0x9492, 0x9492,
    0x9492, 0x94B2, 0x94B2, 0x94B2, 0x9CD3, 0x9CF3, 0x94B2, 0x9492, 0x94B2, 0x9CF3, 0x94B2, 0x94B2, 0x9CD3, 0x94B2, 0x9CD3, 0x9CD3,
    0x9CD3, 0x94B2, 0x94B2, 0x9CD3, 0x9CD3, 0x94B2, 0x94B2, 0x94B2, 0x9CD3, 0x9CD3, 0x94B2, 0x94B2, 0x94B2, 0x94B2, 0x94B2, 0x9CD3,
    0x9CD3, 0x9CF3, 0x9CD3, 0x9492, 0x94B2, 0x94B2, 0x94B2, 0x8C71, 0x8C71, 0x9492, 0x9492, 0x8C71, 0x8C71, 0x8C71, 0x8C71, 0x9492,
    0x8C71, 0x8C71, 0x9492, 0x9492, 0x9492, 0x9492, 0x9492, 0x8C71, 0x8C71, 0x8C71, 0x8C51, 0x8C71, 0x8C71, 0x8C71, 0x9492, 0x9492,
    0x6B4D, 0x5ACB, 0x52AA, 0x52AA, 0x5ACB, 0x52AA, 0x4228, 0x0020, 0x1082, 0x4A69, 0x4A69, 0x4A69, 0x4A69, 0x4A69, 0x4A49, 0x4A69,
    0x4208, 0x7BEF, 0xFFFF, 0xDEDB, 0x2145, 0x2000, 0x8862, 0x9821, 0x7820, 0x7000, 0x7800, 0x7800, 0x7821, 0x7820, 0x7800, 0x7800,
    0x8000, 0x8800, 0x8800, 0x8800, 0x8800, 0x8820, 0x9000, 0x8800, 0x9000, 0x9820, 0x9820, 0xA041, 0xA861, 0xB062, 0xB082, 0xB0A2,
    0xB8C3, 0xB8E3, 0xC104, 0xC924, 0xD145, 0xD145, 0xD165, 0xD986, 0xD9A6, 0xD9A6, 0xD9C6, 0xD9A7, 0xD9C7, 0xD9C7, 0xD9C7, 0xD9C7,
    0xD9A7, 0xD9A6, 0xD986, 0xD186, 0xC965, 0xC965, 0xC945, 0xC124, 0xB904, 0xB8E3, 0xB0C3, 0xA8A2, 0xA882, 0xA061, 0xA061, 0xA041,
    0x9820, 0x9820, 0x9020, 0x9000, 0x8800, 0x8800, 0x8800, 0x8800, 0x8800, 0x8800, 0x8000, 0x8020, 0x8000, 0x8000, 0x8000, 0x8000,
    0x9020, 0xA841, 0x8041, 0x2000, 0x7BCE, 0xF7DE, 0x6B2D, 0x39E7, 0x4A49, 0x4228, 0x4228, 0x4228, 0x4A28, 0x4228, 0x4A49, 0x2945,
    0x0000, 0x31A6, 0x630C, 0x5AEB, 0x5ACB, 0x7BEF, 0x9492, 0x8430, 0x8C71, 0x8C71, 0x8C51, 0x8C71, 0x8C71, 0x8C71, 0x8C51, 0x8C51,
    0x8C51, 0x8C51, 0x8C71, 0x8C51, 0x8C51, 0x8C51, 0x8C51, 0x8430, 0x8C51, 0x8C51, 0x8C51, 0x8C51, 0x8C71, 0x8C71, 0x8C71, 0x8C51,
    0x8C71, 0x8C71, 0x8C51, 0x8C71, 0x8C71, 0x8C71, 0x8C71, 0x8C71, 0x8C71, 0x8C71, 0x8C51, 0x8C51, 0x8C51, 0x8C51, 0x8C51, 0x8C51,
    0x8C51, 0x8C51, 0x8C71, 0x8C51, 0x8C51, 0x8C51, 0x8C51, 0x8C51, 0x8430, 0x8430, 0x8C51, 0x8C51, 0x8C51, 0x8C71, 0x8C71, 0x8C71,
    0x8C71, 0x8C51, 0x8C51, 0x8C51, 0x8C51, 0x8430, 0x8430, 0x8430, 0x8430, 0x8430, 0x8430, 0x8410, 0x8430, 0x8430, 0x8410, 0x8410,
    0x8430, 0x8410, 0x8410, 0x7BEF, 0x8410, 0x7BEF, 0x8C51, 0x4A69, 0x2104, 0xF7BE, 0xFFFF, 0xFFFF, 0xFFFF, 0xFFFF, 0xFFFF, 0xFFFF,
    0xFFFF, 0xFFFF, 0xFFFF, 0xFFFF, 0xFFFF, 0xFFFF, 0xFFFF, 0xFFFF, 0xFFFF, 0xFFFF, 0xFFFF, 0xFFFF, 0xFFFF, 0xFFFF, 0xFFFF, 0xFFFF,
    0xFFFF, 0xFFFF, 0xFFFF, 0xFFFF, 0xFFFF, 0xFFFF, 0xFFFF, 0xFFFF, 0xFFFF, 0xFFFF, 0xFFFF, 0xFFFF, 0xFFFF, 0xFFFF, 0xFFFF, 0xFFFF,
    0xFFFF, 0xFFFF, 0xFFFF, 0xFFFF, 0xFFFF, 0xFFFF, 0xFFFF, 0xFFFF, 0xFFFF, 0xBDF7, 0x2965, 0x8C51, 0x8C71, 0x9492, 0x94B2, 0x94B2,
    0x9492, 0x94B2, 0x94B2, 0x94B2, 0x9CD3, 0x9CF3, 0x9CF3, 0x9CD3, 0x94B2, 0x9CD3, 0x94B2, 0x9CD3, 0x9CD3, 0x9CD3, 0x9CD3, 0x9CF3,
    0x94B2, 0x94B2, 0x94B2, 0x9CD3, 0x9CD3, 0x94B2, 0x94B2, 0x9CD3, 0x9CD3, 0x9CF3, 0x9CD3, 0x9CD3, 0x94B2, 0x94B2, 0x9CD3, 0x9CD3,
    0x9CD3, 0x9CF3, 0x9CD3, 0x9CD3, 0x94B2, 0x9492, 0x9492, 0x9492, 0x94B2, 0x94B2, 0x9492, 0x9492, 0x9492, 0x94B2, 0x94B2, 0x9492,
    0x8C71, 0x8C71, 0x8C71, 0x9492, 0x9492, 0x9492, 0x9492, 0x8C71, 0x8C71, 0x8C71, 0x8C71, 0x8C51, 0x8C71, 0x8C71, 0x8C71, 0x7BEF,
    0x5AEB, 0x5ACB, 0x52AA, 0x5ACB, 0x52AA, 0x528A, 0x52AA, 0x2124, 0x0000, 0x2965, 0x528A, 0x4A69, 0x4A69, 0x4A69, 0x4A69, 0x4A69,
    0x4A69, 0x39E7, 0x8410, 0xFFFF, 0xE73C, 0x39E8, 0x1000, 0x8062, 0xA041, 0x8800, 0x7800, 0x7800, 0x7800, 0x7800, 0x7000, 0x7820,
    0x8000, 0x8000, 0x8000, 0x8000, 0x8000, 0x8800, 0x8820, 0x8800, 0x8800, 0x9800, 0x9800, 0xA020, 0xA041, 0xA841, 0xA861, 0xA881,
    0xB0A2, 0xB0A2, 0xB8C2, 0xB8E3, 0xC104, 0xC104, 0xC924, 0xC924, 0xC944, 0xC945, 0xD165, 0xD165, 0xD165, 0xD165, 0xD165, 0xD165,
    0xD165, 0xC945, 0xC945, 0xC945, 0xC124, 0xC124, 0xB904, 0xB8E3, 0xB0C3, 0xA8C2, 0xA8A2, 0xA081, 0x9861, 0xA061, 0x9840, 0x9820,
    0x9820, 0x9800, 0x9000, 0x8800, 0x8800, 0x8800, 0x8800, 0x8800, 0x8800, 0x8800, 0x8020, 0x8020, 0x7800, 0x7800, 0x8800, 0xA000,
    0xB042, 0x7841, 0x1000, 0x8450, 0xFFFF, 0x6B4D, 0x39C7, 0x4A49, 0x4228, 0x4228, 0x4228, 0x4228, 0x4228, 0x4A49, 0x4208, 0x0020,
    0x0861, 0x5AEB, 0x5AEB, 0x52AA, 0x5AEB, 0x632C, 0x8C51, 0x8C51, 0x8C71, 0x8C71, 0x8C71, 0x8C71, 0x8C71, 0x8C71, 0x8C51, 0x8C51,
    0x8C51, 0x8C51, 0x8C71, 0x8C71, 0x8C51, 0x8C51, 0x8C71, 0x8C51, 0x8C51, 0x8C51, 0x8C51, 0x8C51, 0x8C51, 0x8C51, 0x8C71, 0x8C71,
    0x8C71, 0x8C51, 0x8C51, 0x8C51, 0x8C51, 0x8C51, 0x8C71, 0x8C71, 0x8C71, 0x8C71, 0x8C51, 0x8C51, 0x8C51, 0x8C51, 0x8C51, 0x8C71,
    0x8C71, 0x8C51, 0x8C71, 0x8C71, 0x8C51, 0x8C51, 0x8C71, 0x8C71, 0x8C51, 0x8430, 0x8C51, 0x8C51, 0x8C51, 0x8C51, 0x8C51, 0x8C71,
    0x9492, 0x8C71, 0x8C51, 0x8430, 0x8430, 0x8430, 0x8430, 0x8430, 0x8C51, 0x8C51, 0x8430, 0x7BEF, 0x8410, 0x8410, 0x8410, 0x8410,
    0x8430, 0x8410, 0x7BEF, 0x8410, 0x8410, 0x8410, 0x8430, 0x738E, 0x0841, 0xC618, 0xFFFF, 0xFFFF, 0xFFFF, 0xFFFF, 0xFFFF, 0xFFFF,
    0xFFFF, 0xFFFF, 0xFFFF, 0xFFFF, 0xFFFF, 0xFFFF, 0xFFFF, 0xFFFF, 0xFFFF, 0xFFFF, 0xFFFF, 0xFFFF, 0xFFFF, 0xFFFF, 0xFFFF, 0xFFFF,
    0xFFFF, 0xFFFF, 0xFFFF, 0xFFFF, 0xFFFF, 0xFFFF, 0xFFFF, 0xFFFF, 0xFFFF, 0xFFFF, 0xFFFF, 0xFFFF, 0xFFFF, 0xFFFF, 0xFFFF, 0xFFFF,
    0xFFFF, 0xFFFF, 0xFFFF, 0xFFFF, 0xFFFF, 0xFFFF, 0xFFFF, 0xFFFF, 0xFFFF, 0x8C51, 0x39E7, 0x94B2, 0x9492, 0x9492, 0x94B2, 0x94B2,
    0x94B2, 0x94B2, 0x9CD3, 0x94B2, 0x94B2, 0x9CD3, 0x9CD3, 0x9CD3, 0x9CF3, 0x9CD3, 0x9CD3, 0x9CF3, 0x9CF3, 0x9CD3, 0x9CD3, 0x9CD3,
    0x9CD3, 0x9CD3, 0x9492, 0x9492, 0x9492, 0x94B2, 0x9CD3, 0x9CD3, 0x9CD3, 0x94B2, 0x9CD3, 0x9CD3, 0x94B2, 0x94B2, 0x9492, 0x94B2,
    0x9CD3, 0x9CD3, 0x9CD3, 0x94B2, 0x94B2, 0x94B2, 0x9492, 0x9492, 0x94B2, 0x9492, 0x8C71, 0x9492, 0x9492, 0x8C71, 0x8C71, 0x8C71,
    0x9492, 0x8C71, 0x8C71, 0x9492, 0x8C71, 0x8C71, 0x9492, 0x8C71, 0x8C71, 0x8C51, 0x8C51, 0x8C51, 0x8C51, 0x8C51, 0x8C51, 0x6B4D,
    0x5ACB, 0x5AEB, 0x5ACB, 0x5ACB, 0x528A, 0x52AA, 0x5ACB, 0x4A49, 0x0020, 0x0020, 0x4228, 0x4A69, 0x4A69, 0x4A69, 0x4A69, 0x4A69,
    0x4A49, 0x4A69, 0x39E7, 0x7BCF, 0xFFDF, 0xF7BE, 0x526A, 0x0800, 0x6841, 0x9862, 0x9821, 0x8000, 0x7800, 0x7800, 0x7000, 0x7000,
    0x7800, 0x8000, 0x8000, 0x8000, 0x8000, 0x8000, 0x8820, 0x8820, 0x8800, 0x9000, 0x9000, 0x9800, 0x9800, 0x9820, 0xA041, 0xA061,
    0xA061, 0xA881, 0xB0A2, 0xB0A2, 0xB0A2, 0xB8E3, 0xB8E3, 0xC0E3, 0xC0E3, 0xC103, 0xC104, 0xC924, 0xC904, 0xC104, 0xC104, 0xC124,
    0xC124, 0xC104, 0xC104, 0xB8E3, 0xB0E3, 0xB0E3, 0xB0C3, 0xA8A2, 0xA882, 0xA082, 0xA061, 0x9861, 0x9840, 0x9020, 0x9020, 0x9020,
    0x9020, 0x9000, 0x9000, 0x8800, 0x8800, 0x8800, 0x8000, 0x8000, 0x8000, 0x8020, 0x8000, 0x8800, 0x8800, 0x9800, 0xB020, 0xA062,
    0x5800, 0x1000, 0x8CB2, 0xF79E, 0x632C, 0x31C7, 0x4228, 0x4208, 0x3A08, 0x4228, 0x4228, 0x4228, 0x4228, 0x4A49, 0x18E3, 0x0000,
    0x39E7, 0x630C, 0x5AEB, 0x5AEB, 0x5AEB, 0x5ACB, 0x7BEF, 0x9492, 0x8C51, 0x8430, 0x8C51, 0x8C71, 0x8C51, 0x8C71, 0x8C51, 0x8C51,
    0x8430, 0x8C51, 0x8C51, 0x8C51, 0x8C71, 0x8C51, 0x8C51, 0x8C71, 0x8C71, 0x8C71, 0x8C51, 0x8C51, 0x8430, 0x8C51, 0x8C51, 0x8C71,
    0x8C71, 0x8C71, 0x8C71, 0x8C71, 0x8430, 0x8C51, 0x8C51, 0x8C51, 0x8C51, 0x8C51, 0x8C51, 0x8C51, 0x8C51, 0x8430, 0x8C51, 0x8C51,
    0x8C51, 0x8C51, 0x8C51, 0x8C71, 0x8C51, 0x8C71, 0x8C51, 0x8C51, 0x8C71, 0x8430, 0x8430, 0x8430, 0x8430, 0x8430, 0x8430, 0x8430,
    0x8C51, 0x8C51, 0x8C71, 0x8C71, 0x8C51, 0x8C51, 0x8430, 0x8430, 0x8430, 0x8430, 0x8430, 0x8410, 0x8410, 0x8430, 0x8410, 0x8410,
    0x8430, 0x8430, 0x8410, 0x8410, 0x8410, 0x8410, 0x8410, 0x8430, 0x1082, 0x7BEF, 0xFFFF, 0xFFFF, 0xFFFF, 0xFFFF, 0xFFFF, 0xFFFF,
    0xFFFF, 0xFFFF, 0xFFFF, 0xFFFF, 0xFFFF, 0xFFFF, 0xFFFF, 0xFFFF, 0xFFFF, 0xFFFF, 0xFFFF, 0xFFFF, 0xFFFF, 0xFFFF, 0xFFFF, 0xFFFF,
    0xFFFF, 0xFFFF, 0xFFFF, 0xFFFF, 0xFFFF, 0xFFFF, 0xFFFF, 0xFFFF, 0xFFFF, 0xFFFF, 0xFFFF, 0xFFFF, 0xFFFF, 0xFFFF, 0xFFFF, 0xFFFF,
    0xFFFF, 0xFFFF, 0xFFFF, 0xFFFF, 0xFFFF, 0xFFFF, 0xFFFF, 0xFFFF, 0xFFFF, 0x52AA, 0x52AA, 0x94B2, 0x94B2, 0x94B2, 0x9CD3, 0x94B2,
    0x9CD3, 0x9CF3, 0x9CD3, 0x94B2, 0x94B2, 0x9CF3, 0x94B2, 0x94B2, 0x9CF3, 0x9CD3, 0x94B2, 0x9CD3, 0x94B2, 0x94B2, 0x9CF3, 0x9CD3,
    0x9CD3, 0x9CD3, 0x9CD3, 0x94B2, 0x94B2, 0x9492, 0x94B2, 0x94B2, 0x9492, 0x9492, 0x9492, 0x9CD3, 0x94B2, 0x94B2, 0x94B2, 0x94B2,
    0x94B2, 0x94B2, 0x9492, 0x94B2, 0x9CD3, 0x9492, 0x8C71, 0x94B2, 0x94B2, 0x94B2, 0x9492, 0x8C71, 0x9492, 0x8C71, 0x8C71, 0x8C71,
    0x9492, 0x8C71, 0x8C51, 0x8C71, 0x9492, 0x9492, 0x9492, 0x8C71, 0x8C71, 0x8C71, 0x8C51, 0x8C51, 0x8C51, 0x8C71, 0x7BEF, 0x5AEB,
    0x5AEB, 0x5ACB, 0x5ACB, 0x52AA, 0x528A, 0x528A, 0x52AA, 0x5ACB, 0x2965, 0x0000, 0x18C3, 0x4A69, 0x4A49, 0x4A49, 0x4A49, 0x4A49,
    0x4A49, 0x4228, 0x4A49, 0x39C8, 0x6B4D, 0xE73C, 0xFFFF, 0x7BEF, 0x1000, 0x4000, 0x9062, 0xA021, 0x9000, 0x8000, 0x7800, 0x7000,
    0x7020, 0x7800, 0x8000, 0x8000, 0x8000, 0x8000, 0x8800, 0x8800, 0x8800, 0x8800, 0x9000, 0x9000, 0x9000, 0x9000, 0x9820, 0x9820,
    0x9840, 0xA040, 0xA841, 0xA861, 0xA882, 0xB082, 0xB0A2, 0xB0A2, 0xB0A2, 0xB0A2, 0xB0C3, 0xB8C3, 0xB8C3, 0xB8C3, 0xB8C3, 0xB8C3,
    0xB8C3, 0xB8C3, 0xB0C3, 0xB0A2, 0xA8A2, 0xA882, 0xA062, 0xA061, 0x9841, 0x9841, 0x9840, 0x9020, 0x9020, 0x9000, 0x9000, 0x9020,
    0x9000, 0x9000, 0x8800, 0x8800, 0x8820, 0x8000, 0x8000, 0x8000, 0x8000, 0x8000, 0x8800, 0x9800, 0xA820, 0xB841, 0x9062, 0x3000,
    0x20C3, 0xBDF7, 0xE71C, 0x52AA, 0x31C6, 0x4248, 0x4228, 0x4208, 0x3A07, 0x3A08, 0x4208, 0x3A08, 0x4249, 0x3186, 0x0000, 0x18C3,
    0x5AEB, 0x5AEB, 0x630C, 0x5ACB, 0x5AEB, 0x5AEB, 0x6B4D, 0x8C71, 0x8C51, 0x8C51, 0x8430, 0x8C51, 0x8C51, 0x8C71, 0x8C51, 0x8C51,
    0x8C51, 0x8C51, 0x8C71, 0x8C51, 0x8C51, 0x8C51, 0x8C51, 0x8C71, 0x8C51, 0x8C71, 0x8C51, 0x8C51, 0x8C51, 0x8430, 0x8C51, 0x8C71,
    0x8C71, 0x8C71, 0x8C71, 0x8C51, 0x8C51, 0x8C51, 0x8C51, 0x8C51, 0x8C51, 0x8C51, 0x8C51, 0x8C51, 0x8C51, 0x8C71, 0x8C71, 0x8C71,
    0x8C71, 0x8C71, 0x8C51, 0x8430, 0x8430, 0x8C51, 0x8430, 0x8430, 0x8430, 0x8430, 0x8C51, 0x8C51, 0x8C51, 0x8C51, 0x8430, 0x8430,
    0x8430, 0x8430, 0x8C71, 0x8C71, 0x8C71, 0x8C51, 0x8C51, 0x8430, 0x8430, 0x8430, 0x8430, 0x8430, 0x8C51, 0x8430, 0x8410, 0x8410,
    0x8410, 0x8430, 0x8410, 0x7BEF, 0x7BEF, 0x8410, 0x7BEF, 0x8C51, 0x31A6, 0x31A6, 0xFFFF, 0xFFFF, 0xFFFF, 0xFFFF, 0xFFFF, 0xFFFF,
    0xFFFF, 0xFFFF, 0xFFFF, 0xFFFF, 0xFFFF, 0xFFFF, 0xFFFF, 0xFFFF, 0xFFFF, 0xFFFF, 0xFFFF, 0xFFFF, 0xFFFF, 0xFFFF, 0xFFFF, 0xFFFF,
    0xFFFF, 0xFFFF, 0xFFFF, 0xFFFF, 0xFFFF, 0xFFFF, 0xFFFF, 0xFFFF, 0xFFFF, 0xFFFF, 0xFFFF, 0xFFFF, 0xFFFF, 0xFFFF, 0xFFFF, 0xFFFF,
    0xFFFF, 0xFFFF, 0xFFFF, 0xFFFF, 0xFFFF, 0xFFFF, 0xFFFF, 0xFFFF, 0xF7BE, 0x31A6, 0x738E, 0x94B2, 0x94B2, 0x9CD3, 0x9CF3, 0x94B2,
    0x94B2, 0x9CD3, 0x9CD3, 0x9CD3, 0x9CD3, 0x9CF3, 0x9CD3, 0x9CD3, 0x9CD3, 0x9CD3, 0x94B2, 0x94B2, 0x9CD3, 0x94B2, 0x9CD3, 0x9CF3,
    0x9CF3, 0x9CD3, 0x94B2, 0x94B2, 0x94B2, 0x94B2, 0x94B2, 0x94B2, 0x9492, 0x9CD3, 0x9CD3, 0x9CF3, 0x9CD3, 0x94B2, 0x9492, 0x94B2,
    0x9492, 0x94B2, 0x94B2, 0x9492, 0x9492, 0x94B2, 0x9492, 0x94B2, 0x94B2, 0x9492, 0x94B2, 0x94B2, 0x8C71, 0x9492, 0x9492, 0x8C71,
    0x9492, 0x9492, 0x8C51, 0x8C71, 0x9492, 0x8C71, 0x9492, 0x8C71, 0x8C71, 0x8C71, 0x8C71, 0x8C71, 0x8C51, 0x8C51, 0x630C, 0x5ACB,
    0x5AEB, 0x5ACB, 0x5AEB, 0x5ACB, 0x528A, 0x52AA, 0x5ACB, 0x52AA, 0x52AA, 0x18C3, 0x0000, 0x2124, 0x4A69, 0x4A49, 0x4A49, 0x4A49,
    0x4228, 0x4228, 0x4228, 0x4A49, 0x39E7, 0x5289, 0xC618, 0xFFFF, 0xBDD7, 0x2904, 0x2000, 0x7861, 0xA841, 0xA800, 0x9000, 0x8000,
    0x7800, 0x7820, 0x8000, 0x8000, 0x8020, 0x8000, 0x8800, 0x8800, 0x8800, 0x8800, 0x9000, 0x9020, 0x8800, 0x9000, 0x9020, 0x9820,
    0x9820, 0x9820, 0xA020, 0xA041, 0xA041, 0xA041, 0xA041, 0xA861, 0xA861, 0xA861, 0xA861, 0xA881, 0xA882, 0xA882, 0xB082, 0xA882,
    0xA861, 0xA882, 0xA861, 0xA061, 0xA061, 0xA041, 0x9841, 0x9841, 0x9000, 0x9000, 0x9020, 0x9000, 0x8800, 0x8800, 0x8800, 0x8820,
    0x8820, 0x9000, 0x8820, 0x8800, 0x8000, 0x8001, 0x8001, 0x8800, 0x8800, 0x9000, 0xA000, 0xB020, 0xA082, 0x7021, 0x1000, 0x528A,
    0xE73C, 0xBDD7, 0x41E7, 0x39C6, 0x4228, 0x4208, 0x4208, 0x4208, 0x4208, 0x3A08, 0x3A07, 0x4228, 0x39C7, 0x0021, 0x0020, 0x528A,
    0x632C, 0x630C, 0x5ACB, 0x5ACB, 0x5ACB, 0x5ACB, 0x5AEB, 0x7BEF, 0x9492, 0x8C71, 0x8C51, 0x8C51, 0x8C51, 0x8C71, 0x8C71, 0x8C51,
    0x8C51, 0x8C51, 0x8C51, 0x8430, 0x8C51, 0x8C71, 0x8C71, 0x8C51, 0x8C51, 0x8C71, 0x8C51, 0x8C51, 0x8C51, 0x8C51, 0x8C51, 0x8C51,
    0x8C51, 0x8430, 0x8C51, 0x8C71, 0x8C51, 0x8C51, 0x8430, 0x8430, 0x8430, 0x8C51, 0x8430, 0x8C51, 0x8C51, 0x8C71, 0x8C71, 0x8C51,
    0x8C51, 0x8C51, 0x8C51, 0x8430, 0x8430, 0x8C51, 0x8C51, 0x8410, 0x8430, 0x8430, 0x8430, 0x8C51, 0x8C51, 0x8C51, 0x8C51, 0x8C51,
    0x8C51, 0x8C51, 0x8430, 0x8430, 0x8C71, 0x8C51, 0x8C51, 0x8C51, 0x8430, 0x8C51, 0x8C51, 0x8C51, 0x8430, 0x8410, 0x8410, 0x8410,
    0x8410, 0x8410, 0x7BEF, 0x7BEF, 0x8410, 0x8410, 0x7BEF, 0x8C51, 0x5AEB, 0x0861, 0xDEDB, 0xFFFF, 0xFFFF, 0xFFFF, 0xFFFF, 0xFFFF,
    0xFFFF, 0xFFFF, 0xFFFF, 0xFFFF, 0xFFFF, 0xFFFF, 0xFFFF, 0xFFFF, 0xFFFF, 0xFFFF, 0xFFFF, 0xFFFF, 0xFFFF, 0xFFFF, 0xFFFF, 0xFFFF,
    0xFFFF, 0xFFFF, 0xFFFF, 0xFFFF, 0xFFFF, 0xFFFF, 0xFFFF, 0xFFFF, 0xFFFF, 0xFFFF, 0xFFFF, 0xFFFF, 0xFFFF, 0xFFFF, 0xFFFF, 0xFFFF,
    0xFFFF, 0xFFFF, 0xFFFF, 0xFFFF, 0xFFFF, 0xFFFF, 0xFFFF, 0xFFFF, 0xCE79, 0x2945, 0x8C51, 0x94B2, 0x94B2, 0x94B2, 0x9CD3, 0x9CD3,
    0x94B2, 0x9CD3, 0x94B2, 0x94B2, 0x9CF3, 0x9CD3, 0x9CF3, 0x9CF3, 0x94B2, 0x94B2, 0x94B2, 0x94B2, 0x94B2, 0x94B2, 0x94B2, 0x9CD3,
    0x9CD3, 0x9CD3, 0x9CD3, 0x9492, 0x9492, 0x9492, 0x94B2, 0x94B2, 0x94B2, 0x9CD3, 0x9CD3, 0x9CF3, 0x9CD3, 0x94B2, 0x94B2, 0x94B2,
    0x8C71, 0x9492, 0x9492, 0x9492, 0x9492, 0x94B2, 0x94B2, 0x9492, 0x9492, 0x9492, 0x9492, 0x9CD3, 0x9492, 0x9492, 0x9492, 0x8C71,
    0x8C51, 0x8C71, 0x8C51, 0x8C71, 0x8C51, 0x8C51, 0x9492, 0x8C71, 0x8C71, 0x9492, 0x8C71, 0x8C51, 0x8C71, 0x7BCF, 0x5ACB, 0x5ACB,
    0x5ACB, 0x5AEB, 0x5ACB, 0x5ACB, 0x528A, 0x52AA, 0x5ACB, 0x52AA, 0x5ACB, 0x4A69, 0x0841, 0x0000, 0x3186, 0x4A49, 0x4228, 0x4228,
    0x4228, 0x4228, 0x4228, 0x4228, 0x4A49, 0x4208, 0x39E7, 0x9492, 0xFFFF, 0xEF7D, 0x52AA, 0x1000, 0x4800, 0x9061, 0xA041, 0xA000,
    0x9000, 0x8000, 0x7800, 0x7000, 0x7820, 0x8020, 0x8800, 0x8800, 0x8800, 0x8800, 0x8820, 0x8820, 0x8800, 0x8800, 0x9020, 0x9000,
    0x9800, 0x9800, 0x9000, 0x9020, 0x9820, 0x9820, 0x9820, 0xA021, 0xA020, 0xA021, 0x9820, 0x9840, 0x9841, 0xA041, 0xA041, 0xA041,
    0xA040, 0xA041, 0xA041, 0x9821, 0x9821, 0x9020, 0x9000, 0x9020, 0x9000, 0x9000, 0x9000, 0x8800, 0x8800, 0x8000, 0x8000, 0x8000,
    0x8020, 0x8820, 0x8820, 0x8800, 0x8800, 0x8000, 0x8820, 0x9820, 0xA820, 0xB021, 0xA062, 0x8041, 0x3000, 0x1061, 0x94D2, 0xF77D,
    0x8C30, 0x3185, 0x39C7, 0x4208, 0x4208, 0x4208, 0x39E7, 0x4208, 0x4208, 0x41E7, 0x4228, 0x4228, 0x1082, 0x0000, 0x39C7, 0x6B4D,
    0x5AEB, 0x5AEB, 0x5ACB, 0x5AEB, 0x630C, 0x630C, 0x5AEB, 0x632C, 0x8C71, 0x8C71, 0x8C51, 0x8C51, 0x8C71, 0x8C71, 0x8C71, 0x8C51,
    0x8C51, 0x8C51, 0x8C71, 0x8C51, 0x8C71, 0x8C51, 0x8C51, 0x8C71, 0x8C71, 0x8C51, 0x8C51, 0x8C51, 0x8C51, 0x8C51, 0x8C51, 0x8C51,
    0x8C51, 0x8C51, 0x8C71, 0x8C51, 0x9492, 0x8C71, 0x8C71, 0x8C71, 0x8C51, 0x8C51, 0x8430, 0x8C51, 0x8430, 0x8C51, 0x8430, 0x8410,
    0x8430, 0x8C71, 0x8C51, 0x8C51, 0x8430, 0x8430, 0x8C71, 0x8430, 0x8C51, 0x8430, 0x8430, 0x8430, 0x8430, 0x8C51, 0x8C51, 0x8C71,
    0x8430, 0x8C51, 0x8C51, 0x8430, 0x8430, 0x8430, 0x8C51, 0x8C51, 0x8C51, 0x8430, 0x8430, 0x8C51, 0x8430, 0x8430, 0x8430, 0x8410,
    0x8430, 0x8430, 0x8410, 0x7BEF, 0x8410, 0x8410, 0x8410, 0x8C51, 0x7BEF, 0x0020, 0x9CD3, 0xFFFF, 0xFFDF, 0xFFFF, 0xFFFF, 0xFFFF,
    0xFFFF, 0xFFFF, 0xFFFF, 0xFFFF, 0xFFFF, 0xFFFF, 0xFFFF, 0xFFFF, 0xFFFF, 0xFFFF, 0xFFFF, 0xFFFF, 0xFFFF, 0xFFFF, 0xFFFF, 0xFFFF,
    0xFFFF, 0xFFFF, 0xFFFF, 0xFFFF, 0xFFFF, 0xFFFF, 0xFFFF, 0xFFFF, 0xFFFF, 0xFFFF, 0xFFFF, 0xFFFF, 0xFFFF, 0xFFFF, 0xFFFF, 0xFFFF,
    0xFFFF, 0xFFFF, 0xFFFF, 0xFFFF, 0xFFFF, 0xFFFF, 0xFFFF, 0xFFFF, 0x9CF3, 0x2965, 0x9492, 0x9492, 0x94B2, 0x94B2, 0x94B2, 0x9CD3,
    0x9CD3, 0x9CD3, 0x94B2, 0x94B2, 0x94B2, 0x94B2, 0x9CD3, 0x9CD3, 0x9CD3, 0x9CD3, 0x94B2, 0x9492, 0x9492, 0x9CD3, 0x9CD3, 0x9CD3,
    0x9CD3, 0x9CF3, 0x9CD3, 0x9CD3, 0x94B2, 0x94B2, 0x94B2, 0x94B2, 0x9CF3, 0x9CD3, 0x94B2, 0x9492, 0x9492, 0x9492, 0x9492, 0x94B2,
    0x8C71, 0x9492, 0x8C71, 0x8C71, 0x9492, 0x9492, 0x9492, 0x9492, 0x9492, 0x9492, 0x9492, 0x9492, 0x9492, 0x94B2, 0x94B2, 0x9492,
    0x8C71, 0x8C71, 0x8C71, 0x8C51, 0x8C71, 0x8C71, 0x8C71, 0x8C71, 0x8C71, 0x8C71, 0x8C71, 0x8C51, 0x8C51, 0x630C, 0x5ACB, 0x5AEB,
    0x52AA, 0x5ACB, 0x5ACB, 0x5AEB, 0x5ACB, 0x52AA, 0x528A, 0x4A69, 0x4A69, 0x52AA, 0x31A6, 0x0000, 0x0020, 0x31A6, 0x4228, 0x4208,
    0x4208, 0x4208, 0x4208, 0x4208, 0x4208, 0x4228, 0x4208, 0x31A6, 0x5AEB, 0xCE79, 0xFFFF, 0xB5B6, 0x3165, 0x1800, 0x6000, 0xA061,
    0xB021, 0xA800, 0xA000, 0x9000, 0x8000, 0x8000, 0x8000, 0x8800, 0x8800, 0x8800, 0x8800, 0x8800, 0x8800, 0x8800, 0x8800, 0x8800,
    0x9000, 0x9000, 0x9000, 0x9020, 0x9000, 0x9000, 0x9820, 0x9820, 0x9800, 0x9800, 0x9000, 0x9020, 0x9020, 0x9820, 0x9800, 0x9800,
    0x9820, 0x9820, 0x9020, 0x9000, 0x9000, 0x9000, 0x9000, 0x9000, 0x9000, 0x9000, 0x8800, 0x8800, 0x8820, 0x8000, 0x8000, 0x8000,
    0x8000, 0x8020, 0x8020, 0x9000, 0x9800, 0xA800, 0xB820, 0xB841, 0xB042, 0x8021, 0x3000, 0x1020, 0x6B2C, 0xDEFB, 0xBE38, 0x4A48,
    0x2965, 0x39E7, 0x39C7, 0x39C7, 0x39E7, 0x39E7, 0x39E7, 0x39E7, 0x4208, 0x4208, 0x39E7, 0x10A2, 0x0000, 0x2124, 0x632C, 0x630C,
    0x5AEB, 0x5AEB, 0x630C, 0x5AEB, 0x5AEB, 0x5AEB, 0x5ACB, 0x5AEB, 0x7BCF, 0x8C71, 0x8C51, 0x8C71, 0x8C71, 0x8C71, 0x8C51, 0x8C51,
    0x8C71, 0x8C71, 0x9492, 0x9492, 0x8C51, 0x8C71, 0x8C51, 0x8C71, 0x8C71, 0x8C51, 0x8C51, 0x8C51, 0x8C51, 0x8C51, 0x8C51, 0x8430,
    0x8430, 0x8C51, 0x8C71, 0x8C71, 0x8C71, 0x8C71, 0x8C51, 0x8C51, 0x8C51, 0x8C51, 0x8430, 0x8430, 0x8C51, 0x8430, 0x8430, 0x8C51,
    0x8C51, 0x8C51, 0x8C51, 0x8C51, 0x8C71, 0x8C71, 0x8C51, 0x8C51, 0x8C51, 0x8430, 0x8430, 0x8430, 0x8C51, 0x8C71, 0x8C51, 0x8C51,
    0x8C51, 0x8C51, 0x8C51, 0x8C51, 0x8C51, 0x8430, 0x8430, 0x8430, 0x8430, 0x8430, 0x8430, 0x8430, 0x8C51, 0x8430, 0x8430, 0x8430,
    0x8430, 0x8430, 0x8410, 0x8410, 0x8410, 0x8410, 0x8410, 0x8410, 0x8430, 0x18E3, 0x52AA, 0xFFFF, 0xFFFF, 0xFFFF, 0xFFFF, 0xFFFF,
    0xFFFF, 0xFFFF, 0xFFFF, 0xFFFF, 0xFFFF, 0xFFFF, 0xFFFF, 0xFFFF, 0xFFFF, 0xFFFF, 0xFFFF, 0xFFFF, 0xFFFF, 0xFFFF, 0xFFFF, 0xFFFF,
    0xFFFF, 0xFFFF, 0xFFFF, 0xFFFF, 0xFFFF, 0xFFFF, 0xFFFF, 0xFFFF, 0xFFFF, 0xFFFF, 0xFFFF, 0xFFFF, 0xFFFF, 0xFFFF, 0xFFFF, 0xFFFF,
    0xFFFF, 0xFFFF, 0xFFFF, 0xFFFF, 0xFFFF, 0xFFFF, 0xFFFF, 0xFFFF, 0x6B4D, 0x4A49, 0x9492, 0x9492, 0x9492, 0x9492, 0x94B2, 0x94B2,
    0x9CD3, 0x9CD3, 0x9CD3, 0x9CD3, 0x9CD3, 0x9CF3, 0x9CD3, 0x9CF3, 0x9CF3, 0x94B2, 0x94B2, 0x9492, 0x9492, 0x94B2, 0x94B2, 0x94B2,
    0x9CD3, 0x94B2, 0x94B2, 0x9492, 0x94B2, 0x94B2, 0x9CD3, 0x94B2, 0x94B2, 0x94B2, 0x94B2, 0x94B2, 0x9492, 0x9492, 0x8C71, 0x8C71,
    0x9492, 0x8C71, 0x8C71, 0x8C71, 0x8C71, 0x8C71, 0x94B2, 0x94B2, 0x94B2, 0x9492, 0x9492, 0x9492, 0x8C71, 0x9492, 0x94B2, 0x8C71,
    0x8C71, 0x9492, 0x9492, 0x8C51, 0x8C51, 0x8C71, 0x8C51, 0x8C51, 0x8C51, 0x8C51, 0x8C51, 0x8C71, 0x7BCF, 0x5ACB, 0x630C, 0x5AEB,
    0x52AA, 0x52AA, 0x5ACB, 0x5ACB, 0x52AA, 0x5ACB, 0x52AA, 0x528A, 0x528A, 0x4A69, 0x528A, 0x2965, 0x0000, 0x0841, 0x31A6, 0x4208,
    0x4208, 0x4208, 0x39E7, 0x4208, 0x4208, 0x39E7, 0x4208, 0x4208, 0x39C7, 0x31C7, 0x8410, 0xEF7D, 0xFFFF, 0x9CD3, 0x20E3, 0x2800,
    0x6800, 0xA061, 0xB020, 0xB020, 0xA800, 0x9800, 0x9020, 0x8800, 0x8800, 0x8800, 0x8800, 0x8000, 0x8800, 0x8800, 0x8800, 0x8800,
    0x9000, 0x9000, 0x9000, 0x9000, 0x9000, 0x9000, 0x9000, 0x9800, 0x9000, 0x9000, 0x9000, 0x9020, 0x9000, 0x9800, 0x9000, 0x9820,
    0x9800, 0x9800, 0x9000, 0x9000, 0x9000, 0x9000, 0x9000, 0x9020, 0x8800, 0x8800, 0x8820, 0x8820, 0x8820, 0x8800, 0x8000, 0x8000,
    0x8800, 0x9000, 0xA000, 0xB000, 0xB021, 0xB041, 0xA042, 0x7000, 0x3000, 0x1000, 0x62EB, 0xD6BA, 0xE6FB, 0x73AE, 0x2144, 0x2986,
    0x31C7, 0x31C7, 0x39C7, 0x39C7, 0x39E7, 0x39E7, 0x39C7, 0x39C7, 0x39E7, 0x39E7, 0x10A2, 0x0000, 0x18C3, 0x630C, 0x632C, 0x5AEB,
    0x5AEB, 0x5AEB, 0x5AEB, 0x630C, 0x5AEB, 0x5ACB, 0x5AEB, 0x5AEB, 0x6B4D, 0x9492, 0x8C71, 0x9492, 0x8C71, 0x8C71, 0x8C51, 0x8C71,
    0x9492, 0x8C71, 0x8C71, 0x9492, 0x8C71, 0x8C51, 0x8430, 0x8C51, 0x8C71, 0x8C51, 0x8C71, 0x8C51, 0x8C51, 0x8C51, 0x8430, 0x8430,
    0x8C51, 0x8430, 0x8C51, 0x8C71, 0x8C51, 0x8C51, 0x8C51, 0x8430, 0x8C51, 0x8430, 0x8C51, 0x8C51, 0x8C51, 0x8C51, 0x8C71, 0x8C51,
    0x8C51, 0x8C51, 0x8C71, 0x8C51, 0x8C51, 0x8C71, 0x8C51, 0x8C51, 0x8430, 0x8430, 0x8430, 0x8430, 0x8430, 0x8C51, 0x8C51, 0x8C51,
    0x8C71, 0x8C51, 0x8C51, 0x8C71, 0x8C71, 0x8C51, 0x8C51, 0x8C51, 0x8430, 0x8C51, 0x8430, 0x8430, 0x8430, 0x8430, 0x8430, 0x8C51,
    0x8430, 0x8430, 0x8410, 0x8410, 0x8410, 0x8410, 0x7BEF, 0x7BEF, 0x8C51, 0x4228, 0x18E3, 0xF79E, 0xFFFF, 0xFFFF, 0xFFFF, 0xFFFF,
    0xFFFF, 0xFFFF, 0xFFFF, 0xFFFF, 0xFFFF, 0xFFFF, 0xFFFF, 0xFFFF, 0xFFFF, 0xFFFF, 0xFFFF, 0xFFFF, 0xFFFF, 0xFFFF, 0xFFFF, 0xFFFF,
    0xFFFF, 0xFFFF, 0xFFFF, 0xFFFF, 0xFFFF, 0xFFFF, 0xFFFF, 0xFFFF, 0xFFFF, 0xFFFF, 0xFFFF, 0xFFFF, 0xFFFF, 0xFFFF, 0xFFFF, 0xFFFF,
    0xFFFF, 0xFFFF, 0xFFFF, 0xFFFF, 0xFFFF, 0xFFFF, 0xFFFF, 0xFFFF, 0x39E7, 0x6B4D, 0x94B2, 0x94B2, 0x94B2, 0x94B2, 0x94B2, 0x94B2,
    0x94B2, 0x9CD3, 0x9CD3, 0x9CF3, 0x9CD3, 0x9CD3, 0x9CF3, 0x9CD3, 0x94B2, 0x9CD3, 0x94B2, 0x94B2, 0x9492, 0x8C71, 0x94B2, 0x94B2,
    0x94B2, 0x9CD3, 0x9CD3, 0x94B2, 0x94B2, 0x94B2, 0x94B2, 0x94B2, 0x94B2, 0x94B2, 0x94B2, 0x9492, 0x9492, 0x9492, 0x8C71, 0x9492,
    0x8C71, 0x8C71, 0x8C71, 0x8C71, 0x8C71, 0x8C71, 0x9492, 0x94B2, 0x9CD3, 0x9CD3, 0x9492, 0x8C71, 0x8C51, 0x8C71, 0x9492, 0x8C71,
    0x8C71, 0x8C71, 0x8C71, 0x8C71, 0x8C71, 0x8C71, 0x8C51, 0x8C51, 0x8C51, 0x8C51, 0x8C51, 0x8C51, 0x632C, 0x5ACB, 0x630C, 0x5AEB,
    0x630C, 0x5ACB, 0x5ACB, 0x5ACB, 0x52AA, 0x5ACB, 0x52AA, 0x52AA, 0x52AA, 0x4A69, 0x528A, 0x528A, 0x2945, 0x0000, 0x0020, 0x3186,
    0x4208, 0x39E7, 0x39E7, 0x4208, 0x39E7, 0x39E7, 0x39E7, 0x39C7, 0x39E7, 0x39C7, 0x3186, 0x41E7, 0x9492, 0xF79E, 0xF7BE, 0x8C51,
    0x2924, 0x2000, 0x5800, 0x9061, 0xB041, 0xB020, 0xB020, 0xA800, 0xA000, 0x9800, 0x9000, 0x8800, 0x8800, 0x8800, 0x8800, 0x8800,
    0x9000, 0x8800, 0x8800, 0x9020, 0x9000, 0x9000, 0x9000, 0x9000, 0x9000, 0x9000, 0x9000, 0x9000, 0x9000, 0x9000, 0x9000, 0x9000,
    0x9800, 0x9800, 0x9800, 0x9800, 0x9000, 0x9000, 0x9000, 0x8820, 0x8800, 0x8800, 0x8800, 0x8800, 0x8800, 0x9000, 0x9000, 0x9800,
    0xA801, 0xB821, 0xB041, 0xA081, 0x7841, 0x4000, 0x1000, 0x1862, 0x630C, 0xCE59, 0xE71C, 0x8450, 0x31A6, 0x2945, 0x31C7, 0x31C7,
    0x31C7, 0x39C7, 0x39E7, 0x39C7, 0x39E7, 0x39C7, 0x39C7, 0x39C7, 0x39C7, 0x18C3, 0x0000, 0x10A2, 0x52AA, 0x5AEB, 0x5AEB, 0x630C,
    0x630C, 0x5ACB, 0x630C, 0x630C, 0x630C, 0x630C, 0x630C, 0x5AEB, 0x5AEB, 0x8410, 0x9492, 0x8C71, 0x9492, 0x9492, 0x8C71, 0x9492,
    0x8C71, 0x8C71, 0x8C71, 0x8C71, 0x9492, 0x8C71, 0x8C51, 0x9492, 0x8C71, 0x8C71, 0x9492, 0x9492, 0x8C51, 0x8C51, 0x8C51, 0x8C51,
    0x8C51, 0x8C51, 0x8C51, 0x8C51, 0x8C51, 0x8C51, 0x8C51, 0x8C71, 0x8C71, 0x8C71, 0x8C51, 0x8C51, 0x8C71, 0x8C51, 0x8C51, 0x8C51,
    0x8C51, 0x8C71, 0x8C71, 0x8C71, 0x8430, 0x8430, 0x8C51, 0x8C51, 0x8C51, 0x8430, 0x8430, 0x8430, 0x8430, 0x8430, 0x8430, 0x8430,
    0x8C51, 0x8C51, 0x8C71, 0x8C51, 0x8C51, 0x8C51, 0x8C71, 0x8C51, 0x8430, 0x8430, 0x8430, 0x8430, 0x8430, 0x8430, 0x8430, 0x8410,
    0x8410, 0x8430, 0x8430, 0x8410, 0x8410, 0x8410, 0x7BEF, 0x7BEF, 0x8430, 0x6B4D, 0x0000, 0xBDF7, 0xFFFF, 0xFFFF, 0xFFFF, 0xFFFF,
    0xFFFF, 0xFFFF, 0xFFFF, 0xFFFF, 0xFFFF, 0xFFFF, 0xFFFF, 0xFFFF, 0xFFFF, 0xFFFF, 0xFFFF, 0xFFFF, 0xFFFF, 0xFFFF, 0xFFFF, 0xFFFF,
    0xFFFF, 0xFFFF, 0xFFFF, 0xFFFF, 0xFFFF, 0xFFFF, 0xFFFF, 0xFFFF, 0xFFFF, 0xFFFF, 0xFFFF, 0xFFFF, 0xFFFF, 0xFFFF, 0xFFFF, 0xFFFF,
    0xFFFF, 0xFFFF, 0xFFFF, 0xFFFF, 0xFFFF, 0xFFFF, 0xFFFF, 0xDEFB, 0x2124, 0x7BEF, 0x94B2, 0x94B2, 0x94B2, 0x94B2, 0x94B2, 0x9CD3,
    0x9CD3, 0x9CD3, 0x9CD3, 0x9CD3, 0x9492, 0x94B2, 0x9CD3, 0x9CF3, 0x9CD3, 0x9CF3, 0x9CD3, 0x94B2, 0x94B2, 0x9492, 0x94B2, 0x94B2,
    0x9492, 0x94B2, 0x9CD3, 0x9CD3, 0x94B2, 0x9CD3, 0x94B2, 0x94B2, 0x94B2, 0x9CD3, 0x94B2, 0x94B2, 0x9492, 0x9492, 0x9492, 0x9492,
    0x9492, 0x8C71, 0x9492, 0x8C71, 0x8C71, 0x8C71, 0x9492, 0x94B2, 0x9492, 0x94B2, 0x9492, 0x8C71, 0x8C71, 0x8C71, 0x8C71, 0x9492,
    0x94B2, 0x9492, 0x9492, 0x8C71, 0x8C71, 0x8C51, 0x8C51, 0x8C51, 0x8C71, 0x8C51, 0x8C71, 0x7BCF, 0x5AEB, 0x5AEB, 0x5ACB, 0x52AA,
    0x52AA, 0x52AA, 0x52AA, 0x52AA, 0x52AA, 0x5ACB, 0x52AA, 0x52AA, 0x528A, 0x4A69, 0x4A69, 0x4A69, 0x528A, 0x2945, 0x0000, 0x0000,
    0x2945, 0x4208, 0x39E7, 0x39E7, 0x39E7, 0x39E7, 0x39C7, 0x39C7, 0x39C7, 0x39C7, 0x39E7, 0x31A6, 0x2944, 0x39E7, 0x9492, 0xEF7D,
    0xFFDF, 0xA534, 0x41C7, 0x1800, 0x3000, 0x7000, 0x9841, 0xB062, 0xB041, 0xB820, 0xB000, 0xA800, 0xA000, 0x9800, 0x9020, 0x8800,
    0x8800, 0x8800, 0x8800, 0x8800, 0x8800, 0x8800, 0x8800, 0x8800, 0x8800, 0x8800, 0x9000, 0x9000, 0x9000, 0x9000, 0x9000, 0x9000,
    0x9000, 0x9000, 0x9000, 0x9000, 0x8800, 0x8800, 0x8800, 0x8800, 0x8800, 0x8800, 0x9000, 0x9800, 0xA800, 0xB020, 0xB820, 0xB841,
    0xB062, 0x9021, 0x5800, 0x1800, 0x0800, 0x4228, 0x94D3, 0xDF1C, 0xDEFB, 0x8431, 0x31A6, 0x2103, 0x2965, 0x3186, 0x31A6, 0x31A6,
    0x31A6, 0x39C7, 0x39C7, 0x39E7, 0x39E7, 0x39C7, 0x39C7, 0x39C7, 0x10A2, 0x0000, 0x10A2, 0x52AA, 0x632C, 0x5AEB, 0x5AEB, 0x630C,
    0x5AEB, 0x5ACB, 0x5AEB, 0x5AEB, 0x630C, 0x630C, 0x630C, 0x630C, 0x630C, 0x6B6D, 0x9492, 0x9492, 0x94B2, 0x94B2, 0x9492, 0x8C71,
    0x9492, 0x9492, 0x9492, 0x9492, 0x9492, 0x9492, 0x9492, 0x9492, 0x8C71, 0x8C71, 0x8C51, 0x8C51, 0x8C71, 0x8C71, 0x8C71, 0x8C51,
    0x8C51, 0x8C71, 0x8C51, 0x8C51, 0x8C71, 0x8C51, 0x8C51, 0x8C51, 0x8C51, 0x8C51, 0x8C51, 0x8C51, 0x8C51, 0x8C51, 0x8C51, 0x8C51,
    0x8C71, 0x8C71, 0x8C71, 0x8C71, 0x8C51, 0x8430, 0x8430, 0x8C51, 0x8C51, 0x8430, 0x8430, 0x8430, 0x8C51, 0x8430, 0x8410, 0x8430,
    0x8430, 0x8C51, 0x8C51, 0x8430, 0x8430, 0x8430, 0x8430, 0x8430, 0x8C51, 0x8430, 0x8430, 0x8C51, 0x8C51, 0x8430, 0x8430, 0x8410,
    0x8410, 0x8430, 0x8410, 0x8410, 0x7BEF, 0x7BEF, 0x8410, 0x7BEF, 0x7BEF, 0x7BEF, 0x0861, 0x73AE, 0xFFFF, 0xFFFF, 0xFFFF, 0xFFFF,
    0xFFFF, 0xFFFF, 0xFFFF, 0xFFFF, 0xFFFF, 0xFFFF, 0xFFFF, 0xFFFF, 0xFFFF, 0xFFFF, 0xFFFF, 0xFFFF, 0xFFFF, 0xFFFF, 0xFFFF, 0xFFFF,
    0xFFFF, 0xFFFF, 0xFFFF, 0xFFFF, 0xFFFF, 0xFFFF, 0xFFFF, 0xFFFF, 0xFFFF, 0xFFFF, 0xFFFF, 0xFFFF, 0xFFFF, 0xFFFF, 0xFFFF, 0xFFFF,
    0xFFFF, 0xFFFF, 0xFFFF, 0xFFFF, 0xFFFF, 0xFFFF, 0xFFFF, 0xAD75, 0x2945, 0x8C71, 0x9492, 0x94B2, 0x94B2, 0x9CD3, 0x9CD3, 0x9CD3,
    0x9CF3, 0x9CD3, 0x9CD3, 0x94B2, 0x9CD3, 0x9CD3, 0x9CD3, 0x9CF3, 0x9CF3, 0x9CD3, 0x9CD3, 0x9CD3, 0x94B2, 0x94B2, 0x94B2, 0x94B2,
    0x94B2, 0x94B2, 0x94B2, 0x94B2, 0x9CD3, 0x9CD3, 0x9CD3, 0x9CD3, 0x9492, 0x9492, 0x9492, 0x94B2, 0x94B2, 0x9492, 0x8C71, 0x8C71,
    0x9492, 0x9492, 0x9492, 0x9492, 0x8C71, 0x9492, 0x94B2, 0x94B2, 0x9492, 0x9492, 0x9492, 0x9492, 0x9492, 0x9492, 0x8C71, 0x9492,
    0x9492, 0x8C71, 0x9492, 0x9492, 0x8C71, 0x8C51, 0x8C51, 0x8C51, 0x8C71, 0x8C71, 0x8C51, 0x632C, 0x5ACB, 0x5ACB, 0x5ACB, 0x5ACB,
    0x52AA, 0x528A, 0x528A, 0x528A, 0x4A69, 0x528A, 0x52AA, 0x52AA, 0x528A, 0x4A69, 0x4A69, 0x4A49, 0x4A69, 0x528A, 0x2945, 0x0000,
    0x0000, 0x2104, 0x39C7, 0x39C7, 0x39C7, 0x39C7, 0x39C7, 0x31A6, 0x31A6, 0x3186, 0x3186, 0x31A6, 0x31A6, 0x2965, 0x2104, 0x31A6,
    0x7BCF, 0xD6BA, 0xFFDE, 0xCEBA, 0x7C10, 0x3945, 0x2000, 0x4000, 0x7001, 0x9822, 0xA842, 0xB041, 0xB820, 0xC020, 0xB800, 0xA800,
    0xA020, 0xA820, 0xA820, 0xA800, 0x9800, 0x9000, 0x9020, 0x8800, 0x8820, 0x8800, 0x8800, 0x8800, 0x8800, 0x9000, 0x9000, 0x9000,
    0x9000, 0x9020, 0x9800, 0x9800, 0x9820, 0x9800, 0xA000, 0xA800, 0xB020, 0xB800, 0xC021, 0xB862, 0xB062, 0xA062, 0x8041, 0x5000,
    0x2000, 0x0000, 0x2124, 0x83F0, 0xD6DB, 0xFFDF, 0xCE59, 0x738E, 0x2965, 0x18E3, 0x2945, 0x3186, 0x3186, 0x3186, 0x3186, 0x3186,
    0x31A6, 0x31A6, 0x31A6, 0x31A6, 0x31A6, 0x39C7, 0x2965, 0x0861, 0x0000, 0x18C3, 0x528A, 0x5ACB, 0x630C, 0x630C, 0x630C, 0x5AEB,
    0x5ACB, 0x5AEB, 0x630C, 0x5ACB, 0x5AEB, 0x5AEB, 0x5AEB, 0x5ACB, 0x5AEB, 0x5ACB, 0x7BEF, 0x94B2, 0x94B2, 0x94B2, 0x94B2, 0x94B2,
    0x94B2, 0x94B2, 0x94B2, 0x9492, 0x9492, 0x9492, 0x9492, 0x9492, 0x8C71, 0x8C51, 0x8C71, 0x8C51, 0x8C51, 0x8C51, 0x8C51, 0x8C71,
    0x8C71, 0x8C51, 0x8C71, 0x8C71, 0x8C71, 0x8C51, 0x8C71, 0x8C51, 0x8430, 0x8430, 0x8430, 0x8C51, 0x8C51, 0x8C51, 0x8C51, 0x8C51,
    0x8C71, 0x8C71, 0x8C71, 0x8C71, 0x8430, 0x8430, 0x8C51, 0x8430, 0x8C51, 0x8C51, 0x8C51, 0x8C51, 0x8C51, 0x8430, 0x8430, 0x8430,
    0x8430, 0x8430, 0x8430, 0x8430, 0x8430, 0x8430, 0x8430, 0x8430, 0x8430, 0x8430, 0x8C51, 0x8C71, 0x8C51, 0x8C51, 0x8430, 0x8410,
    0x8430, 0x8410, 0x8410, 0x8410, 0x8410, 0x7BEF, 0x8410, 0x7BEF, 0x7BCF, 0x8C71, 0x2965, 0x3186, 0xFFFF, 0xFFFF, 0xFFFF, 0xFFFF,
    0xFFFF, 0xFFFF, 0xFFFF, 0xFFFF, 0xFFFF, 0xFFFF, 0xFFFF, 0xFFFF, 0xFFFF, 0xFFFF, 0xFFFF, 0xFFFF, 0xFFFF, 0xFFFF, 0xFFFF, 0xFFFF,
    0xFFFF, 0xFFFF, 0xFFFF, 0xFFFF, 0xFFFF, 0xFFFF, 0xFFFF, 0xFFFF, 0xFFFF, 0xFFFF, 0xFFFF, 0xFFFF, 0xFFFF, 0xFFFF, 0xFFFF, 0xFFFF,
    0xFFFF, 0xFFFF, 0xFFFF, 0xFFFF, 0xFFFF, 0xFFFF, 0xFFFF, 0x73AE, 0x39E7, 0x9CD3, 0x94B2, 0x94B2, 0x9CD3, 0x94B2, 0x9CD3, 0x9CF3,
    0x9CD3, 0x94B2, 0x9CD3, 0x9CF3, 0x9CD3, 0x94B2, 0x9CD3, 0x9CD3, 0x9CD3, 0x9CF3, 0x9CD3, 0x9CD3, 0x94B2, 0x94B2, 0x94B2, 0x94B2,
    0x94B2, 0x94B2, 0x94B2, 0x94B2, 0x94B2, 0x9CD3, 0x9CF3, 0x9CD3, 0x94B2, 0x9492, 0x8C71, 0x8C71, 0x9492, 0x9492, 0x9492, 0x8C71,
    0x9492, 0x9492, 0x9492, 0x9492, 0x9492, 0x9492, 0x9492, 0x94B2, 0x8C71, 0x9492, 0x9492, 0x9492, 0x8C71, 0x8C71, 0x8C51, 0x8C71,
    0x9492, 0x8C71, 0x8C71, 0x8C71, 0x9492, 0x9492, 0x8C71, 0x8C51, 0x8C51, 0x9492, 0x7BCF, 0x5ACB, 0x5ACB, 0x5AEB, 0x630C, 0x5ACB,
    0x5ACB, 0x5ACB, 0x52AA, 0x52AA, 0x52AA, 0x528A, 0x52AA, 0x528A, 0x52AA, 0x4A69, 0x4A69, 0x528A, 0x4A69, 0x4A49, 0x528A, 0x31A6,
    0x0000, 0x0000, 0x10A2, 0x31A6, 0x39E7, 0x31A6, 0x31A6, 0x3186, 0x3186, 0x3186, 0x2965, 0x3186, 0x3186, 0x3186, 0x3186, 0x2965,
    0x2104, 0x2124, 0x52A9, 0xA534, 0xE73D, 0xFF9F, 0xC5F8, 0x734D, 0x3965, 0x2020, 0x3000, 0x5000, 0x7000, 0x9021, 0xA821, 0xB021,
    0xB841, 0xB861, 0xB841, 0xC041, 0xC021, 0xB820, 0xB020, 0xB020, 0xB020, 0xB020, 0xB000, 0xB000, 0xB000, 0xB000, 0xB000, 0xB000,
    0xB800, 0xB820, 0xC000, 0xC800, 0xB820, 0xB041, 0xC041, 0xC042, 0xB062, 0x9861, 0x7041, 0x5800, 0x3000, 0x1000, 0x0800, 0x2924,
    0x73AF, 0xBE38, 0xEF7D, 0xE6DB, 0x9492, 0x4A69, 0x2124, 0x2104, 0x3186, 0x3186, 0x3186, 0x2965, 0x2965, 0x2965, 0x3186, 0x3186,
    0x3186, 0x3186, 0x31A6, 0x31A6, 0x39E7, 0x2124, 0x0020, 0x0000, 0x2104, 0x528A, 0x5ACB, 0x528A, 0x5ACB, 0x5AEB, 0x630C, 0x630C,
    0x5AEB, 0x630C, 0x632C, 0x5AEB, 0x5ACB, 0x5AEB, 0x5AEB, 0x5ACB, 0x5AEB, 0x5AEB, 0x6B6D, 0x9492, 0x94B2, 0x9CF3, 0x9CF3, 0x94B2,
    0x9492, 0x9492, 0x9492, 0x8C71, 0x8C71, 0x9492, 0x8C71, 0x9492, 0x8C71, 0x8C71, 0x8C71, 0x9492, 0x8C51, 0x8430, 0x8C51, 0x8C51,
    0x9492, 0x8C71, 0x8C71, 0x8C71, 0x8C51, 0x8C71, 0x8C51, 0x8C51, 0x8C71, 0x8C51, 0x8430, 0x8C71, 0x8C51, 0x8430, 0x8C51, 0x8C51,
    0x8C71, 0x8C51, 0x8C71, 0x8C51, 0x8430, 0x8430, 0x8C71, 0x8C51, 0x8430, 0x8430, 0x8430, 0x8C51, 0x8C51, 0x8430, 0x8430, 0x8C51,
    0x8C51, 0x8C51, 0x8C51, 0x8430, 0x8C51, 0x8430, 0x8430, 0x8C51, 0x8C51, 0x8C51, 0x8C51, 0x8C71, 0x8C51, 0x8430, 0x8430, 0x8410,
    0x8410, 0x8410, 0x8410, 0x8410, 0x7BEF, 0x8410, 0x8410, 0x8410, 0x7BCF, 0xAD75, 0x630C, 0x0020, 0xD69A, 0xFFFF, 0xFFFF, 0xFFFF,
    0xFFFF, 0xFFFF, 0xFFFF, 0xFFFF, 0xFFFF, 0xFFFF, 0xFFFF, 0xFFFF, 0xFFFF, 0xFFFF, 0xFFFF, 0xFFFF, 0xFFFF, 0xFFFF, 0xFFFF, 0xFFFF,
    0xFFFF, 0xFFFF, 0xFFFF, 0xFFFF, 0xFFFF, 0xFFFF, 0xFFFF, 0xFFFF, 0xFFFF, 0xFFFF, 0xFFFF, 0xFFFF, 0xFFFF, 0xFFFF, 0xFFFF, 0xFFFF,
    0xFFFF, 0xFFFF, 0xFFFF, 0xFFFF, 0xFFFF, 0xFFFF, 0xFFFF, 0x4A49, 0x5AEB, 0x94B2, 0x9492, 0x9CD3, 0x9CD3, 0x9CD3, 0x9CD3, 0x9CD3,
    0x9CD3, 0x9CD3, 0x94B2, 0x9CD3, 0x94B2, 0x94B2, 0x9CD3, 0x9CF3, 0x94B2, 0x94B2, 0x94B2, 0x94B2, 0x9492, 0x9CD3, 0x9CD3, 0x94B2,
    0x94B2, 0x94B2, 0x94B2, 0x94B2, 0x94B2, 0x9CF3, 0x9CD3, 0x9CD3, 0x9CD3, 0x94B2, 0x9492, 0x8C71, 0x8C71, 0x9492, 0x9492, 0x8C71,
    0x8C71, 0x9492, 0x9492, 0x9CD3, 0x9492, 0x8C71, 0x8C71, 0x9492, 0x9492, 0x94B2, 0x94B2, 0x9492, 0x9492, 0x8C71, 0x8C51, 0x8C71,
    0x8C71, 0x8C71, 0x8C71, 0x8C71, 0x9492, 0x9492, 0x8C71, 0x8C51, 0x8C51, 0x8430, 0x632C, 0x5AEB, 0x5AEB, 0x5AEB, 0x5ACB, 0x52AA,
    0x5ACB, 0x5ACB, 0x5ACB, 0x5ACB, 0x52AA, 0x4A69, 0x52AA, 0x528A, 0x528A, 0x528A, 0x4A69, 0x528A, 0x4A69, 0x4A49, 0x4A49, 0x528A,
    0x39E7, 0x0861, 0x0000, 0x0841, 0x2945, 0x39C7, 0x3186, 0x3186, 0x3186, 0x2965, 0x3186, 0x3186, 0x2965, 0x2965, 0x2965, 0x2965,
    0x2965, 0x2965, 0x2124, 0x18E3, 0x2985, 0x530B, 0x9D33, 0xDEDB, 0xEF7D, 0xD69A, 0xA514, 0x6B2C, 0x3985, 0x2061, 0x2000, 0x2800,
    0x3000, 0x4000, 0x4800, 0x5800, 0x7000, 0x8021, 0x9041, 0xA042, 0xA842, 0xB042, 0xB062, 0xB062, 0xA842, 0xA862, 0xA862, 0xA842,
    0xA062, 0x9841, 0x9841, 0x9041, 0x8040, 0x6820, 0x5800, 0x4000, 0x2000, 0x0800, 0x0000, 0x2925, 0x5ACB, 0x8451, 0xBDF7, 0xE73C,
    0xD69A, 0x94B2, 0x52AA, 0x2124, 0x18E3, 0x2124, 0x2965, 0x3186, 0x3186, 0x3186, 0x2965, 0x2945, 0x3186, 0x3186, 0x3186, 0x3186,
    0x2965, 0x3186, 0x31A6, 0x3186, 0x18C3, 0x0000, 0x0000, 0x3186, 0x5AEB, 0x5ACB, 0x5ACB, 0x5AEB, 0x5AEB, 0x5AEB, 0x5AEB, 0x630C,
    0x5AEB, 0x5AEB, 0x630C, 0x5ACB, 0x52AA, 0x5AEB, 0x5AEB, 0x5AEB, 0x632C, 0x630C, 0x6B4D, 0x8430, 0x94B2, 0x9CD3, 0x9CD3, 0x94B2,
    0x9492, 0x94B2, 0x94B2, 0x8C71, 0x9492, 0x9492, 0x9492, 0x8C71, 0x8C71, 0x8C71, 0x8C71, 0x94B2, 0x8C71, 0x8C71, 0x8C71, 0x8C51,
    0x9492, 0x9492, 0x8C71, 0x8C71, 0x8C51, 0x8C51, 0x8C51, 0x8C71, 0x8C71, 0x8C71, 0x8C51, 0x8C71, 0x8C71, 0x8430, 0x8C51, 0x8C71,
    0x8C71, 0x8C51, 0x8C51, 0x8C51, 0x8430, 0x8C51, 0x8C51, 0x8C51, 0x8430, 0x8430, 0x8410, 0x8430, 0x8430, 0x8410, 0x8430, 0x8430,
    0x8430, 0x8C51, 0x8C51, 0x8C51, 0x8430, 0x8C51, 0x8C51, 0x8C51, 0x8430, 0x8C51, 0x8C51, 0x8430, 0x8430, 0x8430, 0x8430, 0x8430,
    0x8430, 0x8430, 0x8410, 0x7BEF, 0x7BEF, 0x7BEF, 0x7BEF, 0x7BEF, 0x73AE, 0xAD55, 0x9CF3, 0x0000, 0x9CD3, 0xFFFF, 0xFFDF, 0xFFFF,
    0xFFFF, 0xFFFF, 0xFFFF, 0xFFFF, 0xFFFF, 0xFFFF, 0xFFFF, 0xFFFF, 0xFFFF, 0xFFFF, 0xFFFF, 0xFFFF, 0xFFFF, 0xFFFF, 0xFFFF, 0xFFFF,
    0xFFFF, 0xFFFF, 0xFFFF, 0xFFFF, 0xFFFF, 0xFFFF, 0xFFFF, 0xFFFF, 0xFFFF, 0xFFFF, 0xFFFF, 0xFFFF, 0xFFFF, 0xFFFF, 0xFFFF, 0xFFFF,
    0xFFFF, 0xFFFF, 0xFFFF, 0xFFFF, 0xFFFF, 0xFFFF, 0xEF5D, 0x2965, 0x7BCF, 0x9492, 0x9CD3, 0x9CF3, 0x9CF3, 0x9CF3, 0x9492, 0x94B2,
    0x9CD3, 0x94B2, 0x94B2, 0x94B2, 0x94B2, 0x9CF3, 0x94B2, 0x9CD3, 0x94B2, 0x9CD3, 0x94B2, 0x9492, 0x9492, 0x94B2, 0x94B2, 0x9492,
    0x94B2, 0x9492, 0x94B2, 0x94B2, 0x94B2, 0x9CD3, 0x94B2, 0x94B2, 0x94B2, 0x9492, 0x8C71, 0x9492, 0x8C71, 0x8C51, 0x8C71, 0x9492,
    0x9492, 0x9492, 0x9492, 0x9492, 0x9492, 0x94B2, 0x9492, 0x9492, 0x9492, 0x9492, 0x94B2, 0x9492, 0x9492, 0x8C71, 0x8C51, 0x9492,
    0x8C71, 0x8C71, 0x8C71, 0x8C71, 0x8C71, 0x9492, 0x9492, 0x9492, 0x9492, 0x73AE, 0x630C, 0x630C, 0x630C, 0x5ACB, 0x52AA, 0x52AA,
    0x5ACB, 0x5ACB, 0x52AA, 0x52AA, 0x52AA, 0x4A69, 0x4A49, 0x4A69, 0x528A, 0x528A, 0x528A, 0x4A69, 0x4A69, 0x4A69, 0x52AA, 0x4A69,
    0x52AA, 0x4A49, 0x18C3, 0x0000, 0x0000, 0x18C3, 0x3186, 0x3186, 0x2965, 0x2965, 0x2965, 0x2965, 0x2945, 0x2945, 0x2945, 0x2945,
    0x2945, 0x2945, 0x2985, 0x3166, 0x2144, 0x1923, 0x10E3, 0x2124, 0x4A28, 0x7BCF, 0xB575, 0xDEDB, 0xEF5D, 0xDF1C, 0xC658, 0xB5D6,
    0xA534, 0x83EF, 0x5AEB, 0x39E7, 0x20C3, 0x1041, 0x1000, 0x1000, 0x1800, 0x1800, 0x1800, 0x1800, 0x1800, 0x1800, 0x1800, 0x1800,
    0x0800, 0x0000, 0x0800, 0x0800, 0x0820, 0x18A2, 0x2965, 0x4249, 0x6B6D, 0x9CF3, 0xC638, 0xDEDB, 0xD69A, 0xAD55, 0x73AE, 0x4208,
    0x2104, 0x18C3, 0x2103, 0x2944, 0x2965, 0x2965, 0x2965, 0x2965, 0x3186, 0x2965, 0x2965, 0x2965, 0x2965, 0x2965, 0x3186, 0x2965,
    0x3186, 0x3186, 0x2124, 0x0841, 0x0000, 0x0861, 0x41E8, 0x5AEB, 0x52AA, 0x5ACB, 0x52AA, 0x5ACB, 0x5AEB, 0x5AEB, 0x5AEB, 0x630C,
    0x630C, 0x5ACB, 0x5AEB, 0x5AEB, 0x5ACB, 0x5AEB, 0x630C, 0x630C, 0x632C, 0x630C, 0x630C, 0x6B6D, 0x94B2, 0x9CD3, 0x94B2, 0x94B2,
    0x94B2, 0x94B2, 0x94B2, 0x9492, 0x9492, 0x9492, 0x9492, 0x8C51, 0x8C71, 0x8C71, 0x9492, 0x8C71, 0x8C71, 0x8C71, 0x8C71, 0x8C71,
    0x8C71, 0x8C71, 0x9492, 0x9492, 0x8C71, 0x8C51, 0x8C71, 0x8C71, 0x8C71, 0x8C71, 0x8C51, 0x8C51, 0x8C71, 0x8C71, 0x8C71, 0x8C71,
    0x8C71, 0x8C51, 0x8C51, 0x8C51, 0x8C51, 0x8C51, 0x8430, 0x8430, 0x8C51, 0x8430, 0x8C51, 0x8410, 0x8430, 0x8C51, 0x8C51, 0x8430,
    0x8430, 0x8430, 0x8C51, 0x8C51, 0x8430, 0x8C51, 0x8C51, 0x8C51, 0x8C51, 0x8C51, 0x8C51, 0x8430, 0x8430, 0x8C51, 0x8C51, 0x8430,
    0x8430, 0x8430, 0x8410, 0x8410, 0x8410, 0x7BEF, 0x7BEF, 0x8410, 0x7BCF, 0x9492, 0xC618, 0x1082, 0x528A, 0xFFFF, 0xFFFF, 0xFFFF,
    0xFFFF, 0xFFFF, 0xFFFF, 0xFFFF, 0xFFFF, 0xFFFF, 0xFFFF, 0xFFFF, 0xFFFF, 0xFFFF, 0xFFFF, 0xFFFF, 0xFFFF, 0xFFFF, 0xFFFF, 0xFFFF,
    0xFFFF, 0xFFFF, 0xFFFF, 0xFFFF, 0xFFFF, 0xFFFF, 0xFFFF, 0xFFFF, 0xFFFF, 0xFFFF, 0xFFFF, 0xFFFF, 0xFFFF, 0xFFFF, 0xFFFF, 0xFFFF,
    0xFFFF, 0xFFFF, 0xFFFF, 0xFFFF, 0xFFFF, 0xFFFF, 0xBDD7, 0x2124, 0x9492, 0x9492, 0x94B2, 0x94B2, 0x94B2, 0x94B2, 0x9492, 0x94B2,
    0x94B2, 0x94B2, 0x9492, 0x9CD3, 0x94B2, 0x94B2, 0x94B2, 0x9492, 0x94B2, 0x94B2, 0x9CD3, 0x9CD3, 0x94B2, 0x94B2, 0x94B2, 0x94B2,
    0x94B2, 0x9492, 0x94B2, 0x94B2, 0x94B2, 0x94B2, 0x94B2, 0x9492, 0x9492, 0x9492, 0x9492, 0x9492, 0x9492, 0x8C71, 0x8C71, 0x8C71,
    0x8C71, 0x8C71, 0x8C71, 0x9492, 0x9492, 0x94B2, 0x9492, 0x9492, 0x9492, 0x9492, 0x9492, 0x9492, 0x9492, 0x8C71, 0x9492, 0x8C71,
    0x8C51, 0x8C71, 0x8C51, 0x94B2, 0x9492, 0x8C71, 0x9492, 0x9492, 0x8C71, 0x632C, 0x5ACB, 0x5ACB, 0x5AEB, 0x5ACB, 0x5AEB, 0x5ACB,
    0x5ACB, 0x52AA, 0x52AA, 0x5ACB, 0x5ACB, 0x52AA, 0x52AA, 0x528A, 0x52AA, 0x528A, 0x528A, 0x52AA, 0x528A, 0x4A49, 0x528A, 0x528A,
    0x528A, 0x528A, 0x528A, 0x3186, 0x0841, 0x0000, 0x0841, 0x18E3, 0x2965, 0x2965, 0x2965, 0x2945, 0x2965, 0x2945, 0x2945, 0x2945,
    0x2945, 0x2945, 0x2965, 0x2945, 0x2945, 0x2945, 0x2945, 0x2924, 0x1903, 0x10A2, 0x1082, 0x20E3, 0x39C7, 0x5AEB, 0x8C51, 0xB596,
    0xD69A, 0xEF5D, 0xFFDF, 0xFFFF, 0xF79E, 0xE73C, 0xCE9A, 0xC618, 0xB5B7, 0xA555, 0x9D14, 0x8C71, 0x7BCF, 0x7BCF, 0x8430, 0x8430,
    0x9492, 0xA534, 0xB596, 0xBDD7, 0xC639, 0xCE7A, 0xCE59, 0xBE18, 0xAD55, 0x8C51, 0x632C, 0x39E7, 0x2103, 0x10A2, 0x10A2, 0x18E3,
    0x2945, 0x2945, 0x2945, 0x2945, 0x2945, 0x2945, 0x2945, 0x2965, 0x2965, 0x2965, 0x2965, 0x2965, 0x2965, 0x2965, 0x3186, 0x3186,
    0x2945, 0x10A2, 0x0000, 0x0000, 0x2104, 0x528A, 0x5AEB, 0x5ACB, 0x5ACB, 0x52AA, 0x528A, 0x52AA, 0x5ACB, 0x5AEB, 0x5AEB, 0x630C,
    0x5AEB, 0x5AEB, 0x5AEB, 0x630C, 0x630C, 0x5AEB, 0x5AEB, 0x5ACB, 0x5AEB, 0x5AEB, 0x630C, 0x630C, 0x8430, 0x9CF3, 0x94B2, 0x94B2,
    0x9492, 0x94B2, 0x94B2, 0x9492, 0x8C71, 0x9492, 0x8C71, 0x8C71, 0x8C71, 0x8C71, 0x8C71, 0x8C71, 0x8C51, 0x8C51, 0x8C71, 0x8C71,
    0x8C71, 0x8C71, 0x8C71, 0x8C71, 0x8C71, 0x8C71, 0x8C51, 0x8C51, 0x8C51, 0x8C71, 0x8C71, 0x8C71, 0x8C71, 0x8C71, 0x8C71, 0x8C71,
    0x8C71, 0x8C51, 0x8C51, 0x8C51, 0x8C51, 0x8430, 0x8C51, 0x8430, 0x8430, 0x8C51, 0x8C51, 0x8430, 0x8C51, 0x8C51, 0x8C51, 0x8C51,
    0x8C51, 0x8C51, 0x8C51, 0x8C51, 0x8C51, 0x8C51, 0x8C51, 0x8C51, 0x8C51, 0x8C51, 0x8C51, 0x8C51, 0x8C51, 0x8C51, 0x8C71, 0x8430,
    0x8430, 0x8410, 0x8410, 0x8410, 0x8410, 0x8410, 0x7BEF, 0x8410, 0x8410, 0x7BEF, 0xCE79, 0x4A49, 0x1082, 0xEF7D, 0xFFFF, 0xFFFF,
    0xFFFF, 0xFFFF, 0xFFFF, 0xFFFF, 0xFFFF, 0xFFFF, 0xFFFF, 0xFFFF, 0xFFFF, 0xFFFF, 0xFFFF, 0xFFFF, 0xFFFF, 0xFFFF, 0xFFFF, 0xFFFF,
    0xFFFF, 0xFFFF, 0xFFFF, 0xFFFF, 0xFFFF, 0xFFFF, 0xFFFF, 0xFFFF, 0xFFFF, 0xFFFF, 0xFFFF, 0xFFFF, 0xFFFF, 0xFFFF, 0xFFFF, 0xFFFF,
    0xFFFF, 0xFFFF, 0xFFFF, 0xFFFF, 0xFFDF, 0xFFFF, 0x8C51, 0x31A6, 0x94B2, 0x9492, 0x94B2, 0x94B2, 0x94B2, 0x94B2, 0x94B2, 0x94B2,
    0x9492, 0x9CD3, 0x94B2, 0x94B2, 0x9CD3, 0x94B2, 0x9CD3, 0x9CD3, 0x94B2, 0x94B2, 0x9CD3, 0x9CF3, 0x9CF3, 0x9CD3, 0x9CF3, 0x9CF3,
    0x94B2, 0x9CD3, 0x9CD3, 0x94B2, 0x94B2, 0x94B2, 0x9CD3, 0x9CD3, 0x94B2, 0x9492, 0x9492, 0x8C71, 0x9492, 0x8C71, 0x8C71, 0x8C71,
    0x9492, 0x9492, 0x8C71, 0x9492, 0x8C71, 0x94B2, 0x9492, 0x9492, 0x9CD3, 0x9492, 0x94B2, 0x94B2, 0x94B2, 0x9492, 0x9492, 0x8C71,
    0x8C71, 0x8C71, 0x8C71, 0x8C51, 0x8C51, 0x9492, 0x8C71, 0x8C71, 0x73AE, 0x5ACB, 0x52AA, 0x5AEB, 0x5AEB, 0x5AEB, 0x5AEB, 0x5ACB,
    0x5ACB, 0x5AEB, 0x52AA, 0x5ACB, 0x52AA, 0x52AA, 0x52AA, 0x52AA, 0x52AA, 0x528A, 0x528A, 0x528A, 0x4A69, 0x4A69, 0x528A, 0x4A69,
    0x4A69, 0x4A69, 0x4A69, 0x528A, 0x4208, 0x18C3, 0x0000, 0x0000, 0x0861, 0x2104, 0x2965, 0x2965, 0x2945, 0x2945, 0x2945, 0x2945,
    0x2945, 0x2945, 0x2945, 0x2945, 0x2945, 0x2944, 0x2124, 0x2945, 0x2945, 0x2124, 0x2124, 0x2104, 0x18E3, 0x10A2, 0x10A2, 0x10A2,
    0x18E3, 0x2124, 0x39A6, 0x4A49, 0x630C, 0x73AE, 0x8430, 0x94B2, 0xA514, 0xAD75, 0xB596, 0xB596, 0xB596, 0xAD55, 0xAD55, 0xA514,
    0x94B2, 0x8430, 0x7BCF, 0x6B4D, 0x528A, 0x4208, 0x2945, 0x18E3, 0x10A2, 0x10A2, 0x18C3, 0x2124, 0x2945, 0x2945, 0x2945, 0x2124,
    0x2945, 0x2124, 0x2945, 0x2145, 0x2945, 0x2945, 0x2945, 0x2965, 0x2965, 0x2965, 0x2945, 0x2945, 0x2965, 0x2965, 0x2945, 0x18C3,
    0x0000, 0x0000, 0x0861, 0x39E7, 0x5ACB, 0x5AEB, 0x5ACB, 0x52AA, 0x52AA, 0x5ACB, 0x5ACB, 0x5ACB, 0x52AA, 0x52AA, 0x5ACB, 0x630C,
    0x5AEB, 0x630C, 0x632C, 0x5AEB, 0x5AEB, 0x630C, 0x632C, 0x5AEB, 0x5AEB, 0x630C, 0x630C, 0x630C, 0x6B4D, 0x94B2, 0x94B2, 0x9492,
    0x9492, 0x9492, 0x94B2, 0x9492, 0x9492, 0x94B2, 0x94B2, 0x94B2, 0x8C71, 0x8C71, 0x8C71, 0x8C71, 0x8C71, 0x8C71, 0x8C71, 0x8C71,
    0x9492, 0x8C71, 0x8C71, 0x8C71, 0x8C71, 0x8C71, 0x8C71, 0x8C51, 0x8C71, 0x8C71, 0x8C51, 0x8C71, 0x8C71, 0x8C71, 0x8C51, 0x8C51,
    0x8C71, 0x9492, 0x8C71, 0x8C51, 0x8C51, 0x8C51, 0x8430, 0x8430, 0x8430, 0x8C51, 0x8C51, 0x8C51, 0x8430, 0x8430, 0x8C51, 0x8C51,
    0x8C71, 0x8C51, 0x8C51, 0x8C51, 0x8C51, 0x8C51, 0x8430, 0x8430, 0x8C51, 0x8C51, 0x8C51, 0x8C51, 0x8C51, 0x8C51, 0x8C51, 0x8430,
    0x8410, 0x8410, 0x8410, 0x8410, 0x8410, 0x8410, 0x8410, 0x8410, 0x8410, 0x7BCF, 0xBDF7, 0x8430, 0x0000, 0xBDD7, 0xFFFF, 0xFFFF,
    0xFFFF, 0xFFFF, 0xFFFF, 0xFFFF, 0xFFFF, 0xFFFF, 0xFFFF, 0xFFFF, 0xFFFF, 0xFFFF, 0xFFFF, 0xFFFF, 0xFFFF, 0xFFFF, 0xFFFF, 0xFFFF,
    0xFFFF, 0xFFFF, 0xFFFF, 0xFFFF, 0xFFFF, 0xFFFF, 0xFFFF, 0xFFFF, 0xFFFF, 0xFFFF, 0xFFFF, 0xFFFF, 0xFFFF, 0xFFFF, 0xFFFF, 0xFFFF,
    0xFFFF, 0xFFFF, 0xFFFF, 0xFFFF, 0xFFFF, 0xFFFF, 0x52AA, 0x52AA, 0x9CD3, 0x9492, 0x94B2, 0x9CD3, 0x94B2, 0x94B2, 0x9492, 0x94B2,
    0x9492, 0x94B2, 0x94B2, 0x94B2, 0x94B2, 0x94B2, 0x94B2, 0x94B2, 0x9492, 0x9492, 0x94B2, 0x9CD3, 0x9CF3, 0x9CF3, 0x9CD3, 0x94B2,
    0x94B2, 0x9CD3, 0x94B2, 0x94B2, 0x94B2, 0x9492, 0x9492, 0x94B2, 0x94B2, 0x9492, 0x8C71, 0x8C71, 0x9492, 0x9492, 0x9492, 0x8C71,
    0x9492, 0x8C71, 0x8C71, 0x9492, 0x9492, 0x9492, 0x9492, 0x8C71, 0x9492, 0x9492, 0x9492, 0x94B2, 0x94B2, 0x8C71, 0x8C71, 0x9492,
    0x9492, 0x8C71, 0x8C71, 0x8C71, 0x8C51, 0x9492, 0x9492, 0x8430, 0x632C, 0x5AEB, 0x5ACB, 0x632C, 0x5AEB, 0x528A, 0x52AA, 0x52AA,
    0x52AA, 0x5ACB, 0x52AA, 0x52AA, 0x528A, 0x528A, 0x4A69, 0x528A, 0x4A69, 0x528A, 0x528A, 0x4A69, 0x528A, 0x528A, 0x4A69, 0x4A69,
    0x4A69, 0x528A, 0x528A, 0x4A69, 0x4A69, 0x4A49, 0x3186, 0x0861, 0x0000, 0x0000, 0x0861, 0x2104, 0x2965, 0x2965, 0x2945, 0x2945,
    0x2945, 0x2945, 0x2945, 0x2945, 0x2124, 0x2124, 0x2124, 0x2124, 0x2124, 0x2124, 0x2104, 0x2104, 0x2124, 0x2104, 0x2124, 0x2124,
    0x2124, 0x2104, 0x2104, 0x18E3, 0x18C3, 0x18C3, 0x10A2, 0x10A2, 0x18C3, 0x10A2, 0x10A2, 0x10A2, 0x10A2, 0x10A2, 0x10A2, 0x1082,
    0x1082, 0x1082, 0x10A2, 0x18E3, 0x18E3, 0x2104, 0x2124, 0x2124, 0x2124, 0x2945, 0x2945, 0x2124, 0x2945, 0x2945, 0x2124, 0x2124,
    0x2945, 0x2945, 0x2124, 0x2124, 0x2124, 0x2945, 0x2965, 0x2965, 0x2965, 0x2965, 0x2965, 0x2965, 0x2945, 0x18C3, 0x0020, 0x0000,
    0x0020, 0x2965, 0x528A, 0x5ACB, 0x5ACB, 0x5ACB, 0x52AA, 0x52AA, 0x52AA, 0x5ACB, 0x5ACB, 0x5AEB, 0x5AEB, 0x5ACB, 0x5AEB, 0x5ACB,
    0x630C, 0x630C, 0x5AEB, 0x5AEB, 0x5AEB, 0x5AEB, 0x630C, 0x630C, 0x630C, 0x632C, 0x632C, 0x632C, 0x632C, 0x8C51, 0x9CF3, 0x9CD3,
    0x9CD3, 0x94B2, 0x94B2, 0x8C71, 0x9492, 0x94B2, 0x9492, 0x9492, 0x8C71, 0x9492, 0x9492, 0x9492, 0x8C71, 0x8C51, 0x8C71, 0x8C51,
    0x8C71, 0x8C71, 0x8C71, 0x9492, 0x8C71, 0x8C71, 0x8C51, 0x8C51, 0x8C51, 0x8C51, 0x8C71, 0x8C71, 0x8C71, 0x8C71, 0x8C71, 0x8C51,
    0x8C71, 0x8C71, 0x9492, 0x8C71, 0x8430, 0x8430, 0x8430, 0x8430, 0x8430, 0x8430, 0x8430, 0x8C51, 0x8430, 0x8430, 0x8C51, 0x8430,
    0x8C51, 0x8C51, 0x8430, 0x8430, 0x8430, 0x8430, 0x8430, 0x8430, 0x8C51, 0x8C51, 0x8430, 0x8C51, 0x8C51, 0x8C71, 0x8C51, 0x8410,
    0x8430, 0x8410, 0x8410, 0x8410, 0x8410, 0x8410, 0x8430, 0x8410, 0x8410, 0x7BCF, 0xA514, 0xBDF7, 0x0000, 0x738E, 0xFFFF, 0xFFFF,
    0xFFFF, 0xFFFF, 0xFFFF, 0xFFFF, 0xFFFF, 0xFFFF, 0xFFFF, 0xFFFF, 0xFFFF, 0xFFFF, 0xFFFF, 0xFFFF, 0xFFFF, 0xFFFF, 0xFFFF, 0xFFFF,
    0xFFFF, 0xFFFF, 0xFFFF, 0xFFFF, 0xFFFF, 0xFFFF, 0xFFFF, 0xFFFF, 0xFFFF, 0xFFFF, 0xFFFF, 0xFFFF, 0xFFFF, 0xFFFF, 0xFFFF, 0xFFFF,
    0xFFFF, 0xFFFF, 0xFFFF, 0xFFFF, 0xFFFF, 0xF7BE, 0x3186, 0x738E, 0x94B2, 0x94B2, 0x9CD3, 0x94B2, 0x9CD3, 0x94B2, 0x9492, 0x9492,
    0x9492, 0x94B2, 0x94B2, 0x94B2, 0x9492, 0x9492, 0x9CD3, 0x9CD3, 0x94B2, 0x9CD3, 0x94B2, 0x9492, 0x94B2, 0x9492, 0x9CD3, 0x94B2,
    0x94B2, 0x9CD3, 0x94B2, 0x94B2, 0x9492, 0x9492, 0x9492, 0x9492, 0x9492, 0x9492, 0x9492, 0x8C71, 0x8C71, 0x9492, 0x8C71, 0x8C51,
    0x8C71, 0x94B2, 0x9492, 0x9492, 0x94B2, 0x9492, 0x9492, 0x8C71, 0x8C51, 0x8C71, 0x9492, 0x8C71, 0x9492, 0x94B2, 0x9492, 0x94B2,
    0x9492, 0x8C71, 0x8C71, 0x9492, 0x8C51, 0x8C71, 0x9492, 0x6B6D, 0x5ACB, 0x5AEB, 0x5AEB, 0x5AEB, 0x5ACB, 0x52AA, 0x528A, 0x52AA,
    0x52AA, 0x528A, 0x528A, 0x528A, 0x528A, 0x4A69, 0x4A69, 0x528A, 0x528A, 0x528A, 0x52AA, 0x528A, 0x528A, 0x4A69, 0x4A49, 0x4A69,
    0x4A69, 0x528A, 0x528A, 0x528A, 0x528A, 0x4A49, 0x4A69, 0x4A69, 0x2965, 0x0841, 0x0000, 0x0000, 0x0861, 0x2104, 0x2945, 0x2945,
    0x2945, 0x2124, 0x2124, 0x2124, 0x2124, 0x2124, 0x2124, 0x2124, 0x2124, 0x2104, 0x2104, 0x2124, 0x2104, 0x2104, 0x2104, 0x2104,
    0x2104, 0x2104, 0x2124, 0x2945, 0x2945, 0x2124, 0x2124, 0x2124, 0x2124, 0x2124, 0x2945, 0x2124, 0x2124, 0x2945, 0x2124, 0x2124,
    0x2124, 0x2124, 0x2124, 0x2124, 0x2124, 0x2124, 0x2124, 0x2104, 0x2104, 0x2124, 0x2124, 0x2124, 0x2124, 0x2104, 0x2104, 0x2124,
    0x2124, 0x2124, 0x2124, 0x2945, 0x2945, 0x2945, 0x2945, 0x2965, 0x2965, 0x2965, 0x2124, 0x10A2, 0x0020, 0x0000, 0x0000, 0x2124,
    0x52AA, 0x630C, 0x52AA, 0x528A, 0x52AA, 0x528A, 0x528A, 0x52AA, 0x52AA, 0x52AA, 0x52AA, 0x5ACB, 0x5AEB, 0x5ACB, 0x5ACB, 0x5ACB,
    0x5ACB, 0x5AEB, 0x5AEB, 0x5AEB, 0x5AEB, 0x5ACB, 0x5AEB, 0x630C, 0x630C, 0x630C, 0x630C, 0x632C, 0x6B4D, 0x73AE, 0x9CD3, 0x9CD3,
    0x94B2, 0x94B2, 0x94B2, 0x9492, 0x9492, 0x9492, 0x9492, 0x8C71, 0x9492, 0x9492, 0x8C71, 0x8C71, 0x8C71, 0x8C51, 0x8C51, 0x8C71,
    0x8C51, 0x8C51, 0x8C51, 0x8C51, 0x8C51, 0x8C71, 0x8C71, 0x8430, 0x8C51, 0x8C51, 0x8C71, 0x8C71, 0x8C51, 0x8C51, 0x8C51, 0x8C71,
    0x8C71, 0x8C71, 0x8C51, 0x8C71, 0x8C51, 0x8C71, 0x8C51, 0x8430, 0x8430, 0x8430, 0x8C51, 0x8430, 0x8430, 0x8430, 0x8430, 0x8C51,
    0x8C51, 0x8C51, 0x8C51, 0x8430, 0x8430, 0x8C51, 0x8430, 0x8C51, 0x8C51, 0x8430, 0x8C51, 0x8C51, 0x8C51, 0x8C51, 0x8430, 0x8430,
    0x8430, 0x8430, 0x8410, 0x8410, 0x8410, 0x8410, 0x7BEF, 0x7BEF, 0x7BEF, 0x7BEF, 0x8C71, 0xD69A, 0x2945, 0x2945, 0xFFDF, 0xFFFF,
    0xFFFF, 0xFFFF, 0xFFFF, 0xFFFF, 0xFFFF, 0xFFFF, 0xFFFF, 0xFFFF, 0xFFFF, 0xFFFF, 0xFFFF, 0xFFFF, 0xFFFF, 0xFFFF, 0xFFFF, 0xFFFF,
    0xFFFF, 0xFFFF, 0xFFFF, 0xFFFF, 0xFFFF, 0xFFFF, 0xFFFF, 0xFFFF, 0xFFFF, 0xFFFF, 0xFFFF, 0xFFFF, 0xFFFF, 0xFFFF, 0xFFFF, 0xFFFF,
    0xFFFF, 0xFFFF, 0xFFFF, 0xFFFF, 0xFFFF, 0xCE79, 0x2124, 0x8C51, 0x9492, 0x94B2, 0x94B2, 0x94B2, 0x94B2, 0x9492, 0x9492, 0x94B2,
    0x94B2, 0x9492, 0x8C71, 0x9492, 0x94B2, 0x94B2, 0x9CD3, 0x94B2, 0x9CF3, 0x9CD3, 0x9CD3, 0x94B2, 0x9492, 0x94B2, 0x9CD3, 0x9CD3,
    0x9CD3, 0x9CD3, 0x9CD3, 0x94B2, 0x9492, 0x9492, 0x94B2, 0x94B2, 0x9492, 0x9492, 0x9492, 0x8C71, 0x9492, 0x9492, 0x8C71, 0x8C51,
    0x9492, 0x94B2, 0x9492, 0x9492, 0x94B2, 0x94B2, 0x8C71, 0x8C71, 0x8C71, 0x8C71, 0x8C71, 0x8C71, 0x9492, 0x94B2, 0x9492, 0x9492,
    0x8C71, 0x8C71, 0x8C51, 0x8C71, 0x8C71, 0x8C71, 0x8430, 0x630C, 0x5ACB, 0x5AEB, 0x5AEB, 0x52AA, 0x52AA, 0x5AEB, 0x528A, 0x52AA,
    0x5ACB, 0x52AA, 0x528A, 0x52AA, 0x52AA, 0x4A69, 0x4A69, 0x4A69, 0x4A49, 0x4A49, 0x528A, 0x528A, 0x528A, 0x526A, 0x4A69, 0x4A49,
    0x4228, 0x4A49, 0x4A69, 0x4A69, 0x4A69, 0x4A49, 0x4A49, 0x528A, 0x528A, 0x4A49, 0x2945, 0x0861, 0x0000, 0x0000, 0x0841, 0x10A2,
    0x18E3, 0x2124, 0x2124, 0x2104, 0x2104, 0x2104, 0x2104, 0x2124, 0x2104, 0x2104, 0x2104, 0x2104, 0x2104, 0x2104, 0x2104, 0x2104,
    0x2104, 0x2104, 0x2104, 0x2104, 0x2104, 0x2104, 0x18E3, 0x2104, 0x2104, 0x2104, 0x2124, 0x2124, 0x2124, 0x2124, 0x2104, 0x2104,
    0x2104, 0x2104, 0x18E3, 0x18E3, 0x2104, 0x2104, 0x2104, 0x2104, 0x2104, 0x2104, 0x2124, 0x2124, 0x2104, 0x2104, 0x2104, 0x2124,
    0x2124, 0x2124, 0x2124, 0x2124, 0x2945, 0x2945, 0x2965, 0x2945, 0x18E3, 0x1082, 0x0000, 0x0000, 0x0020, 0x2945, 0x4A69, 0x630C,
    0x630C, 0x52AA, 0x52AA, 0x52AA, 0x52AA, 0x528A, 0x4A69, 0x528A, 0x52AA, 0x52AA, 0x5ACB, 0x5ACB, 0x5ACB, 0x5ACB, 0x5ACB, 0x630C,
    0x5AEB, 0x5ACB, 0x5ACB, 0x5AEB, 0x5AEB, 0x5AEB, 0x630C, 0x630C, 0x630C, 0x5AEB, 0x630C, 0x6B6D, 0x6B6D, 0x632C, 0x8430, 0x9CF3,
    0x94B2, 0x94B2, 0x9492, 0x9492, 0x94B2, 0x94B2, 0x9492, 0x9492, 0x8C71, 0x9492, 0x9492, 0x8C71, 0x8C71, 0x8C71, 0x8C71, 0x8C71,
    0x8C71, 0x8C51, 0x8C51, 0x8C51, 0x8C51, 0x8C71, 0x8C71, 0x8C51, 0x9492, 0x8C71, 0x8C51, 0x8C51, 0x8C71, 0x8C71, 0x8C71, 0x8C71,
    0x8C71, 0x8C71, 0x8C71, 0x8C51, 0x8C51, 0x8C71, 0x8C51, 0x8410, 0x8430, 0x8430, 0x8430, 0x8430, 0x8430, 0x8430, 0x8430, 0x8430,
    0x8C51, 0x8C51, 0x8C51, 0x8430, 0x8430, 0x8C51, 0x8430, 0x8C51, 0x8C51, 0x8C51, 0x8C51, 0x8430, 0x8C51, 0x8430, 0x8430, 0x8C51,
    0x8430, 0x8430, 0x8410, 0x8430, 0x8410, 0x8410, 0x7BEF, 0x7BEF, 0x7BEF, 0x8410, 0x7BCF, 0xCE79, 0x6B6D, 0x0000, 0xD69A, 0xFFFF,
    0xFFFF, 0xFFFF, 0xFFFF, 0xFFFF, 0xFFFF, 0xFFFF, 0xFFFF, 0xFFFF, 0xFFFF, 0xFFFF, 0xFFFF, 0xFFFF, 0xFFFF, 0xFFFF, 0xFFFF, 0xFFFF,
    0xFFFF, 0xFFFF, 0xFFFF, 0xFFFF, 0xFFFF, 0xFFFF, 0xFFFF, 0xFFFF, 0xFFFF, 0xFFFF, 0xFFFF, 0xFFFF, 0xFFFF, 0xFFFF, 0xFFFF, 0xFFFF,
    0xFFFF, 0xFFFF, 0xFFFF, 0xFFFF, 0xFFFF, 0x9CD3, 0x3186, 0x9CD3, 0x9492, 0x94B2, 0x9492, 0x9CD3, 0x94B2, 0x94B2, 0x94B2, 0x9492,
    0x94B2, 0x94B2, 0x9492, 0x94B2, 0x94B2, 0x94B2, 0x9CF3, 0x94B2, 0x9492, 0x94B2, 0x94B2, 0x94B2, 0x94B2, 0x94B2, 0x9CD3, 0x9CD3,
    0x9CD3, 0x94B2, 0x9CD3, 0x94B2, 0x9492, 0x94B2, 0x9492, 0x9CD3, 0x94B2, 0x9492, 0x8C71, 0x9492, 0x9492, 0x9492, 0x9492, 0x8C71,
    0x9492, 0x9492, 0x9492, 0x94B2, 0x94B2, 0x9492, 0x8C71, 0x8C71, 0x8C71, 0x8C71, 0x8C71, 0x8C71, 0x9492, 0x9492, 0x8C71, 0x9492,
    0x8C71, 0x9492, 0x8C71, 0x8C71, 0x9492, 0x9492, 0x738E, 0x5ACB, 0x5AEB, 0x630C, 0x630C, 0x5ACB, 0x52AA, 0x5AEB, 0x5AEB, 0x52AA,
    0x52AA, 0x52AA, 0x52AA, 0x528A, 0x528A, 0x5ACB, 0x5ACB, 0x4A69, 0x528A, 0x528A, 0x528A, 0x4A69, 0x4A69, 0x528A, 0x528A, 0x4A49,
    0x4A49, 0x4A69, 0x4A69, 0x4A69, 0x4A69, 0x52AA, 0x528A, 0x4A69, 0x528A, 0x4A69, 0x528A, 0x528A, 0x3186, 0x1082, 0x0000, 0x0000,
    0x0000, 0x0861, 0x18C3, 0x2104, 0x2124, 0x2124, 0x2104, 0x2104, 0x18E3, 0x18E3, 0x2104, 0x2104, 0x18E3, 0x18E3, 0x18E3, 0x18E3,
    0x2104, 0x2104, 0x2104, 0x2104, 0x18E3, 0x2104, 0x2104, 0x2104, 0x2104, 0x2104, 0x2124, 0x2104, 0x2124, 0x2124, 0x2124, 0x2104,
    0x2104, 0x2104, 0x18E3, 0x18E3, 0x2104, 0x2104, 0x2104, 0x2104, 0x2104, 0x2104, 0x2124, 0x2104, 0x2104, 0x2104, 0x2104, 0x2104,
    0x2104, 0x2124, 0x2945, 0x2124, 0x2124, 0x18E3, 0x1082, 0x0020, 0x0000, 0x0000, 0x0861, 0x2965, 0x4228, 0x52AA, 0x5ACB, 0x5AEB,
    0x5AEB, 0x5ACB, 0x52AA, 0x5ACB, 0x5ACB, 0x5ACB, 0x52AA, 0x52AA, 0x52AA, 0x52AA, 0x52AA, 0x5ACB, 0x52AA, 0x52AA, 0x5ACB, 0x630C,
    0x5AEB, 0x5ACB, 0x5ACB, 0x5ACB, 0x5AEB, 0x5AEB, 0x5AEB, 0x630C, 0x630C, 0x632C, 0x632C, 0x630C, 0x632C, 0x632C, 0x73AE, 0x9CD3,
    0x9CD3, 0x9CD3, 0x9CD3, 0x94B2, 0x94B2, 0x94B2, 0x9492, 0x9492, 0x8C71, 0x9492, 0x8C71, 0x8C71, 0x8C71, 0x8C71, 0x8C71, 0x8C71,
    0x8C71, 0x8C71, 0x8430, 0x8C71, 0x8C71, 0x8C51, 0x8C71, 0x8C71, 0x94B2, 0x9492, 0x8C71, 0x8C71, 0x8C71, 0x8C51, 0x8C51, 0x8C71,
    0x8C51, 0x8C51, 0x8C71, 0x8C51, 0x8C51, 0x8C71, 0x8C51, 0x8430, 0x8430, 0x8430, 0x8430, 0x8410, 0x8410, 0x8430, 0x8430, 0x8430,
    0x8C51, 0x8C51, 0x8C71, 0x8C51, 0x8430, 0x8C51, 0x8C51, 0x8C51, 0x8C51, 0x8C51, 0x8C51, 0x8C51, 0x8C51, 0x8C51, 0x8C51, 0x8C51,
    0x8C51, 0x8C51, 0x8430, 0x8410, 0x8410, 0x8410, 0x8410, 0x7BEF, 0x7BEF, 0x8410, 0x7BCF, 0xB596, 0xA534, 0x0000, 0x9492, 0xFFFF,
    0xFFFF, 0xFFFF, 0xFFFF, 0xFFFF, 0xFFFF, 0xFFFF, 0xFFFF, 0xFFFF, 0xFFFF, 0xFFFF, 0xFFFF, 0xFFFF, 0xFFFF, 0xFFFF, 0xFFFF, 0xFFFF,
    0xFFFF, 0xFFFF, 0xFFFF, 0xFFFF, 0xFFFF, 0xFFFF, 0xFFFF, 0xFFFF, 0xFFFF, 0xFFFF, 0xFFFF, 0xFFFF, 0xFFFF, 0xFFFF, 0xFFFF, 0xFFFF,
    0xFFFF, 0xFFFF, 0xFFFF, 0xFFFF, 0xFFFF, 0x632C, 0x4228, 0x9CD3, 0x9492, 0x8C71, 0x9492, 0x94B2, 0x94B2, 0x94B2, 0x9492, 0x9492,
    0x9492, 0x9492, 0x9492, 0x94B2, 0x94B2, 0x9CD3, 0x9CD3, 0x9CD3, 0x9492, 0x94B2, 0x9CD3, 0x9CD3, 0x9492, 0x9492, 0x9492, 0x9492,
    0x94B2, 0x9CD3, 0x9CD3, 0x9CD3, 0x94B2, 0x94B2, 0x9492, 0x9492, 0x9492, 0x9492, 0x8C71, 0x9492, 0x9492, 0x9492, 0x9492, 0x9492,
    0x9492, 0x8C71, 0x9492, 0x9492, 0x9492, 0x9492, 0x9492, 0x8C71, 0x94B2, 0x9492, 0x9492, 0x8C71, 0x8C71, 0x8C71, 0x8C71, 0x9492,
    0x8C71, 0x8C71, 0x9492, 0x8C71, 0x8C71, 0x8430, 0x632C, 0x5ACB, 0x5ACB, 0x5ACB, 0x5ACB, 0x5ACB, 0x52AA, 0x5AEB, 0x630C, 0x5ACB,
    0x528A, 0x52AA, 0x52AA, 0x528A, 0x52AA, 0x5ACB, 0x52AA, 0x4A69, 0x4A69, 0x52AA, 0x528A, 0x4A69, 0x4A69, 0x52AA, 0x528A, 0x4A49,
    0x4A49, 0x4A69, 0x4A49, 0x4A49, 0x4A69, 0x528A, 0x528A, 0x4A69, 0x4A69, 0x4A69, 0x4A49, 0x4A69, 0x52AA, 0x4A69, 0x39C7, 0x18E3,
    0x0841, 0x0000, 0x0000, 0x0000, 0x0861, 0x10A2, 0x18C3, 0x18E3, 0x18E3, 0x18E3, 0x2104, 0x2104, 0x18E3, 0x18E3, 0x18E3, 0x18E3,
    0x18E3, 0x2104, 0x2104, 0x2104, 0x2104, 0x18E3, 0x18E3, 0x18E3, 0x18E3, 0x2104, 0x2104, 0x2104, 0x18E3, 0x2104, 0x2104, 0x2104,
    0x2104, 0x2104, 0x2104, 0x2104, 0x2124, 0x2104, 0x2104, 0x18E3, 0x18E3, 0x18E3, 0x2104, 0x18E3, 0x18E3, 0x18E3, 0x2124, 0x2124,
    0x2124, 0x2104, 0x18E3, 0x1082, 0x0020, 0x0000, 0x0000, 0x0000, 0x18E3, 0x39C7, 0x528A, 0x5AEB, 0x5AEB, 0x528A, 0x52AA, 0x5ACB,
    0x5ACB, 0x5ACB, 0x5AEB, 0x5ACB, 0x5ACB, 0x52AA, 0x52AA, 0x5ACB, 0x52AA, 0x5ACB, 0x5AEB, 0x5ACB, 0x5AEB, 0x5ACB, 0x5AEB, 0x5ACB,
    0x5AEB, 0x632C, 0x630C, 0x5ACB, 0x5ACB, 0x630C, 0x632C, 0x632C, 0x632C, 0x6B4D, 0x632C, 0x632C, 0x632C, 0x632C, 0x632C, 0x8430,
    0x9CD3, 0x9492, 0x94B2, 0x94B2, 0x94B2, 0x94B2, 0x9492, 0x9492, 0x9492, 0x9492, 0x8C71, 0x8C71, 0x8C71, 0x8C71, 0x8C71, 0x9492,
    0x9492, 0x9492, 0x8C71, 0x8C51, 0x8C51, 0x8C71, 0x8C71, 0x9492, 0x9492, 0x8C71, 0x8C71, 0x9492, 0x8C71, 0x8C71, 0x8C71, 0x8C71,
    0x8C51, 0x8C51, 0x9492, 0x8C71, 0x8C71, 0x9492, 0x8C51, 0x8430, 0x8430, 0x8C51, 0x8C51, 0x8430, 0x8430, 0x8C51, 0x8C51, 0x8C51,
    0x8C71, 0x8C71, 0x8C71, 0x8430, 0x8430, 0x8C51, 0x8C51, 0x8C51, 0x8C51, 0x8C51, 0x8C51, 0x8430, 0x8430, 0x8430, 0x8C51, 0x8C51,
    0x8C51, 0x8430, 0x8430, 0x8410, 0x8410, 0x8410, 0x8410, 0x7BEF, 0x8410, 0x8410, 0x7BEF, 0x94B2, 0xCE59, 0x1082, 0x4A49, 0xFFFF,
    0xFFFF, 0xFFFF, 0xFFFF, 0xFFFF, 0xFFFF, 0xFFFF, 0xFFFF, 0xFFFF, 0xFFFF, 0xFFFF, 0xFFFF, 0xFFFF, 0xFFFF, 0xFFFF, 0xFFFF, 0xFFFF,
    0xFFFF, 0xFFFF, 0xFFFF, 0xFFFF, 0xFFFF, 0xFFFF, 0xFFFF, 0xFFFF, 0xFFFF, 0xFFFF, 0xFFFF, 0xFFFF, 0xFFFF, 0xFFFF, 0xFFFF, 0xFFFF,
    0xFFFF, 0xFFFF, 0xFFFF, 0xFFFF, 0xFFDF, 0x39C7, 0x632C, 0x94B2, 0x9492, 0x9492, 0x9CD3, 0x94B2, 0x94B2, 0x9492, 0x94B2, 0x94B2,
    0x94B2, 0x94B2, 0x9492, 0x9CD3, 0x9CD3, 0x94B2, 0x9CD3, 0x9CD3, 0x94B2, 0x94B2, 0x9CD3, 0x9CD3, 0x9CD3, 0x94B2, 0x9492, 0x9492,
    0x94B2, 0x9CD3, 0x94B2, 0x94B2, 0x94B2, 0x9492, 0x94B2, 0x9492, 0x9492, 0x9492, 0x94B2, 0x94B2, 0x9492, 0x9492, 0x9492, 0x8C71,
    0x9492, 0x9492, 0x9492, 0x8C71, 0x9492, 0x8C71, 0x9492, 0x9492, 0x9492, 0x9492, 0x9492, 0x9492, 0x9492, 0x9492, 0x8C71, 0x9492,
    0x8C71, 0x8C51, 0x8C51, 0x8C71, 0x9492, 0x6B6D, 0x5AEB, 0x52AA, 0x52AA, 0x5ACB, 0x52AA, 0x5ACB, 0x5ACB, 0x5ACB, 0x52AA, 0x5ACB,
    0x5ACB, 0x5ACB, 0x528A, 0x52AA, 0x52AA, 0x52AA, 0x52AA, 0x528A, 0x4A69, 0x4A69, 0x528A, 0x52AA, 0x52AA, 0x528A, 0x4A69, 0x4A49,
    0x4A69, 0x528A, 0x4A69, 0x528A, 0x52AA, 0x528A, 0x528A, 0x528A, 0x4A69, 0x4A49, 0x4A49, 0x4A69, 0x4A69, 0x4A49, 0x4A69, 0x4A49,
    0x4228, 0x3186, 0x18C3, 0x0020, 0x0000, 0x0000, 0x0000, 0x0020, 0x0861, 0x10A2, 0x18C3, 0x18E3, 0x18E3, 0x2104, 0x18E3, 0x18E3,
    0x18E3, 0x18E3, 0x2104, 0x2104, 0x2104, 0x18E3, 0x18E3, 0x18E3, 0x18E3, 0x18E3, 0x18E3, 0x18E3, 0x2104, 0x18E3, 0x18E3, 0x18E3,
    0x18E3, 0x2104, 0x2104, 0x2104, 0x2104, 0x2104, 0x2104, 0x2104, 0x2104, 0x2104, 0x2104, 0x2104, 0x18E3, 0x18C3, 0x18C3, 0x10A2,
    0x0861, 0x0020, 0x0000, 0x0000, 0x0020, 0x10A2, 0x3186, 0x4A69, 0x630C, 0x630C, 0x52AA, 0x52AA, 0x5ACB, 0x5ACB, 0x5ACB, 0x5ACB,
    0x5ACB, 0x630C, 0x632C, 0x632C, 0x5AEB, 0x5ACB, 0x5AEB, 0x5AEB, 0x5AEB, 0x5AEB, 0x5ACB, 0x52AA, 0x5ACB, 0x5ACB, 0x630C, 0x630C,
    0x5AEB, 0x5AEB, 0x630C, 0x5AEB, 0x5AEB, 0x5ACB, 0x630C, 0x5AEB, 0x5AEB, 0x632C, 0x630C, 0x632C, 0x632C, 0x630C, 0x630C, 0x738E,
    0x94B2, 0x9CD3, 0x94B2, 0x8C71, 0x94B2, 0x9492, 0x94B2, 0x94B2, 0x94B2, 0x9492, 0x9492, 0x8C71, 0x8C71, 0x8C71, 0x8C71, 0x8C71,
    0x8C71, 0x9492, 0x9492, 0x8C71, 0x8C71, 0x8C71, 0x8C71, 0x8C71, 0x8C71, 0x8C51, 0x8C71, 0x8C71, 0x9492, 0x8C71, 0x9492, 0x8C71,
    0x8C71, 0x8C71, 0x8C71, 0x8C71, 0x8C71, 0x8C71, 0x8C51, 0x8C51, 0x8C51, 0x8C51, 0x8C51, 0x8C51, 0x8C51, 0x8C51, 0x8430, 0x8C51,
    0x8C71, 0x8C71, 0x8C71, 0x8C51, 0x8C51, 0x8C71, 0x8C51, 0x8C51, 0x8C51, 0x8C51, 0x8C51, 0x8C51, 0x8C51, 0x8C51, 0x8C51, 0x8C51,
    0x8430, 0x8430, 0x8430, 0x8430, 0x8410, 0x8430, 0x8430, 0x8410, 0x8430, 0x8410, 0x8410, 0x8410, 0xD69A, 0x4A49, 0x0861, 0xE73C,
    0xFFFF, 0xFFFF, 0xFFFF, 0xFFFF, 0xFFFF, 0xFFFF, 0xFFFF, 0xFFFF, 0xFFFF, 0xFFFF, 0xFFFF, 0xFFFF, 0xFFFF, 0xFFFF, 0xFFFF, 0xFFFF,
    0xFFFF, 0xFFFF, 0xFFFF, 0xFFFF, 0xFFFF, 0xFFFF, 0xFFFF, 0xFFFF, 0xFFFF, 0xFFFF, 0xFFFF, 0xFFFF, 0xFFFF, 0xFFFF, 0xFFFF, 0xFFFF,
    0xFFFF, 0xFFFF, 0xFFFF, 0xFFFF, 0xDEFB, 0x2945, 0x7BEF, 0x94B2, 0x94B2, 0x94B2, 0x9CD3, 0x94B2, 0x94B2, 0x94B2, 0x94B2, 0x9CD3,
    0x9CF3, 0x94B2, 0x94B2, 0x9CD3, 0x9CD3, 0x94B2, 0x9492, 0x9492, 0x94B2, 0x94B2, 0x9CD3, 0x9CD3, 0x9CD3, 0x94B2, 0x9492, 0x94B2,
    0x9492, 0x9492, 0x94B2, 0x94B2, 0x9492, 0x94B2, 0x9CD3, 0x9CD3, 0x94B2, 0x8C71, 0x9492, 0x9492, 0x9492, 0x8C71, 0x9492, 0x9492,
    0x8C71, 0x9492, 0x9492, 0x9492, 0x9492, 0x9492, 0x9492, 0x8C71, 0x8C71, 0x8C71, 0x9492, 0x8C71, 0x8C71, 0x9492, 0x8C71, 0x8C71,
    0x8C71, 0x8C71, 0x8C71, 0x94B2, 0x8C51, 0x630C, 0x630C, 0x5AEB, 0x5AEB, 0x5ACB, 0x52AA, 0x5ACB, 0x5AEB, 0x528A, 0x52AA, 0x52AA,
    0x5AEB, 0x52AA, 0x526A, 0x52AA, 0x52AA, 0x52AA, 0x52AA, 0x52AA, 0x52AA, 0x52AA, 0x528A, 0x4A69, 0x4A69, 0x528A, 0x528A, 0x4A69,
    0x4A69, 0x528A, 0x52AA, 0x4A49, 0x4A69, 0x528A, 0x528A, 0x4A69, 0x4A69, 0x528A, 0x4A49, 0x528A, 0x4A49, 0x4A69, 0x528A, 0x4228,
    0x4A49, 0x4A69, 0x4A69, 0x4A69, 0x39C7, 0x2104, 0x1082, 0x0000, 0x0000, 0x0000, 0x0000, 0x0020, 0x0841, 0x1082, 0x10A2, 0x10A2,
    0x18C3, 0x18E3, 0x2104, 0x18E3, 0x2104, 0x18E3, 0x18E3, 0x2104, 0x2104, 0x2104, 0x2104, 0x2104, 0x2104, 0x2104, 0x2104, 0x2124,
    0x2104, 0x2104, 0x2104, 0x2104, 0x2104, 0x2104, 0x2104, 0x2104, 0x18E3, 0x10A2, 0x1082, 0x0861, 0x0020, 0x0000, 0x0000, 0x0000,
    0x0000, 0x0841, 0x2104, 0x31A6, 0x528A, 0x5ACB, 0x5AEB, 0x5ACB, 0x5ACB, 0x5AEB, 0x5ACB, 0x52AA, 0x5AEB, 0x5AEB, 0x5ACB, 0x5ACB,
    0x5AEB, 0x5AEB, 0x5ACB, 0x5AEB, 0x630C, 0x5ACB, 0x52AA, 0x52AA, 0x630C, 0x630C, 0x5ACB, 0x5ACB, 0x5ACB, 0x5AEB, 0x5AEB, 0x5AEB,
    0x5AEB, 0x52AA, 0x5ACB, 0x5AEB, 0x5ACB, 0x5AEB, 0x5AEB, 0x5AEB, 0x630C, 0x630C, 0x632C, 0x630C, 0x5AEB, 0x632C, 0x632C, 0x632C,
    0x8430, 0x9CD3, 0x94B2, 0x9492, 0x94B2, 0x94B2, 0x9492, 0x94B2, 0x9CD3, 0x94B2, 0x9492, 0x9492, 0x9492, 0x94B2, 0x9492, 0x8C71,
    0x8C71, 0x8C71, 0x9492, 0x94B2, 0x9492, 0x8C71, 0x8C71, 0x8C71, 0x8C71, 0x8C51, 0x8C71, 0x8C51, 0x8C71, 0x8C51, 0x8C71, 0x8C71,
    0x8C71, 0x8C51, 0x8C71, 0x8C71, 0x8C51, 0x8C51, 0x8C51, 0x8C51, 0x8C71, 0x8C51, 0x8C51, 0x8C51, 0x8C51, 0x8C51, 0x8430, 0x8C51,
    0x8C51, 0x8C71, 0x8C51, 0x8C51, 0x8C71, 0x8C71, 0x8C71, 0x8C71, 0x8C71, 0x8C71, 0x8C71, 0x8C71, 0x8C71, 0x8C51, 0x8C51, 0x8430,
    0x8430, 0x8430, 0x8430, 0x8430, 0x8430, 0x8430, 0x8410, 0x8430, 0x8430, 0x8410, 0x8410, 0x7BCF, 0xBDF7, 0x8430, 0x0000, 0xB596,
    0xFFFF, 0xFFFF, 0xFFFF, 0xFFFF, 0xFFFF, 0xFFFF, 0xFFFF, 0xFFFF, 0xFFFF, 0xFFFF, 0xFFFF, 0xFFFF, 0xFFFF, 0xFFFF, 0xFFFF, 0xFFFF,
    0xFFFF, 0xFFFF, 0xFFFF, 0xFFFF, 0xFFFF, 0xFFFF, 0xFFFF, 0xFFFF, 0xFFFF, 0xFFFF, 0xFFFF, 0xFFFF, 0xFFFF, 0xFFFF, 0xFFFF, 0xFFFF,
    0xFFFF, 0xFFFF, 0xFFFF, 0xFFFF, 0xAD55, 0x2965, 0x9492, 0x94B2, 0x9CD3, 0x9492, 0x94B2, 0x9492, 0x94B2, 0x9492, 0x9492, 0x94B2,
    0x9CF3, 0x94B2, 0x94B2, 0x94B2, 0x94B2, 0x94B2, 0x9CD3, 0x94B2, 0x9492, 0x9CD3, 0x94B2, 0x94B2, 0x94B2, 0x94B2, 0x9492, 0x94B2,
    0x9492, 0x9492, 0x94B2, 0x94B2, 0x94B2, 0x9492, 0x9CD3, 0x94B2, 0x9492, 0x8C71, 0x9492, 0x9492, 0x9492, 0x8C71, 0x9492, 0x8C71,
    0x8C71, 0x8C71, 0x8C71, 0x9492, 0x9492, 0x8C71, 0x9492, 0x8C71, 0x8C71, 0x9492, 0x94B2, 0x94B2, 0x94B2, 0x9492, 0x8C71, 0x8C71,
    0x8C71, 0x94B2, 0x94B2, 0x9CD3, 0x738E, 0x630C, 0x5AEB, 0x5AEB, 0x5AEB, 0x5AEB, 0x5AEB, 0x5AEB, 0x5ACB, 0x5AEB, 0x52AA, 0x528A,
    0x528A, 0x4A69, 0x528A, 0x528A, 0x52AA, 0x52AA, 0x4A69, 0x4A69, 0x528A, 0x528A, 0x528A, 0x4A69, 0x4A69, 0x528A, 0x52AA, 0x4A49,
    0x4A49, 0x528A, 0x528A, 0x4A69, 0x4A69, 0x528A, 0x5ACB, 0x528A, 0x4A69, 0x5ACB, 0x52AA, 0x52AA, 0x528A, 0x4A69, 0x4A69, 0x4A69,
    0x528A, 0x4A69, 0x4A69, 0x52AA, 0x52AA, 0x5ACB, 0x52AA, 0x4A49, 0x31A6, 0x2104, 0x1082, 0x0020, 0x0000, 0x0000, 0x0000, 0x0000,
    0x0000, 0x0000, 0x0020, 0x0841, 0x0861, 0x0861, 0x1082, 0x10A2, 0x18C3, 0x18C3, 0x18C3, 0x18C3, 0x18C3, 0x18C3, 0x18C3, 0x18C3,
    0x18C3, 0x10A2, 0x1082, 0x0861, 0x0841, 0x0841, 0x0020, 0x0020, 0x0000, 0x0000, 0x0000, 0x0000, 0x0000, 0x0841, 0x18C3, 0x3166,
    0x4208, 0x4A69, 0x5ACB, 0x5AEB, 0x5ACB, 0x52AA, 0x528A, 0x5ACB, 0x52AA, 0x5AEB, 0x5AEB, 0x5AEB, 0x630C, 0x5AEB, 0x5ACB, 0x5ACB,
    0x5AEB, 0x5ACB, 0x52AA, 0x5ACB, 0x5AEB, 0x5ACB, 0x52AA, 0x52AA, 0x5ACB, 0x630C, 0x630C, 0x630C, 0x630C, 0x5ACB, 0x5AEB, 0x5AEB,
    0x5AEB, 0x5AEB, 0x5AEB, 0x5AEB, 0x630C, 0x630C, 0x5AEB, 0x632C, 0x632C, 0x630C, 0x630C, 0x630C, 0x630C, 0x632C, 0x630C, 0x630C,
    0x73AE, 0x9CD3, 0x9CD3, 0x94B2, 0x9492, 0x94B2, 0x94B2, 0x94B2, 0x94B2, 0x9492, 0x94B2, 0x9492, 0x9492, 0x9492, 0x9492, 0x9492,
    0x8C71, 0x8C51, 0x8C71, 0x9492, 0x9492, 0x9492, 0x9492, 0x9492, 0x9492, 0x8C71, 0x8C71, 0x8C51, 0x8C71, 0x8C71, 0x8C51, 0x8C51,
    0x8C51, 0x8C51, 0x8C71, 0x8C71, 0x8C51, 0x8C51, 0x8C51, 0x8C51, 0x8C51, 0x8430, 0x8C51, 0x8C51, 0x8C51, 0x8C51, 0x8C51, 0x8C71,
    0x8C51, 0x8C51, 0x8C51, 0x8C51, 0x8C51, 0x8C51, 0x8C51, 0x8C51, 0x8C51, 0x8C71, 0x8C71, 0x8C71, 0x8C51, 0x8C51, 0x8C71, 0x8C51,
    0x8430, 0x8430, 0x8430, 0x8C51, 0x8430, 0x8410, 0x8410, 0x8430, 0x8410, 0x8410, 0x8410, 0x7BCF, 0x9CD3, 0xBDD7, 0x0000, 0x6B4D,
    0xFFFF, 0xFFFF, 0xFFFF, 0xFFFF, 0xFFFF, 0xFFFF, 0xFFFF, 0xFFFF, 0xFFFF, 0xFFFF, 0xFFFF, 0xFFFF, 0xFFFF, 0xFFFF, 0xFFFF, 0xFFFF,
    0xFFFF, 0xFFFF, 0xFFFF, 0xFFFF, 0xFFFF, 0xFFFF, 0xFFFF, 0xFFFF, 0xFFFF, 0xFFFF, 0xFFFF, 0xFFFF, 0xFFFF, 0xFFFF, 0xFFFF, 0xFFFF,
    0xFFFF, 0xFFFF, 0xFFDF, 0xFFFF, 0x7BCF, 0x4208, 0x9CD3, 0x9CD3, 0x94B2, 0x9492, 0x9492, 0x8C71, 0x9492, 0x9492, 0x94B2, 0x94B2,
    0x9492, 0x94B2, 0x9CD3, 0x94B2, 0x94B2, 0x9CD3, 0x9CD3, 0x94B2, 0x8C71, 0x94B2, 0x9492, 0x9CD3, 0x9CF3, 0x94B2, 0x94B2, 0x94B2,
    0x9492, 0x8C71, 0x9492, 0x8C71, 0x9492, 0x9492, 0x9492, 0x94B2, 0x9492, 0x9492, 0x94B2, 0x9492, 0x9492, 0x94B2, 0x9492, 0x9492,
    0x9492, 0x9492, 0x8C71, 0x8C71, 0x8C71, 0x8C71, 0x8C71, 0x8C71, 0x9492, 0x9492, 0x8C71, 0x9492, 0x94B2, 0x9492, 0x8C71, 0x94B2,
    0x8C71, 0x9492, 0x9CD3, 0x8430, 0x5AEB, 0x5ACB, 0x5ACB, 0x5AEB, 0x5ACB, 0x5ACB, 0x5ACB, 0x5ACB, 0x5ACB, 0x5ACB, 0x5ACB, 0x5ACB,
    0x528A, 0x4A69, 0x528A, 0x528A, 0x528A, 0x52AA, 0x528A, 0x4A69, 0x4A69, 0x528A, 0x528A, 0x528A, 0x528A, 0x4A69, 0x528A, 0x528A,
    0x526A, 0x528A, 0x4A69, 0x528A, 0x528A, 0x528A, 0x528A, 0x4A69, 0x4A69, 0x4A69, 0x4A69, 0x4A49, 0x4A69, 0x528A, 0x4A69, 0x4A69,
    0x528A, 0x528A, 0x52AA, 0x4A69, 0x4A69, 0x528A, 0x52AA, 0x528A, 0x5AEB, 0x5AEB, 0x52AA, 0x528A, 0x4208, 0x31A6, 0x2965, 0x18E3,
    0x0861, 0x0841, 0x0000, 0x0000, 0x0000, 0x0000, 0x0000, 0x0000, 0x0000, 0x0000, 0x0000, 0x0000, 0x0000, 0x0000, 0x0000, 0x0000,
    0x0000, 0x0000, 0x0000, 0x0000, 0x0000, 0x0000, 0x0020, 0x0861, 0x10A2, 0x2104, 0x2965, 0x39E7, 0x4A69, 0x528A, 0x52AA, 0x5AEB,
    0x5AEB, 0x5ACB, 0x52AA, 0x5ACB, 0x5ACB, 0x5AEB, 0x5AEB, 0x5AEB, 0x5ACB, 0x52AA, 0x5AEB, 0x5ACB, 0x5ACB, 0x5AEB, 0x632C, 0x632C,
    0x5AEB, 0x5AEB, 0x5AEB, 0x5AEB, 0x5AEB, 0x5ACB, 0x5ACB, 0x630C, 0x5AEB, 0x5AEB, 0x630C, 0x630C, 0x5AEB, 0x5AEB, 0x5ACB, 0x632C,
    0x5AEB, 0x630C, 0x630C, 0x5AEB, 0x5AEB, 0x5ACB, 0x632C, 0x632C, 0x630C, 0x632C, 0x632C, 0x632C, 0x632C, 0x630C, 0x6B4D, 0x6B4D,
    0x632C, 0x8C71, 0x9CF3, 0x9CD3, 0x94B2, 0x94B2, 0x9492, 0x9492, 0x9492, 0x9492, 0x9492, 0x9492, 0x8C71, 0x9492, 0x9492, 0x9492,
    0x94B2, 0x9492, 0x8C71, 0x8C71, 0x8C71, 0x9492, 0x9492, 0x8C71, 0x8C71, 0x8C71, 0x8C71, 0x8C71, 0x8C51, 0x8C51, 0x8C51, 0x8C51,
    0x8430, 0x8C51, 0x8C51, 0x8C71, 0x8C51, 0x8C71, 0x8C51, 0x8C51, 0x8C51, 0x8430, 0x8C51, 0x8C51, 0x8C71, 0x8C71, 0x8C51, 0x8C51,
    0x8C71, 0x8C71, 0x8C71, 0x8C51, 0x8430, 0x8C51, 0x8430, 0x8430, 0x8430, 0x8430, 0x8C51, 0x8C51, 0x8C71, 0x8C71, 0x9492, 0x8C71,
    0x8C51, 0x8C51, 0x8C51, 0x8430, 0x8430, 0x8410, 0x8410, 0x8C51, 0x8430, 0x8430, 0x8430, 0x8410, 0x8430, 0xCE79, 0x2124, 0x2124,
    0xFFDF, 0xFFFF, 0xFFFF, 0xFFFF, 0xFFFF, 0xFFFF, 0xFFFF, 0xFFFF, 0xFFFF, 0xFFFF, 0xFFFF, 0xFFFF, 0xFFFF, 0xFFFF, 0xFFFF, 0xFFFF,
    0xFFFF, 0xFFFF, 0xFFFF, 0xFFFF, 0xFFFF, 0xFFFF, 0xFFFF, 0xFFFF, 0xFFFF, 0xFFFF, 0xFFFF, 0xFFFF, 0xFFFF, 0xFFFF, 0xFFFF, 0xFFFF,
    0xFFFF, 0xFFFF, 0xFFFF, 0xFFFF, 0x4A49, 0x5ACB, 0x9CD3, 0x9CD3, 0x94B2, 0x9492, 0x9492, 0x9492, 0x94B2, 0x94B2, 0x9CD3, 0x9CD3,
    0x94B2, 0x9492, 0x94B2, 0x9CD3, 0x9CF3, 0x9CD3, 0x94B2, 0x94B2, 0x94B2, 0x9492, 0x94B2, 0x94B2, 0x9CD3, 0x94B2, 0x94B2, 0x94B2,
    0x9492, 0x8C71, 0x8C71, 0x8C51, 0x8C71, 0x9492, 0x8C71, 0x9492, 0x9492, 0x9492, 0x9492, 0x8C71, 0x94B2, 0x9CF3, 0x9CD3, 0x9492,
    0x9492, 0x9492, 0x8C71, 0x8C71, 0x8C51, 0x8C71, 0x8C51, 0x8C51, 0x8C71, 0x9492, 0x8C71, 0x8C51, 0x8C71, 0x9492, 0x9492, 0x9492,
    0x8C71, 0x8C51, 0x9492, 0x6B4D, 0x5ACB, 0x630C, 0x630C, 0x5AEB, 0x5ACB, 0x5ACB, 0x5ACB, 0x52AA, 0x52AA, 0x528A, 0x5ACB, 0x5ACB,
    0x52AA, 0x528A, 0x4A69, 0x528A, 0x4A69, 0x526A, 0x52AA, 0x526A, 0x528A, 0x4A69, 0x528A, 0x52AA, 0x528A, 0x4A69, 0x4A69, 0x528A,
    0x528A, 0x4A69, 0x4A49, 0x4A49, 0x4A69, 0x528A, 0x4A69, 0x528A, 0x528A, 0x528A, 0x4A69, 0x4A49, 0x4A49, 0x528A, 0x528A, 0x528A,
    0x52AA, 0x5AEB, 0x52AA, 0x5ACB, 0x52AA, 0x528A, 0x528A, 0x4A69, 0x4A69, 0x528A, 0x52AA, 0x52AA, 0x5ACB, 0x5AEB, 0x5ACB, 0x5ACB,
    0x52AA, 0x528A, 0x4A49, 0x4208, 0x39E7, 0x31A6, 0x2945, 0x2124, 0x2124, 0x2104, 0x2104, 0x2104, 0x18E3, 0x2104, 0x2104, 0x2945,
    0x2945, 0x2965, 0x31A6, 0x39C7, 0x4228, 0x4A49, 0x4A69, 0x52AA, 0x5ACB, 0x5AEB, 0x5AEB, 0x5ACB, 0x52AA, 0x52AA, 0x52AA, 0x528A,
    0x4A69, 0x5ACB, 0x52AA, 0x5ACB, 0x630C, 0x5ACB, 0x5ACB, 0x5ACB, 0x52AA, 0x52CA, 0x52AA, 0x52AA, 0x52AA, 0x5AEB, 0x632C, 0x5ACB,
    0x5AEB, 0x5ACB, 0x52AA, 0x5AEB, 0x5ACB, 0x5ACB, 0x5ACB, 0x5ACB, 0x630C, 0x5AEB, 0x5AEB, 0x5AEB, 0x5ACB, 0x5AEB, 0x5AEB, 0x632C,
    0x630C, 0x5ACB, 0x5AEB, 0x630C, 0x630C, 0x630C, 0x632C, 0x5AEB, 0x5AEB, 0x630C, 0x632C, 0x632C, 0x632C, 0x5AEB, 0x632C, 0x6B4D,
    0x630C, 0x738E, 0x9CD3, 0x94B2, 0x9492, 0x94B2, 0x94B2, 0x9492, 0x94B2, 0x9492, 0x9492, 0x9492, 0x8C71, 0x94B2, 0x94B2, 0x9492,
    0x9CD3, 0x94B2, 0x8C71, 0x8C71, 0x8C71, 0x8C71, 0x9492, 0x8C71, 0x8C71, 0x8C71, 0x8C71, 0x8C71, 0x8C71, 0x8C51, 0x8C51, 0x8C51,
    0x8C71, 0x8C71, 0x8C51, 0x8C71, 0x8C51, 0x8C51, 0x8C71, 0x8C51, 0x8C51, 0x8C51, 0x8C51, 0x8C71, 0x9492, 0x8C71, 0x8C51, 0x8430,
    0x8430, 0x8C51, 0x8430, 0x8430, 0x8C51, 0x8C51, 0x8C51, 0x8C71, 0x8C51, 0x8430, 0x8C51, 0x8C71, 0x8C71, 0x8C71, 0x8C71, 0x8C71,
    0x8C71, 0x8C51, 0x8430, 0x8430, 0x8430, 0x8430, 0x8430, 0x8430, 0x8410, 0x8430, 0x8430, 0x8430, 0x7BEF, 0xC638, 0x632C, 0x0000,
    0xCE59, 0xFFFF, 0xFFFF, 0xFFFF, 0xFFFF, 0xFFFF, 0xFFFF, 0xFFFF, 0xFFFF, 0xFFFF, 0xFFFF, 0xFFFF, 0xFFFF, 0xFFFF, 0xFFFF, 0xFFFF,
    0xFFFF, 0xFFFF, 0xFFFF, 0xFFFF, 0xFFFF, 0xFFFF, 0xFFFF, 0xFFFF, 0xFFFF, 0xFFFF, 0xFFFF, 0xFFFF, 0xFFFF, 0xFFFF, 0xFFFF, 0xFFFF,
    0xFFFF, 0xFFFF, 0xFFFF, 0xEF5D, 0x2945, 0x7BCF, 0x9CD3, 0x9CD3, 0x9492, 0x8C71, 0x9492, 0x9492, 0x9492, 0x9492, 0x9492, 0x9492,
    0x9CD3, 0x94B2, 0x94B2, 0x94B2, 0x9CD3, 0x9CD3, 0x94B2, 0x9492, 0x9492, 0x94B2, 0x94B2, 0x9492, 0x94B2, 0x9492, 0x8C71, 0x8C71,
    0x9492, 0x9492, 0x8C71, 0x8C71, 0x8C71, 0x8C71, 0x9492, 0x9492, 0x9492, 0x94B2, 0x9492, 0x9492, 0x8C71, 0x9492, 0x9492, 0x9492,
    0x9492, 0x9492, 0x9492, 0x8C71, 0x8C51, 0x8C51, 0x8C51, 0x8C71, 0x8C51, 0x9492, 0x9492, 0x9492, 0x9492, 0x94B2, 0x9492, 0x9492,
    0x9492, 0x9492, 0x8410, 0x5AEB, 0x5AEB, 0x630C, 0x630C, 0x5AEB, 0x5AEB, 0x5ACB, 0x5AEB, 0x5AEB, 0x52AA, 0x52AA, 0x5ACB, 0x52AA,
    0x528A, 0x528A, 0x528A, 0x4A69, 0x528A, 0x52AA, 0x528A, 0x4A69, 0x528A, 0x4A69, 0x4A49, 0x4A69, 0x4A49, 0x4A69, 0x528A, 0x528A,
    0x528A, 0x4A69, 0x4A69, 0x4A69, 0x4A69, 0x4A69, 0x4A69, 0x4A89, 0x528A, 0x52AA, 0x52AA, 0x528A, 0x526A, 0x528A, 0x528A, 0x528A,
    0x528A, 0x528A, 0x528A, 0x528A, 0x528A, 0x528A, 0x52AA, 0x52AA, 0x528A, 0x4A69, 0x5ACB, 0x528A, 0x528A, 0x52AA, 0x52AA, 0x52AA,
    0x5ACB, 0x5ACB, 0x52AA, 0x52AA, 0x5ACB, 0x5ACB, 0x5ACB, 0x5ACB, 0x630C, 0x632C, 0x630C, 0x6B4D, 0x632C, 0x630C, 0x5AEB, 0x630C,
    0x630C, 0x5AEB, 0x5AEB, 0x5AEB, 0x630C, 0x5ACB, 0x5ACB, 0x5ACB, 0x528A, 0x4A69, 0x4A69, 0x528A, 0x4A69, 0x528A, 0x4A69, 0x4A69,
    0x528A, 0x52AA, 0x52AA, 0x5AEB, 0x52AA, 0x52AA, 0x5ACB, 0x52AA, 0x5AEB, 0x52AA, 0x528A, 0x5ACB, 0x528A, 0x528A, 0x52AA, 0x52AA,
    0x5AEB, 0x52AA, 0x52AA, 0x5ACB, 0x5ACB, 0x5ACB, 0x5ACB, 0x52AA, 0x52AA, 0x5AEB, 0x5AEB, 0x5ACB, 0x630C, 0x5AEB, 0x630C, 0x632C,
    0x630C, 0x630C, 0x632C, 0x630C, 0x6B4D, 0x632C, 0x630C, 0x630C, 0x630C, 0x630C, 0x632C, 0x632C, 0x632C, 0x632C, 0x6B4D, 0x6B6D,
    0x6B6D, 0x630C, 0x8C71, 0xA514, 0x94B2, 0x9CF3, 0x9CD3, 0x9CD3, 0x9CD3, 0x94B2, 0x94B2, 0x9492, 0x8C71, 0x9492, 0x9492, 0x94B2,
    0x94B2, 0x9492, 0x9492, 0x9492, 0x8C71, 0x8C71, 0x8C71, 0x8C71, 0x8C71, 0x8C71, 0x8C71, 0x8C51, 0x8C71, 0x9492, 0x9492, 0x8C71,
    0x9492, 0x8C71, 0x8C71, 0x8C51, 0x8C51, 0x8430, 0x8C51, 0x8430, 0x8C51, 0x8C51, 0x8430, 0x8C51, 0x8C71, 0x8C71, 0x8C51, 0x8C51,
    0x8C51, 0x8C51, 0x8430, 0x8430, 0x8C51, 0x8C51, 0x8C51, 0x8C71, 0x8C51, 0x8C51, 0x8C51, 0x8430, 0x8C71, 0x8C71, 0x8C71, 0x8C51,
    0x8C51, 0x8C51, 0x8C71, 0x9492, 0x8C51, 0x8430, 0x8430, 0x8410, 0x8410, 0x8410, 0x8410, 0x8410, 0x7BCF, 0xAD55, 0x9CF3, 0x0000,
    0x8C51, 0xFFFF, 0xFFDF, 0xFFFF, 0xFFFF, 0xFFFF, 0xFFFF, 0xFFFF, 0xFFFF, 0xFFFF, 0xFFFF, 0xFFFF, 0xFFFF, 0xFFFF, 0xFFFF, 0xFFFF,
    0xFFFF, 0xFFFF, 0xFFFF, 0xFFFF, 0xFFFF, 0xFFFF, 0xFFFF, 0xFFFF, 0xFFFF, 0xFFFF, 0xFFFF, 0xFFFF, 0xFFFF, 0xFFFF, 0xFFFF, 0xFFFF,
    0xFFFF, 0xFFFF, 0xFFFF, 0xBDF7, 0x2124, 0x8C51, 0xA534, 0x9CD3, 0x8C71, 0x9492, 0x9492, 0x9492, 0x9492, 0x8C71, 0x9492, 0x9492,
    0x9492, 0x94B2, 0x9CD3, 0x94B2, 0x94B2, 0x9CD3, 0x94B2, 0x94B2, 0x9492, 0x9492, 0x9492, 0x94B2, 0x9492, 0x9492, 0x8C71, 0x8C71,
    0x8C71, 0x8C71, 0x8C71, 0x9492, 0x8C71, 0x9492, 0x9492, 0x9492, 0x94B2, 0x94B2, 0x9CD3, 0x9492, 0x8C71, 0x8C71, 0x8C71, 0x9492,
    0x9492, 0x94B2, 0x94B2, 0x8C71, 0x8C71, 0x9492, 0x8C71, 0x8C51, 0x8C71, 0x8C71, 0x9492, 0x8C71, 0x9492, 0x9492, 0x9492, 0x9492,
    0x9492, 0x8C71, 0x6B4D, 0x630C, 0x5ACB, 0x5AEB, 0x630C, 0x5AEB, 0x5AEB, 0x5AEB, 0x5AEB, 0x632C, 0x5ACB, 0x5ACB, 0x630C, 0x5ACB,
    0x52AA, 0x52AA, 0x52AA, 0x528A, 0x4A69, 0x528A, 0x4A69, 0x4A69, 0x4A69, 0x528A, 0x528A, 0x528A, 0x4A49, 0x4A49, 0x528A, 0x528A,
    0x4A69, 0x4A69, 0x52AA, 0x4A69, 0x528A, 0x4A69, 0x4A69, 0x4A69, 0x4A49, 0x4A69, 0x4A69, 0x4A49, 0x4A69, 0x4228, 0x4A49, 0x528A,
    0x4A69, 0x528A, 0x528A, 0x52AA, 0x52AA, 0x528A, 0x528A, 0x52AA, 0x5ACB, 0x5ACB, 0x528A, 0x5ACB, 0x52AA, 0x52AA, 0x5ACB, 0x52AA,
    0x52AA, 0x526A, 0x528A, 0x52AA, 0x4A69, 0x528A, 0x52AA, 0x528A, 0x5ACB, 0x5AEB, 0x5AEB, 0x630C, 0x630C, 0x5AEB, 0x5ACB, 0x52AA,
    0x52AA, 0x52AA, 0x5ACB, 0x5AEB, 0x5ACB, 0x5ACB, 0x52AA, 0x52AA, 0x52AA, 0x52AA, 0x52AA, 0x52AA, 0x52AA, 0x528A, 0x528A, 0x4A69,
    0x52AA, 0x5ACB, 0x528A, 0x5AEB, 0x52AA, 0x528A, 0x5ACB, 0x52AA, 0x5AEB, 0x5ACB, 0x5AEB, 0x5AEB, 0x5ACB, 0x52AA, 0x52AA, 0x528A,
    0x5ACB, 0x5ACB, 0x5AEB, 0x5AEB, 0x5AEB, 0x5ACB, 0x5AEB, 0x5ACB, 0x5AEB, 0x630C, 0x5AEB, 0x632C, 0x632C, 0x630C, 0x5AEB, 0x5ACB,
    0x630C, 0x630C, 0x630C, 0x5AEB, 0x632C, 0x630C, 0x632C, 0x630C, 0x630C, 0x632C, 0x632C, 0x6B4D, 0x6B6D, 0x6B4D, 0x6B4D, 0x6B4D,
    0x6B6D, 0x6B6D, 0x73AE, 0x9CF3, 0x9CD3, 0x9CD3, 0x9CD3, 0x9CD3, 0x9CD3, 0x94B2, 0x9CD3, 0x94B2, 0x94B2, 0x9492, 0x94B2, 0x9CD3,
    0x9CD3, 0x9CD3, 0x9492, 0x9492, 0x9492, 0x9492, 0x9492, 0x8C71, 0x9492, 0x8C71, 0x8C51, 0x8C51, 0x8C71, 0x9492, 0x9492, 0x9492,
    0x8C71, 0x8C71, 0x9492, 0x8C71, 0x8C71, 0x8C51, 0x8430, 0x8430, 0x8430, 0x8430, 0x8C51, 0x8C51, 0x8C51, 0x8C51, 0x8C71, 0x8C71,
    0x8C51, 0x8C71, 0x8C71, 0x8C51, 0x8430, 0x8430, 0x8430, 0x8C51, 0x8C51, 0x8C51, 0x8C51, 0x8430, 0x8C51, 0x8C71, 0x8C51, 0x8C51,
    0x8C51, 0x8430, 0x8C71, 0x9492, 0x8C71, 0x8430, 0x8430, 0x8C51, 0x8430, 0x8410, 0x8430, 0x8430, 0x8410, 0x9492, 0xBDF7, 0x0861,
    0x4228, 0xFFFF, 0xFFFF, 0xFFFF, 0xFFFF, 0xFFFF, 0xFFFF, 0xFFFF, 0xFFFF, 0xFFFF, 0xFFFF, 0xFFFF, 0xFFFF, 0xFFFF, 0xFFFF, 0xFFFF,
    0xFFFF, 0xFFFF, 0xFFFF, 0xFFFF, 0xFFFF, 0xFFFF, 0xFFFF, 0xFFFF, 0xFFFF, 0xFFFF, 0xFFFF, 0xFFFF, 0xFFFF, 0xFFFF, 0xFFFF, 0xFFFF,
    0xFFFF, 0xFFFF, 0xFFFF, 0x8C51, 0x31A6, 0x9CD3, 0xAD75, 0x9492, 0x94B2, 0x94B2, 0x94B2, 0x9492, 0x94B2, 0x9492, 0x9492, 0x9492,
    0x8C71, 0x9492, 0x94B2, 0x94B2, 0x94B2, 0x9CD3, 0x94B2, 0x9492, 0x8C71, 0x8C71, 0x9492, 0x94B2, 0x9492, 0x9492, 0x94B2, 0x8C71,
    0x8C51, 0x8C51, 0x8C51, 0x8C51, 0x8C71, 0x9492, 0x94B2, 0x9492, 0x9492, 0x94B2, 0x94B2, 0x9492, 0x9492, 0x9492, 0x94B2, 0x8C51,
    0x9492, 0x94B2, 0x8C71, 0x8C71, 0x8C71, 0x9492, 0x8C71, 0x8C51, 0x9492, 0x8C71, 0x8C71, 0x9492, 0x94B2, 0x94B2, 0x9492, 0x9492,
    0x9CD3, 0x8430, 0x5AEB, 0x5B0B, 0x52AA, 0x5ACB, 0x630C, 0x5AEB, 0x5AEB, 0x5AEB, 0x5ACB, 0x5ACB, 0x52AA, 0x52AA, 0x52CA, 0x5ACB,
    0x52AA, 0x52AA, 0x52AA, 0x528A, 0x526A, 0x4A69, 0x528A, 0x528A, 0x528A, 0x52AA, 0x5ACB, 0x528A, 0x4A49, 0x4A69, 0x4A69, 0x528A,
    0x4A69, 0x4A69, 0x528A, 0x4A69, 0x528A, 0x4A69, 0x4A49, 0x528A, 0x4A69, 0x4A49, 0x4A49, 0x4A49, 0x4A49, 0x4A49, 0x4A49, 0x526A,
    0x52AA, 0x5ACB, 0x5AEB, 0x5AEB, 0x52AA, 0x528A, 0x52AA, 0x52AA, 0x5ACB, 0x528A, 0x528A, 0x5ACB, 0x5ACB, 0x5AEB, 0x5AEB, 0x52AA,
    0x528A, 0x528A, 0x52AA, 0x5ACB, 0x528A, 0x5ACB, 0x52AA, 0x528A, 0x52AA, 0x52AA, 0x5ACB, 0x5ACB, 0x5ACB, 0x5AEB, 0x5AEB, 0x5ACB,
    0x630C, 0x5AEB, 0x5AEB, 0x5AEB, 0x5AEB, 0x5ACB, 0x5ACB, 0x528A, 0x5ACB, 0x5ACB, 0x5ACB, 0x52AA, 0x52AA, 0x52AA, 0x5ACB, 0x5ACB,
    0x52AA, 0x4A69, 0x52AA, 0x5ACB, 0x5ACB, 0x52AA, 0x5AEB, 0x5ACB, 0x5ACB, 0x5AEB, 0x5ACB, 0x52AA, 0x5ACB, 0x5AEB, 0x5ACB, 0x52AA,
    0x528A, 0x5AEB, 0x630C, 0x5AEB, 0x5AEB, 0x5ACB, 0x5AEB, 0x5AEB, 0x630C, 0x632C, 0x630C, 0x630C, 0x632C, 0x632C, 0x630C, 0x5AEB,
    0x5AEB, 0x630C, 0x5AEB, 0x5AEB, 0x630C, 0x630C, 0x630C, 0x630C, 0x630C, 0x632C, 0x632C, 0x632C, 0x6B4D, 0x6B4D, 0x6B6D, 0x6B6D,
    0x6B4D, 0x73AE, 0x6B6D, 0x8C51, 0x9CF3, 0x9CD3, 0x9CD3, 0x9CD3, 0x94B2, 0x9CD3, 0x9CD3, 0x9CD3, 0x9CF3, 0x9CD3, 0x9CD3, 0x9CD3,
    0x9CD3, 0x94B2, 0x94B2, 0x94B2, 0x94B2, 0x94B2, 0x9492, 0x8C51, 0x9492, 0x8C71, 0x8C51, 0x8C51, 0x8C71, 0x8C71, 0x8C71, 0x8C51,
    0x8C71, 0x8C71, 0x8C51, 0x8C71, 0x8C71, 0x8C51, 0x8C51, 0x8C51, 0x8C51, 0x8C51, 0x8C51, 0x8C51, 0x8C51, 0x8C51, 0x8C51, 0x8C71,
    0x8C71, 0x8430, 0x8C71, 0x8C51, 0x8430, 0x8430, 0x8430, 0x8C71, 0x8C51, 0x8C71, 0x8C71, 0x8C51, 0x8C51, 0x8C51, 0x8C51, 0x8C71,
    0x8C51, 0x8C51, 0x8C51, 0x8C51, 0x8430, 0x8430, 0x8430, 0x8430, 0x8C51, 0x8430, 0x8430, 0x8C51, 0x8430, 0x7BEF, 0xC618, 0x4228,
    0x0861, 0xE73C, 0xFFFF, 0xFFFF, 0xFFFF, 0xFFFF, 0xFFFF, 0xFFFF, 0xFFFF, 0xFFFF, 0xFFFF, 0xFFFF, 0xFFFF, 0xFFFF, 0xFFFF, 0xFFFF,
    0xFFFF, 0xFFFF, 0xFFFF, 0xFFFF, 0xFFFF, 0xFFFF, 0xFFFF, 0xFFFF, 0xFFFF, 0xFFFF, 0xFFFF, 0xFFFF, 0xFFFF, 0xFFFF, 0xFFFF, 0xFFFF,
    0xFFFF, 0xFFFF, 0xFFFF, 0x5ACB, 0x4A49, 0xAD55, 0xAD55, 0x8C71, 0x94B2, 0x9CD3, 0x9CD3, 0x94B2, 0x94B2, 0x94B2, 0x94B2, 0x9492,
    0x9492, 0x9492, 0x9492, 0x94B2, 0x94B2, 0x9CD3, 0x9CD3, 0x94B2, 0x9492, 0x9492, 0x9492, 0x94B2, 0x9492, 0x94B2, 0x8C71, 0x8C71,
    0x9492, 0x8C71, 0x8C71, 0x9492, 0x8C71, 0x9492, 0x9492, 0x94B2, 0x9492, 0x9492, 0x9492, 0x9492, 0x94B2, 0x94B2, 0x94B2, 0x8C71,
    0x9492, 0x9492, 0x8C71, 0x8C71, 0x9492, 0x94B2, 0x9492, 0x8C71, 0x8C71, 0x8C51, 0x9492, 0x9492, 0x94B2, 0x94B2, 0x9492, 0x9492,
    0x9492, 0x6B4D, 0x5AEB, 0x630C, 0x630C, 0x5ACB, 0x5ACB, 0x5AEB, 0x5ACB, 0x630C, 0x5AEB, 0x5AEB, 0x5AEB, 0x5AEB, 0x52AA, 0x52AA,
    0x52AA, 0x5ACB, 0x52AA, 0x5ACB, 0x52AA, 0x52AA, 0x5ACB, 0x52AA, 0x52AA, 0x52AA, 0x528A, 0x4A69, 0x4A69, 0x4A69, 0x4A69, 0x528A,
    0x528A, 0x4A69, 0x52AA, 0x528A, 0x4A49, 0x4228, 0x4A69, 0x528A, 0x4A69, 0x4A69, 0x4A69, 0x528A, 0x528A, 0x528A, 0x528A, 0x4A69,
    0x528A, 0x528A, 0x52AA, 0x528A, 0x528A, 0x52AA, 0x52AA, 0x52AA, 0x52AA, 0x52AA, 0x528A, 0x5ACB, 0x5ACB, 0x5ACB, 0x52AA, 0x5ACB,
    0x5ACB, 0x528A, 0x5ACB, 0x5ACB, 0x52AA, 0x5ACB, 0x5ACB, 0x5AEB, 0x5AEB, 0x5ACB, 0x5ACB, 0x5ACB, 0x5ACB, 0x5ACB, 0x5AEB, 0x5AEB,
    0x5AEB, 0x5ACB, 0x5ACB, 0x5ACB, 0x5ACB, 0x5AEB, 0x52AA, 0x52AA, 0x5ACB, 0x5ACB, 0x52AA, 0x5ACB, 0x52AA, 0x52AA, 0x528A, 0x52AA,
    0x5ACB, 0x528A, 0x5ACB, 0x5AEB, 0x5ACB, 0x5ACB, 0x5ACB, 0x528A, 0x52AA, 0x528A, 0x52AA, 0x52AA, 0x52AA, 0x5ACB, 0x5ACB, 0x5ACB,
    0x52AA, 0x5AEB, 0x5AEB, 0x632C, 0x630C, 0x5AEB, 0x5AEB, 0x5ACB, 0x5AEB, 0x630C, 0x5AEB, 0x630C, 0x632C, 0x632C, 0x632C, 0x632C,
    0x630C, 0x630C, 0x5ACB, 0x630C, 0x630C, 0x5AEB, 0x630C, 0x632C, 0x6B4D, 0x632C, 0x632C, 0x630C, 0x630C, 0x738E, 0x6B4D, 0x6B6D,
    0x738E, 0x6B6D, 0x738E, 0x7BCF, 0x9CD3, 0x9CF3, 0x9CD3, 0x9CD3, 0x9CF3, 0x9CD3, 0x9CD3, 0x9CD3, 0x9CD3, 0x94B2, 0x94B2, 0x9CD3,
    0x94B2, 0x94B2, 0x94B2, 0x94B2, 0x94B2, 0x9492, 0x9492, 0x8C71, 0x8C51, 0x8C71, 0x8C71, 0x8C71, 0x8C71, 0x8C71, 0x8C71, 0x8C71,
    0x8C51, 0x8C71, 0x8C71, 0x8C51, 0x8C71, 0x8C71, 0x8C71, 0x8C71, 0x8C71, 0x8C71, 0x8C71, 0x8C51, 0x8C71, 0x8C51, 0x8C51, 0x8C51,
    0x8430, 0x8430, 0x8430, 0x8C51, 0x8C51, 0x8C51, 0x8C71, 0x8C71, 0x8430, 0x8C51, 0x8C51, 0x8C51, 0x8C71, 0x8C71, 0x8C51, 0x8C51,
    0x8C51, 0x8C51, 0x8C51, 0x8C71, 0x8430, 0x8430, 0x8430, 0x8410, 0x8C51, 0x8C51, 0x8430, 0x8430, 0x8430, 0x7BCF, 0xB596, 0x8410,
    0x0000, 0xAD75, 0xFFFF, 0xFFFF, 0xFFFF, 0xFFFF, 0xFFFF, 0xFFFF, 0xFFFF, 0xFFFF, 0xFFFF, 0xFFFF, 0xFFFF, 0xFFFF, 0xFFFF, 0xFFFF,
    0xFFFF, 0xFFFF, 0xFFFF, 0xFFFF, 0xFFFF, 0xFFFF, 0xFFFF, 0xFFFF, 0xFFFF, 0xFFFF, 0xFFFF, 0xFFFF, 0xFFFF, 0xFFFF, 0xFFFF, 0xFFFF,
    0xFFFF, 0xFFFF, 0xF7BE, 0x3186, 0x6B4D, 0xB5B6, 0xA514, 0x8C71, 0x94B2, 0x94B2, 0x94B2, 0x94B2, 0x9492, 0x9492, 0x9492, 0x8C71,
    0x9492, 0x9492, 0x9492, 0x94B2, 0x94B2, 0x9492, 0x9CD3, 0x94B2, 0x94B2, 0x94B2, 0x94B2, 0x9492, 0x9492, 0x9492, 0x9492, 0x8C71,
    0x8C71, 0x8C71, 0x9492, 0x94B2, 0x9492, 0x94B2, 0x9492, 0x9492, 0x9492, 0x94B2, 0x9CD3, 0x94B2, 0x9492, 0x9492, 0x94B2, 0x94B2,
    0x94B2, 0x94B2, 0x9492, 0x9492, 0x8C71, 0x9492, 0x9492, 0x9492, 0x8C71, 0x9492, 0x94B2, 0x94B2, 0x9CD3, 0x9492, 0x8C71, 0x94B2,
    0x8410, 0x5AEB, 0x632C, 0x630C, 0x5ACB, 0x5ACB, 0x5ACB, 0x5ACB, 0x630C, 0x5AEB, 0x5ACB, 0x5ACB, 0x5ACB, 0x5AEB, 0x52AA, 0x52AA,
    0x5ACB, 0x528A, 0x528A, 0x52AA, 0x52AA, 0x52AA, 0x528A, 0x5ACB, 0x5ACB, 0x5ACB, 0x528A, 0x5ACB, 0x4A69, 0x4A49, 0x4A69, 0x526A,
    0x528A, 0x4A69, 0x4A69, 0x4A69, 0x4A49, 0x4A49, 0x4A49, 0x4A69, 0x4A49, 0x4A69, 0x4A49, 0x528A, 0x4A69, 0x4228, 0x4A69, 0x4A69,
    0x528A, 0x528A, 0x528A, 0x528A, 0x52AA, 0x5ACB, 0x5AEB, 0x5ACB, 0x52AA, 0x5ACB, 0x5AEB, 0x630C, 0x5AEB, 0x5ACB, 0x5ACB, 0x5AEB,
    0x5AEB, 0x5ACB, 0x5AEB, 0x5ACB, 0x52AA, 0x5ACB, 0x5AEB, 0x5AEB, 0x5ACB, 0x52AA, 0x5AEB, 0x5AEB, 0x5ACB, 0x5AEB, 0x5AEB, 0x5ACB,
    0x52AA, 0x5AEB, 0x5ACB, 0x5ACB, 0x5ACB, 0x5AEB, 0x5AEB, 0x5ACB, 0x5ACB, 0x5ACB, 0x5ACB, 0x5AEB, 0x52AA, 0x52AA, 0x528A, 0x528A,
    0x528A, 0x52AA, 0x5ACB, 0x5ACB, 0x5AEB, 0x5AEB, 0x5ACB, 0x5ACB, 0x5AEB, 0x52AA, 0x52AA, 0x5AEB, 0x5ACB, 0x52AA, 0x5AEB, 0x52AA,
    0x5ACB, 0x5ACB, 0x52AA, 0x5ACB, 0x630C, 0x630C, 0x5AEB, 0x630C, 0x632C, 0x630C, 0x5ACB, 0x5AEB, 0x5AEB, 0x630C, 0x630C, 0x630C,
    0x632C, 0x5AEB, 0x5AEB, 0x5AEB, 0x5AEB, 0x630C, 0x632C, 0x630C, 0x632C, 0x630C, 0x5AEB, 0x630C, 0x6B4D, 0x6B6D, 0x6B6D, 0x738E,
    0x6B6D, 0x6B4D, 0x738E, 0x738E, 0x8C71, 0x9CF3, 0x9CD3, 0x9CD3, 0x9CF3, 0x94B2, 0x94B2, 0x9CD3, 0x94B2, 0x94B2, 0x9CD3, 0x9CD3,
    0x94B2, 0x9CD3, 0x9CD3, 0x9CD3, 0x94B2, 0x9492, 0x94B2, 0x9492, 0x8C71, 0x8C71, 0x8C71, 0x8C51, 0x8C51, 0x8C71, 0x8C51, 0x8C71,
    0x8C51, 0x8C71, 0x8C51, 0x8C51, 0x8C51, 0x8C71, 0x8C51, 0x8C71, 0x8C51, 0x8C51, 0x8C51, 0x9492, 0x9492, 0x8C71, 0x9492, 0x8C71,
    0x8C51, 0x8C51, 0x8C51, 0x8C51, 0x8C51, 0x8C51, 0x8C51, 0x8C71, 0x8C51, 0x8C51, 0x8430, 0x8C51, 0x8C51, 0x9492, 0x8C71, 0x8C51,
    0x8C51, 0x8C51, 0x8430, 0x8430, 0x8430, 0x8430, 0x8C51, 0x8C51, 0x8430, 0x8430, 0x8430, 0x8430, 0x8430, 0x7BEF, 0x94B2, 0xAD55,
    0x0000, 0x632C, 0xFFFF, 0xFFFF, 0xFFFF, 0xFFFF, 0xFFFF, 0xFFFF, 0xFFFF, 0xFFFF, 0xFFFF, 0xFFFF, 0xFFFF, 0xFFFF, 0xFFFF, 0xFFFF,
    0xFFFF, 0xFFFF, 0xFFFF, 0xFFFF, 0xFFFF, 0xFFFF, 0xFFFF, 0xFFFF, 0xFFFF, 0xFFFF, 0xFFFF, 0xFFFF, 0xFFFF, 0xFFFF, 0xFFFF, 0xFFFF,
    0xFFFF, 0xFFFF, 0xD69A, 0x2104, 0x8430, 0xBDF7, 0x9CD3, 0x94B2, 0x9492, 0x94B2, 0x94B2, 0x9492, 0x9492, 0x94B2, 0x94B2, 0x9492,
    0x9492, 0x94B2, 0x9CD3, 0x94B2, 0x9CD3, 0x9492, 0x94B2, 0x9CD3, 0x94B2, 0x9CD3, 0x94B2, 0x9492, 0x9492, 0x8C71, 0x9492, 0x8C71,
    0x8C71, 0x8C71, 0x8C51, 0x8C71, 0x9492, 0x94B2, 0x9492, 0x8C71, 0x9492, 0x94B2, 0x94B2, 0x9492, 0x9492, 0x9492, 0x9492, 0x8C71,
    0x8C71, 0x8C71, 0x9492, 0x9492, 0x8C71, 0x8C71, 0x8C71, 0x8C71, 0x8C71, 0x9492, 0x94B2, 0x9CD3, 0x9CD3, 0x9CD3, 0x94B2, 0x94B2,
    0x6B6D, 0x630C, 0x632C, 0x630C, 0x5ACB, 0x5ACB, 0x5AEB, 0x5AEB, 0x5AEB, 0x5ACB, 0x5ACB, 0x5AEB, 0x5AEB, 0x630C, 0x52AA, 0x528A,
    0x528A, 0x52AA, 0x5ACB, 0x5ACB, 0x52AA, 0x5ACB, 0x4A69, 0x528A, 0x528A, 0x52AA, 0x52AA, 0x52AA, 0x528A, 0x4A69, 0x528A, 0x4A69,
    0x4A49, 0x4A49, 0x4228, 0x4A49, 0x528A, 0x4A69, 0x4A49, 0x528A, 0x4A69, 0x528A, 0x528A, 0x528A, 0x52AA, 0x528A, 0x528A, 0x528A,
    0x52AA, 0x5ACB, 0x52AA, 0x528A, 0x528A, 0x5AEB, 0x5ACB, 0x5AEB, 0x630C, 0x5ACB, 0x630C, 0x5AEB, 0x5AEB, 0x5ACB, 0x5ACB, 0x5AEB,
    0x5AEB, 0x5ACB, 0x5AEB, 0x5ACB, 0x52AA, 0x52AA, 0x5ACB, 0x5ACB, 0x5ACB, 0x5ACB, 0x5ACB, 0x5ACB, 0x5ACB, 0x5AEB, 0x5ACB, 0x52AA,
    0x52AA, 0x630C, 0x5AEB, 0x630C, 0x632C, 0x5ACB, 0x5ACB, 0x5AEB, 0x630C, 0x5ACB, 0x5ACB, 0x52AA, 0x528A, 0x5ACB, 0x52AA, 0x528A,
    0x52AA, 0x5ACB, 0x5ACB, 0x5ACB, 0x5ACB, 0x5ACB, 0x5AEB, 0x632C, 0x5AEB, 0x5AEB, 0x52AA, 0x5ACB, 0x5AEB, 0x5ACB, 0x52AA, 0x52AA,
    0x5AEB, 0x5AEB, 0x630C, 0x5ACB, 0x5ACB, 0x630C, 0x6B4D, 0x630C, 0x630C, 0x5ACB, 0x5AEB, 0x630C, 0x630C, 0x630C, 0x5ACB, 0x5ACB,
    0x630C, 0x632C, 0x632C, 0x5AEB, 0x630C, 0x630C, 0x630C, 0x630C, 0x630C, 0x5AEB, 0x630C, 0x6B4D, 0x632C, 0x6B4D, 0x6B6D, 0x6B6D,
    0x6B4D, 0x738E, 0x6B6D, 0x6B6D, 0x7BEF, 0xA514, 0x9CF3, 0x9CD3, 0x9CF3, 0x94B2, 0x94B2, 0x9CD3, 0x9CF3, 0x9CD3, 0x9CD3, 0x9CD3,
    0x9CD3, 0x9CD3, 0x94B2, 0x94B2, 0x94B2, 0x9492, 0x9492, 0x8C71, 0x94B2, 0x9492, 0x8C51, 0x8C51, 0x8C71, 0x9492, 0x9492, 0x9492,
    0x8C71, 0x9492, 0x8C51, 0x8C51, 0x8430, 0x8C51, 0x8C51, 0x8C71, 0x8C51, 0x8C51, 0x9492, 0x94B2, 0x9492, 0x9492, 0x8C71, 0x8C71,
    0x8C71, 0x8430, 0x8C71, 0x8C51, 0x8C51, 0x8C51, 0x8C51, 0x8C71, 0x8C51, 0x8C71, 0x8C51, 0x8C51, 0x8C51, 0x8C51, 0x8C51, 0x8430,
    0x8C51, 0x8C51, 0x8C51, 0x8430, 0x8C51, 0x8C71, 0x8C51, 0x8430, 0x8430, 0x8430, 0x8430, 0x8430, 0x8430, 0x8410, 0x8410, 0xBDD7,
    0x2124, 0x2104, 0xF7BE, 0xFFFF, 0xFFFF, 0xFFFF, 0xFFFF, 0xFFFF, 0xFFFF, 0xFFFF, 0xFFFF, 0xFFFF, 0xFFFF, 0xFFFF, 0xFFFF, 0xFFFF,
    0xFFFF, 0xFFFF, 0xFFFF, 0xFFFF, 0xFFFF, 0xFFFF, 0xFFFF, 0xFFFF, 0xFFFF, 0xFFFF, 0xFFFF, 0xFFFF, 0xFFFF, 0xFFFF, 0xFFFF, 0xFFFF,
    0xFFFF, 0xFFFF, 0x9CD3, 0x2124, 0x9CD3, 0xBDF7, 0x94B2, 0x9CD3, 0x94B2, 0x94B2, 0x94B2, 0x94B2, 0x9492, 0x9492, 0x9492, 0x94B2,
    0x94B2, 0x9492, 0x94B2, 0x94B2, 0x94B2, 0x94B2, 0x94B2, 0x9492, 0x94B2, 0x94B2, 0x94B2, 0x9492, 0x9492, 0x8C71, 0x8C51, 0x8C51,
    0x8C71, 0x8C71, 0x8C71, 0x8C71, 0x8C71, 0x8C71, 0x9492, 0x9492, 0x9492, 0x9492, 0x94B2, 0x94B2, 0x94B2, 0x9492, 0x9492, 0x9492,
    0x8C71, 0x8C51, 0x8C71, 0x9492, 0x9492, 0x8C71, 0x9492, 0x94B2, 0x94B2, 0x9492, 0x9492, 0x9492, 0x94B2, 0x94B2, 0x9CD3, 0x8410,
    0x5AEB, 0x630C, 0x5AEB, 0x5AEB, 0x5AEB, 0x5ACB, 0x5ACB, 0x5ACB, 0x5AEB, 0x5ACB, 0x528A, 0x52AA, 0x5AEB, 0x5ACB, 0x52AA, 0x528A,
    0x52AA, 0x52AA, 0x528A, 0x528A, 0x5ACB, 0x52AA, 0x4A69, 0x4A49, 0x4A69, 0x4A69, 0x52AA, 0x52AA, 0x528A, 0x52AA, 0x528A, 0x4A69,
    0x4228, 0x4A69, 0x4A69, 0x4A69, 0x4A69, 0x528A, 0x528A, 0x528A, 0x528A, 0x528A, 0x52AA, 0x528A, 0x528A, 0x528A, 0x528A, 0x52AA,
    0x528A, 0x528A, 0x52AA, 0x52AA, 0x528A, 0x528A, 0x52AA, 0x5ACB, 0x5AEB, 0x5ACB, 0x52AA, 0x52AA, 0x5AEB, 0x5ACB, 0x52AA, 0x5AEB,
    0x630C, 0x5ACB, 0x5ACB, 0x528A, 0x52AA, 0x5ACB, 0x528A, 0x52AA, 0x52AA, 0x5AEB, 0x52AA, 0x52AA, 0x52AA, 0x5ACB, 0x5ACB, 0x5ACB,
    0x52AA, 0x5ACB, 0x5AEB, 0x632C, 0x632C, 0x5AEB, 0x5ACB, 0x630C, 0x630C, 0x5AEB, 0x5AEB, 0x52AA, 0x5ACB, 0x528A, 0x5ACB, 0x5ACB,
    0x5ACB, 0x5ACB, 0x630C, 0x5AEB, 0x52AA, 0x5ACB, 0x5ACB, 0x5AEB, 0x5ACB, 0x52AA, 0x52AA, 0x52AA, 0x5ACB, 0x52AA, 0x52AA, 0x5ACB,
    0x5ACB, 0x5ACB, 0x5AEB, 0x5AEB, 0x630C, 0x5AEB, 0x632C, 0x5AEB, 0x5ACB, 0x5ACB, 0x630C, 0x5AEB, 0x5AEB, 0x5AEB, 0x630C, 0x5ACB,
    0x5ACB, 0x630C, 0x5AEB, 0x632C, 0x630C, 0x632C, 0x632C, 0x630C, 0x632C, 0x632C, 0x632C, 0x6B4D, 0x630C, 0x632C, 0x6B6D, 0x6B4D,
    0x6B6D, 0x6B4D, 0x6B6D, 0x73AE, 0x73AE, 0x9492, 0xA514, 0x9CD3, 0x9CD3, 0x9CD3, 0x9CD3, 0x9CF3, 0x9CF3, 0x9CF3, 0x9CF3, 0xA514,
    0x9CF3, 0x9CD3, 0x9492, 0x9492, 0x94B2, 0x9492, 0x9492, 0x9492, 0x8C71, 0x9492, 0x8C71, 0x9492, 0x94B2, 0x94B2, 0x8C71, 0x9492,
    0x8C71, 0x8C71, 0x8C71, 0x8C71, 0x8C71, 0x8C51, 0x8C51, 0x9492, 0x8C71, 0x8C51, 0x8C71, 0x8C71, 0x8C71, 0x9492, 0x8C51, 0x8C51,
    0x8C51, 0x8C51, 0x8C51, 0x8C51, 0x8C51, 0x8C51, 0x8C51, 0x8C51, 0x8C51, 0x8C51, 0x8C51, 0x8C51, 0x8C51, 0x8C51, 0x8430, 0x8430,
    0x8C51, 0x8C51, 0x8C51, 0x8430, 0x8C51, 0x8C51, 0x8C51, 0x8C51, 0x8430, 0x8430, 0x8410, 0x8410, 0x8430, 0x8410, 0x7BCF, 0xAD75,
    0x5ACB, 0x0000, 0xCE59, 0xFFFF, 0xFFFF, 0xFFFF, 0xFFFF, 0xFFFF, 0xFFFF, 0xFFFF, 0xFFFF, 0xFFFF, 0xFFFF, 0xFFFF, 0xFFFF, 0xFFFF,
    0xFFFF, 0xFFFF, 0xFFFF, 0xFFFF, 0xFFFF, 0xFFFF, 0xFFFF, 0xFFFF, 0xFFFF, 0xFFFF, 0xFFFF, 0xFFFF, 0xFFFF, 0xFFFF, 0xFFFF, 0xFFFF,
    0xFFFF, 0xFFFF, 0x632C, 0x39E7, 0xAD75, 0xB5B6, 0x9492, 0x9CD3, 0x94B2, 0x94B2, 0x94B2, 0x9492, 0x94B2, 0x9492, 0x8C71, 0x9492,
    0x94B2, 0x94B2, 0x9492, 0x9492, 0x9492, 0x9492, 0x94B2, 0x94B2, 0x9492, 0x9492, 0x9492, 0x9492, 0x9492, 0x8C71, 0x8C71, 0x8C71,
    0x8C71, 0x9492, 0x8C71, 0x9492, 0x9492, 0x9492, 0x8C71, 0x9492, 0x9492, 0x94B2, 0x9CD3, 0x94B2, 0x94B2, 0x94B2, 0x94B2, 0x9492,
    0x9492, 0x8C71, 0x9492, 0x8C71, 0x9492, 0x9492, 0x94B2, 0x9492, 0x94B2, 0x94B2, 0x94B2, 0x94B2, 0x94B2, 0x94B2, 0x94B2, 0x738E,
    0x630C, 0x632C, 0x630C, 0x630C, 0x630C, 0x630C, 0x5AEB, 0x5AEB, 0x5AEB, 0x5ACB, 0x528A, 0x52AA, 0x52AA, 0x52AA, 0x52AA, 0x52AA,
    0x52AA, 0x52AA, 0x528A, 0x52AA, 0x52AA, 0x5ACB, 0x5ACB, 0x528A, 0x4A69, 0x4A69, 0x528A, 0x4A69, 0x52AA, 0x52AA, 0x528A, 0x4A69,
    0x4A49, 0x4A49, 0x528A, 0x528A, 0x528A, 0x528A, 0x4A69, 0x4A69, 0x4A69, 0x4A69, 0x4A69, 0x528A, 0x528A, 0x528A, 0x5ACB, 0x52AA,
    0x4A69, 0x528A, 0x528A, 0x528A, 0x52AA, 0x52AA, 0x528A, 0x528A, 0x5ACB, 0x52AA, 0x528A, 0x5ACB, 0x5ACB, 0x5AEB, 0x5AEB, 0x52AA,
    0x52AA, 0x5ACB, 0x52AA, 0x52AA, 0x5ACB, 0x5AEB, 0x5AEB, 0x5AEB, 0x52AA, 0x5ACB, 0x5AEB, 0x52AA, 0x52AA, 0x5AEB, 0x630C, 0x630C,
    0x5AEB, 0x5ACB, 0x5AEB, 0x630C, 0x630C, 0x630C, 0x5AEB, 0x5AEB, 0x630C, 0x5ACB, 0x5AEB, 0x5ACB, 0x5AEB, 0x52AA, 0x52AA, 0x528A,
    0x52AA, 0x52AA, 0x5ACB, 0x5ACB, 0x5ACB, 0x5AEB, 0x5ACB, 0x52AA, 0x5AEB, 0x5ACB, 0x5ACB, 0x5ACB, 0x52AA, 0x52AA, 0x5ACB, 0x5ACB,
    0x5ACB, 0x5ACB, 0x5AEB, 0x52AA, 0x5ACB, 0x5AEB, 0x630C, 0x630C, 0x630C, 0x5AEB, 0x5ACB, 0x5AEB, 0x52AA, 0x5ACB, 0x5AEB, 0x630C,
    0x632C, 0x630C, 0x632C, 0x632C, 0x5AEB, 0x630C, 0x630C, 0x632C, 0x632C, 0x6B4D, 0x632C, 0x632C, 0x632C, 0x6B4D, 0x6B4D, 0x6B4D,
    0x632C, 0x6B4D, 0x6B6D, 0x738E, 0x7BCF, 0x7BEF, 0xA514, 0xA514, 0x9CF3, 0xA514, 0x9CF3, 0x94B2, 0x9CD3, 0x94B2, 0x9CD3, 0x9CD3,
    0x9CD3, 0x94B2, 0x9492, 0x9492, 0x9492, 0x9492, 0x94B2, 0x9492, 0x8C71, 0x9492, 0x8C71, 0x8C71, 0x8C71, 0x9492, 0x8C71, 0x9492,
    0x9492, 0x8C71, 0x8C71, 0x9492, 0x9492, 0x8C71, 0x8C71, 0x9492, 0x8C71, 0x8C51, 0x8C71, 0x8C71, 0x8C71, 0x8C71, 0x8C51, 0x8C51,
    0x8C51, 0x8C71, 0x8C51, 0x8C51, 0x8C71, 0x8C51, 0x8C51, 0x8C51, 0x8430, 0x8C51, 0x8430, 0x8430, 0x8C51, 0x8C71, 0x8C51, 0x8430,
    0x8C51, 0x8C51, 0x8C51, 0x8C51, 0x8C51, 0x8C51, 0x8C51, 0x8C51, 0x8430, 0x8410, 0x8430, 0x8430, 0x8410, 0x8410, 0x7BEF, 0x9CF3,
    0x8430, 0x0000, 0x8410, 0xFFFF, 0xFFFF, 0xFFFF, 0xFFFF, 0xFFFF, 0xFFFF, 0xFFFF, 0xFFFF, 0xFFFF, 0xFFFF, 0xFFFF, 0xFFFF, 0xFFFF,
    0xFFFF, 0xFFFF, 0xFFFF, 0xFFFF, 0xFFFF, 0xFFFF, 0xFFFF, 0xFFFF, 0xFFFF, 0xFFFF, 0xFFFF, 0xFFFF, 0xFFFF, 0xFFFF, 0xFFFF, 0xFFFF,
    0xFFFF, 0xFFDF, 0x39E7, 0x630C, 0xBDD7, 0xAD55, 0x8C71, 0x94B2, 0x9492, 0x94B2, 0x8C71, 0x8C71, 0x94B2, 0x9492, 0x9492, 0x8C71,
    0x94B2, 0x94B2, 0x9492, 0x9492, 0x9492, 0x8C71, 0x8C71, 0x9492, 0x8C71, 0x8C71, 0x8C71, 0x8C71, 0x9492, 0x8C71, 0x8C71, 0x9492,
    0x8C51, 0x8C51, 0x8C51, 0x9492, 0x94B2, 0x9492, 0x9492, 0x9492, 0x9492, 0x94B2, 0x94B2, 0x9492, 0x9492, 0x9492, 0x94B2, 0x9492,
    0x9492, 0x8C71, 0x8C71, 0x9492, 0x9492, 0x9492, 0x94B2, 0x94B2, 0x94B2, 0x94B2, 0x94B2, 0x9CD3, 0x9492, 0x9CD3, 0x7BEF, 0x5AEB,
    0x632C, 0x6B4D, 0x6B4D, 0x630C, 0x630C, 0x632C, 0x630C, 0x5AEB, 0x5ACB, 0x5ACB, 0x5ACB, 0x528A, 0x5AAB, 0x5ACB, 0x5AEB, 0x5AEB,
    0x5ACB, 0x52AA, 0x528A, 0x528A, 0x4A69, 0x528A, 0x52AA, 0x52AA, 0x52AA, 0x528A, 0x528A, 0x4A49, 0x4A69, 0x4A49, 0x4A49, 0x4A69,
    0x4A49, 0x4A69, 0x528A, 0x528A, 0x4A69, 0x528A, 0x52AA, 0x52AA, 0x528A, 0x4A49, 0x4A49, 0x528A, 0x52AA, 0x5ACB, 0x52AA, 0x52AA,
    0x528A, 0x4A69, 0x528A, 0x4A69, 0x4A69, 0x528A, 0x4A89, 0x52AA, 0x5AEB, 0x5ACB, 0x5ACB, 0x52AA, 0x5AEB, 0x630C, 0x5ACB, 0x528A,
    0x528A, 0x5ACB, 0x5AEB, 0x5ACB, 0x5AEB, 0x5ACB, 0x630C, 0x630C, 0x5ACB, 0x5ACB, 0x5ACB, 0x5AEB, 0x5AEB, 0x5AEB, 0x630C, 0x630C,
    0x5AEB, 0x5ACB, 0x5AEB, 0x630C, 0x630C, 0x630C, 0x5AEB, 0x5AEB, 0x5AEB, 0x5AEB, 0x5ACB, 0x5AEB, 0x5AEB, 0x5AEB, 0x5ACB, 0x528A,
    0x5ACB, 0x5ACB, 0x5ACB, 0x52AA, 0x528A, 0x528A, 0x5ACB, 0x5ACB, 0x5AEB, 0x5ACB, 0x5AEB, 0x630C, 0x630C, 0x5ACB, 0x5ACB, 0x5ACB,
    0x5ACB, 0x5AEB, 0x52AA, 0x52AA, 0x5ACB, 0x5AEB, 0x5ACB, 0x630C, 0x5AEB, 0x52AA, 0x5ACB, 0x5AEB, 0x630C, 0x630C, 0x5AEB, 0x630C,
    0x6B4D, 0x6B6D, 0x6B4D, 0x632C, 0x632C, 0x630C, 0x5AEB, 0x630C, 0x5AEB, 0x630C, 0x632C, 0x630C, 0x632C, 0x632C, 0x632C, 0x6B4D,
    0x6B6D, 0x738E, 0x738E, 0x6B6D, 0x738E, 0x738E, 0x94B2, 0xA514, 0xA514, 0x9CF3, 0x9CD3, 0x9CD3, 0x9CD3, 0x9CD3, 0x9CD3, 0x9CD3,
    0x94B2, 0x9CD3, 0x94B2, 0x94B2, 0x94B2, 0x94B2, 0x9CD3, 0x94B2, 0x94B2, 0x94B2, 0x9492, 0x8C71, 0x9492, 0x9CD3, 0x94B2, 0x9492,
    0x9492, 0x9492, 0x9492, 0x8C71, 0x8C71, 0x94B2, 0x94B2, 0x8C71, 0x9492, 0x8C71, 0x8C71, 0x8C71, 0x8C71, 0x8C71, 0x8C71, 0x8C71,
    0x8C71, 0x8C51, 0x8430, 0x8C51, 0x8C71, 0x8C51, 0x8430, 0x8C71, 0x8C51, 0x8430, 0x8C51, 0x8C51, 0x8C51, 0x8C71, 0x8C51, 0x8C51,
    0x8C51, 0x8C71, 0x8C71, 0x8C51, 0x8C51, 0x8C71, 0x8C51, 0x8430, 0x8430, 0x8C51, 0x8C51, 0x8430, 0x8410, 0x8410, 0x8410, 0x8430,
    0x9CF3, 0x0841, 0x39E7, 0xFFFF, 0xFFFF, 0xFFFF, 0xFFFF, 0xFFFF, 0xFFFF, 0xFFFF, 0xFFFF, 0xFFFF, 0xFFFF, 0xFFFF, 0xFFFF, 0xFFFF,
    0xFFFF, 0xFFFF, 0xFFFF, 0xFFFF, 0xFFFF, 0xFFFF, 0xFFFF, 0xFFFF, 0xFFFF, 0xFFFF, 0xFFFF, 0xFFFF, 0xFFFF, 0xFFFF, 0xFFFF, 0xFFFF,
    0xFFFF, 0xDEFB, 0x2124, 0x8410, 0xC618, 0x94B2, 0x9492, 0x94B2, 0x9492, 0x94B2, 0x8C71, 0x8C71, 0x8C71, 0x9492, 0x94B2, 0x94B2,
    0x94B2, 0x94B2, 0x9492, 0x9492, 0x9492, 0x9492, 0x8C71, 0x9492, 0x8C51, 0x9492, 0x9492, 0x8C71, 0x9492, 0x8C71, 0x9492, 0x8C71,
    0x8C51, 0x8C71, 0x8C51, 0x8C71, 0x9492, 0x9492, 0x9492, 0x9492, 0x9492, 0x94B2, 0x9492, 0x94B2, 0x9492, 0x9492, 0x94B2, 0x9492,
    0x9492, 0x9492, 0x8C71, 0x9492, 0x9492, 0x9492, 0x94B2, 0x9492, 0x9492, 0x94B2, 0x94B2, 0x9CD3, 0x94B2, 0x9492, 0x632C, 0x5ACB,
    0x632C, 0x632C, 0x630C, 0x5AEB, 0x5AEB, 0x5AEB, 0x630C, 0x5ACB, 0x5ACB, 0x52AA, 0x5ACB, 0x52AA, 0x5ACB, 0x5ACB, 0x5ACB, 0x5ACB,
    0x5AEB, 0x52AA, 0x52AA, 0x528A, 0x528A, 0x52AA, 0x5ACB, 0x52AA, 0x52AA, 0x52AA, 0x4A69, 0x528A, 0x4A69, 0x528A, 0x4A49, 0x4A49,
    0x4A49, 0x4A49, 0x528A, 0x4A69, 0x52AA, 0x52AA, 0x5ACB, 0x52AA, 0x528A, 0x528A, 0x528A, 0x528A, 0x52AA, 0x5ACB, 0x52AA, 0x4A69,
    0x528A, 0x52AA, 0x52AA, 0x528A, 0x52AA, 0x528A, 0x5ACB, 0x52AA, 0x528A, 0x52AA, 0x5ACB, 0x5ACB, 0x5ACB, 0x5AEB, 0x5ACB, 0x5ACB,
    0x5ACB, 0x5ACB, 0x5AEB, 0x52AA, 0x528A, 0x5ACB, 0x5AEB, 0x630C, 0x5AEB, 0x52AA, 0x5AEB, 0x5AEB, 0x5AEB, 0x5AEB, 0x630C, 0x5AEB,
    0x630C, 0x5AEB, 0x630C, 0x630C, 0x6B4D, 0x5AEB, 0x5ACB, 0x5AEB, 0x5AEB, 0x5ACB, 0x5ACB, 0x5ACB, 0x5AEB, 0x5AEB, 0x5AEB, 0x5AEB,
    0x5ACB, 0x5AEB, 0x5AEB, 0x5AEB, 0x5ACB, 0x5ACB, 0x5AEB, 0x630C, 0x5ACB, 0x5ACB, 0x5AEB, 0x5AEB, 0x5AEB, 0x5AEB, 0x630C, 0x5AEB,
    0x5ACB, 0x5AEB, 0x630C, 0x5ACB, 0x5ACB, 0x52AA, 0x5ACB, 0x5ACB, 0x5ACB, 0x5ACB, 0x5ACB, 0x5AEB, 0x632C, 0x632C, 0x6B4D, 0x632C,
    0x630C, 0x6B4D, 0x6B6D, 0x6B4D, 0x6B4D, 0x630C, 0x5AEB, 0x630C, 0x6B4D, 0x5AEB, 0x632C, 0x632C, 0x632C, 0x6B4D, 0x6B6D, 0x73AE,
    0x738E, 0x738E, 0x738E, 0x738E, 0x6B6D, 0x6B6D, 0x7BCF, 0x9CF3, 0x9CF3, 0x9CF3, 0x9CF3, 0x9CD3, 0x9CF3, 0x9CF3, 0xA514, 0xA4F4,
    0x9CD3, 0x9CF3, 0x9CD3, 0x94B2, 0x94B2, 0x94B2, 0x94B2, 0x9CD3, 0x9CD3, 0x94B2, 0x94B2, 0x9492, 0x94B2, 0x9CD3, 0x9CD3, 0x94B2,
    0x94B2, 0x94B2, 0x9492, 0x8C71, 0x9492, 0x94B2, 0x9492, 0x9492, 0x9492, 0x8C71, 0x8C71, 0x8C71, 0x9492, 0x9492, 0x9492, 0x9492,
    0x9492, 0x8C71, 0x8C51, 0x8C71, 0x8C51, 0x8C51, 0x8430, 0x8C51, 0x8C51, 0x8430, 0x8C71, 0x8C71, 0x8C71, 0x8C71, 0x8C71, 0x8C71,
    0x8C71, 0x8C71, 0x8C71, 0x8C71, 0x8C51, 0x8C51, 0x8C51, 0x8C51, 0x8C51, 0x8C71, 0x8C51, 0x8410, 0x8410, 0x8410, 0x8430, 0x7BCF,
    0x9CF3, 0x31A6, 0x0841, 0xDEFB, 0xFFFF, 0xFFFF, 0xFFFF, 0xFFFF, 0xFFFF, 0xFFFF, 0xFFFF, 0xFFFF, 0xFFFF, 0xFFFF, 0xFFFF, 0xFFFF,
    0xFFFF, 0xFFFF, 0xFFFF, 0xFFFF, 0xFFFF, 0xFFFF, 0xFFFF, 0xFFFF, 0xFFFF, 0xFFFF, 0xFFFF, 0xFFFF, 0xFFFF, 0xFFFF, 0xFFFF, 0xFFFF,
    0xFFFF, 0xAD75, 0x2124, 0x9CD3, 0xC618, 0x8C71, 0x9492, 0x94B2, 0x94B2, 0x9CD3, 0x9492, 0x8C71, 0x8C71, 0x8C71, 0x9492, 0x9CD3,
    0x94B2, 0x94B2, 0x9492, 0x8C71, 0x9492, 0x9492, 0x9492, 0x9492, 0x8C71, 0x94B2, 0x9492, 0x8C71, 0x9492, 0x9492, 0x9492, 0x8C71,
    0x8C71, 0x9492, 0x8C71, 0x8C71, 0x94B2, 0x9492, 0x9492, 0x8C71, 0x94B2, 0x94B2, 0x8C71, 0x9492, 0x9492, 0x9492, 0x94B2, 0x94B2,
    0x9492, 0x9492, 0x9492, 0x94B2, 0x94B2, 0x9492, 0x8C71, 0x9492, 0x94B2, 0x9492, 0x94B2, 0x94B2, 0x9CD3, 0x7BEF, 0x630C, 0x630C,
    0x6B4D, 0x6B4D, 0x630C, 0x5AEB, 0x5ACB, 0x5AEB, 0x5AEB, 0x632C, 0x630C, 0x5AEB, 0x5AEB, 0x5ACB, 0x5AEB, 0x52AA, 0x52AA, 0x5ACB,
    0x5AEB, 0x5ACB, 0x5ACB, 0x52AA, 0x52AA, 0x5ACB, 0x5ACB, 0x5ACB, 0x52AA, 0x5ACB, 0x52AA, 0x52AA, 0x52AA, 0x52AA, 0x528A, 0x4A69,
    0x4A49, 0x528A, 0x528A, 0x4A69, 0x4A69, 0x528A, 0x526A, 0x4A49, 0x4A49, 0x528A, 0x528A, 0x528A, 0x528A, 0x52AA, 0x52AA, 0x4A69,
    0x528A, 0x4A69, 0x528A, 0x52AA, 0x52AA, 0x52AA, 0x528A, 0x52AA, 0x5ACB, 0x528A, 0x52AA, 0x5ACB, 0x52AA, 0x528A, 0x528A, 0x5ACB,
    0x5ACB, 0x5ACB, 0x52AA, 0x5ACB, 0x5ACB, 0x5ACB, 0x632C, 0x5ACB, 0x5ACB, 0x52AA, 0x52CA, 0x528A, 0x52AA, 0x52AA, 0x5ACB, 0x630C,
    0x632C, 0x6B4D, 0x632C, 0x5AEB, 0x630C, 0x5AEB, 0x5ACB, 0x5ACB, 0x5ACB, 0x52AA, 0x5ACB, 0x630C, 0x5AEB, 0x5AEB, 0x630C, 0x5AEB,
    0x5AEB, 0x5AEB, 0x5ACB, 0x630C, 0x5AEB, 0x630C, 0x630C, 0x5ACB, 0x52AA, 0x52AA, 0x52AA, 0x52AA, 0x528A, 0x5AEB, 0x632C, 0x630C,
    0x5AEB, 0x5AEB, 0x630C, 0x5ACB, 0x52AA, 0x5ACB, 0x5AEB, 0x5ACB, 0x5ACB, 0x5ACB, 0x5AEB, 0x630C, 0x6B4D, 0x632C, 0x6B4D, 0x632C,
    0x5AEB, 0x5AEB, 0x632C, 0x632C, 0x630C, 0x630C, 0x5AEB, 0x632C, 0x5AEB, 0x630C, 0x6B4D, 0x6B4D, 0x6B4D, 0x6B6D, 0x738E, 0x6B6D,
    0x6B4D, 0x6B6D, 0x73AE, 0x738E, 0x73AE, 0x738E, 0x6B6D, 0x94B2, 0xA514, 0xA514, 0x9CD3, 0x9CF3, 0x9CF3, 0x9CF3, 0xA514, 0xA514,
    0x9CF3, 0x9CF3, 0x9CD3, 0x94B2, 0x94B2, 0x94B2, 0x94B2, 0x9CD3, 0x9CD3, 0x94B2, 0x94B2, 0x94B2, 0x9492, 0x94B2, 0x94B2, 0x9492,
    0x94B2, 0x9492, 0x9492, 0x8C71, 0x9492, 0x9492, 0x8C71, 0x9492, 0x94B2, 0x9492, 0x8C71, 0x9492, 0x8C71, 0x9492, 0x9492, 0x8C71,
    0x9492, 0x9492, 0x8C71, 0x8C71, 0x8C71, 0x8C71, 0x9492, 0x8C71, 0x8C71, 0x8C71, 0x8C71, 0x8C71, 0x9492, 0x9492, 0x8C71, 0x8C71,
    0x8C71, 0x8C71, 0x8C71, 0x8C71, 0x8C71, 0x8C51, 0x8C71, 0x9492, 0x8C71, 0x8C51, 0x8430, 0x8430, 0x8430, 0x8410, 0x8410, 0x7BCF,
    0x94B2, 0x632C, 0x0000, 0xA4F4, 0xFFFF, 0xFFFF, 0xFFFF, 0xFFFF, 0xFFFF, 0xFFFF, 0xFFFF, 0xFFFF, 0xFFFF, 0xFFFF, 0xFFFF, 0xFFFF,
    0xFFFF, 0xFFFF, 0xFFFF, 0xFFFF, 0xFFFF, 0xFFFF, 0xFFFF, 0xFFFF, 0xFFFF, 0xFFFF, 0xFFFF, 0xFFFF, 0xFFFF, 0xFFFF, 0xFFFF, 0xFFDF,
    0xFFFF, 0x73AE, 0x31A6, 0xAD55, 0xB5B6, 0x8C51, 0x9492, 0x9492, 0x94B2, 0x94B2, 0x9492, 0x9492, 0x94B2, 0x8C71, 0x8C71, 0x9492,
    0x94B2, 0x94B2, 0x94B2, 0x94B2, 0x94B2, 0x9492, 0x9492, 0x9492, 0x9492, 0x94B2, 0x8C71, 0x9492, 0x94B2, 0x9492, 0x9492, 0x8C71,
    0x8C71, 0x9492, 0x9492, 0x9492, 0x94B2, 0x9492, 0x8C71, 0x94B2, 0x94B2, 0x8C71, 0x8C71, 0x8C71, 0x9492, 0x9492, 0x9492, 0x9CF3,
    0x9CD3, 0x9492, 0x94B2, 0x94B2, 0x94B2, 0x94B2, 0x94B2, 0x9CD3, 0x9CD3, 0x9CD3, 0x9CF3, 0x9CF3, 0x9CD3, 0x73AE, 0x632C, 0x632C,
    0x6B4D, 0x630C, 0x5AEB, 0x5AEB, 0x5AEB, 0x5AEB, 0x5AEB, 0x630C, 0x630C, 0x630C, 0x630C, 0x5ACB, 0x5ACB, 0x52AA, 0x5ACB, 0x5ACB,
    0x52AA, 0x52AA, 0x52AA, 0x52AA, 0x528A, 0x528A, 0x52AA, 0x528A, 0x5ACB, 0x528A, 0x52AA, 0x52AA, 0x4A69, 0x52AA, 0x4A69, 0x4A49,
    0x4A69, 0x528A, 0x4A69, 0x4A69, 0x4A69, 0x4A69, 0x4A69, 0x4A49, 0x4A49, 0x4A69, 0x528A, 0x528A, 0x528A, 0x4A69, 0x52AA, 0x528A,
    0x52AA, 0x528A, 0x528A, 0x528A, 0x528A, 0x4A69, 0x528A, 0x52AA, 0x5ACB, 0x52AA, 0x5ACB, 0x5AEB, 0x5ACB, 0x5ACB, 0x5AEB, 0x630C,
    0x5AEB, 0x5AEB, 0x5ACB, 0x5AEB, 0x630C, 0x630C, 0x632C, 0x5AEB, 0x5AEB, 0x5ACB, 0x528A, 0x5ACB, 0x52AA, 0x5ACB, 0x5ACB, 0x5AEB,
    0x5ACB, 0x5ACB, 0x5AEB, 0x5ACB, 0x5ACB, 0x630C, 0x630C, 0x5ACB, 0x5AEB, 0x630C, 0x5ACB, 0x5ACB, 0x5AEB, 0x5AEB, 0x5AEB, 0x5ACB,
    0x5ACB, 0x630C, 0x630C, 0x5AEB, 0x5AEB, 0x632C, 0x630C, 0x5AEB, 0x5AEB, 0x5ACB, 0x52AA, 0x52AA, 0x5ACB, 0x5AEB, 0x5AEB, 0x630C,
    0x632C, 0x5AEB, 0x5ACB, 0x52AA, 0x5AEB, 0x632C, 0x630C, 0x630C, 0x5AEB, 0x5ACB, 0x5ACB, 0x632C, 0x632C, 0x630C, 0x632C, 0x6B4D,
    0x6B4D, 0x632C, 0x630C, 0x632C, 0x632C, 0x632C, 0x632C, 0x632C, 0x5AEB, 0x632C, 0x632C, 0x6B4D, 0x738E, 0x6B4D, 0x6B4D, 0x6B4D,
    0x6B4D, 0x6B6D, 0x6B4D, 0x6B6D, 0x6B6D, 0x6B4D, 0x6B6D, 0x7BEF, 0xA514, 0xA514, 0xA514, 0x9CF3, 0x9CD3, 0x9CF3, 0x9CF3, 0x9CD3,
    0x9CD3, 0x9CD3, 0x9CD3, 0x94B2, 0x9492, 0x9492, 0x94B2, 0x94B2, 0x94B2, 0x94B2, 0x94B2, 0x94B2, 0x94B2, 0x9492, 0x9CD3, 0x9CD3,
    0x9CD3, 0x94B2, 0x9492, 0x8C71, 0x8C71, 0x8C71, 0x8C71, 0x8C71, 0x9492, 0x8C71, 0x8C71, 0x9492, 0x8C71, 0x94B2, 0x9492, 0x8C71,
    0x8C71, 0x8C51, 0x8C71, 0x8C71, 0x8C51, 0x8C51, 0x8C71, 0x9492, 0x8C71, 0x8C71, 0x8C51, 0x8C71, 0x9492, 0x8C71, 0x8C71, 0x8C71,
    0x8C51, 0x8C71, 0x8C71, 0x8C71, 0x8C71, 0x8C51, 0x8C71, 0x8C71, 0x8C51, 0x8C51, 0x8C51, 0x8430, 0x8410, 0x8410, 0x8410, 0x7BEF,
    0x8C51, 0x8C51, 0x0000, 0x632C, 0xFFFF, 0xFFFF, 0xFFFF, 0xFFFF, 0xFFFF, 0xFFFF, 0xFFFF, 0xFFFF, 0xFFFF, 0xFFFF, 0xFFFF, 0xFFFF,
    0xFFFF, 0xFFFF, 0xFFFF, 0xFFFF, 0xFFFF, 0xFFFF, 0xFFFF, 0xFFFF, 0xFFFF, 0xFFFF, 0xFFFF, 0xFFFF, 0xFFFF, 0xFFFF, 0xFFFF, 0xFFFF,
    0xFFFF, 0x4228, 0x528A, 0xBDD7, 0xAD55, 0x8C51, 0x9492, 0x94B2, 0x9492, 0x94B2, 0x9492, 0x94B2, 0x94B2, 0x9492, 0x8C71, 0x8C71,
    0x94B2, 0x94B2, 0x94B2, 0x94B2, 0x94B2, 0x9492, 0x9492, 0x9492, 0x9492, 0x9492, 0x9492, 0x9492, 0x94B2, 0x8C71, 0x8C51, 0x8C71,
    0x8C51, 0x8C71, 0x8C71, 0x9492, 0x9492, 0x9492, 0x9492, 0x94B2, 0x94B2, 0x8C71, 0x8C71, 0x94B2, 0x9492, 0x9492, 0x9492, 0x94B2,
    0x94B2, 0x8C71, 0x94B2, 0x94B2, 0x94B2, 0x94B2, 0xA514, 0x9CF3, 0x9CD3, 0x9CF3, 0x9CD3, 0xA514, 0x8410, 0x630C, 0x632C, 0x630C,
    0x632C, 0x632C, 0x5ACB, 0x5ACB, 0x630C, 0x630C, 0x630C, 0x5AEB, 0x5AEB, 0x630C, 0x5AEB, 0x5AEB, 0x5AEB, 0x5ACB, 0x52AA, 0x630C,
    0x5AEB, 0x52AA, 0x52AA, 0x528A, 0x528A, 0x52AA, 0x52AA, 0x528A, 0x5ACB, 0x5AAB, 0x5ACB, 0x5ACB, 0x5ACB, 0x528A, 0x528A, 0x528A,
    0x528A, 0x4A69, 0x526A, 0x4A69, 0x4A69, 0x4A49, 0x4A49, 0x528A, 0x4A69, 0x4A69, 0x528A, 0x528A, 0x528A, 0x528A, 0x5ACB, 0x52AA,
    0x528A, 0x528A, 0x4A69, 0x528A, 0x52AA, 0x52AA, 0x5ACB, 0x52AA, 0x52AA, 0x5ACB, 0x5ACB, 0x5ACB, 0x52AA, 0x52AA, 0x5ACB, 0x5AEB,
    0x5AEB, 0x630C, 0x630C, 0x5AEB, 0x5ACB, 0x630C, 0x5AEB, 0x5AEB, 0x5AEB, 0x5AEB, 0x5AEB, 0x5AEB, 0x5ACB, 0x5ACB, 0x5AEB, 0x5AEB,
    0x630C, 0x5AEB, 0x630C, 0x5AEB, 0x630C, 0x5AEB, 0x6B4D, 0x632C, 0x632C, 0x630C, 0x5AEB, 0x5AEB, 0x5AEB, 0x630C, 0x632C, 0x5AEB,
    0x5ACB, 0x630C, 0x630C, 0x5ACB, 0x5AEB, 0x632C, 0x630C, 0x630C, 0x632C, 0x6B4D, 0x630C, 0x630C, 0x632C, 0x632C, 0x5AEB, 0x5AEB,
    0x630C, 0x630C, 0x5AEB, 0x5ACB, 0x5ACB, 0x5ACB, 0x5AEB, 0x630C, 0x630C, 0x630C, 0x630C, 0x5AEB, 0x632C, 0x630C, 0x630C, 0x630C,
    0x6B4D, 0x632C, 0x632C, 0x6B4D, 0x6B6D, 0x6B6D, 0x6B4D, 0x632C, 0x6B4D, 0x632C, 0x6B4D, 0x630C, 0x6B4D, 0x632C, 0x632C, 0x6B4D,
    0x6B4D, 0x6B4D, 0x6B6D, 0x6B6D, 0x6B6D, 0x73AE, 0x7BEF, 0x73AE, 0x9CF3, 0xA534, 0xA514, 0xA514, 0x9CF3, 0x9CF3, 0x9CF3, 0x9CD3,
    0x9CD3, 0x9CF3, 0x9CF3, 0x9CF3, 0x9CD3, 0x9492, 0x9492, 0x94B2, 0x9CD3, 0x94B2, 0x94B2, 0x94B2, 0x94B2, 0x94B2, 0x9CD3, 0x9CF3,
    0x94B2, 0x94B2, 0x94B2, 0x9492, 0x8C71, 0x8C71, 0x8C71, 0x8C71, 0x8C71, 0x8C51, 0x9492, 0x8C71, 0x9492, 0x9492, 0x9492, 0x9492,
    0x94B2, 0x9492, 0x8C71, 0x8C71, 0x8C71, 0x8C51, 0x9492, 0x9492, 0x8C71, 0x8C71, 0x9492, 0x9492, 0x8C71, 0x9492, 0x8C71, 0x8C71,
    0x8C51, 0x8C51, 0x8C71, 0x9492, 0x8C71, 0x8C51, 0x8C71, 0x8C71, 0x8C51, 0x8C51, 0x8C51, 0x8C51, 0x8430, 0x8410, 0x8410, 0x8410,
    0x8410, 0x9CD3, 0x18E3, 0x2104, 0xF79E, 0xFFFF, 0xFFFF, 0xFFFF, 0xFFFF, 0xFFFF, 0xFFFF, 0xFFFF, 0xFFFF, 0xFFFF, 0xFFFF, 0xFFFF,
    0xFFFF, 0xFFFF, 0xFFFF, 0xFFFF, 0xFFFF, 0xFFFF, 0xFFFF, 0xFFFF, 0xFFFF, 0xFFFF, 0xFFFF, 0xFFFF, 0xFFFF, 0xFFFF, 0xFFFF, 0xFFFF,
    0xEF5D, 0x2124, 0x738E, 0xC618, 0x9CF3, 0x8C71, 0x9492, 0x9492, 0x9492, 0x94B2, 0x9492, 0x9492, 0x94B2, 0x9492, 0x8C71, 0x8C71,
    0x8C71, 0x94B2, 0x9492, 0x9492, 0x9492, 0x9492, 0x94B2, 0x94B2, 0x94B2, 0x9492, 0x9492, 0x94B2, 0x94B2, 0x8C71, 0x8C71, 0x8C71,
    0x9492, 0x9492, 0x8C71, 0x9492, 0x8C71, 0x9492, 0x9492, 0x9492, 0x94B2, 0x9492, 0x9492, 0x9492, 0x9492, 0x8C71, 0x9492, 0x94B2,
    0x94B2, 0x94B2, 0x9CD3, 0x9CD3, 0x9CD3, 0x9CD3, 0x9CF3, 0xA514, 0x9CF3, 0xA514, 0xA514, 0x9CD3, 0x6B4D, 0x630C, 0x632C, 0x5AEB,
    0x5AEB, 0x632C, 0x630C, 0x630C, 0x630C, 0x632C, 0x630C, 0x630C, 0x5AEB, 0x5ACB, 0x5ACB, 0x5AEB, 0x5ACB, 0x52AA, 0x52AA, 0x5AEB,
    0x52AA, 0x5ACB, 0x52AA, 0x528A, 0x4A69, 0x528A, 0x52AA, 0x5ACB, 0x52AA, 0x52AA, 0x52AA, 0x52AA, 0x5ACB, 0x528A, 0x528A, 0x52AA,
    0x528A, 0x528A, 0x528A, 0x528A, 0x528A, 0x4A49, 0x4A69, 0x528A, 0x528A, 0x528A, 0x4A69, 0x528A, 0x52AA, 0x5ACB, 0x52AA, 0x528A,
    0x52AA, 0x4A69, 0x52AA, 0x52CA, 0x52AA, 0x528A, 0x5ACB, 0x52AA, 0x526A, 0x52AA, 0x5AEB, 0x5ACB, 0x5ACB, 0x5ACB, 0x5AEB, 0x632C,
    0x6B4D, 0x630C, 0x632C, 0x630C, 0x5AEB, 0x5AEB, 0x5ACB, 0x630C, 0x630C, 0x5ACB, 0x5ACB, 0x52AA, 0x52AA, 0x5ACB, 0x630C, 0x5AEB,
    0x5AEB, 0x5AEB, 0x630C, 0x5AEB, 0x630C, 0x630C, 0x630C, 0x632C, 0x632C, 0x630C, 0x630C, 0x5AEB, 0x5AEB, 0x5AEB, 0x630C, 0x5ACB,
    0x52AA, 0x5ACB, 0x5AEB, 0x5AEB, 0x5ACB, 0x630C, 0x630C, 0x5AEB, 0x630C, 0x632C, 0x630C, 0x630C, 0x5AEB, 0x5AEB, 0x5AEB, 0x5AEB,
    0x5AEB, 0x5AEB, 0x630C, 0x630C, 0x52AA, 0x5AEB, 0x5AEB, 0x5AEB, 0x632C, 0x632C, 0x630C, 0x630C, 0x6B4D, 0x630C, 0x632C, 0x632C,
    0x632C, 0x632C, 0x632C, 0x6B4D, 0x6B6D, 0x6B6D, 0x6B6D, 0x632C, 0x6B4D, 0x6B4D, 0x6B4D, 0x630C, 0x630C, 0x6B6D, 0x632C, 0x630C,
    0x6B4D, 0x6B4D, 0x6B4D, 0x6B6D, 0x73AE, 0x73AE, 0x73AE, 0x7BCF, 0x8C71, 0xA534, 0xA514, 0xA514, 0x9CF3, 0x9CD3, 0x94B2, 0x9CF3,
    0x9CD3, 0x9CD3, 0x9CD3, 0x9CD3, 0x9CD3, 0x94B2, 0x94B2, 0x9CD3, 0x94B2, 0x9CD3, 0x9CD3, 0x9CD3, 0x9CD3, 0x94B2, 0x9492, 0x94B2,
    0x94B2, 0x9492, 0x9492, 0x9492, 0x9492, 0x9492, 0x8C71, 0x8C71, 0x9492, 0x9492, 0x9492, 0x9492, 0x94B2, 0x9492, 0x9492, 0x94B2,
    0x94B2, 0x9492, 0x94B2, 0x8C71, 0x8C71, 0x8C71, 0x9492, 0x8C71, 0x8C51, 0x8C71, 0x94B2, 0x8C71, 0x8C71, 0x9492, 0x9492, 0x8C71,
    0x8C71, 0x8C51, 0x9492, 0x8C71, 0x9492, 0x8C71, 0x9492, 0x8C71, 0x8C51, 0x8C51, 0x8C51, 0x8430, 0x8430, 0x8430, 0x8410, 0x8410,
    0x8410, 0x9492, 0x4A49, 0x0000, 0xC5F8, 0xFFFF, 0xFFFF, 0xFFFF, 0xFFFF, 0xFFFF, 0xFFFF, 0xFFFF, 0xFFFF, 0xFFFF, 0xFFFF, 0xFFFF,
    0xFFFF, 0xFFFF, 0xFFFF, 0xFFFF, 0xFFFF, 0xFFFF, 0xFFFF, 0xFFFF, 0xFFFF, 0xFFFF, 0xFFFF, 0xFFFF, 0xFFFF, 0xFFFF, 0xFFFF, 0xFFFF,
    0xBDF7, 0x18E3, 0x8C71, 0xC618, 0x9492, 0x9492, 0x9492, 0x8C71, 0x8C71, 0x9492, 0x94B2, 0x94B2, 0x94B2, 0x9492, 0x9492, 0x9492,
    0x9492, 0x94B2, 0x9492, 0x9492, 0x9492, 0x94B2, 0x9CD3, 0x94B2, 0x9CD3, 0x9492, 0x8C71, 0x94B2, 0x9492, 0x9492, 0x9492, 0x9492,
    0x9492, 0x8C71, 0x8C71, 0x9492, 0x9492, 0x9492, 0x9492, 0x9492, 0x9492, 0x9492, 0x94B2, 0x94B2, 0x9492, 0x9492, 0x9492, 0x94B2,
    0x9CD3, 0x9CD3, 0x9CD3, 0x9CD3, 0x94B2, 0x94B2, 0x94B2, 0x9CD3, 0x9CF3, 0xA514, 0xA534, 0x8410, 0x630C, 0x6B4D, 0x632C, 0x630C,
    0x630C, 0x630C, 0x632C, 0x630C, 0x5ACB, 0x5AEB, 0x5AEB, 0x630C, 0x5AEB, 0x5ACB, 0x5AEB, 0x632C, 0x5ACB, 0x52AA, 0x52AA, 0x52AA,
    0x528A, 0x52AA, 0x52AA, 0x52AA, 0x4A69, 0x4A49, 0x528A, 0x52AA, 0x528A, 0x528A, 0x52AA, 0x528A, 0x5ACB, 0x52AA, 0x52AA, 0x5ACB,
    0x52AA, 0x528A, 0x528A, 0x528A, 0x528A, 0x4A69, 0x528A, 0x4A69, 0x528A, 0x52AA, 0x4A69, 0x528A, 0x528A, 0x52AA, 0x528A, 0x52AA,
    0x52AA, 0x52AA, 0x52AA, 0x5ACB, 0x5ACB, 0x52AA, 0x5ACB, 0x52AA, 0x52AA, 0x5ACB, 0x52AA, 0x52AA, 0x5ACB, 0x52AA, 0x52AA, 0x5ACB,
    0x5AEB, 0x632C, 0x5AEB, 0x5AEB, 0x5AEB, 0x630C, 0x632C, 0x630C, 0x5AEB, 0x5AEB, 0x52AA, 0x52AA, 0x5AEB, 0x5ACB, 0x630C, 0x5AEB,
    0x632C, 0x5AEB, 0x5AEB, 0x5AEB, 0x5ACB, 0x5AEB, 0x630C, 0x5AEB, 0x630C, 0x630C, 0x5AEB, 0x5AEB, 0x5ACB, 0x630C, 0x630C, 0x5AEB,
    0x5ACB, 0x5ACB, 0x52AA, 0x5ACB, 0x630C, 0x632C, 0x5AEB, 0x630C, 0x632C, 0x630C, 0x5AEB, 0x5AEB, 0x5ACB, 0x5AEB, 0x5AEB, 0x5AEB,
    0x630C, 0x632C, 0x630C, 0x630C, 0x5AEB, 0x630C, 0x5AEB, 0x5ACB, 0x5ACB, 0x630C, 0x5AEB, 0x630C, 0x632C, 0x632C, 0x6B4D, 0x6B4D,
    0x6B4D, 0x6B6D, 0x6B4D, 0x632C, 0x630C, 0x6B4D, 0x6B6D, 0x632C, 0x6B4D, 0x6B6D, 0x6B4D, 0x6B4D, 0x632C, 0x6B4D, 0x6B4D, 0x630C,
    0x6B4D, 0x7BCF, 0x6B6D, 0x6B6D, 0x6B6D, 0x738E, 0x738E, 0x738E, 0x73AE, 0x94B2, 0xA514, 0xA514, 0x9CF3, 0x9CF3, 0x9CF3, 0x9CD3,
    0x9CD3, 0x9CD3, 0x9CF3, 0x9CD3, 0x9CD3, 0x9CD3, 0x9CD3, 0x94B2, 0x94B2, 0x9CD3, 0x9CD3, 0x9CD3, 0x9CD3, 0x9CD3, 0x9CD3, 0x9492,
    0x94B2, 0x94B2, 0x94B2, 0x94B2, 0x9492, 0x9492, 0x9492, 0x8C71, 0x9492, 0x8C71, 0x8C71, 0x8C71, 0x8C71, 0x9492, 0x9492, 0x9492,
    0x9492, 0x8C71, 0x9492, 0x8C71, 0x8C71, 0x8C71, 0x8C71, 0x8C51, 0x8C51, 0x8C51, 0x9492, 0x9492, 0x8C71, 0x8C71, 0x9492, 0x8C71,
    0x8C71, 0x9492, 0x8C71, 0x8C71, 0x8C71, 0x8C71, 0x8C71, 0x8C51, 0x8C51, 0x8C51, 0x8C51, 0x8430, 0x8430, 0x8430, 0x8410, 0x8410,
    0x8410, 0x8C71, 0x6B6D, 0x0000, 0x8430, 0xFFFF, 0xFFFF, 0xFFFF, 0xFFFF, 0xFFFF, 0xFFFF, 0xFFFF, 0xFFFF, 0xFFFF, 0xFFFF, 0xFFFF,
    0xFFFF, 0xFFFF, 0xFFFF, 0xFFFF, 0xFFFF, 0xFFFF, 0xFFFF, 0xFFFF, 0xFFFF, 0xFFFF, 0xFFFF, 0xFFFF, 0xFFFF, 0xFFFF, 0xFFDF, 0xFFFF,
    0x8410, 0x2945, 0xA534, 0xBDF7, 0x8C51, 0x9492, 0x9492, 0x8C71, 0x9492, 0x9492, 0x94B2, 0x9492, 0x8C71, 0x8C71, 0x9492, 0x9492,
    0x8C71, 0x8C71, 0x8C71, 0x9492, 0x94B2, 0x9492, 0x94B2, 0x94B2, 0x94B2, 0x9492, 0x9492, 0x8C71, 0x9492, 0x9492, 0x8C71, 0x8C71,
    0x9492, 0x8C71, 0x8C71, 0x9492, 0x9492, 0x9492, 0x9492, 0x94B2, 0x94B2, 0x9CD3, 0x94B2, 0x94B2, 0x94B2, 0x94B2, 0x94B2, 0x94B2,
    0x94B2, 0x9CD3, 0x9CD3, 0x9CD3, 0x9CD3, 0x9CD3, 0x9CD3, 0x9CD3, 0x94B2, 0x9CF3, 0x9CD3, 0x6B4D, 0x630C, 0x630C, 0x632C, 0x632C,
    0x6B4D, 0x630C, 0x630C, 0x6B4D, 0x6B4D, 0x5ACB, 0x5ACB, 0x5ACB, 0x5ACB, 0x5ACB, 0x5AEB, 0x630C, 0x5AEB, 0x52AA, 0x5ACB, 0x52AA,
    0x528A, 0x4A69, 0x5ACB, 0x5ACB, 0x5ACB, 0x5AEB, 0x52AA, 0x52AA, 0x52AA, 0x52AA, 0x630C, 0x5AEB, 0x5ACB, 0x5AAB, 0x52AA, 0x52AA,
    0x5ACB, 0x528A, 0x528A, 0x52AA, 0x528A, 0x4A69, 0x528A, 0x528A, 0x4A69, 0x528A, 0x4A49, 0x4A69, 0x4A69, 0x528A, 0x4A69, 0x528A,
    0x4A69, 0x528A, 0x4A69, 0x5ACB, 0x528A, 0x4A69, 0x52AA, 0x5ACB, 0x5ACB, 0x5AEB, 0x5ACB, 0x52AA, 0x5ACB, 0x52AA, 0x52AA, 0x5ACB,
    0x528A, 0x5ACB, 0x52AA, 0x5AEB, 0x630C, 0x632C, 0x630C, 0x5AEB, 0x630C, 0x5ACB, 0x52AA, 0x5ACB, 0x5AEB, 0x5AEB, 0x5ACB, 0x630C,
    0x6B6D, 0x6B4D, 0x632C, 0x630C, 0x630C, 0x630C, 0x630C, 0x630C, 0x5AEB, 0x5AEB, 0x52AA, 0x5AEB, 0x5ACB, 0x5AEB, 0x5ACB, 0x5AEB,
    0x5AEB, 0x5AEB, 0x630C, 0x5ACB, 0x5ACB, 0x630C, 0x5AEB, 0x630C, 0x632C, 0x632C, 0x5AEB, 0x5AEB, 0x632C, 0x630C, 0x5AEB, 0x5AEB,
    0x632C, 0x630C, 0x630C, 0x630C, 0x630C, 0x5AEB, 0x630C, 0x5ACB, 0x5AEB, 0x5AEB, 0x5ACB, 0x5ACB, 0x632C, 0x632C, 0x6B4D, 0x6B4D,
    0x6B6D, 0x6B6D, 0x6B4D, 0x632C, 0x630C, 0x632C, 0x6B6D, 0x6B6D, 0x6B4D, 0x6B4D, 0x6B6D, 0x632C, 0x632C, 0x632C, 0x632C, 0x6B4D,
    0x6B6D, 0x738E, 0x6B4D, 0x6B6D, 0x6B6D, 0x6B6D, 0x738E, 0x7BCF, 0x738E, 0x7BEF, 0xA514, 0xA514, 0xA514, 0x9CF3, 0xA514, 0x9CF3,
    0x9CF3, 0x9CD3, 0x9CF3, 0x9CD3, 0x94B2, 0x94B2, 0x94B2, 0x94B2, 0x9492, 0x94B2, 0x9CD3, 0x9CD3, 0x9CD3, 0x9CD3, 0x9CD3, 0x94B2,
    0x94B2, 0x9492, 0x9CD3, 0x9CD3, 0x9492, 0x9492, 0x9492, 0x8C71, 0x8C71, 0x8C71, 0x8C71, 0x9492, 0x8C71, 0x8C71, 0x9492, 0x94B2,
    0x9492, 0x9492, 0x8C71, 0x8C51, 0x8C71, 0x8C71, 0x8C71, 0x9492, 0x8C71, 0x8C71, 0x8C71, 0x9492, 0x8C71, 0x9492, 0x8C71, 0x8C71,
    0x8C71, 0x8C71, 0x8C71, 0x9492, 0x8C71, 0x8C71, 0x8C71, 0x8C51, 0x8C71, 0x8C51, 0x8C71, 0x8C51, 0x8C51, 0x8430, 0x8410, 0x8410,
    0x8410, 0x8410, 0x8410, 0x0841, 0x31A6, 0xFFDF, 0xFFFF, 0xFFFF, 0xFFFF, 0xFFFF, 0xFFFF, 0xFFFF, 0xFFFF, 0xFFFF, 0xFFFF, 0xFFFF,
    0xFFFF, 0xFFFF, 0xFFFF, 0xFFFF, 0xFFFF, 0xFFFF, 0xFFFF, 0xFFFF, 0xFFFF, 0xFFFF, 0xFFFF, 0xFFFF, 0xFFFF, 0xFFFF, 0xFFFF, 0xFFFF,
    0x4A69, 0x4228, 0xB5B6, 0xB596, 0x8C51, 0x9492, 0x8C71, 0x9492, 0x9492, 0x9492, 0x9492, 0x9492, 0x94B2, 0x94B2, 0x94B2, 0x9492,
    0x8C51, 0x8C71, 0x8C71, 0x8C71, 0x8C71, 0x9492, 0x94B2, 0x94B2, 0x9492, 0x9492, 0x9492, 0x8C51, 0x9492, 0x8C71, 0x9492, 0x8C51,
    0x8C71, 0x9492, 0x8C71, 0x8C71, 0x94B2, 0x9492, 0x94B2, 0x94B2, 0x94B2, 0x9492, 0x9492, 0x9492, 0x9492, 0x94B2, 0x94B2, 0x9492,
    0x94B2, 0x9CD3, 0x9CD3, 0x9CD3, 0x9CD3, 0x9CD3, 0xA514, 0x9CF3, 0x9CD3, 0x9CF3, 0x8410, 0x5AEB, 0x5AEB, 0x5AEB, 0x5AEB, 0x5AEB,
    0x630C, 0x630C, 0x630C, 0x632C, 0x6B4D, 0x632C, 0x5ACB, 0x52AA, 0x52AA, 0x528A, 0x5ACB, 0x5AEB, 0x630C, 0x5ACB, 0x5ACB, 0x5AEB,
    0x5ACB, 0x528A, 0x52AA, 0x52AA, 0x5ACB, 0x5ACB, 0x52AA, 0x5ACB, 0x5ACB, 0x528A, 0x5ACB, 0x5AEB, 0x5ACB, 0x52AA, 0x52AA, 0x4A69,
    0x528A, 0x52AA, 0x52AA, 0x52AA, 0x528A, 0x4A69, 0x4A69, 0x528A, 0x528A, 0x528A, 0x528A, 0x528A, 0x52AA, 0x4A69, 0x528A, 0x528A,
    0x4A49, 0x4A69, 0x528A, 0x528A, 0x528A, 0x528A, 0x528A, 0x528A, 0x528A, 0x52AA, 0x528A, 0x52AA, 0x630C, 0x5ACB, 0x52AA, 0x5AEB,
    0x52AA, 0x5ACB, 0x52AA, 0x5ACB, 0x5ACB, 0x5AEB, 0x5AEB, 0x5AEB, 0x630C, 0x5AEB, 0x5ACB, 0x630C, 0x5AEB, 0x5ACB, 0x630C, 0x5AEB,
    0x632C, 0x630C, 0x6B4D, 0x630C, 0x630C, 0x630C, 0x5AEB, 0x630C, 0x5AEB, 0x5ACB, 0x5ACB, 0x528A, 0x528A, 0x52AA, 0x5ACB, 0x5AEB,
    0x5AEB, 0x630C, 0x632C, 0x5ACB, 0x5ACB, 0x5AEB, 0x5AEB, 0x630C, 0x5AEB, 0x5AEB, 0x5AEB, 0x630C, 0x632C, 0x630C, 0x630C, 0x6B4D,
    0x6B6D, 0x632C, 0x630C, 0x5AEB, 0x5AEB, 0x5ACB, 0x630C, 0x630C, 0x5AEB, 0x630C, 0x5ACB, 0x5AEB, 0x6B4D, 0x6B4D, 0x632C, 0x6B6D,
    0x6B4D, 0x630C, 0x630C, 0x6B4D, 0x632C, 0x630C, 0x6B6D, 0x6B6D, 0x6B4D, 0x6B6D, 0x632C, 0x632C, 0x6B4D, 0x6B6D, 0x6B6D, 0x6B4D,
    0x6B6D, 0x73AE, 0x738E, 0x73AE, 0x738E, 0x73AE, 0x6B6D, 0x73AE, 0x7BCF, 0x6B6D, 0x94B2, 0xA534, 0xA514, 0x9CF3, 0x9CF3, 0x9CF3,
    0x94B2, 0x9CD3, 0x9CD3, 0x94B2, 0x9CD3, 0x94B2, 0x94B2, 0x9CD3, 0x94B2, 0x9CD3, 0x9CD3, 0x9CD3, 0x94B2, 0x9CF3, 0x94B2, 0x9492,
    0x94B2, 0x9492, 0x94B2, 0x9492, 0x9492, 0x9492, 0x9492, 0x9492, 0x8C71, 0x9492, 0x9492, 0x9492, 0x94B2, 0x9492, 0x9492, 0x9492,
    0x9492, 0x9492, 0x8C71, 0x8C71, 0x8C51, 0x8C51, 0x8C71, 0x9492, 0x9492, 0x9492, 0x9492, 0x94B2, 0x94B2, 0x8C71, 0x9492, 0x8C71,
    0x8C71, 0x8C71, 0x8C71, 0x9492, 0x9492, 0x8C71, 0x8C71, 0x8C71, 0x8C71, 0x8C71, 0x8C51, 0x8C51, 0x8430, 0x8430, 0x8410, 0x8430,
    0x8430, 0x8410, 0x8C71, 0x3186, 0x0841, 0xDEFB, 0xFFFF, 0xFFFF, 0xFFFF, 0xFFFF, 0xFFFF, 0xFFFF, 0xFFFF, 0xFFFF, 0xFFFF, 0xFFFF,
    0xFFFF, 0xFFFF, 0xFFFF, 0xFFFF, 0xFFFF, 0xFFFF, 0xFFFF, 0xFFFF, 0xFFFF, 0xFFFF, 0xFFFF, 0xFFFF, 0xFFFF, 0xFFFF, 0xFFFF, 0xF79E,
    0x2945, 0x632C, 0xBDF7, 0xA514, 0x8C71, 0x8C71, 0x8C51, 0x8C71, 0x9492, 0x9492, 0x9492, 0x94B2, 0x9492, 0x94B2, 0x94B2, 0x8C71,
    0x8C71, 0x9492, 0x8C71, 0x8C71, 0x8C71, 0x9492, 0x9492, 0x9492, 0x9492, 0x94B2, 0x9492, 0x9492, 0x9492, 0x8C71, 0x8C71, 0x8C71,
    0x8C71, 0x8C71, 0x8C71, 0x9492, 0x9492, 0x94B2, 0x9492, 0x9492, 0x9492, 0x8C71, 0x8C71, 0x8C71, 0x9492, 0x94B2, 0x94B2, 0x94B2,
    0x94B2, 0x94B2, 0x9CD3, 0x9CD3, 0x9CF3, 0xA534, 0xA514, 0x9CF3, 0x9CF3, 0x94B2, 0x6B4D, 0x630C, 0x630C, 0x630C, 0x5AEB, 0x630C,
    0x5AEB, 0x630C, 0x5AEB, 0x5ACB, 0x630C, 0x632C, 0x5AEB, 0x5ACB, 0x52AA, 0x52AA, 0x5ACB, 0x630C, 0x632C, 0x630C, 0x5ACB, 0x5ACB,
    0x5AEB, 0x5AEB, 0x5ACB, 0x528A, 0x52AA, 0x5AEB, 0x5AEB, 0x5ACB, 0x52AA, 0x52AA, 0x52AA, 0x5AEB, 0x630C, 0x5ACB, 0x52AA, 0x528A,
    0x528A, 0x52AA, 0x52AA, 0x528A, 0x528A, 0x4A69, 0x528A, 0x4A69, 0x528A, 0x5ACB, 0x5AEB, 0x5ACB, 0x52AA, 0x528A, 0x528A, 0x5ACB,
    0x528A, 0x528A, 0x5ACB, 0x52AA, 0x52AA, 0x4A69, 0x528A, 0x5ACB, 0x528A, 0x4A69, 0x52AA, 0x5ACB, 0x630C, 0x5ACB, 0x5ACB, 0x5ACB,
    0x5AEB, 0x5AEB, 0x5AEB, 0x5ACB, 0x5ACB, 0x5ACB, 0x5AEB, 0x5ACB, 0x5AEB, 0x5AEB, 0x5ACB, 0x632C, 0x5AEB, 0x5ACB, 0x5AEB, 0x632C,
    0x5AEB, 0x5AEB, 0x630C, 0x630C, 0x5AEB, 0x5ACB, 0x5AEB, 0x630C, 0x5ACB, 0x5AEB, 0x5AEB, 0x5ACB, 0x5ACB, 0x5AEB, 0x630C, 0x5AEB,
    0x5ACB, 0x630C, 0x630C, 0x5AEB, 0x5AEB, 0x5AEB, 0x5ACB, 0x630C, 0x630C, 0x632C, 0x632C, 0x630C, 0x632C, 0x630C, 0x630C, 0x6B4D,
    0x632C, 0x630C, 0x630C, 0x5AEB, 0x5AEB, 0x5AEB, 0x632C, 0x632C, 0x632C, 0x632C, 0x630C, 0x630C, 0x6B4D, 0x6B6D, 0x632C, 0x632C,
    0x6B4D, 0x632C, 0x632C, 0x632C, 0x632C, 0x630C, 0x6B6D, 0x632C, 0x6B6D, 0x6B6D, 0x632C, 0x632C, 0x632C, 0x6B4D, 0x6B4D, 0x6B4D,
    0x738E, 0x738E, 0x73AE, 0x738E, 0x73AE, 0x73AE, 0x73AE, 0x73AE, 0x7BEF, 0x7BEF, 0x8430, 0xAD55, 0xA534, 0xA514, 0x9CF3, 0x9CF3,
    0x9CF3, 0x9CD3, 0x9CD3, 0x9CD3, 0x9CD3, 0x9CD3, 0x9CD3, 0x9CD3, 0x94B2, 0x9CF3, 0x9CD3, 0x9CD3, 0x94B2, 0x9CD3, 0x9CD3, 0x9CD3,
    0x9492, 0x9492, 0x94B2, 0x94B2, 0x94B2, 0x9492, 0x8C71, 0x94B2, 0x9492, 0x8C71, 0x8C71, 0x8C71, 0x8C71, 0x9492, 0x9492, 0x9492,
    0x9492, 0x9492, 0x8C71, 0x94B2, 0x9492, 0x8C71, 0x8C71, 0x9492, 0x8C71, 0x9492, 0x9492, 0x9492, 0x9492, 0x8C71, 0x8C71, 0x8C71,
    0x8C71, 0x8C71, 0x9492, 0x8C71, 0x8C71, 0x8C71, 0x9492, 0x8C71, 0x8C51, 0x8C51, 0x8C51, 0x8C71, 0x8430, 0x8430, 0x8430, 0x8430,
    0x8430, 0x8430, 0x9492, 0x52AA, 0x0000, 0xA514, 0xFFFF, 0xFFFF, 0xFFFF, 0xFFFF, 0xFFFF, 0xFFFF, 0xFFFF, 0xFFFF, 0xFFFF, 0xFFFF,
    0xFFFF, 0xFFFF, 0xFFFF, 0xFFFF, 0xFFFF, 0xFFFF, 0xFFFF, 0xFFFF, 0xFFFF, 0xFFFF, 0xFFFF, 0xFFFF, 0xFFFF, 0xFFFF, 0xFFFF, 0xC638,
    0x10A2, 0x8410, 0xC618, 0x9492, 0x9492, 0x9492, 0x9492, 0x8C71, 0x9492, 0x9492, 0x9492, 0x9492, 0x8C71, 0x9492, 0x8C71, 0x8C71,
    0x9492, 0x9492, 0x8C71, 0x9492, 0x8C71, 0x9492, 0x94B2, 0x9492, 0x9492, 0x94B2, 0x9CD3, 0x8C71, 0x8430, 0x94B2, 0x8C71, 0x94B2,
    0x94B2, 0x9492, 0x8430, 0x8C51, 0x94B2, 0x9492, 0x8C71, 0x9492, 0x9492, 0x8C71, 0x9492, 0x9492, 0x8C71, 0x9492, 0x94B2, 0x94B2,
    0x94B2, 0x9CD3, 0x8C71, 0x94B2, 0x9CF3, 0x9CF3, 0x9CF3, 0x9CD3, 0xA534, 0x7BEF, 0x6B4D, 0x6B4D, 0x6B4D, 0x632C, 0x630C, 0x5AEB,
    0x632C, 0x630C, 0x630C, 0x5AEB, 0x5AEB, 0x5AEB, 0x5AEB, 0x5AEB, 0x5ACB, 0x630C, 0x630C, 0x630C, 0x632C, 0x5AEB, 0x630C, 0x5ACB,
    0x5ACB, 0x5AEB, 0x5ACB, 0x5ACB, 0x5ACB, 0x5ACB, 0x5AEB, 0x5AEB, 0x5ACB, 0x5AEB, 0x5ACB, 0x52AA, 0x52AA, 0x5ACB, 0x5ACB, 0x5ACB,
    0x52AA, 0x52AA, 0x4A69, 0x4A69, 0x528A, 0x4A49, 0x52AA, 0x4A49, 0x4A49, 0x528A, 0x528A, 0x52AA, 0x52AA, 0x5ACB, 0x528A, 0x4A69,
    0x5AEB, 0x5ACB, 0x528A, 0x52AA, 0x52AA, 0x4A69, 0x4A69, 0x5AEB, 0x5ACB, 0x52AA, 0x52AA, 0x5AEB, 0x5ACB, 0x528A, 0x5ACB, 0x52AA,
    0x5ACB, 0x52AA, 0x52AA, 0x528A, 0x528A, 0x5ACB, 0x5AEB, 0x5ACB, 0x52AA, 0x4A69, 0x52AA, 0x5AEB, 0x5AEB, 0x632C, 0x630C, 0x6B4D,
    0x5AEB, 0x5ACB, 0x630C, 0x5AEB, 0x5AEB, 0x630C, 0x632C, 0x632C, 0x5ACB, 0x5ACB, 0x630C, 0x5AEB, 0x630C, 0x5ACB, 0x5AEB, 0x5ACB,
    0x630C, 0x632C, 0x630C, 0x632C, 0x5AEB, 0x5ACB, 0x5AEB, 0x5AEB, 0x630C, 0x5ACB, 0x632C, 0x6B4D, 0x630C, 0x630C, 0x632C, 0x5AEB,
    0x632C, 0x6B4D, 0x632C, 0x630C, 0x5AEB, 0x630C, 0x5AEB, 0x5ACB, 0x630C, 0x5AEB, 0x630C, 0x630C, 0x630C, 0x5AEB, 0x6B4D, 0x6B4D,
    0x6B4D, 0x632C, 0x632C, 0x6B6D, 0x632C, 0x73AE, 0x738E, 0x6B4D, 0x6B4D, 0x6B6D, 0x6B6D, 0x6B6D, 0x632C, 0x6B4D, 0x6B4D, 0x6B4D,
    0x6B6D, 0x6B6D, 0x632C, 0x6B6D, 0x73AE, 0x738E, 0x73AE, 0x8410, 0x7BEF, 0x738E, 0x73AE, 0x8C71, 0x94B2, 0x9CD3, 0xA534, 0x9CD3,
    0x9CF3, 0x9CF3, 0x9CF3, 0x9CD3, 0x9CD3, 0x9CF3, 0x9CD3, 0x9CF3, 0x9CF3, 0x9CD3, 0x94B2, 0x94B2, 0x94B2, 0x9CD3, 0x9CF3, 0x9492,
    0x9CD3, 0x94B2, 0x9492, 0x94B2, 0x94B2, 0x9492, 0x9492, 0x8C71, 0x8C71, 0x9492, 0x8C51, 0x8C71, 0x9492, 0x94B2, 0x9492, 0x9492,
    0x9492, 0x9492, 0x9CD3, 0x8C71, 0x94B2, 0x94B2, 0x8C71, 0x8C71, 0x8C71, 0x9492, 0x9492, 0x9492, 0x9492, 0x9492, 0x9492, 0x9492,
    0x9492, 0x8C71, 0x9492, 0x9492, 0x9492, 0x9492, 0x94B2, 0x9492, 0x8C71, 0x8C51, 0x8C71, 0x8C71, 0x8C71, 0x8C51, 0x8430, 0x8C51,
    0x8430, 0x8430, 0x8C71, 0x738E, 0x0000, 0x5AEB, 0xFFFF, 0xFFFF, 0xFFFF, 0xFFFF, 0xFFFF, 0xFFFF, 0xFFFF, 0xFFFF, 0xFFFF, 0xFFFF,
    0xFFFF, 0xFFFF, 0xFFFF, 0xFFFF, 0xFFFF, 0xFFFF, 0xFFFF, 0xFFFF, 0xFFFF, 0xFFFF, 0xFFFF, 0xFFFF, 0xFFFF, 0xFFFF, 0xFFFF, 0x8C71,
    0x18E3, 0x9CD3, 0xBDF7, 0x8C51, 0x9492, 0x94B2, 0x9CD3, 0x9492, 0x9492, 0x9492, 0x9492, 0x9492, 0x8C71, 0x9492, 0x9492, 0x9492,
    0x8C71, 0x9492, 0x9492, 0x8C71, 0x8C71, 0x8C71, 0x9492, 0x9492, 0x9492, 0x94B2, 0x632C, 0x18C3, 0x0861, 0x630C, 0x94B2, 0x9492,
    0x9CD3, 0x5ACB, 0x10A2, 0x18C3, 0x39C7, 0x7BCF, 0x94B2, 0x8C71, 0x9492, 0x9492, 0x9492, 0x94B2, 0x9492, 0x9492, 0x9492, 0x9CD3,
    0x94B2, 0x52AA, 0x10A2, 0x39C7, 0x9CD3, 0x9CF3, 0x9CF3, 0xA534, 0x5ACB, 0x0861, 0x2945, 0x630C, 0x632C, 0x632C, 0x5AEB, 0x5AEB,
    0x632C, 0x630C, 0x630C, 0x630C, 0x630C, 0x5ACB, 0x5ACB, 0x632C, 0x5AEB, 0x630C, 0x5AEB, 0x630C, 0x5AEB, 0x52AA, 0x5AEB, 0x630C,
    0x52AA, 0x5ACB, 0x52AA, 0x52AA, 0x52AA, 0x528A, 0x630C, 0x4228, 0x1082, 0x2104, 0x630C, 0x52AA, 0x5ACB, 0x5AEB, 0x5ACB, 0x5ACB,
    0x5AEB, 0x5ACB, 0x2124, 0x0861, 0x2104, 0x5ACB, 0x5ACB, 0x4A69, 0x528A, 0x528A, 0x4A69, 0x528A, 0x5ACB, 0x4A69, 0x18E3, 0x0841,
    0x31A6, 0x5ACB, 0x528A, 0x52AA, 0x528A, 0x18E3, 0x0861, 0x3186, 0x630C, 0x5AEB, 0x5ACB, 0x5ACB, 0x52AA, 0x52AA, 0x528A, 0x5ACB,
    0x31A6, 0x0841, 0x0841, 0x0861, 0x0841, 0x0861, 0x0841, 0x0861, 0x0861, 0x0841, 0x0841, 0x0841, 0x0861, 0x4A49, 0x632C, 0x5AEB,
    0x630C, 0x5AEB, 0x5AEB, 0x5AEB, 0x5AEB, 0x5AEB, 0x5ACB, 0x5AEB, 0x52AA, 0x5AEB, 0x630C, 0x5AEB, 0x630C, 0x6B4D, 0x630C, 0x5AEB,
    0x630C, 0x632C, 0x6B4D, 0x632C, 0x630C, 0x5ACB, 0x630C, 0x528A, 0x1082, 0x0841, 0x31A6, 0x6B4D, 0x6B4D, 0x632C, 0x4208, 0x1082,
    0x10A2, 0x2124, 0x4A69, 0x632C, 0x630C, 0x632C, 0x632C, 0x5AEB, 0x630C, 0x630C, 0x632C, 0x6B6D, 0x39E7, 0x0841, 0x1082, 0x52AA,
    0x738E, 0x6B4D, 0x6B4D, 0x4A49, 0x18E3, 0x2945, 0x39E7, 0x630C, 0x6B6D, 0x632C, 0x6B4D, 0x6B4D, 0x632C, 0x6B6D, 0x6B6D, 0x632C,
    0x6B6D, 0x2965, 0x0841, 0x18E3, 0x632C, 0x738E, 0x738E, 0x8430, 0x4208, 0x0861, 0x0861, 0x1082, 0x1082, 0x10A2, 0x738E, 0xA514,
    0x94B2, 0x9CF3, 0x9CF3, 0x9CD3, 0x9CD3, 0x9CF3, 0x9CF3, 0x632C, 0x39E7, 0x8430, 0x9CD3, 0x9492, 0x94B2, 0x94B2, 0x4208, 0x10A2,
    0x528A, 0x9CD3, 0x94B2, 0x9492, 0x94B2, 0x9492, 0x8C71, 0x8C71, 0x8C71, 0x8C51, 0x94B2, 0x73AE, 0x39E7, 0x632C, 0x9CD3, 0x9492,
    0x8C71, 0x94B2, 0x630C, 0x10A2, 0x31A6, 0x8410, 0x9492, 0x9492, 0x94B2, 0x94B2, 0x9492, 0x9492, 0x9492, 0x9492, 0x9492, 0x9492,
    0x9492, 0x9492, 0x9492, 0x9492, 0x9492, 0x8C71, 0x8C71, 0x9492, 0x8C51, 0x8C51, 0x9492, 0x8C71, 0x8C71, 0x8C71, 0x8C51, 0x8430,
    0x8430, 0x8430, 0x8430, 0x8430, 0x18C3, 0x2104, 0xF79E, 0xFFFF, 0xFFFF, 0xFFFF, 0xFFFF, 0xFFFF, 0xFFFF, 0xFFFF, 0xFFFF, 0xFFFF,
    0xFFFF, 0xFFFF, 0xFFFF, 0xFFFF, 0xFFFF, 0xFFFF, 0xFFFF, 0xFFFF, 0xFFFF, 0xFFFF, 0xFFFF, 0xFFFF, 0xFFFF, 0xFFFF, 0xFFFF, 0x52AA,
    0x3186, 0xAD75, 0xB596, 0x8C51, 0x9492, 0x9492, 0x9492, 0x8C71, 0x9492, 0x9492, 0x9492, 0x9492, 0x9492, 0x8C51, 0x8C71, 0x9492,
    0x9492, 0x9492, 0x8C71, 0x9492, 0x9492, 0x8C71, 0x8C71, 0x8C71, 0x8C71, 0x8C71, 0x18E3, 0x0000, 0x0000, 0x5AEB, 0x9CD3, 0x9492,
    0x8430, 0x0861, 0x0000, 0x0000, 0x0000, 0x1082, 0x73AE, 0x94B2, 0x8C71, 0x8C71, 0x8C71, 0x9492, 0x9492, 0x8C71, 0x94B2, 0x8C51,
    0x2124, 0x0000, 0x0000, 0x0000, 0x8C51, 0x9CD3, 0xA534, 0x7BCF, 0x0000, 0x0000, 0x0000, 0x18E3, 0x630C, 0x630C, 0x632C, 0x630C,
    0x5AEB, 0x630C, 0x632C, 0x630C, 0x630C, 0x5AEB, 0x5ACB, 0x5ACB, 0x630C, 0x5AEB, 0x5ACB, 0x5AEB, 0x5AEB, 0x5ACB, 0x52AA, 0x5ACB,
    0x5AEB, 0x5ACB, 0x4A69, 0x528A, 0x5ACB, 0x5ACB, 0x52AA, 0x0861, 0x0000, 0x0000, 0x39E7, 0x630C, 0x5ACB, 0x5AEB, 0x5ACB, 0x52AA,
    0x5ACB, 0x4A49, 0x0000, 0x0000, 0x0861, 0x5ACB, 0x52AA, 0x4A69, 0x4A69, 0x528A, 0x4A69, 0x52AA, 0x4208, 0x0841, 0x0000, 0x0000,
    0x1082, 0x528A, 0x4A69, 0x5ACB, 0x31A6, 0x0000, 0x0000, 0x0000, 0x31A6, 0x6B4D, 0x630C, 0x5AEB, 0x52AA, 0x5ACB, 0x5ACB, 0x5ACB,
    0x18C3, 0x0000, 0x0000, 0x0000, 0x0000, 0x0000, 0x0000, 0x0000, 0x0000, 0x0000, 0x0000, 0x0000, 0x0000, 0x2965, 0x632C, 0x5ACB,
    0x5AEB, 0x5AEB, 0x630C, 0x5AEB, 0x5AEB, 0x5ACB, 0x5AEB, 0x5AEB, 0x52AA, 0x5AEB, 0x5AEB, 0x5ACB, 0x630C, 0x632C, 0x632C, 0x630C,
    0x5AEB, 0x630C, 0x632C, 0x630C, 0x5AEB, 0x5ACB, 0x5AEB, 0x39E7, 0x0000, 0x0000, 0x18C3, 0x6B6D, 0x6B6D, 0x6B6D, 0x2965, 0x0000,
    0x0000, 0x0000, 0x0000, 0x2965, 0x630C, 0x630C, 0x630C, 0x5AEB, 0x632C, 0x630C, 0x630C, 0x632C, 0x2945, 0x0000, 0x0000, 0x39E7,
    0x738E, 0x630C, 0x6B6D, 0x2104, 0x0000, 0x0000, 0x0000, 0x0861, 0x4228, 0x6B6D, 0x6B4D, 0x6B4D, 0x6B4D, 0x6B4D, 0x6B6D, 0x6B4D,
    0x632C, 0x10A2, 0x0000, 0x0000, 0x528A, 0x738E, 0x6B6D, 0x7BEF, 0x2945, 0x0000, 0x0000, 0x0000, 0x0000, 0x0000, 0x2965, 0xA534,
    0x9CD3, 0x9CD3, 0x9CD3, 0x9CD3, 0x9CD3, 0x9CF3, 0x5ACB, 0x0000, 0x0000, 0x2124, 0x94B2, 0x94B2, 0x9CF3, 0x8C51, 0x0000, 0x0000,
    0x0000, 0x39C7, 0x9492, 0x9492, 0x8C71, 0x9492, 0x94B2, 0x8C71, 0x94B2, 0x9492, 0x7BEF, 0x1082, 0x0000, 0x0020, 0x6B6D, 0x94B2,
    0x9492, 0x9492, 0x2945, 0x0000, 0x0000, 0x10A2, 0x7BCF, 0x9CF3, 0x94B2, 0x94B2, 0x9492, 0x8C71, 0x8C71, 0x9492, 0x8C71, 0x8C71,
    0x9492, 0x9492, 0x9492, 0x9492, 0x8C71, 0x8C71, 0x8C71, 0x9492, 0x8C71, 0x8C71, 0x9492, 0x9492, 0x8430, 0x8C51, 0x8C51, 0x8430,
    0x8430, 0x8430, 0x8430, 0x8C71, 0x4228, 0x0000, 0xC618, 0xFFFF, 0xFFFF, 0xFFFF, 0xFFFF, 0xFFFF, 0xFFFF, 0xFFFF, 0xFFFF, 0xFFFF,
    0xFFFF, 0xFFFF, 0xFFFF, 0xFFFF, 0xFFFF, 0xFFFF, 0xFFFF, 0xFFFF, 0xFFFF, 0xFFFF, 0xFFFF, 0xFFFF, 0xFFFF, 0xFFFF, 0xF7BE, 0x2124,
    0x4A69, 0xB596, 0x9CF3, 0x8C51, 0x9492, 0x9492, 0x9492, 0x9492, 0x9492, 0x9492, 0x9492, 0x9492, 0x9492, 0x9492, 0x8C71, 0x8C71,
    0x9492, 0x8C71, 0x8C71, 0x9492, 0x9492, 0x9492, 0x8C71, 0x9492, 0x9492, 0x7BCF, 0x0841, 0x0000, 0x0020, 0x8410, 0x9492, 0x9492,
    0x8410, 0x1082, 0x0000, 0x0000, 0x0020, 0x0000, 0x2104, 0x9492, 0x8C71, 0x8C71, 0x8C71, 0x9492, 0x9492, 0x9CD3, 0x9CD3, 0x2945,
    0x0000, 0x0020, 0x0000, 0x4A69, 0xA514, 0x9CD3, 0xA534, 0x8410, 0x0841, 0x0000, 0x0000, 0x0000, 0x528A, 0x6B4D, 0x632C, 0x6B4D,
    0x5AEB, 0x5AEB, 0x630C, 0x5AEB, 0x630C, 0x630C, 0x52AA, 0x52AA, 0x5AEB, 0x5AEB, 0x5AEB, 0x5AEB, 0x5ACB, 0x5AEB, 0x5ACB, 0x52AA,
    0x5AEB, 0x5AEB, 0x52AA, 0x52AA, 0x5AEB, 0x630C, 0x5ACB, 0x10A2, 0x0000, 0x0000, 0x0861, 0x5ACB, 0x5ACB, 0x52AA, 0x5AEB, 0x528A,
    0x52AA, 0x39E7, 0x0000, 0x0000, 0x18C3, 0x5ACB, 0x528A, 0x528A, 0x52AA, 0x5ACB, 0x52AA, 0x528A, 0x1082, 0x0000, 0x0000, 0x0000,
    0x4228, 0x5ACB, 0x52AA, 0x630C, 0x4A49, 0x0841, 0x0000, 0x0000, 0x0000, 0x4A69, 0x630C, 0x630C, 0x5ACB, 0x5ACB, 0x5ACB, 0x630C,
    0x3186, 0x0020, 0x0020, 0x0020, 0x0020, 0x0020, 0x0020, 0x0020, 0x0020, 0x0020, 0x0000, 0x0020, 0x0841, 0x4A49, 0x632C, 0x630C,
    0x630C, 0x630C, 0x632C, 0x632C, 0x630C, 0x5AEB, 0x630C, 0x5AEB, 0x5ACB, 0x5ACB, 0x52AA, 0x5AEB, 0x5AEB, 0x5AEB, 0x630C, 0x5AEB,
    0x5ACB, 0x5ACB, 0x5AEB, 0x5AEB, 0x5AEB, 0x5AEB, 0x630C, 0x4228, 0x0000, 0x0000, 0x10A2, 0x6B6D, 0x630C, 0x632C, 0x4228, 0x0020,
    0x0000, 0x0000, 0x0000, 0x0000, 0x2124, 0x630C, 0x630C, 0x630C, 0x630C, 0x630C, 0x630C, 0x6B6D, 0x39C7, 0x0000, 0x0000, 0x3186,
    0x73AE, 0x632C, 0x6B4D, 0x39C7, 0x0000, 0x0000, 0x0000, 0x0000, 0x0020, 0x4A49, 0x738E, 0x6B6D, 0x6B4D, 0x632C, 0x6B6D, 0x6B6D,
    0x738E, 0x2945, 0x0000, 0x0000, 0x39E7, 0x738E, 0x6B4D, 0x73AE, 0x5ACB, 0x0861, 0x0020, 0x0020, 0x0020, 0x0000, 0x39E7, 0xAD55,
    0xA514, 0xA514, 0x9CF3, 0x9CF3, 0x9CF3, 0x9492, 0x1082, 0x0000, 0x0000, 0x2124, 0x9CD3, 0x94B2, 0x9CD3, 0x9CF3, 0x630C, 0x0020,
    0x0000, 0x0000, 0x4228, 0x94B2, 0x8C71, 0x9492, 0x8C71, 0x8C71, 0x9492, 0x9CD3, 0x4208, 0x0000, 0x0020, 0x0020, 0x6B6D, 0x9CD3,
    0x9492, 0x94B2, 0x7BEF, 0x2104, 0x0000, 0x0000, 0x10A2, 0x8C51, 0x94B2, 0x94B2, 0x94B2, 0x8C71, 0x8C71, 0x8C71, 0x8C71, 0x8C71,
    0x9492, 0x8C71, 0x8C71, 0x8C71, 0x8C71, 0x9492, 0x8C71, 0x9492, 0x9492, 0x9492, 0x8C71, 0x8C51, 0x8C51, 0x8C51, 0x8C51, 0x8C51,
    0x8430, 0x8430, 0x8410, 0x8C71, 0x6B4D, 0x0000, 0x7BEF, 0xFFFF, 0xFFDF, 0xFFFF, 0xFFFF, 0xFFFF, 0xFFFF, 0xFFFF, 0xFFFF, 0xFFFF,
    0xFFFF, 0xFFFF, 0xFFFF, 0xFFFF, 0xFFFF, 0xFFFF, 0xFFFF, 0xFFFF, 0xFFFF, 0xFFFF, 0xFFFF, 0xFFFF, 0xFFFF, 0xFFFF, 0xD69A, 0x0861,
    0x73AE, 0xAD55, 0x8C71, 0x8C71, 0x9492, 0x8C71, 0x9492, 0x9492, 0x9492, 0x9492, 0x9492, 0x8C71, 0x8C71, 0x9492, 0x9492, 0x9492,
    0x9492, 0x94B2, 0x9492, 0x8C71, 0x8C71, 0x8C71, 0x8C71, 0x8C71, 0x9CD3, 0x5AEB, 0x0000, 0x0000, 0x2104, 0x8C71, 0x9492, 0x94B2,
    0x94B2, 0x8430, 0x632C, 0x10A2, 0x0000, 0x0000, 0x0000, 0x73AE, 0x9CD3, 0x8C71, 0x9492, 0x94B2, 0x94B2, 0xA514, 0x632C, 0x0000,
    0x0020, 0x0000, 0x630C, 0xAD55, 0xA514, 0x9CF3, 0xA514, 0x8430, 0x4228, 0x0000, 0x0000, 0x0000, 0x4A69, 0x6B4D, 0x632C, 0x6B4D,
    0x630C, 0x630C, 0x630C, 0x630C, 0x5AEB, 0x5AEB, 0x5AEB, 0x5ACB, 0x5ACB, 0x5ACB, 0x630C, 0x5AEB, 0x5AEB, 0x5AEB, 0x5AEB, 0x52AA,
    0x5AEB, 0x5AEB, 0x52AA, 0x5ACB, 0x5ACB, 0x5ACB, 0x630C, 0x39E7, 0x0000, 0x0000, 0x0000, 0x2965, 0x5ACB, 0x52AA, 0x5ACB, 0x528A,
    0x5AEB, 0x39C7, 0x0000, 0x0000, 0x18E3, 0x5AEB, 0x528A, 0x5ACB, 0x5ACB, 0x52AA, 0x52AA, 0x39E7, 0x0000, 0x0000, 0x0000, 0x4228,
    0x630C, 0x52AA, 0x52AA, 0x52AA, 0x5ACB, 0x39E7, 0x0020, 0x0000, 0x0000, 0x31A6, 0x52AA, 0x5ACB, 0x630C, 0x5ACB, 0x5ACB, 0x5ACB,
    0x5ACB, 0x5ACB, 0x5AEB, 0x5AEB, 0x5ACB, 0x52AA, 0x5ACB, 0x5ACB, 0x5AEB, 0x5ACB, 0x5ACB, 0x52AA, 0x5ACB, 0x5AEB, 0x5AEB, 0x632C,
    0x630C, 0x630C, 0x5AEB, 0x630C, 0x5AEB, 0x5AEB, 0x630C, 0x5AEB, 0x5AEB, 0x5AEB, 0x5ACB, 0x630C, 0x630C, 0x632C, 0x5AEB, 0x52AA,
    0x630C, 0x5AEB, 0x630C, 0x6B4D, 0x632C, 0x632C, 0x6B6D, 0x4A69, 0x0000, 0x0000, 0x1082, 0x6B4D, 0x630C, 0x630C, 0x6B4D, 0x630C,
    0x5ACB, 0x2945, 0x0000, 0x0000, 0x0000, 0x4208, 0x630C, 0x630C, 0x632C, 0x632C, 0x632C, 0x6B6D, 0x4208, 0x0000, 0x0000, 0x2124,
    0x6B6D, 0x632C, 0x6B4D, 0x6B4D, 0x5ACB, 0x4208, 0x0861, 0x0000, 0x0000, 0x0841, 0x5AEB, 0x6B6D, 0x6B4D, 0x738E, 0x6B6D, 0x6B6D,
    0x73AE, 0x39C7, 0x0000, 0x0000, 0x2965, 0x738E, 0x6B6D, 0x738E, 0x7BCF, 0x738E, 0x6B6D, 0x6B6D, 0x6B4D, 0x8410, 0xA514, 0xA534,
    0x9CF3, 0x9CF3, 0x9CF3, 0x9CF3, 0xA514, 0x8410, 0x0020, 0x0000, 0x0000, 0x7BCF, 0xA534, 0x9CD3, 0x9CD3, 0x94B2, 0xA534, 0x738E,
    0x0841, 0x0000, 0x0000, 0x7BEF, 0x94B2, 0x9492, 0x8C71, 0x9492, 0x94B2, 0x9CF3, 0x3186, 0x0000, 0x0000, 0x31A6, 0xA514, 0x8C51,
    0x8C71, 0x8C71, 0x94B2, 0x8C71, 0x3186, 0x0000, 0x0000, 0x4208, 0x9CF3, 0x9492, 0x94B2, 0x9492, 0x8C71, 0x8C71, 0x9492, 0x9492,
    0x8C71, 0x8C71, 0x8C71, 0x8C71, 0x8C71, 0x8C71, 0x8C71, 0x8C51, 0x8C71, 0x8C71, 0x9492, 0x8C71, 0x8C71, 0x8C71, 0x8C71, 0x8C71,
    0x8C51, 0x8430, 0x8430, 0x8C51, 0x8410, 0x0841, 0x3186, 0xF7BE, 0xFFFF, 0xFFFF, 0xFFFF, 0xFFFF, 0xFFFF, 0xFFFF, 0xFFFF, 0xFFFF,
    0xFFFF, 0xFFFF, 0xFFFF, 0xFFFF, 0xFFFF, 0xFFFF, 0xFFFF, 0xFFFF, 0xFFFF, 0xFFFF, 0xFFFF, 0xFFFF, 0xFFFF, 0xFFFF, 0x94B2, 0x0861,
    0x8C51, 0x94B2, 0x8C71, 0x8C71, 0x8C71, 0x8C51, 0x8C71, 0x9492, 0x9492, 0x9492, 0x9492, 0x9492, 0x9492, 0x9492, 0x9492, 0x94B2,
    0x9492, 0x9492, 0x9492, 0x8C71, 0x8C71, 0x8C71, 0x8C71, 0x8C51, 0x94B2, 0x31A6, 0x0000, 0x0000, 0x4228, 0x94B2, 0x9492, 0x9CD3,
    0x94B2, 0x94B2, 0xA514, 0x5AEB, 0x0000, 0x0000, 0x0000, 0x632C, 0x9CD3, 0x8C71, 0x9492, 0x9CD3, 0x9CD3, 0xA514, 0x39C7, 0x0000,
    0x0000, 0x4208, 0xAD75, 0x9CD3, 0x9CF3, 0xA514, 0x9492, 0x630C, 0x5ACB, 0x0841, 0x0000, 0x0000, 0x4A69, 0x632C, 0x632C, 0x632C,
    0x630C, 0x632C, 0x632C, 0x630C, 0x630C, 0x5AEB, 0x632C, 0x5AEB, 0x52AA, 0x5AEB, 0x5AEB, 0x5ACB, 0x5ACB, 0x5AEB, 0x5ACB, 0x5ACB,
    0x5AEB, 0x5ACB, 0x52AA, 0x52AA, 0x52AA, 0x528A, 0x52AA, 0x630C, 0x2124, 0x0000, 0x0000, 0x0020, 0x4A69, 0x52AA, 0x52AA, 0x5ACB,
    0x5ACB, 0x2965, 0x0000, 0x0000, 0x2124, 0x630C, 0x5AEB, 0x5ACB, 0x52AA, 0x52AA, 0x5AEB, 0x2965, 0x0000, 0x0000, 0x2104, 0x630C,
    0x4A69, 0x528A, 0x52AA, 0x4A69, 0x4A69, 0x52AA, 0x10A2, 0x0000, 0x0000, 0x39C7, 0x5ACB, 0x5AEB, 0x5AEB, 0x5ACB, 0x5ACB, 0x5ACB,
    0x5AEB, 0x5ACB, 0x630C, 0x632C, 0x632C, 0x632C, 0x632C, 0x630C, 0x630C, 0x6B4D, 0x6B4D, 0x630C, 0x5AEB, 0x5ACB, 0x5AEB, 0x630C,
    0x630C, 0x632C, 0x5AEB, 0x630C, 0x630C, 0x630C, 0x630C, 0x630C, 0x5AEB, 0x630C, 0x5ACB, 0x630C, 0x630C, 0x630C, 0x5AEB, 0x5AEB,
    0x5AEB, 0x632C, 0x632C, 0x6B4D, 0x6B4D, 0x6B4D, 0x6B4D, 0x4A69, 0x0000, 0x0000, 0x0861, 0x630C, 0x6B4D, 0x632C, 0x630C, 0x6B4D,
    0x6B4D, 0x6B6D, 0x2945, 0x0000, 0x0000, 0x18E3, 0x5AEB, 0x630C, 0x6B4D, 0x6B4D, 0x632C, 0x6B4D, 0x4A49, 0x0000, 0x0000, 0x18E3,
    0x632C, 0x6B4D, 0x632C, 0x6B4D, 0x738E, 0x73AE, 0x5ACB, 0x0020, 0x0000, 0x0000, 0x3186, 0x738E, 0x6B4D, 0x6B4D, 0x6B6D, 0x632C,
    0x6B6D, 0x4228, 0x0000, 0x0000, 0x2104, 0x73AE, 0x6B4D, 0x73AE, 0x73AE, 0x73AE, 0x7BCF, 0x7BEF, 0x7BEF, 0x9492, 0xAD55, 0xA534,
    0xA514, 0xA514, 0x9CF3, 0x9CF3, 0xA534, 0x8C71, 0x0841, 0x0000, 0x0000, 0x5AEB, 0xAD55, 0x9CF3, 0x94B2, 0x9CF3, 0x9CF3, 0xA534,
    0x6B6D, 0x0841, 0x3186, 0x8C71, 0x9492, 0x9492, 0x9492, 0x9492, 0x9492, 0x9CF3, 0x4208, 0x0000, 0x0000, 0x18E3, 0x8C71, 0x9CD3,
    0x9492, 0x9492, 0x8C71, 0x94B2, 0x9492, 0x2965, 0x0841, 0x6B4D, 0x9CD3, 0x9492, 0x94B2, 0x9CD3, 0x94B2, 0x9492, 0x9492, 0x9492,
    0x8C71, 0x8C71, 0x8C71, 0x8C71, 0x8C71, 0x8C71, 0x9492, 0x8C71, 0x8C71, 0x9492, 0x9492, 0x8C71, 0x8C71, 0x8C71, 0x8C51, 0x8C51,
    0x8430, 0x8430, 0x8C51, 0x8430, 0x8C51, 0x2945, 0x0000, 0xD6BA, 0xFFFF, 0xFFFF, 0xFFFF, 0xFFFF, 0xFFFF, 0xFFFF, 0xFFFF, 0xFFFF,
    0xFFFF, 0xFFFF, 0xFFFF, 0xFFFF, 0xFFFF, 0xFFFF, 0xFFFF, 0xFFFF, 0xFFFF, 0xFFFF, 0xFFFF, 0xFFFF, 0xFFFF, 0xFFFF, 0x5ACB, 0x2124,
    0x9492, 0x8C71, 0x8C71, 0x9492, 0x8C71, 0x8C71, 0x9492, 0x9492, 0x94B2, 0x9492, 0x9492, 0x9492, 0x9492, 0x8C71, 0x8C71, 0x8C71,
    0x8C71, 0x8C71, 0x8C71, 0x8C71, 0x8C71, 0x8C51, 0x8C51, 0x8C51, 0x8C51, 0x10A2, 0x0000, 0x0000, 0x6B4D, 0x9CD3, 0x9492, 0x9492,
    0x9492, 0x9492, 0x9CD3, 0x6B6D, 0x0000, 0x0000, 0x0000, 0x73AE, 0x9CF3, 0x94B2, 0x9492, 0x94B2, 0x94B2, 0x9492, 0x18E3, 0x0000,
    0x0000, 0x738E, 0xA514, 0x9CF3, 0x9CF3, 0x9CF3, 0x73AE, 0x632C, 0x5ACB, 0x0020, 0x0000, 0x0020, 0x52AA, 0x6B6D, 0x6B4D, 0x6B4D,
    0x630C, 0x630C, 0x632C, 0x630C, 0x630C, 0x630C, 0x5AEB, 0x5AEB, 0x5AEB, 0x5AEB, 0x630C, 0x5AEB, 0x5AEB, 0x5AEB, 0x5ACB, 0x5AEB,
    0x630C, 0x52AA, 0x52AA, 0x5ACB, 0x52AA, 0x5AEB, 0x5ACB, 0x5AEB, 0x4A69, 0x0020, 0x0000, 0x0000, 0x2104, 0x630C, 0x5AEB, 0x52AA,
    0x528A, 0x2945, 0x0000, 0x0000, 0x39E7, 0x630C, 0x5ACB, 0x5AEB, 0x528A, 0x5ACB, 0x5AEB, 0x2945, 0x0000, 0x0000, 0x2965, 0x5ACB,
    0x528A, 0x5ACB, 0x52AA, 0x5ACB, 0x52AA, 0x52AA, 0x10A2, 0x0000, 0x0000, 0x39E7, 0x630C, 0x5ACB, 0x5ACB, 0x5ACB, 0x5ACB, 0x5ACB,
    0x5AEB, 0x630C, 0x5AEB, 0x630C, 0x630C, 0x630C, 0x630C, 0x632C, 0x5AEB, 0x5AEB, 0x632C, 0x632C, 0x630C, 0x5AEB, 0x630C, 0x630C,
    0x5ACB, 0x5AEB, 0x5AEB, 0x630C, 0x5AEB, 0x5AEB, 0x630C, 0x5ACB, 0x5AEB, 0x5AEB, 0x5AEB, 0x5AEB, 0x5AEB, 0x5AEB, 0x630C, 0x632C,
    0x5AEB, 0x630C, 0x6B4D, 0x630C, 0x5AEB, 0x6B4D, 0x632C, 0x52AA, 0x0020, 0x0000, 0x0841, 0x5AEB, 0x6B4D, 0x630C, 0x630C, 0x5ACB,
    0x5AEB, 0x630C, 0x4A49, 0x0000, 0x0000, 0x10A2, 0x632C, 0x6B4D, 0x630C, 0x6B4D, 0x632C, 0x632C, 0x4A69, 0x0000, 0x0000, 0x1082,
    0x6B4D, 0x6B4D, 0x632C, 0x632C, 0x6B4D, 0x630C, 0x6B6D, 0x2104, 0x0000, 0x0000, 0x18C3, 0x738E, 0x6B6D, 0x6B4D, 0x738E, 0x738E,
    0x73AE, 0x528A, 0x0000, 0x0000, 0x1082, 0x738E, 0x738E, 0x738E, 0x738E, 0x73AE, 0x73AE, 0x73AE, 0x7BCF, 0x7BCF, 0x94B2, 0xA534,
    0xA534, 0xA514, 0x9CF3, 0xA514, 0xA534, 0xAD55, 0x31A6, 0x0000, 0x0020, 0x0841, 0x632C, 0xA514, 0xA514, 0x9CF3, 0x9CF3, 0x9CF3,
    0x9CF3, 0x8C51, 0x9CF3, 0x9CD3, 0x9492, 0x8C71, 0x8C71, 0x9492, 0x8C71, 0x94B2, 0x73AE, 0x0020, 0x0000, 0x0000, 0x2945, 0x8430,
    0x9CF3, 0x9CF3, 0x9492, 0x9492, 0x94B2, 0x8C71, 0x8C51, 0x9CD3, 0x94B2, 0x94B2, 0x9492, 0x94B2, 0x9492, 0x9492, 0x9492, 0x9492,
    0x9492, 0x8C71, 0x8C71, 0x8C71, 0x8C71, 0x8C71, 0x8C71, 0x8C71, 0x8C51, 0x8C71, 0x9492, 0x9492, 0x8C71, 0x8C71, 0x8C71, 0x8C51,
    0x8430, 0x8430, 0x8430, 0x8430, 0x8C71, 0x528A, 0x0000, 0x9CD3, 0xFFFF, 0xFFFF, 0xFFFF, 0xFFFF, 0xFFFF, 0xFFFF, 0xFFFF, 0xFFFF,
    0xFFFF, 0xFFFF, 0xFFFF, 0xFFFF, 0xFFFF, 0xFFFF, 0xFFFF, 0xFFFF, 0xFFFF, 0xFFFF, 0xFFFF, 0xFFFF, 0xFFFF, 0xFFDF, 0x2945, 0x4228,
    0x9492, 0x8C71, 0x8C51, 0x8C71, 0x8C71, 0x8C71, 0x9492, 0x94B2, 0x8C71, 0x8C71, 0x94B2, 0x9492, 0x9492, 0x9492, 0x8C71, 0x8C71,
    0x8C71, 0x9492, 0x9492, 0x8C71, 0x8C71, 0x9492, 0x8C71, 0x9492, 0x738E, 0x0000, 0x0000, 0x0841, 0x8C51, 0x9CF3, 0x9CD3, 0x94B2,
    0x94B2, 0x8C71, 0x9CD3, 0x52AA, 0x0000, 0x0000, 0x0861, 0x8C51, 0x9CD3, 0x9CD3, 0x94B2, 0x94B2, 0x9CF3, 0x8410, 0x0020, 0x0000,
    0x0841, 0x8C51, 0xA514, 0x9CF3, 0xA514, 0x94B2, 0x6B4D, 0x6B6D, 0x4228, 0x0000, 0x0000, 0x10A2, 0x630C, 0x5AEB, 0x6B4D, 0x6B6D,
    0x6B4D, 0x6B4D, 0x6B4D, 0x630C, 0x5ACB, 0x5ACB, 0x5AEB, 0x630C, 0x5AEB, 0x630C, 0x5AEB, 0x630C, 0x630C, 0x632C, 0x630C, 0x5ACB,
    0x52AA, 0x5ACB, 0x5ACB, 0x5ACB, 0x5ACB, 0x5ACB, 0x5ACB, 0x52AA, 0x5AEB, 0x2965, 0x0000, 0x0000, 0x0000, 0x4208, 0x5AEB, 0x528A,
    0x528A, 0x52AA, 0x4228, 0x4A49, 0x5AEB, 0x5AEB, 0x528A, 0x528A, 0x5ACB, 0x52AA, 0x630C, 0x2124, 0x0000, 0x0000, 0x3186, 0x5AEB,
    0x52AA, 0x528A, 0x52AA, 0x5ACB, 0x5AEB, 0x5ACB, 0x10A2, 0x0000, 0x0000, 0x4208, 0x630C, 0x5ACB, 0x5AEB, 0x5AEB, 0x5ACB, 0x5ACB,
    0x5AEB, 0x5ACB, 0x630C, 0x632C, 0x5ACB, 0x528A, 0x4228, 0x4A69, 0x5AEB, 0x5AEB, 0x5ACB, 0x632C, 0x630C, 0x5ACB, 0x5ACB, 0x630C,
    0x5AEB, 0x5AEB, 0x630C, 0x630C, 0x5AEB, 0x6B4D, 0x632C, 0x5AEB, 0x5AEB, 0x5ACB, 0x5AEB, 0x632C, 0x5AEB, 0x630C, 0x630C, 0x632C,
    0x632C, 0x630C, 0x632C, 0x630C, 0x5ACB, 0x5AEB, 0x632C, 0x52AA, 0x0020, 0x0000, 0x0841, 0x5ACB, 0x630C, 0x630C, 0x6B4D, 0x632C,
    0x632C, 0x6B6D, 0x39C7, 0x0000, 0x0000, 0x10A2, 0x632C, 0x632C, 0x632C, 0x632C, 0x6B4D, 0x6B4D, 0x5ACB, 0x0020, 0x0000, 0x0841,
    0x632C, 0x6B6D, 0x632C, 0x632C, 0x630C, 0x6B4D, 0x73AE, 0x18E3, 0x0000, 0x0000, 0x10A2, 0x6B6D, 0x6B6D, 0x73AE, 0x6B6D, 0x738E,
    0x738E, 0x5ACB, 0x0020, 0x0000, 0x0020, 0x6B4D, 0x8410, 0x7BEF, 0x7BCF, 0x7BCF, 0x7BEF, 0x8410, 0x7BCF, 0x738E, 0x8410, 0xA534,
    0xA514, 0xA534, 0xA514, 0xA514, 0x9CF3, 0xA514, 0x9492, 0x18E3, 0x0000, 0x0000, 0x0000, 0x2965, 0x6B6D, 0x94B2, 0xA514, 0x9CF3,
    0x9CD3, 0x9CF3, 0x9CD3, 0x9492, 0x9492, 0x9492, 0x9492, 0x8C71, 0x9492, 0x9492, 0x94B2, 0x5ACB, 0x0000, 0x0000, 0x0000, 0x0861,
    0x4228, 0x7BEF, 0x9CD3, 0x9CF3, 0x94B2, 0x94B2, 0x94B2, 0x9492, 0x94B2, 0x94B2, 0x9492, 0x9492, 0x8C71, 0x9492, 0x9492, 0x9492,
    0x9492, 0x8C71, 0x8C71, 0x8C71, 0x8C51, 0x8C51, 0x8C51, 0x8C51, 0x8C71, 0x8C71, 0x8C71, 0x9492, 0x8C71, 0x8C71, 0x8C51, 0x8C51,
    0x8C51, 0x8C51, 0x8C51, 0x8430, 0x8C71, 0x73AE, 0x0000, 0x52AA, 0xFFFF, 0xFFFF, 0xFFFF, 0xFFFF, 0xFFFF, 0xFFFF, 0xFFFF, 0xFFFF,
    0xFFFF, 0xFFFF, 0xFFFF, 0xFFFF, 0xFFFF, 0xFFFF, 0xFFFF, 0xFFFF, 0xFFFF, 0xFFFF, 0xFFFF, 0xFFFF, 0xFFFF, 0xDEDB, 0x0861, 0x632C,
    0x8C51, 0x8430, 0x8C51, 0x8C51, 0x8C71, 0x8C71, 0x9492, 0x8C71, 0x8C71, 0x8C71, 0x9492, 0x8C71, 0x9492, 0x9492, 0x9492, 0x9492,
    0x8C71, 0x9492, 0x8C71, 0x8C51, 0x8C51, 0x8C71, 0x8C51, 0x94B2, 0x528A, 0x0000, 0x0000, 0x2124, 0x9CD3, 0x9492, 0x9492, 0x94B2,
    0x9492, 0x8C71, 0x94B2, 0x31A6, 0x0000, 0x0000, 0x2965, 0x9CD3, 0x9492, 0x94B2, 0x94B2, 0x94B2, 0xA514, 0x632C, 0x0000, 0x0000,
    0x2104, 0xA514, 0x9CD3, 0x9CD3, 0xA514, 0x73AE, 0x632C, 0x6B6D, 0x3186, 0x0000, 0x0000, 0x2945, 0x6B4D, 0x630C, 0x630C, 0x630C,
    0x630C, 0x632C, 0x6B4D, 0x5AEB, 0x52AA, 0x630C, 0x630C, 0x5AEB, 0x5ACB, 0x5AEB, 0x630C, 0x630C, 0x630C, 0x632C, 0x632C, 0x630C,
    0x5ACB, 0x5AEB, 0x5ACB, 0x52AA, 0x52AA, 0x52AA, 0x52AA, 0x5ACB, 0x5AEB, 0x5ACB, 0x0861, 0x0000, 0x0000, 0x10A2, 0x52AA, 0x528A,
    0x52AA, 0x52AA, 0x5ACB, 0x5AEB, 0x52AA, 0x52AA, 0x52AA, 0x4A69, 0x528A, 0x528A, 0x5ACB, 0x18E3, 0x0000, 0x0000, 0x31A6, 0x52AA,
    0x52AA, 0x528A, 0x528A, 0x52AA, 0x5AEB, 0x52AA, 0x1082, 0x0000, 0x0000, 0x4208, 0x5ACB, 0x5ACB, 0x5AEB, 0x5ACB, 0x52AA, 0x5ACB,
    0x5ACB, 0x5ACB, 0x5AEB, 0x5AEB, 0x630C, 0x2104, 0x0000, 0x0020, 0x528A, 0x630C, 0x630C, 0x5AEB, 0x630C, 0x630C, 0x630C, 0x5AEB,
    0x5ACB, 0x5AEB, 0x630C, 0x5AEB, 0x5ACB, 0x632C, 0x632C, 0x5AEB, 0x630C, 0x630C, 0x5AEB, 0x632C, 0x6B4D, 0x632C, 0x6B4D, 0x632C,
    0x632C, 0x630C, 0x632C, 0x6B4D, 0x632C, 0x630C, 0x632C, 0x52AA, 0x0841, 0x0000, 0x0000, 0x52AA, 0x632C, 0x630C, 0x632C, 0x632C,
    0x630C, 0x4A49, 0x0841, 0x0000, 0x0000, 0x2124, 0x6B4D, 0x5AEB, 0x632C, 0x6B4D, 0x6B4D, 0x6B6D, 0x5AEB, 0x0841, 0x0000, 0x0020,
    0x5AEB, 0x738E, 0x6B4D, 0x632C, 0x632C, 0x738E, 0x4208, 0x0000, 0x0000, 0x0000, 0x18C3, 0x738E, 0x6B6D, 0x738E, 0x6B6D, 0x6B4D,
    0x632C, 0x632C, 0x0861, 0x0000, 0x0000, 0x2124, 0x4228, 0x39E7, 0x630C, 0x7BEF, 0x738E, 0x7BCF, 0x7BEF, 0x7BCF, 0x8410, 0x9CD3,
    0xAD55, 0xAD55, 0xA514, 0x9CF3, 0x9CF3, 0x9CD3, 0x9CF3, 0x9492, 0x2965, 0x0000, 0x0000, 0x0000, 0x0000, 0x2104, 0x630C, 0x94B2,
    0x9CF3, 0x9CD3, 0x9CD3, 0x94B2, 0x9492, 0x9492, 0x8C71, 0x8C71, 0x94B2, 0x9492, 0x94B2, 0x9CF3, 0x6B4D, 0x1082, 0x0000, 0x0000,
    0x0000, 0x0841, 0x31A6, 0x73AE, 0x9CF3, 0x9CF3, 0x9492, 0x94B2, 0x9CD3, 0x94B2, 0x9CD3, 0x94B2, 0x94B2, 0x9492, 0x9492, 0x9492,
    0x9492, 0x8C71, 0x9492, 0x8C71, 0x8C51, 0x8C51, 0x8C71, 0x8C51, 0x8C71, 0x8C71, 0x8C71, 0x8C71, 0x8C71, 0x8C71, 0x8C51, 0x8C51,
    0x8C51, 0x8C51, 0x8C51, 0x8430, 0x8C51, 0x8410, 0x10A2, 0x18E3, 0xEF7D, 0xFFFF, 0xFFFF, 0xFFFF, 0xFFFF, 0xFFFF, 0xFFFF, 0xFFFF,
    0xFFFF, 0xFFFF, 0xFFFF, 0xFFFF, 0xFFFF, 0xFFFF, 0xFFFF, 0xFFFF, 0xFFFF, 0xFFFF, 0xFFFF, 0xFFFF, 0xFFFF, 0xA534, 0x0841, 0x8410,
    0x8C71, 0x8C51, 0x8C71, 0x8C71, 0x8C71, 0x8C71, 0x8C71, 0x9492, 0x9492, 0x9492, 0x9492, 0x8C71, 0x8C71, 0x9492, 0x9492, 0x9492,
    0x9492, 0x9492, 0x8C71, 0x8C51, 0x9492, 0x9492, 0x9492, 0x94B2, 0x2945, 0x0000, 0x0000, 0x4A49, 0x9CF3, 0x8C71, 0x8C71, 0x9492,
    0x9492, 0x94B2, 0x9492, 0x18C3, 0x0000, 0x0000, 0x528A, 0x9CF3, 0x9492, 0x9492, 0x94B2, 0x94B2, 0xA534, 0x4228, 0x0000, 0x0000,
    0x39E7, 0xAD55, 0x9CF3, 0xA514, 0x8C71, 0x630C, 0x630C, 0x6B4D, 0x2124, 0x0000, 0x0000, 0x39C7, 0x6B6D, 0x630C, 0x5AEB, 0x630C,
    0x5AEB, 0x632C, 0x632C, 0x5AEB, 0x5ACB, 0x5AEB, 0x5ACB, 0x5AEB, 0x630C, 0x630C, 0x630C, 0x632C, 0x630C, 0x5AEB, 0x630C, 0x630C,
    0x5AEB, 0x5AEB, 0x5AEB, 0x5AEB, 0x5ACB, 0x5ACB, 0x52AA, 0x5ACB, 0x5AEB, 0x6B4D, 0x39C7, 0x0000, 0x0000, 0x0000, 0x31A6, 0x5ACB,
    0x5ACB, 0x5ACB, 0x528A, 0x52AA, 0x52AA, 0x4A69, 0x52AA, 0x52AA, 0x528A, 0x528A, 0x52AA, 0x10A2, 0x0000, 0x0000, 0x39E7, 0x5AEB,
    0x52AA, 0x52AA, 0x52AA, 0x5AEB, 0x5AEB, 0x52AA, 0x0861, 0x0000, 0x0000, 0x4208, 0x5ACB, 0x5ACB, 0x5AEB, 0x5ACB, 0x52AA, 0x52AA,
    0x5AEB, 0x5AEB, 0x630C, 0x632C, 0x630C, 0x1082, 0x0000, 0x0000, 0x4228, 0x630C, 0x5ACB, 0x5ACB, 0x5ACB, 0x5AEB, 0x630C, 0x5ACB,
    0x52AA, 0x5AEB, 0x630C, 0x5AEB, 0x5AEB, 0x632C, 0x630C, 0x630C, 0x630C, 0x6B4D, 0x630C, 0x630C, 0x6B6D, 0x632C, 0x632C, 0x632C,
    0x5AEB, 0x630C, 0x632C, 0x632C, 0x632C, 0x630C, 0x5AEB, 0x5ACB, 0x0861, 0x0000, 0x0000, 0x5ACB, 0x6B6D, 0x630C, 0x630C, 0x2104,
    0x0841, 0x0000, 0x0000, 0x0000, 0x0000, 0x528A, 0x6B4D, 0x5AEB, 0x5AEB, 0x632C, 0x6B6D, 0x6B4D, 0x632C, 0x10A2, 0x0000, 0x0000,
    0x5ACB, 0x73AE, 0x6B4D, 0x6B4D, 0x528A, 0x2104, 0x0000, 0x0000, 0x0000, 0x0000, 0x4208, 0x7BCF, 0x6B4D, 0x738E, 0x738E, 0x6B6D,
    0x6B4D, 0x73AE, 0x18E3, 0x0000, 0x0000, 0x0000, 0x0000, 0x0000, 0x0861, 0x6B6D, 0x6B6D, 0x738E, 0x7BCF, 0x73AE, 0x73AE, 0x8C51,
    0xA514, 0xA514, 0x9CF3, 0xA514, 0xA514, 0x9CD3, 0x9CD3, 0x9CF3, 0x9CF3, 0x5AEB, 0x0861, 0x0000, 0x0000, 0x0000, 0x0000, 0x2104,
    0x6B6D, 0x9CD3, 0x94B2, 0x9492, 0x94B2, 0x94B2, 0x8C71, 0x94B2, 0x94B2, 0x9492, 0x94B2, 0x9CD3, 0x9CF3, 0x8430, 0x39C7, 0x0000,
    0x0000, 0x0000, 0x0000, 0x0020, 0x39C7, 0x8410, 0xA534, 0x9CD3, 0x94B2, 0x94B2, 0x9CD3, 0x94B2, 0x94B2, 0x9492, 0x94B2, 0x9492,
    0x9492, 0x9492, 0x9492, 0x8C71, 0x9492, 0x8C71, 0x8C71, 0x8C71, 0x8C71, 0x9492, 0x8C71, 0x8C71, 0x8C71, 0x8C71, 0x8C71, 0x8C51,
    0x8C51, 0x8C51, 0x8430, 0x8430, 0x8C51, 0x8C71, 0x39E7, 0x0000, 0xB5B6, 0xFFFF, 0xFFFF, 0xFFFF, 0xFFFF, 0xFFFF, 0xFFFF, 0xFFFF,
    0xFFFF, 0xFFFF, 0xFFFF, 0xFFFF, 0xFFFF, 0xFFFF, 0xFFFF, 0xFFFF, 0xFFFF, 0xFFFF, 0xFFFF, 0xFFFF, 0xFFFF, 0x6B4D, 0x10A2, 0x9492,
    0x8C71, 0x8C71, 0x9492, 0x9492, 0x8C71, 0x94B2, 0x9492, 0x8C71, 0x8C71, 0x8C71, 0x8C71, 0x8C71, 0x9492, 0x9492, 0x9492, 0x8C71,
    0x94B2, 0x9492, 0x8C71, 0x8C71, 0x8C71, 0x8C71, 0x9492, 0x8410, 0x0861, 0x0000, 0x0000, 0x6B6D, 0x9CD3, 0x8C71, 0x8C71, 0x9492,
    0x8C71, 0x9CD3, 0x7BCF, 0x0020, 0x0000, 0x0000, 0x6B6D, 0x9CD3, 0x9492, 0x9492, 0x94B2, 0x94B2, 0x9CF3, 0x2945, 0x0000, 0x0000,
    0x630C, 0xAD55, 0x9CF3, 0x9CF3, 0x738E, 0x630C, 0x632C, 0x632C, 0x10A2, 0x0000, 0x0000, 0x4A69, 0x6B4D, 0x5ACB, 0x630C, 0x632C,
    0x5AEB, 0x5AEB, 0x630C, 0x630C, 0x5AEB, 0x5AEB, 0x5AEB, 0x630C, 0x632C, 0x632C, 0x632C, 0x630C, 0x5AEB, 0x5AEB, 0x5AEB, 0x5ACB,
    0x5AEB, 0x52AA, 0x5AEB, 0x630C, 0x5ACB, 0x5ACB, 0x5AEB, 0x5AEB, 0x5AEB, 0x528A, 0x52AA, 0x10A2, 0x0000, 0x0000, 0x0841, 0x5ACB,
    0x52AA, 0x528A, 0x52AA, 0x52AA, 0x5ACB, 0x52AA, 0x528A, 0x52AA, 0x528A, 0x528A, 0x528A, 0x0861, 0x0000, 0x0000, 0x4228, 0x52AA,
    0x52AA, 0x528A, 0x52AA, 0x5AEB, 0x5AEB, 0x528A, 0x0841, 0x0000, 0x0020, 0x4A69, 0x5AEB, 0x5AEB, 0x5ACB, 0x5ACB, 0x5AEB, 0x5AEB,
    0x5AEB, 0x5ACB, 0x5ACB, 0x630C, 0x5ACB, 0x1082, 0x0000, 0x0000, 0x4228, 0x630C, 0x5ACB, 0x5ACB, 0x5ACB, 0x5AEB, 0x630C, 0x5ACB,
    0x5ACB, 0x630C, 0x630C, 0x5AEB, 0x630C, 0x6B4D, 0x632C, 0x630C, 0x630C, 0x630C, 0x632C, 0x630C, 0x632C, 0x632C, 0x632C, 0x632C,
    0x632C, 0x632C, 0x5AEB, 0x5AEB, 0x630C, 0x630C, 0x630C, 0x5AEB, 0x1082, 0x0000, 0x0000, 0x528A, 0x6B6D, 0x632C, 0x5AEB, 0x0020,
    0x0000, 0x0000, 0x0000, 0x0000, 0x39C7, 0x6B6D, 0x630C, 0x630C, 0x630C, 0x632C, 0x6B6D, 0x6B6D, 0x6B4D, 0x18E3, 0x0000, 0x0000,
    0x4A49, 0x738E, 0x6B6D, 0x630C, 0x0020, 0x0000, 0x0000, 0x0000, 0x0000, 0x3186, 0x73AE, 0x6B4D, 0x6B4D, 0x6B4D, 0x6B6D, 0x6B6D,
    0x6B4D, 0x73AE, 0x2945, 0x0000, 0x0000, 0x0000, 0x0000, 0x0000, 0x0000, 0x5ACB, 0x7BCF, 0x73AE, 0x7BEF, 0x7BCF, 0x7BCF, 0x7BEF,
    0x94B2, 0xA514, 0xA514, 0xA514, 0xA514, 0x9CF3, 0x9CF3, 0x9CF3, 0x9CF3, 0xA534, 0x8C51, 0x4208, 0x0841, 0x0000, 0x0020, 0x0000,
    0x0000, 0x39E7, 0x9492, 0x94B2, 0x9492, 0x94B2, 0x94B2, 0x94B2, 0x94B2, 0x9492, 0x9492, 0x9492, 0x9492, 0x94B2, 0x9CD3, 0x738E,
    0x3186, 0x0000, 0x0000, 0x0020, 0x0000, 0x0841, 0x5AEB, 0xA514, 0x9CD3, 0x94B2, 0x94B2, 0x8C71, 0x9492, 0x94B2, 0x94B2, 0x9492,
    0x8C71, 0x9492, 0x8C71, 0x8C71, 0x8C71, 0x8C51, 0x8C71, 0x8C71, 0x8C71, 0x9492, 0x9492, 0x8C71, 0x8C51, 0x8C71, 0x9492, 0x8C71,
    0x8C71, 0x8C51, 0x8C51, 0x8410, 0x8410, 0x8C71, 0x630C, 0x0000, 0x738E, 0xFFFF, 0xFFFF, 0xFFFF, 0xFFFF, 0xFFFF, 0xFFFF, 0xFFFF,
    0xFFFF, 0xFFFF, 0xFFFF, 0xFFFF, 0xFFFF, 0xFFFF, 0xFFFF, 0xFFFF, 0xFFFF, 0xFFFF, 0xFFFF, 0xFFFF, 0xFFFF, 0x3186, 0x3186, 0x8C71,
    0x8C51, 0x9492, 0x8C71, 0x8C51, 0x8C71, 0x8C71, 0x9492, 0x8C51, 0x8C51, 0x9492, 0x8C71, 0x8C71, 0x9492, 0x9492, 0x8C71, 0x8C71,
    0x8C71, 0x8C51, 0x8C71, 0x8C71, 0x8C71, 0x8C51, 0x9492, 0x632C, 0x0000, 0x0000, 0x0861, 0x8C51, 0x94B2, 0x9492, 0x9492, 0x9492,
    0x9492, 0x9CD3, 0x52AA, 0x0000, 0x0000, 0x0861, 0x8430, 0x94B2, 0x94B2, 0x9CD3, 0x9CD3, 0x9CF3, 0x8C51, 0x1082, 0x0000, 0x0000,
    0x7BEF, 0xA514, 0xA514, 0x9492, 0x6B4D, 0x6B6D, 0x738E, 0x5AEB, 0x0020, 0x0000, 0x0020, 0x5ACB, 0x630C, 0x5AEB, 0x632C, 0x630C,
    0x632C, 0x630C, 0x6B4D, 0x632C, 0x630C, 0x632C, 0x5AEB, 0x5AEB, 0x5ACB, 0x630C, 0x632C, 0x632C, 0x630C, 0x630C, 0x630C, 0x52AA,
    0x5ACB, 0x5ACB, 0x5ACB, 0x5AEB, 0x5AEB, 0x5AEB, 0x5ACB, 0x5AEB, 0x5ACB, 0x52AA, 0x5ACB, 0x4208, 0x0000, 0x0000, 0x0000, 0x2945,
    0x5AEB, 0x4A69, 0x528A, 0x52AA, 0x5ACB, 0x52AA, 0x528A, 0x528A, 0x52AA, 0x52AA, 0x528A, 0x0861, 0x0000, 0x0000, 0x4228, 0x5ACB,
    0x52AA, 0x528A, 0x52AA, 0x526A, 0x52AA, 0x528A, 0x0020, 0x0000, 0x0020, 0x4A69, 0x52AA, 0x52AA, 0x5ACB, 0x5ACB, 0x5AEB, 0x5AEB,
    0x630C, 0x5AEB, 0x5ACB, 0x630C, 0x5AEB, 0x0861, 0x0000, 0x0000, 0x4208, 0x630C, 0x630C, 0x5AEB, 0x5ACB, 0x5ACB, 0x5AEB, 0x5AEB,
    0x630C, 0x630C, 0x5AEB, 0x630C, 0x5AEB, 0x630C, 0x6B4D, 0x632C, 0x632C, 0x5AEB, 0x630C, 0x632C, 0x632C, 0x630C, 0x632C, 0x632C,
    0x632C, 0x630C, 0x630C, 0x632C, 0x632C, 0x632C, 0x6B4D, 0x630C, 0x10A2, 0x0000, 0x0000, 0x4A49, 0x6B6D, 0x6B4D, 0x6B4D, 0x2104,
    0x0000, 0x0841, 0x18C3, 0x528A, 0x738E, 0x630C, 0x632C, 0x632C, 0x632C, 0x6B4D, 0x6B6D, 0x6B6D, 0x6B6D, 0x2124, 0x0000, 0x0000,
    0x4208, 0x73AE, 0x6B4D, 0x632C, 0x18C3, 0x0000, 0x0000, 0x0000, 0x39E7, 0x7BCF, 0x6B4D, 0x6B4D, 0x6B6D, 0x738E, 0x6B6D, 0x6B6D,
    0x6B4D, 0x7BCF, 0x39E7, 0x0000, 0x0000, 0x0000, 0x10A2, 0x18C3, 0x2945, 0x6B6D, 0x73AE, 0x7BEF, 0x7BCF, 0x7BEF, 0x7BEF, 0x7BCF,
    0x9492, 0xAD55, 0xA514, 0xA534, 0xA514, 0xA514, 0x9CD3, 0x9CD3, 0x9CD3, 0x94B2, 0x9CD3, 0xA534, 0x8410, 0x39C7, 0x0020, 0x0000,
    0x0000, 0x0000, 0x2965, 0x9492, 0x9CF3, 0x94B2, 0x94B2, 0x9492, 0x94B2, 0x94B2, 0x9CD3, 0x94B2, 0x9492, 0x94B2, 0x94B2, 0x9CF3,
    0x9CF3, 0x738E, 0x2965, 0x0000, 0x0000, 0x0000, 0x0000, 0x4228, 0x9CD3, 0x9CD3, 0x94B2, 0x94B2, 0x94B2, 0x94B2, 0x94B2, 0x94B2,
    0x9492, 0x8C71, 0x8C71, 0x8C71, 0x8C71, 0x8C71, 0x8C51, 0x8C71, 0x9492, 0x9492, 0x8C71, 0x8C71, 0x8C51, 0x8C71, 0x8C71, 0x8C71,
    0x9492, 0x8C51, 0x8430, 0x8430, 0x8410, 0x8430, 0x7BCF, 0x0020, 0x39C7, 0xFFDF, 0xFFFF, 0xFFFF, 0xFFFF, 0xFFFF, 0xFFFF, 0xFFFF,
    0xFFFF, 0xFFFF, 0xFFFF, 0xFFFF, 0xFFFF, 0xFFFF, 0xFFFF, 0xFFFF, 0xFFFF, 0xFFFF, 0xFFFF, 0xFFFF, 0xDEFB, 0x0841, 0x528A, 0x8C71,
    0x8430, 0x8C71, 0x8C71, 0x8C71, 0x8C71, 0x8C71, 0x8C71, 0x8C71, 0x8C71, 0x8C71, 0x9492, 0x8C71, 0x8C71, 0x94B2, 0x8C71, 0x9492,
    0x8C71, 0x8C71, 0x9492, 0x8C71, 0x9492, 0x8C71, 0x94B2, 0x4228, 0x0000, 0x0000, 0x2965, 0x9CD3, 0x9492, 0x9492, 0x9492, 0x94B2,
    0x94B2, 0x9CF3, 0x39C7, 0x0000, 0x0000, 0x2124, 0x9CF3, 0x9492, 0x9CD3, 0x94B2, 0x94B2, 0xA514, 0x738E, 0x0000, 0x0000, 0x0861,
    0x9492, 0x9CF3, 0x9CF3, 0x738E, 0x632C, 0x632C, 0x6B6D, 0x4A49, 0x0000, 0x0000, 0x10A2, 0x6B4D, 0x632C, 0x5AEB, 0x5AEB, 0x630C,
    0x5AEB, 0x630C, 0x632C, 0x632C, 0x632C, 0x632C, 0x630C, 0x5ACB, 0x5ACB, 0x5AEB, 0x5AEB, 0x630C, 0x630C, 0x630C, 0x5AEB, 0x5ACB,
    0x5ACB, 0x52AA, 0x52AA, 0x5ACB, 0x5AEB, 0x5AEB, 0x5AEB, 0x630C, 0x5AEB, 0x52AA, 0x52AA, 0x5AEB, 0x18E3, 0x0000, 0x0000, 0x0841,
    0x4A69, 0x5AEB, 0x5ACB, 0x5ACB, 0x52AA, 0x52AA, 0x52AA, 0x528A, 0x528A, 0x528A, 0x4A49, 0x0020, 0x0000, 0x0020, 0x4A49, 0x528A,
    0x528A, 0x4A69, 0x528A, 0x4A69, 0x528A, 0x4A69, 0x0020, 0x0000, 0x0841, 0x52AA, 0x52AA, 0x528A, 0x5ACB, 0x5AEB, 0x52AA, 0x52AA,
    0x5ACB, 0x5AEB, 0x5ACB, 0x5AEB, 0x5AEB, 0x0861, 0x0000, 0x0000, 0x4228, 0x5ACB, 0x528A, 0x52AA, 0x5ACB, 0x52AA, 0x5AEB, 0x5AEB,
    0x5AEB, 0x5AEB, 0x632C, 0x5AEB, 0x630C, 0x630C, 0x6B4D, 0x6B4D, 0x630C, 0x5AEB, 0x5AEB, 0x5AEB, 0x6B4D, 0x630C, 0x630C, 0x6B4D,
    0x630C, 0x630C, 0x6B4D, 0x6B4D, 0x630C, 0x632C, 0x6B4D, 0x6B6D, 0x18E3, 0x0000, 0x0000, 0x39E7, 0x6B6D, 0x6B4D, 0x632C, 0x632C,
    0x52AA, 0x5AEB, 0x738E, 0x738E, 0x630C, 0x632C, 0x6B4D, 0x632C, 0x6B4D, 0x6B4D, 0x6B4D, 0x6B4D, 0x738E, 0x3186, 0x0000, 0x0000,
    0x31A6, 0x6B6D, 0x632C, 0x6B4D, 0x52AA, 0x0020, 0x0000, 0x0000, 0x4228, 0x6B6D, 0x6B4D, 0x738E, 0x6B4D, 0x6B4D, 0x6B6D, 0x632C,
    0x630C, 0x738E, 0x4228, 0x0000, 0x0000, 0x1082, 0x73AE, 0x73AE, 0x7BCF, 0x73AE, 0x73AE, 0x7BEF, 0x7BEF, 0x7BCF, 0x73AE, 0x7BEF,
    0x7BCF, 0x9CD3, 0xA534, 0xA514, 0xA514, 0x9CD3, 0x9CF3, 0x9CD3, 0x9CD3, 0x9CF3, 0x9CD3, 0x9CD3, 0x9CF3, 0x9CF3, 0x7BEF, 0x31A6,
    0x0000, 0x0000, 0x0000, 0x2104, 0x8C51, 0x9CD3, 0x94B2, 0x9492, 0x9492, 0x8C71, 0x9492, 0x94B2, 0x94B2, 0x94B2, 0x94B2, 0x94B2,
    0x9CD3, 0x9CF3, 0x9CD3, 0x6B6D, 0x2945, 0x0000, 0x0000, 0x0000, 0x3186, 0x94B2, 0x9CD3, 0x94B2, 0x94B2, 0x94B2, 0x94B2, 0x94B2,
    0x9492, 0x9492, 0x8C71, 0x8C71, 0x8C71, 0x9492, 0x9492, 0x8C71, 0x9492, 0x94B2, 0x8C71, 0x8C71, 0x8C51, 0x9492, 0x8C71, 0x8C51,
    0x8C51, 0x8C51, 0x8C51, 0x8C51, 0x8C51, 0x8430, 0x8430, 0x2124, 0x0020, 0xD69A, 0xFFFF, 0xFFFF, 0xFFFF, 0xFFFF, 0xFFFF, 0xFFFF,
    0xFFFF, 0xFFFF, 0xFFFF, 0xFFFF, 0xFFFF, 0xFFFF, 0xFFFF, 0xFFFF, 0xFFFF, 0xFFFF, 0xFFFF, 0xFFFF, 0xAD55, 0x0000, 0x738E, 0x8C71,
    0x8C51, 0x8C51, 0x8C51, 0x9492, 0x9492, 0x9492, 0x8C71, 0x8C71, 0x8C71, 0x8C71, 0x8C71, 0x8C71, 0x9492, 0x9492, 0x8C71, 0x8C71,
    0x8C71, 0x8C71, 0x8C71, 0x8C71, 0x9492, 0x8C71, 0x9492, 0x2104, 0x0000, 0x0000, 0x4A69, 0x9CD3, 0x8C71, 0x8C71, 0x9492, 0x9492,
    0x94B2, 0x9492, 0x18C3, 0x0000, 0x0000, 0x4228, 0x9CF3, 0x8C71, 0x94B2, 0x94B2, 0x9492, 0x9CF3, 0x52AA, 0x0000, 0x0000, 0x2945,
    0xA514, 0xA514, 0x8C51, 0x5AEB, 0x632C, 0x630C, 0x6B6D, 0x39C7, 0x0000, 0x0000, 0x2104, 0x738E, 0x632C, 0x630C, 0x6B4D, 0x632C,
    0x630C, 0x630C, 0x630C, 0x632C, 0x630C, 0x5AEB, 0x630C, 0x630C, 0x6B4D, 0x632C, 0x630C, 0x5AEB, 0x630C, 0x5AEB, 0x5AEB, 0x5AEB,
    0x5AEB, 0x630C, 0x5ACB, 0x52AA, 0x5AEB, 0x5ACB, 0x2965, 0x2945, 0x4228, 0x52AA, 0x5ACB, 0x5AEB, 0x4228, 0x0020, 0x0000, 0x0000,
    0x18E3, 0x630C, 0x5AEB, 0x5AEB, 0x5ACB, 0x5AEB, 0x5AEB, 0x52AA, 0x528A, 0x528A, 0x4208, 0x0000, 0x0000, 0x0841, 0x528A, 0x526A,
    0x528A, 0x528A, 0x528A, 0x4A69, 0x5ACB, 0x4A49, 0x0000, 0x0000, 0x0841, 0x5ACB, 0x52AA, 0x52AA, 0x5ACB, 0x5ACB, 0x52AA, 0x5AEB,
    0x630C, 0x630C, 0x5AEB, 0x630C, 0x5AEB, 0x0841, 0x0000, 0x0000, 0x4228, 0x52AA, 0x5ACB, 0x52AA, 0x5ACB, 0x5ACB, 0x52AA, 0x5ACB,
    0x5ACB, 0x5AEB, 0x5ACB, 0x5AEB, 0x632C, 0x632C, 0x632C, 0x630C, 0x5AEB, 0x5AEB, 0x5AEB, 0x5ACB, 0x5ACB, 0x5ACB, 0x5AEB, 0x630C,
    0x630C, 0x630C, 0x630C, 0x630C, 0x5AEB, 0x632C, 0x5AEB, 0x630C, 0x18E3, 0x0000, 0x0000, 0x4208, 0x73AE, 0x6B4D, 0x632C, 0x632C,
    0x6B6D, 0x6B4D, 0x6B4D, 0x6B6D, 0x6B6D, 0x6B4D, 0x6B4D, 0x632C, 0x632C, 0x632C, 0x6B6D, 0x6B4D, 0x738E, 0x39C7, 0x0000, 0x0000,
    0x2945, 0x6B6D, 0x5AEB, 0x6B4D, 0x7BCF, 0x31A6, 0x0000, 0x0000, 0x0841, 0x5AEB, 0x6B6D, 0x73AE, 0x6B4D, 0x6B4D, 0x738E, 0x6B6D,
    0x6B4D, 0x738E, 0x528A, 0x0000, 0x0000, 0x0861, 0x6B4D, 0x738E, 0x73AE, 0x73AE, 0x7BCF, 0x8410, 0x7BEF, 0x7BCF, 0x7BCF, 0x7BEF,
    0x73AE, 0x7BEF, 0xA514, 0x9CF3, 0x9CF3, 0x9CF3, 0x9CD3, 0x9CF3, 0xA514, 0xAD55, 0xA514, 0x9CD3, 0x9CD3, 0x94B2, 0xA514, 0x9CF3,
    0x632C, 0x0841, 0x0000, 0x0000, 0x2124, 0x94B2, 0x94B2, 0x94B2, 0x94B2, 0x9492, 0x9492, 0x94B2, 0x8C71, 0x8C71, 0x94B2, 0x94B2,
    0x9CD3, 0x9492, 0x94B2, 0x9CF3, 0x9CF3, 0x52AA, 0x0020, 0x0020, 0x0000, 0x31A6, 0x9CD3, 0x94B2, 0x94B2, 0x94B2, 0x9492, 0x9492,
    0x94B2, 0x94B2, 0x9492, 0x94B2, 0x94B2, 0x9492, 0x94B2, 0x94B2, 0x94B2, 0x9492, 0x94B2, 0x8C71, 0x8C71, 0x8C71, 0x8C51, 0x8C71,
    0x8C51, 0x8C71, 0x8C71, 0x8C51, 0x8C51, 0x8430, 0x8C51, 0x4A49, 0x0000, 0x9CD3, 0xFFFF, 0xFFFF, 0xFFFF, 0xFFFF, 0xFFFF, 0xFFFF,
    0xFFFF, 0xFFFF, 0xFFFF, 0xFFFF, 0xFFFF, 0xFFFF, 0xFFFF, 0xFFFF, 0xFFFF, 0xFFFF, 0xFFDF, 0xFFFF, 0x6B6D, 0x0020, 0x8410, 0x8C71,
    0x8C51, 0x8C51, 0x8C71, 0x8C71, 0x8C71, 0x8C71, 0x8C71, 0x8C71, 0x8C71, 0x8C71, 0x8C71, 0x8C71, 0x9492, 0x9492, 0x9492, 0x8C71,
    0x8C71, 0x8C71, 0x8C51, 0x8C71, 0x9492, 0x9492, 0x7BCF, 0x0841, 0x0000, 0x0000, 0x738E, 0x94B2, 0x9492, 0x9492, 0x9492, 0x8C71,
    0x9CD3, 0x6B4D, 0x0000, 0x0000, 0x0000, 0x6B4D, 0x9CF3, 0x9492, 0x94B2, 0x94B2, 0x94B2, 0x9CF3, 0x31A6, 0x0000, 0x0000, 0x4228,
    0xAD55, 0x9CD3, 0x738E, 0x632C, 0x6B6D, 0x632C, 0x738E, 0x2124, 0x0000, 0x0000, 0x39C7, 0x738E, 0x630C, 0x630C, 0x6B4D, 0x632C,
    0x632C, 0x630C, 0x5AEB, 0x5AEB, 0x5AEB, 0x5AEB, 0x630C, 0x632C, 0x6B6D, 0x632C, 0x5AEB, 0x5AEB, 0x632C, 0x6B4D, 0x630C, 0x6B4D,
    0x630C, 0x632C, 0x632C, 0x630C, 0x630C, 0x3186, 0x0000, 0x0000, 0x2124, 0x5AEB, 0x5ACB, 0x528A, 0x5ACB, 0x2945, 0x0000, 0x0000,
    0x0000, 0x39E7, 0x630C, 0x5AEB, 0x5ACB, 0x5AEB, 0x5ACB, 0x528A, 0x4A69, 0x52AA, 0x4228, 0x0000, 0x0000, 0x0861, 0x52AA, 0x528A,
    0x528A, 0x4A69, 0x528A, 0x52AA, 0x5AEB, 0x4228, 0x0000, 0x0000, 0x0861, 0x5ACB, 0x5ACB, 0x5ACB, 0x52AA, 0x52AA, 0x5AEB, 0x5AEB,
    0x632C, 0x630C, 0x52AA, 0x5AEB, 0x4A69, 0x0841, 0x0000, 0x0000, 0x4A49, 0x5ACB, 0x5AEB, 0x5AEB, 0x5AEB, 0x5ACB, 0x52AA, 0x52AA,
    0x5ACB, 0x5AEB, 0x5ACB, 0x632C, 0x632C, 0x6B4D, 0x632C, 0x630C, 0x630C, 0x5ACB, 0x5AEB, 0x5AEB, 0x52AA, 0x5AEB, 0x5AEB, 0x5AEB,
    0x5AEB, 0x630C, 0x630C, 0x630C, 0x5AEB, 0x630C, 0x630C, 0x6B4D, 0x2104, 0x0000, 0x0000, 0x39C7, 0x73AE, 0x6B4D, 0x632C, 0x6B4D,
    0x630C, 0x632C, 0x632C, 0x6B4D, 0x738E, 0x632C, 0x632C, 0x632C, 0x632C, 0x632C, 0x6B4D, 0x6B6D, 0x6B6D, 0x39E7, 0x0000, 0x0000,
    0x2104, 0x73AE, 0x6B4D, 0x632C, 0x6B6D, 0x6B6D, 0x10A2, 0x0000, 0x0000, 0x2124, 0x6B6D, 0x6B4D, 0x632C, 0x6B4D, 0x6B4D, 0x6B6D,
    0x738E, 0x738E, 0x5AEB, 0x0841, 0x0000, 0x0020, 0x5AEB, 0x73AE, 0x738E, 0x73AE, 0x73AE, 0x7BCF, 0x7BCF, 0x7BCF, 0x7BCF, 0x7BCF,
    0x8410, 0x7BCF, 0x9492, 0xA514, 0xA514, 0xA514, 0x9CF3, 0x9CD3, 0x9CD3, 0x6B6D, 0x8C71, 0x9CF3, 0x94B2, 0x9CF3, 0x9CD3, 0x9CD3,
    0xA514, 0x6B6D, 0x0020, 0x0000, 0x0000, 0x528A, 0x9CD3, 0x9492, 0x94B2, 0x94B2, 0x94B2, 0x94B2, 0x94B2, 0x8C71, 0x632C, 0x8C51,
    0x94B2, 0x9492, 0x94B2, 0x94B2, 0x94B2, 0xA514, 0x630C, 0x0000, 0x0020, 0x0000, 0x5AEB, 0x9CD3, 0x9492, 0x8C71, 0x9492, 0x9492,
    0x94B2, 0x94B2, 0x94B2, 0x94B2, 0x94B2, 0x9492, 0x94B2, 0x9492, 0x9492, 0x9492, 0x9492, 0x9492, 0x9492, 0x8C71, 0x8C71, 0x9492,
    0x9492, 0x8C51, 0x8C51, 0x8C51, 0x8430, 0x8430, 0x8430, 0x6B6D, 0x0000, 0x5ACB, 0xFFFF, 0xFFFF, 0xFFFF, 0xFFFF, 0xFFFF, 0xFFFF,
    0xFFFF, 0xFFFF, 0xFFFF, 0xFFFF, 0xFFFF, 0xFFFF, 0xFFFF, 0xFFFF, 0xFFFF, 0xFFFF, 0xFFFF, 0xFFFF, 0x3186, 0x18E3, 0x9492, 0x8C51,
    0x8C51, 0x8C51, 0x8C51, 0x8C51, 0x8C71, 0x8C71, 0x8C71, 0x9492, 0x8C71, 0x9492, 0x9492, 0x9492, 0x94B2, 0x9492, 0x94B2, 0x9CD3,
    0x9492, 0x9492, 0x8C71, 0x8C51, 0x8C51, 0x9CD3, 0x5AEB, 0x0000, 0x0000, 0x1082, 0x8C71, 0x9492, 0x9492, 0x9492, 0x94B2, 0x9CD3,
    0x8410, 0x18C3, 0x0000, 0x0000, 0x18C3, 0x9CD3, 0x94B2, 0x94B2, 0x94B2, 0x9492, 0x9CD3, 0x94B2, 0x18E3, 0x0000, 0x0000, 0x52AA,
    0xB596, 0x8C51, 0x632C, 0x6B4D, 0x6B4D, 0x6B6D, 0x5ACB, 0x0861, 0x0000, 0x0000, 0x4A49, 0x6B4D, 0x630C, 0x632C, 0x6B4D, 0x632C,
    0x630C, 0x630C, 0x630C, 0x630C, 0x630C, 0x630C, 0x5AEB, 0x630C, 0x632C, 0x630C, 0x6B4D, 0x630C, 0x630C, 0x6B6D, 0x630C, 0x5AEB,
    0x632C, 0x632C, 0x632C, 0x630C, 0x630C, 0x2124, 0x0000, 0x0000, 0x31A6, 0x5AEB, 0x5ACB, 0x5ACB, 0x5ACB, 0x4A69, 0x0861, 0x0000,
    0x0000, 0x1082, 0x5ACB, 0x630C, 0x630C, 0x5ACB, 0x52AA, 0x528A, 0x528A, 0x52AA, 0x39E7, 0x0000, 0x0000, 0x0841, 0x4A69, 0x528A,
    0x4A69, 0x528A, 0x52AA, 0x528A, 0x5AEB, 0x3186, 0x0000, 0x0000, 0x1082, 0x5AAB, 0x5AEB, 0x5ACB, 0x528A, 0x52AA, 0x52AA, 0x5ACB,
    0x5ACB, 0x52AA, 0x528A, 0x5ACB, 0x528A, 0x0841, 0x0000, 0x0000, 0x4A69, 0x632C, 0x630C, 0x5AEB, 0x630C, 0x5AEB, 0x5ACB, 0x5ACB,
    0x5AEB, 0x5AEB, 0x5AEB, 0x632C, 0x630C, 0x5AEB, 0x630C, 0x632C, 0x630C, 0x5ACB, 0x52AA, 0x5AEB, 0x5ACB, 0x5AEB, 0x630C, 0x630C,
    0x630C, 0x632C, 0x6B4D, 0x6B4D, 0x630C, 0x5AEB, 0x738E, 0x6B4D, 0x2124, 0x0000, 0x0000, 0x3186, 0x738E, 0x6B6D, 0x632C, 0x6B6D,
    0x6B4D, 0x632C, 0x632C, 0x6B4D, 0x738E, 0x632C, 0x632C, 0x632C, 0x630C, 0x630C, 0x632C, 0x6B4D, 0x632C, 0x4228, 0x0000, 0x0000,
    0x10A2, 0x738E, 0x6B6D, 0x632C, 0x6B4D, 0x73AE, 0x4A69, 0x0000, 0x0000, 0x0000, 0x4A69, 0x6B6D, 0x632C, 0x6B4D, 0x632C, 0x6B4D,
    0x738E, 0x738E, 0x6B6D, 0x1082, 0x0000, 0x0000, 0x52AA, 0x7BEF, 0x738E, 0x738E, 0x738E, 0x73AE, 0x7BEF, 0x7BCF, 0x8410, 0x8410,
    0x8410, 0x7BEF, 0x8C51, 0xA514, 0x9CD3, 0x9CF3, 0x9CF3, 0x9CD3, 0x39C7, 0x0000, 0x2124, 0x94B2, 0x9CD3, 0x9CD3, 0x9CF3, 0x9CF3,
    0x94B2, 0x9CF3, 0x31A6, 0x0000, 0x0000, 0x2104, 0x94B2, 0x8C71, 0x8C71, 0x8C71, 0x94B2, 0x9CD3, 0x94B2, 0x3186, 0x0000, 0x2945,
    0x9492, 0x9CD3, 0x94B2, 0x9492, 0x94B2, 0x9492, 0x9CF3, 0x31A6, 0x0000, 0x0000, 0x2124, 0x94B2, 0x94B2, 0x9492, 0x8C71, 0x94B2,
    0x9492, 0x94B2, 0x94B2, 0x94B2, 0x9492, 0x94B2, 0x9492, 0x9492, 0x94B2, 0x9492, 0x9492, 0x8C71, 0x8C71, 0x8C71, 0x8C71, 0x8C71,
    0x8C71, 0x8C51, 0x8430, 0x8C51, 0x8430, 0x8430, 0x8430, 0x8430, 0x1082, 0x18C3, 0xEF7D, 0xFFFF, 0xFFFF, 0xFFFF, 0xFFFF, 0xFFFF,
    0xFFFF, 0xFFFF, 0xFFFF, 0xFFFF, 0xFFFF, 0xFFFF, 0xFFFF, 0xFFFF, 0xFFFF, 0xFFFF, 0xFFFF, 0xDEFB, 0x0841, 0x4208, 0x94B2, 0x8C51,
    0x8C71, 0x8C71, 0x8C51, 0x8430, 0x8C51, 0x8C71, 0x8C71, 0x8C71, 0x8C71, 0x9492, 0x94B2, 0x8C71, 0x9492, 0x9492, 0x9492, 0x94B2,
    0x9492, 0x8C71, 0x8C71, 0x8C51, 0x8430, 0x9492, 0x39C7, 0x0000, 0x0000, 0x3186, 0x9CF3, 0x9492, 0x94B2, 0x9492, 0x738E, 0x52AA,
    0x10A2, 0x0000, 0x0020, 0x0000, 0x6B6D, 0x9CD3, 0x9492, 0x94B2, 0x9CD3, 0x9CD3, 0x94B2, 0x9492, 0x10A2, 0x0000, 0x0000, 0x2104,
    0x9CD3, 0x73AE, 0x632C, 0x6B4D, 0x630C, 0x630C, 0x18C3, 0x0000, 0x0000, 0x0841, 0x632C, 0x630C, 0x632C, 0x632C, 0x630C, 0x6B4D,
    0x632C, 0x6B4D, 0x632C, 0x630C, 0x630C, 0x632C, 0x630C, 0x6B4D, 0x632C, 0x630C, 0x6B4D, 0x6B4D, 0x632C, 0x6B4D, 0x6B4D, 0x632C,
    0x632C, 0x6B4D, 0x5AEB, 0x5AEB, 0x630C, 0x18C3, 0x0000, 0x0000, 0x4208, 0x630C, 0x5AEB, 0x5ACB, 0x52AA, 0x5AEB, 0x31A6, 0x0000,
    0x0000, 0x0000, 0x31A6, 0x5AEB, 0x5ACB, 0x5ACB, 0x52AA, 0x52AA, 0x5ACB, 0x5AEB, 0x39E7, 0x0000, 0x0000, 0x0000, 0x2945, 0x5ACB,
    0x5ACB, 0x52AA, 0x528A, 0x5AEB, 0x4A49, 0x0841, 0x0000, 0x0000, 0x2104, 0x632C, 0x5ACB, 0x630C, 0x5AEB, 0x5ACB, 0x5AEB, 0x52AA,
    0x52AA, 0x52AA, 0x5ACB, 0x5AEB, 0x528A, 0x0020, 0x0000, 0x0000, 0x4A69, 0x630C, 0x5AEB, 0x5ACB, 0x5AEB, 0x5ACB, 0x5AEB, 0x5AEB,
    0x5AEB, 0x5ACB, 0x5ACB, 0x5AEB, 0x630C, 0x5AEB, 0x630C, 0x630C, 0x5AEB, 0x5ACB, 0x5ACB, 0x5ACB, 0x5AEB, 0x630C, 0x5AEB, 0x5AEB,
    0x5AEB, 0x630C, 0x630C, 0x632C, 0x5AEB, 0x632C, 0x6B6D, 0x632C, 0x2124, 0x0000, 0x0000, 0x2945, 0x6B4D, 0x632C, 0x632C, 0x6B4D,
    0x6B4D, 0x6B4D, 0x6B4D, 0x6B6D, 0x6B4D, 0x6B4D, 0x6B6D, 0x632C, 0x5AEB, 0x630C, 0x632C, 0x632C, 0x630C, 0x4A49, 0x0000, 0x0000,
    0x0861, 0x6B6D, 0x6B6D, 0x6B4D, 0x738E, 0x738E, 0x6B6D, 0x2124, 0x0000, 0x0000, 0x10A2, 0x6B4D, 0x6B4D, 0x6B6D, 0x738E, 0x6B4D,
    0x6B6D, 0x6B4D, 0x6B6D, 0x18E3, 0x0000, 0x0000, 0x4228, 0x7BEF, 0x738E, 0x73AE, 0x738E, 0x5AEB, 0x528A, 0x52AA, 0x52AA, 0x52AA,
    0x630C, 0x7BCF, 0x8410, 0x94B2, 0x9CF3, 0x9CD3, 0x9CD3, 0x94B2, 0x18E3, 0x0000, 0x0000, 0x31A6, 0x9CD3, 0x9CF3, 0x9CD3, 0x9CD3,
    0x94B2, 0x9CD3, 0x2965, 0x0000, 0x0000, 0x18C3, 0x9492, 0x8C71, 0x8C71, 0x8C71, 0x9492, 0x94B2, 0x94B2, 0x18E3, 0x0000, 0x0000,
    0x3186, 0x9492, 0x94B2, 0x9492, 0x94B2, 0x9CD3, 0xA514, 0x3186, 0x0000, 0x0000, 0x18C3, 0x94B2, 0x9CF3, 0x94B2, 0x9492, 0x94B2,
    0x94B2, 0x94B2, 0x94B2, 0x9CD3, 0x94B2, 0x94B2, 0x94B2, 0x94B2, 0x94B2, 0x9492, 0x9492, 0x8C71, 0x8C71, 0x8C71, 0x8C71, 0x8C71,
    0x8C71, 0x8C71, 0x8C51, 0x8430, 0x8430, 0x8430, 0x8410, 0x8C71, 0x39C7, 0x0000, 0xC618, 0xFFFF, 0xFFFF, 0xFFFF, 0xFFFF, 0xFFFF,
    0xFFFF, 0xFFFF, 0xFFFF, 0xFFFF, 0xFFFF, 0xFFFF, 0xFFFF, 0xFFFF, 0xFFFF, 0xFFFF, 0xFFFF, 0xAD75, 0x0000, 0x5AEB, 0x9492, 0x8C71,
    0x8C71, 0x8C71, 0x8C71, 0x8C51, 0x8C51, 0x8C71, 0x8C71, 0x8C71, 0x9492, 0x9492, 0x9492, 0x94B2, 0x9492, 0x9492, 0x9492, 0x8C71,
    0x8C71, 0x8C71, 0x8C71, 0x8C71, 0x8C71, 0x8C71, 0x18C3, 0x0000, 0x0000, 0x5ACB, 0x9CD3, 0x9492, 0x94B2, 0x39E7, 0x0000, 0x0000,
    0x0000, 0x0000, 0x0000, 0x52AA, 0xA4F4, 0x9492, 0x94B2, 0x94B2, 0x9CF3, 0x9CD3, 0x9CD3, 0x9CD3, 0x2104, 0x0000, 0x0020, 0x0000,
    0x31A6, 0x6B4D, 0x6B4D, 0x632C, 0x5ACB, 0x10A2, 0x0000, 0x0020, 0x0000, 0x4208, 0x738E, 0x630C, 0x6B4D, 0x632C, 0x5AEB, 0x632C,
    0x630C, 0x6B4D, 0x632C, 0x630C, 0x632C, 0x632C, 0x632C, 0x6B6D, 0x632C, 0x630C, 0x630C, 0x6B4D, 0x6B4D, 0x6B4D, 0x6B4D, 0x6B4D,
    0x630C, 0x630C, 0x6B4D, 0x632C, 0x5AEB, 0x0861, 0x0000, 0x0000, 0x4A49, 0x630C, 0x5ACB, 0x52AA, 0x5ACB, 0x5ACB, 0x5ACB, 0x10A2,
    0x0000, 0x0000, 0x0841, 0x4A49, 0x5ACB, 0x52AA, 0x52AA, 0x52AA, 0x52AA, 0x5ACB, 0x4A69, 0x0841, 0x0000, 0x0000, 0x0000, 0x3186,
    0x5AEB, 0x528A, 0x52AA, 0x4228, 0x0841, 0x0000, 0x0000, 0x0000, 0x4A69, 0x6B4D, 0x630C, 0x630C, 0x630C, 0x5ACB, 0x52AA, 0x52AA,
    0x5ACB, 0x5ACB, 0x5ACB, 0x630C, 0x4A69, 0x0020, 0x0000, 0x0020, 0x4A69, 0x52AA, 0x528A, 0x5ACB, 0x5ACB, 0x528A, 0x5ACB, 0x5ACB,
    0x5AEB, 0x5AEB, 0x5AEB, 0x5AEB, 0x52AA, 0x5ACB, 0x5AEB, 0x630C, 0x5AEB, 0x5AEB, 0x5AEB, 0x630C, 0x5AEB, 0x630C, 0x5ACB, 0x5ACB,
    0x5AEB, 0x5AEB, 0x630C, 0x630C, 0x632C, 0x632C, 0x630C, 0x6B4D, 0x2965, 0x0000, 0x0000, 0x2945, 0x6B6D, 0x5AEB, 0x630C, 0x630C,
    0x6B4D, 0x5AEB, 0x630C, 0x6B4D, 0x6B4D, 0x632C, 0x6B4D, 0x632C, 0x632C, 0x632C, 0x6B4D, 0x6B4D, 0x632C, 0x5ACB, 0x0020, 0x0000,
    0x0841, 0x630C, 0x738E, 0x6B4D, 0x6B4D, 0x6B6D, 0x738E, 0x630C, 0x0841, 0x0000, 0x0000, 0x4208, 0x6B4D, 0x6B4D, 0x6B4D, 0x6B6D,
    0x738E, 0x6B4D, 0x6B6D, 0x2945, 0x0000, 0x0000, 0x3186, 0x7BCF, 0x738E, 0x738E, 0x632C, 0x0861, 0x0000, 0x0000, 0x0000, 0x0000,
    0x0020, 0x5AEB, 0x7BEF, 0x8430, 0xA534, 0xA514, 0x9CD3, 0xA514, 0x73AE, 0x0020, 0x0000, 0x0000, 0x2124, 0x8C51, 0x9CF3, 0x9492,
    0xA514, 0x4208, 0x0000, 0x0020, 0x0000, 0x3186, 0x9CD3, 0x8C71, 0x94B2, 0x9492, 0x8C71, 0x8C71, 0x94B2, 0x73AE, 0x0020, 0x0000,
    0x0000, 0x2104, 0x8410, 0x94B2, 0x8C71, 0x9CD3, 0x4228, 0x0000, 0x0020, 0x0000, 0x2945, 0x9CF3, 0x94B2, 0x9CD3, 0x9492, 0x8C71,
    0x9492, 0x94B2, 0x9492, 0x94B2, 0x9492, 0x9492, 0x94B2, 0x9492, 0x94B2, 0x9CD3, 0x9492, 0x9492, 0x9492, 0x9492, 0x8C71, 0x8C71,
    0x8C71, 0x8C71, 0x8C71, 0x8C71, 0x8430, 0x8410, 0x8410, 0x8C51, 0x630C, 0x0000, 0x7BCF, 0xFFFF, 0xFFFF, 0xFFFF, 0xFFFF, 0xFFFF,
    0xFFFF, 0xFFFF, 0xFFFF, 0xFFFF, 0xFFFF, 0xFFFF, 0xFFFF, 0xFFFF, 0xFFFF, 0xFFFF, 0xFFFF, 0x738E, 0x0000, 0x73AE, 0x8C51, 0x8430,
    0x8C51, 0x8C51, 0x8C51, 0x8C71, 0x8C71, 0x8C71, 0x8C71, 0x8C71, 0x9492, 0x9492, 0x8C71, 0x9492, 0x94B2, 0x94B2, 0x9492, 0x9492,
    0x9492, 0x9492, 0x9492, 0x9492, 0x94B2, 0x738E, 0x0000, 0x0000, 0x0000, 0x7BCF, 0x94B2, 0x94B2, 0x8410, 0x0020, 0x0000, 0x0000,
    0x0000, 0x0861, 0x630C, 0x9CD3, 0x94B2, 0x94B2, 0x94B2, 0x9CD3, 0x9CD3, 0x9CD3, 0x94B2, 0x9CF3, 0x630C, 0x0000, 0x0000, 0x0000,
    0x2124, 0x6B6D, 0x630C, 0x6B6D, 0x39E7, 0x0000, 0x0000, 0x0000, 0x31A6, 0x6B4D, 0x5ACB, 0x5AEB, 0x5AEB, 0x5AEB, 0x630C, 0x5AEB,
    0x6B4D, 0x6B4D, 0x5AEB, 0x5AEB, 0x630C, 0x630C, 0x632C, 0x630C, 0x632C, 0x632C, 0x632C, 0x632C, 0x630C, 0x630C, 0x6B4D, 0x632C,
    0x632C, 0x632C, 0x6B4D, 0x6B4D, 0x5ACB, 0x0020, 0x0000, 0x0000, 0x52AA, 0x5AEB, 0x5ACB, 0x5AAB, 0x5ACB, 0x5ACB, 0x630C, 0x4228,
    0x0000, 0x0000, 0x0000, 0x4A49, 0x5ACB, 0x52AA, 0x5ACB, 0x52AA, 0x52AA, 0x52AA, 0x528A, 0x31A6, 0x0000, 0x0000, 0x0000, 0x2104,
    0x5AEB, 0x52AA, 0x5AEB, 0x2965, 0x0000, 0x0000, 0x0000, 0x31A6, 0x6B4D, 0x5AAB, 0x5AEB, 0x630C, 0x5AEB, 0x52AA, 0x528A, 0x5ACB,
    0x5AEB, 0x630C, 0x5ACB, 0x5AEB, 0x4A49, 0x0000, 0x0000, 0x0000, 0x528A, 0x5ACB, 0x5ACB, 0x5AEB, 0x52AA, 0x5AEB, 0x5ACB, 0x5ACB,
    0x630C, 0x632C, 0x630C, 0x630C, 0x5AEB, 0x5ACB, 0x630C, 0x630C, 0x630C, 0x630C, 0x5AEB, 0x632C, 0x630C, 0x630C, 0x5ACB, 0x5AEB,
    0x5AEB, 0x630C, 0x632C, 0x5AEB, 0x632C, 0x632C, 0x630C, 0x6B4D, 0x31A6, 0x0000, 0x0000, 0x18E3, 0x6B6D, 0x632C, 0x6B4D, 0x632C,
    0x6B6D, 0x6B4D, 0x632C, 0x632C, 0x6B4D, 0x632C, 0x6B4D, 0x632C, 0x632C, 0x632C, 0x6B4D, 0x6B4D, 0x6B6D, 0x6B4D, 0x0841, 0x0000,
    0x0000, 0x52AA, 0x6B6D, 0x6B4D, 0x6B4D, 0x6B6D, 0x6B6D, 0x6B6D, 0x4208, 0x0000, 0x0000, 0x0861, 0x6B4D, 0x6B6D, 0x6B6D, 0x6B4D,
    0x738E, 0x6B6D, 0x738E, 0x39C7, 0x0000, 0x0000, 0x18C3, 0x738E, 0x6B6D, 0x738E, 0x6B6D, 0x0020, 0x0000, 0x0000, 0x0000, 0x0000,
    0x0000, 0x31A6, 0x7BEF, 0x7BCF, 0x94B2, 0xA514, 0x9CD3, 0x9CD3, 0x9CF3, 0x632C, 0x0020, 0x0000, 0x0000, 0x528A, 0xA514, 0x94B2,
    0x9CF3, 0x39E7, 0x0000, 0x0000, 0x0861, 0x7BEF, 0x94B2, 0x8C71, 0x94B2, 0x9492, 0x94B2, 0x9492, 0x9492, 0x9CD3, 0x6B6D, 0x0841,
    0x0000, 0x0000, 0x4208, 0xA514, 0x9492, 0x9CF3, 0x4A69, 0x0000, 0x0000, 0x0020, 0x73AE, 0x9CD3, 0x9492, 0x9CD3, 0x94B2, 0x9492,
    0x9492, 0x9492, 0x94B2, 0x8C71, 0x9492, 0x94B2, 0x94B2, 0x9492, 0x94B2, 0x94B2, 0x94B2, 0x9492, 0x9492, 0x9492, 0x9492, 0x9492,
    0x8C71, 0x8C71, 0x8C71, 0x8C51, 0x8430, 0x8430, 0x8430, 0x8430, 0x7BCF, 0x0000, 0x39C7, 0xFFFF, 0xFFFF, 0xFFFF, 0xFFFF, 0xFFFF,
    0xFFFF, 0xFFFF, 0xFFFF, 0xFFFF, 0xFFFF, 0xFFFF, 0xFFFF, 0xFFFF, 0xFFFF, 0xFFFF, 0xFFFF, 0x31A6, 0x0861, 0x8430, 0x8C51, 0x8C51,
    0x8C51, 0x8C51, 0x8C51, 0x8C71, 0x8C71, 0x8C51, 0x8C51, 0x8C71, 0x8C71, 0x8C71, 0x8C71, 0x9492, 0x9492, 0x9492, 0x9492, 0x9492,
    0x8C71, 0x8C71, 0x94B2, 0x94B2, 0x9CD3, 0x7BCF, 0x1082, 0x0020, 0x39E7, 0x9CD3, 0x9CD3, 0x94B2, 0x7BEF, 0x10A2, 0x0841, 0x18E3,
    0x4A49, 0x8C51, 0x9CD3, 0x9492, 0x94B2, 0x8C71, 0x94B2, 0x94B2, 0x9CD3, 0x9CD3, 0x9CD3, 0x9CD3, 0xA514, 0x5AEB, 0x0841, 0x18E3,
    0x632C, 0x630C, 0x5ACB, 0x630C, 0x52AA, 0x0861, 0x18C3, 0x52AA, 0x738E, 0x5AEB, 0x630C, 0x5AEB, 0x5ACB, 0x5AEB, 0x630C, 0x630C,
    0x632C, 0x632C, 0x5AEB, 0x5AEB, 0x5AEB, 0x5ACB, 0x5AEB, 0x630C, 0x6B6D, 0x6B4D, 0x632C, 0x632C, 0x5ACB, 0x5AEB, 0x630C, 0x632C,
    0x6B6D, 0x6B4D, 0x630C, 0x6B4D, 0x630C, 0x18C3, 0x0020, 0x2945, 0x630C, 0x5ACB, 0x52AA, 0x5ACB, 0x52AA, 0x5ACB, 0x630C, 0x630C,
    0x2124, 0x0841, 0x4208, 0x5ACB, 0x528A, 0x528A, 0x52AA, 0x52AA, 0x528A, 0x52AA, 0x4A69, 0x52AA, 0x39C7, 0x0861, 0x10A2, 0x5ACB,
    0x5AEB, 0x52AA, 0x5ACB, 0x528A, 0x10A2, 0x1082, 0x4A49, 0x632C, 0x52AA, 0x5AEB, 0x5ACB, 0x5AEB, 0x632C, 0x5ACB, 0x5ACB, 0x5ACB,
    0x630C, 0x5AEB, 0x5AEB, 0x5ACB, 0x5AEB, 0x18E3, 0x0020, 0x2104, 0x630C, 0x52AA, 0x5ACB, 0x52AA, 0x52AA, 0x5ACB, 0x5AEB, 0x5AEB,
    0x630C, 0x632C, 0x630C, 0x5AEB, 0x5ACB, 0x5AEB, 0x5AEB, 0x5AEB, 0x5ACB, 0x5AEB, 0x5ACB, 0x630C, 0x632C, 0x5AEB, 0x5ACB, 0x5ACB,
    0x5ACB, 0x5AEB, 0x5AEB, 0x5AEB, 0x630C, 0x632C, 0x630C, 0x6B4D, 0x528A, 0x0861, 0x0020, 0x39C7, 0x6B6D, 0x738E, 0x738E, 0x632C,
    0x6B4D, 0x6B4D, 0x632C, 0x632C, 0x632C, 0x632C, 0x632C, 0x630C, 0x632C, 0x6B4D, 0x6B6D, 0x6B4D, 0x632C, 0x738E, 0x39E7, 0x1082,
    0x2124, 0x6B4D, 0x6B6D, 0x6B4D, 0x6B4D, 0x6B4D, 0x6B6D, 0x6B6D, 0x738E, 0x2124, 0x0841, 0x4208, 0x738E, 0x6B4D, 0x6B4D, 0x6B6D,
    0x6B6D, 0x632C, 0x6B6D, 0x5AEB, 0x10A2, 0x0020, 0x31A6, 0x7BCF, 0x6B6D, 0x738E, 0x73AE, 0x39C7, 0x0020, 0x0841, 0x0020, 0x0841,
    0x0841, 0x4A69, 0x7BEF, 0x73AE, 0x8410, 0x9CD3, 0x9CF3, 0x9CF3, 0x9CF3, 0xA534, 0x7BCF, 0x18C3, 0x10A2, 0x8410, 0x9CF3, 0x9CD3,
    0x9CD3, 0x9492, 0x39C7, 0x31A6, 0x8410, 0x9CD3, 0x9492, 0x94B2, 0x94B2, 0x9492, 0x94B2, 0x94B2, 0x94B2, 0x9492, 0x9CF3, 0x7BEF,
    0x2104, 0x0861, 0x73AE, 0x9CF3, 0x94B2, 0x9CD3, 0x9CD3, 0x4228, 0x2965, 0x7BCF, 0xA514, 0x94B2, 0x94B2, 0x9492, 0x9492, 0x94B2,
    0x94B2, 0x94B2, 0x94B2, 0x94B2, 0x94B2, 0x9CF3, 0x94B2, 0x9492, 0x9492, 0x9492, 0x9492, 0x94B2, 0x9492, 0x8C71, 0x8C71, 0x8C71,
    0x8C51, 0x8C51, 0x8C71, 0x8C51, 0x8430, 0x8430, 0x8430, 0x8C51, 0x8C51, 0x2124, 0x0020, 0xD6BA, 0xFFFF, 0xFFFF, 0xFFFF, 0xFFFF,
    0xFFFF, 0xFFFF, 0xFFFF, 0xFFFF, 0xFFFF, 0xFFFF, 0xFFFF, 0xFFFF, 0xFFFF, 0xFFFF, 0xE73C, 0x0841, 0x2965, 0x8C71, 0x8C51, 0x8C51,
    0x8C51, 0x8C71, 0x8C71, 0x8C51, 0x8C71, 0x8C51, 0x8C51, 0x8C51, 0x8C51, 0x8C71, 0x9492, 0x9492, 0x9492, 0x9492, 0x8C71, 0x9492,
    0x9492, 0x9492, 0x9492, 0x94B2, 0x8C71, 0x8C51, 0x8C51, 0x8410, 0x9492, 0x94B2, 0x94B2, 0x94B2, 0x9CD3, 0x8430, 0x8410, 0x94B2,
    0x9CF3, 0x94B2, 0x9492, 0x94B2, 0x94B2, 0x9492, 0x9492, 0x9492, 0x94B2, 0x9CD3, 0x9CD3, 0x9CD3, 0x9CF3, 0xAD55, 0x8C51, 0x6B6D,
    0x632C, 0x632C, 0x630C, 0x5AEB, 0x630C, 0x5AEB, 0x6B6D, 0x6B6D, 0x630C, 0x6B4D, 0x630C, 0x5AEB, 0x5AEB, 0x630C, 0x632C, 0x630C,
    0x6B4D, 0x632C, 0x632C, 0x632C, 0x5AEB, 0x5AEB, 0x630C, 0x632C, 0x632C, 0x630C, 0x6B4D, 0x632C, 0x5ACB, 0x630C, 0x630C, 0x5AEB,
    0x630C, 0x630C, 0x630C, 0x632C, 0x632C, 0x5AEB, 0x630C, 0x6B4D, 0x5AEB, 0x5ACB, 0x528A, 0x52AA, 0x52AA, 0x52AA, 0x5ACB, 0x5ACB,
    0x5ACB, 0x5AEB, 0x5AEB, 0x528A, 0x528A, 0x5ACB, 0x528A, 0x5ACB, 0x5ACB, 0x528A, 0x52AA, 0x528A, 0x528A, 0x528A, 0x5AEB, 0x5ACB,
    0x5ACB, 0x528A, 0x4A69, 0x5ACB, 0x52AA, 0x630C, 0x632C, 0x5ACB, 0x5ACB, 0x5ACB, 0x52AA, 0x52AA, 0x5AEB, 0x5ACB, 0x630C, 0x5AEB,
    0x630C, 0x52AA, 0x5ACB, 0x5AEB, 0x630C, 0x5AEB, 0x5ACB, 0x5AEB, 0x5ACB, 0x5AEB, 0x5AEB, 0x5ACB, 0x630C, 0x5AEB, 0x5ACB, 0x630C,
    0x5AEB, 0x52AA, 0x5ACB, 0x5AEB, 0x5AEB, 0x630C, 0x5AEB, 0x5AEB, 0x5ACB, 0x5ACB, 0x5AEB, 0x5AEB, 0x630C, 0x5AEB, 0x5ACB, 0x5ACB,
    0x5ACB, 0x52AA, 0x52AA, 0x5AEB, 0x630C, 0x632C, 0x630C, 0x632C, 0x6B4D, 0x630C, 0x5AEB, 0x6B6D, 0x632C, 0x6B4D, 0x6B4D, 0x6B4D,
    0x6B6D, 0x6B6D, 0x6B4D, 0x738E, 0x6B6D, 0x632C, 0x6B4D, 0x6B4D, 0x632C, 0x6B4D, 0x632C, 0x6B4D, 0x630C, 0x632C, 0x6B6D, 0x632C,
    0x738E, 0x6B4D, 0x6B4D, 0x632C, 0x6B4D, 0x6B6D, 0x6B4D, 0x6B4D, 0x6B6D, 0x6B6D, 0x632C, 0x738E, 0x6B6D, 0x6B6D, 0x6B4D, 0x6B6D,
    0x6B6D, 0x632C, 0x632C, 0x6B6D, 0x6B4D, 0x6B4D, 0x7BCF, 0x73AE, 0x73AE, 0x6B6D, 0x6B6D, 0x73AE, 0x738E, 0x6B4D, 0x6B6D, 0x6B6D,
    0x6B6D, 0x7BEF, 0x738E, 0x738E, 0x738E, 0x9492, 0xA514, 0x9CD3, 0x9CF3, 0x9CD3, 0xA514, 0x9492, 0x8C71, 0x9CD3, 0x94B2, 0x94B2,
    0x94B2, 0x9CD3, 0x9CF3, 0xA514, 0x9CD3, 0x94B2, 0x9492, 0x94B2, 0x9CD3, 0x94B2, 0x9492, 0x94B2, 0x9492, 0x94B2, 0x94B2, 0x9CF3,
    0x9492, 0x8C71, 0x9CF3, 0x9492, 0x94B2, 0x94B2, 0x9CD3, 0x9CF3, 0xA514, 0x9CF3, 0x94B2, 0x94B2, 0x94B2, 0x9492, 0x8C71, 0x9492,
    0x9492, 0x94B2, 0x9492, 0x9492, 0x9492, 0x94B2, 0x94B2, 0x9492, 0x9492, 0x9492, 0x9492, 0x9492, 0x8C71, 0x9492, 0x9492, 0x8C71,
    0x8C71, 0x8C71, 0x8C71, 0x8C71, 0x8430, 0x8430, 0x8430, 0x8430, 0x8C71, 0x4A49, 0x0000, 0x9CD3, 0xFFFF, 0xFFFF, 0xFFFF, 0xFFFF,
    0xFFFF, 0xFFFF, 0xFFFF, 0xFFFF, 0xFFFF, 0xFFFF, 0xFFFF, 0xFFFF, 0xFFFF, 0xFFFF, 0xB5B6, 0x0000, 0x4228, 0x8C71, 0x8C51, 0x8C51,
    0x8C71, 0x8C71, 0x8C51, 0x8C71, 0x8C71, 0x8C71, 0x8C71, 0x8C71, 0x8C71, 0x8C71, 0x8C71, 0x8C71, 0x9492, 0x9492, 0x94B2, 0x9492,
    0x8C71, 0x9492, 0x94B2, 0x9492, 0x8C71, 0x8C71, 0x94B2, 0x9492, 0x8C71, 0x9492, 0x94B2, 0x94B2, 0x9492, 0x9492, 0x9492, 0x8C71,
    0x8C51, 0x8C71, 0x94B2, 0x9492, 0x94B2, 0x94B2, 0x9492, 0x9492, 0x9492, 0x94B2, 0x9CD3, 0x9CD3, 0x94B2, 0x9CF3, 0x8C51, 0x630C,
    0x632C, 0x632C, 0x5AEB, 0x630C, 0x632C, 0x6B4D, 0x632C, 0x5AEB, 0x5ACB, 0x632C, 0x5AEB, 0x630C, 0x5AEB, 0x630C, 0x632C, 0x630C,
    0x6B4D, 0x6B4D, 0x632C, 0x632C, 0x630C, 0x632C, 0x632C, 0x632C, 0x6B4D, 0x632C, 0x6B4D, 0x6B6D, 0x6B4D, 0x632C, 0x630C, 0x630C,
    0x630C, 0x632C, 0x632C, 0x5AEB, 0x5AEB, 0x5ACB, 0x5AEB, 0x630C, 0x5AEB, 0x5AEB, 0x5ACB, 0x5AEB, 0x630C, 0x5ACB, 0x52AA, 0x5ACB,
    0x5AEB, 0x5ACB, 0x52AA, 0x52AA, 0x5AEB, 0x52AA, 0x52AA, 0x5ACB, 0x5ACB, 0x5ACB, 0x5ACB, 0x528A, 0x4A49, 0x4A69, 0x528A, 0x4A69,
    0x528A, 0x4A69, 0x528A, 0x52AA, 0x52AA, 0x5ACB, 0x528A, 0x52AA, 0x52AA, 0x52AA, 0x52AA, 0x5ACB, 0x5ACB, 0x52AA, 0x5ACB, 0x52AA,
    0x5ACB, 0x52AA, 0x5AEB, 0x630C, 0x630C, 0x630C, 0x630C, 0x5ACB, 0x5AEB, 0x5AEB, 0x5ACB, 0x5AEB, 0x630C, 0x630C, 0x5AEB, 0x630C,
    0x5AEB, 0x5AEB, 0x630C, 0x632C, 0x5ACB, 0x630C, 0x5AEB, 0x5AEB, 0x632C, 0x5AEB, 0x5AEB, 0x5AEB, 0x52AA, 0x5ACB, 0x5AEB, 0x5AEB,
    0x5AEB, 0x5ACB, 0x5ACB, 0x5AEB, 0x630C, 0x6B4D, 0x632C, 0x632C, 0x6B4D, 0x632C, 0x632C, 0x632C, 0x6B4D, 0x6B4D, 0x6B6D, 0x6B4D,
    0x738E, 0x6B6D, 0x6B4D, 0x738E, 0x6B4D, 0x6B4D, 0x632C, 0x6B4D, 0x738E, 0x630C, 0x630C, 0x630C, 0x630C, 0x630C, 0x5AEB, 0x630C,
    0x630C, 0x6B4D, 0x6B4D, 0x6B4D, 0x6B4D, 0x6B4D, 0x6B4D, 0x6B6D, 0x6B4D, 0x6B4D, 0x6B6D, 0x6B6D, 0x6B6D, 0x738E, 0x738E, 0x738E,
    0x6B6D, 0x6B6D, 0x632C, 0x6B4D, 0x632C, 0x738E, 0x6B6D, 0x73AE, 0x738E, 0x6B6D, 0x738E, 0x738E, 0x738E, 0x6B6D, 0x73AE, 0x7BCF,
    0x7BCF, 0x73AE, 0x73AE, 0x73AE, 0x7BCF, 0x8410, 0x9CD3, 0x9CF3, 0x94B2, 0x94B2, 0x94B2, 0x9CD3, 0x94B2, 0x94B2, 0x9CD3, 0x94B2,
    0x94B2, 0x9492, 0x94B2, 0x94B2, 0x9492, 0x9492, 0x9492, 0x94B2, 0x94B2, 0x94B2, 0x9492, 0x94B2, 0x9492, 0x94B2, 0x94B2, 0x9492,
    0x9492, 0x94B2, 0x8C91, 0x8C71, 0x8C71, 0x9492, 0x9492, 0x94B2, 0x9CD3, 0x9CD3, 0x9CD3, 0x94B2, 0x94B2, 0x9492, 0x9492, 0x9492,
    0x94B2, 0x9CD3, 0x94B2, 0x8C71, 0x9492, 0x9492, 0x9492, 0x9492, 0x94B2, 0x94B2, 0x94B2, 0x94B2, 0x9492, 0x8C71, 0x9492, 0x9492,
    0x8C71, 0x9492, 0x8C71, 0x8C51, 0x8430, 0x8430, 0x8430, 0x8430, 0x8C51, 0x6B6D, 0x0000, 0x5ACB, 0xFFFF, 0xFFFF, 0xFFFF, 0xFFFF,
    0xFFFF, 0xFFFF, 0xFFFF, 0xFFFF, 0xFFFF, 0xFFFF, 0xFFFF, 0xFFFF, 0xFFDF, 0xFFFF, 0x73AE, 0x0000, 0x632C, 0x9492, 0x8C51, 0x8C51,
    0x8C71, 0x9492, 0x8C51, 0x8C51, 0x8C71, 0x8C51, 0x8C71, 0x8C71, 0x8C51, 0x8C51, 0x8C51, 0x8C51, 0x8C71, 0x9492, 0x9492, 0x94B2,
    0x9492, 0x9492, 0x9492, 0x9492, 0x9492, 0x8C71, 0x8C71, 0x9492, 0x8C71, 0x8C71, 0x9492, 0x9492, 0x8C71, 0x8C71, 0x8C71, 0x8C71,
    0x8C71, 0x9492, 0x9492, 0x9492, 0x9CD3, 0x94B2, 0x94B2, 0x9492, 0x94B2, 0x94B2, 0x9CD3, 0x94B2, 0x9CD3, 0x94B2, 0x630C, 0x5ACB,
    0x630C, 0x5AEB, 0x5AEB, 0x5AEB, 0x5AEB, 0x6B4D, 0x632C, 0x632C, 0x5AEB, 0x5AEB, 0x5AEB, 0x5ACB, 0x5ACB, 0x5AEB, 0x630C, 0x6B4D,
    0x6B4D, 0x632C, 0x632C, 0x632C, 0x630C, 0x5ACB, 0x630C, 0x5ACB, 0x5ACB, 0x630C, 0x632C, 0x632C, 0x632C, 0x630C, 0x630C, 0x632C,
    0x632C, 0x5AEB, 0x5AEB, 0x630C, 0x630C, 0x630C, 0x630C, 0x630C, 0x5AEB, 0x630C, 0x5AEB, 0x5ACB, 0x5ACB, 0x5AEB, 0x5ACB, 0x52AA,
    0x5ACB, 0x5ACB, 0x5ACB, 0x528A, 0x52AA, 0x52AA, 0x52AA, 0x5ACB, 0x528A, 0x5ACB, 0x5ACB, 0x528A, 0x528A, 0x4A69, 0x528A, 0x528A,
    0x4A69, 0x528A, 0x528A, 0x4A69, 0x528A, 0x52AA, 0x528A, 0x528A, 0x52AA, 0x52AA, 0x52AA, 0x52CA, 0x52AA, 0x5ACB, 0x5ACB, 0x52AA,
    0x5ACB, 0x52AA, 0x5AEB, 0x5AEB, 0x5ACB, 0x630C, 0x5ACB, 0x5AEB, 0x632C, 0x5AEB, 0x5AEB, 0x5AEB, 0x5AEB, 0x630C, 0x630C, 0x5ACB,
    0x630C, 0x632C, 0x5AEB, 0x630C, 0x5ACB, 0x5AEB, 0x5ACB, 0x5AEB, 0x5AEB, 0x5ACB, 0x5ACB, 0x52AA, 0x52AA, 0x52AA, 0x630C, 0x630C,
    0x5AEB, 0x630C, 0x630C, 0x5AEB, 0x5ACB, 0x630C, 0x632C, 0x632C, 0x6B4D, 0x632C, 0x6B4D, 0x6B4D, 0x6B4D, 0x6B4D, 0x6B4D, 0x6B6D,
    0x6B6D, 0x6B4D, 0x6B4D, 0x632C, 0x630C, 0x6B6D, 0x6B4D, 0x6B4D, 0x738E, 0x6B4D, 0x632C, 0x632C, 0x630C, 0x630C, 0x632C, 0x632C,
    0x6B6D, 0x6B4D, 0x6B4D, 0x6B4D, 0x6B4D, 0x6B4D, 0x6B4D, 0x630C, 0x632C, 0x738E, 0x6B6D, 0x6B4D, 0x6B4D, 0x6B4D, 0x738E, 0x73AE,
    0x738E, 0x6B6D, 0x632C, 0x6B4D, 0x632C, 0x6B4D, 0x6B6D, 0x6B6D, 0x6B6D, 0x738E, 0x738E, 0x6B6D, 0x6B4D, 0x6B6D, 0x73AE, 0x73AE,
    0x7BCF, 0x8410, 0x8410, 0x7BCF, 0x7BCF, 0x7BCF, 0x9492, 0x9CF3, 0x9CD3, 0x9CF3, 0x9CF3, 0x9CD3, 0x9492, 0x94B2, 0x9492, 0x94B2,
    0x9492, 0x9492, 0x9492, 0x9492, 0x9492, 0x9492, 0x9492, 0x9492, 0x9492, 0x9492, 0x94B2, 0x94B2, 0x94B2, 0x94B2, 0x94B2, 0x9CD3,
    0x9492, 0x9492, 0x9492, 0x9492, 0x9492, 0x8C71, 0x9492, 0x9492, 0x9492, 0x94B2, 0x9CF3, 0x9CD3, 0x9492, 0x94B2, 0x94B2, 0x94B2,
    0x94B2, 0x94B2, 0x94B2, 0x9492, 0x94B2, 0x94B2, 0x8C71, 0x9492, 0x94B2, 0x94B2, 0x94B2, 0x94B2, 0x8C71, 0x8C71, 0x9492, 0x9492,
    0x8C71, 0x8C71, 0x8C71, 0x8C51, 0x8C51, 0x8430, 0x8430, 0x8C51, 0x8C71, 0x8410, 0x0861, 0x18E3, 0xEF7D, 0xFFFF, 0xFFFF, 0xFFFF,
    0xFFFF, 0xFFFF, 0xFFFF, 0xFFFF, 0xFFFF, 0xFFFF, 0xFFFF, 0xFFFF, 0xFFFF, 0xFFFF, 0x39C7, 0x0020, 0x7BCF, 0x9492, 0x8C51, 0x8C51,
    0x8C51, 0x8C71, 0x8C51, 0x8430, 0x8C71, 0x8C71, 0x8C71, 0x8C51, 0x9492, 0x8C51, 0x8C51, 0x8C51, 0x8C71, 0x9492, 0x8C71, 0x94B2,
    0x9492, 0x8C71, 0x9492, 0x9492, 0x9492, 0x9492, 0x94B2, 0x9492, 0x8C71, 0x9492, 0x9492, 0x9492, 0x8C71, 0x9492, 0x9492, 0x8C71,
    0x9492, 0x9492, 0x9492, 0x9CD3, 0x9492, 0x9492, 0x94B2, 0x9492, 0x94B2, 0x94B2, 0x94B2, 0x94B2, 0x9CF3, 0x7BEF, 0x52AA, 0x5AEB,
    0x630C, 0x5AEB, 0x632C, 0x630C, 0x632C, 0x6B4D, 0x630C, 0x630C, 0x5AEB, 0x5AEB, 0x630C, 0x5ACB, 0x5AEB, 0x630C, 0x632C, 0x632C,
    0x632C, 0x630C, 0x632C, 0x5AEB, 0x5AEB, 0x630C, 0x5AEB, 0x5ACB, 0x5AEB, 0x630C, 0x630C, 0x630C, 0x6B4D, 0x630C, 0x630C, 0x630C,
    0x5AEB, 0x630C, 0x632C, 0x5AEB, 0x630C, 0x630C, 0x632C, 0x632C, 0x632C, 0x630C, 0x52AA, 0x5ACB, 0x5ACB, 0x52AA, 0x5ACB, 0x528A,
    0x52AA, 0x5ACB, 0x52AA, 0x5ACB, 0x5ACB, 0x630C, 0x528A, 0x5ACB, 0x52AA, 0x52AA, 0x528A, 0x4A69, 0x4A69, 0x4A69, 0x4A69, 0x528A,
    0x528A, 0x528A, 0x528A, 0x5ACB, 0x52AA, 0x4A69, 0x528A, 0x528A, 0x5ACB, 0x52AA, 0x52AA, 0x528A, 0x5AEB, 0x630C, 0x5AEB, 0x52AA,
    0x5ACB, 0x5ACB, 0x52AA, 0x5ACB, 0x5AEB, 0x630C, 0x5ACB, 0x5ACB, 0x632C, 0x5AEB, 0x5AEB, 0x5ACB, 0x5AEB, 0x630C, 0x632C, 0x5AEB,
    0x630C, 0x630C, 0x5ACB, 0x5AEB, 0x5AEB, 0x5ACB, 0x5AEB, 0x5AEB, 0x5AEB, 0x5AEB, 0x630C, 0x5ACB, 0x52AA, 0x5ACB, 0x5AEB, 0x630C,
    0x5AEB, 0x630C, 0x630C, 0x630C, 0x5AEB, 0x630C, 0x630C, 0x632C, 0x6B4D, 0x630C, 0x630C, 0x6B4D, 0x632C, 0x6B4D, 0x6B4D, 0x738E,
    0x738E, 0x6B6D, 0x6B4D, 0x6B4D, 0x632C, 0x632C, 0x630C, 0x6B4D, 0x6B6D, 0x632C, 0x6B4D, 0x632C, 0x630C, 0x630C, 0x630C, 0x6B4D,
    0x6B4D, 0x630C, 0x632C, 0x6B4D, 0x6B4D, 0x632C, 0x632C, 0x632C, 0x6B4D, 0x6B6D, 0x6B6D, 0x6B4D, 0x6B4D, 0x630C, 0x6B4D, 0x738E,
    0x6B4D, 0x632C, 0x632C, 0x632C, 0x632C, 0x6B6D, 0x6B6D, 0x738E, 0x6B6D, 0x73AE, 0x738E, 0x6B6D, 0x738E, 0x73AE, 0x73AE, 0x73AE,
    0x7BCF, 0x7BCF, 0x7BCF, 0x73AE, 0x7BCF, 0x7BEF, 0x8430, 0x94B2, 0x94B2, 0x9CD3, 0x9CD3, 0x94B2, 0x94B2, 0x94B2, 0x9492, 0x9492,
    0x9492, 0x9492, 0x8C71, 0x9492, 0x9492, 0x9492, 0x9492, 0x9492, 0x9492, 0x9492, 0x94B2, 0x94B2, 0x94B2, 0x94B2, 0x9492, 0x94B2,
    0x9492, 0x94B2, 0x94B2, 0x94B2, 0x9CD3, 0x94B2, 0x94B2, 0x94B2, 0x9492, 0x94B2, 0x9CD3, 0x9CD3, 0x9CD3, 0x9CD3, 0x94B2, 0x94B2,
    0x9CD3, 0x9CD3, 0x9CD3, 0x94B2, 0x94B2, 0x9492, 0x9492, 0x9492, 0x94B2, 0x9492, 0x9492, 0x9492, 0x9492, 0x9492, 0x8C71, 0x8C71,
    0x8C51, 0x8C51, 0x8C71, 0x8C71, 0x8C71, 0x8C71, 0x8C51, 0x8C51, 0x8C51, 0x8C71, 0x31A6, 0x0000, 0xBDD7, 0xFFFF, 0xFFFF, 0xFFFF,
    0xFFFF, 0xFFFF, 0xFFFF, 0xFFFF, 0xFFFF, 0xFFFF, 0xFFFF, 0xFFFF, 0xFFFF, 0xE73C, 0x0861, 0x18E3, 0x8C51, 0x8C51, 0x8C51, 0x8C51,
    0x8C51, 0x8C51, 0x8C51, 0x8430, 0x8430, 0x8C51, 0x8C71, 0x8C71, 0x9492, 0x8C71, 0x8C71, 0x9492, 0x8C71, 0x8C71, 0x8C71, 0x8C71,
    0x9492, 0x9492, 0x94B2, 0x9492, 0x94B2, 0x94B2, 0x9CD3, 0x9492, 0x9492, 0x9492, 0x9492, 0x8C71, 0x8C71, 0x9492, 0x9492, 0x9492,
    0x9492, 0x9492, 0x9492, 0x9CD3, 0x9492, 0x9492, 0x9492, 0x8C71, 0x9492, 0x94B2, 0x94B2, 0x9CD3, 0x9492, 0x6B4D, 0x630C, 0x632C,
    0x6B4D, 0x632C, 0x630C, 0x632C, 0x630C, 0x5AEB, 0x630C, 0x630C, 0x630C, 0x632C, 0x630C, 0x5AEB, 0x630C, 0x632C, 0x632C, 0x632C,
    0x632C, 0x630C, 0x5AEB, 0x632C, 0x630C, 0x630C, 0x630C, 0x632C, 0x630C, 0x630C, 0x632C, 0x630C, 0x632C, 0x632C, 0x632C, 0x630C,
    0x632C, 0x630C, 0x632C, 0x5AEB, 0x630C, 0x630C, 0x630C, 0x630C, 0x632C, 0x5AEB, 0x52AA, 0x5AEB, 0x630C, 0x5AEB, 0x5ACB, 0x528A,
    0x5ACB, 0x5AEB, 0x52AA, 0x5ACB, 0x5AEB, 0x5ACB, 0x52AA, 0x528A, 0x4A69, 0x4A69, 0x4A69, 0x526A, 0x528A, 0x52AA, 0x52AA, 0x528A,
    0x52AA, 0x5ACB, 0x52AA, 0x5AEB, 0x52AA, 0x528A, 0x52AA, 0x5ACB, 0x5AEB, 0x5ACB, 0x5ACB, 0x52AA, 0x5ACB, 0x5ACB, 0x630C, 0x5ACB,
    0x5ACB, 0x52AA, 0x52AA, 0x630C, 0x52AA, 0x5AEB, 0x5AEB, 0x5ACB, 0x630C, 0x630C, 0x630C, 0x630C, 0x630C, 0x5ACB, 0x5AEB, 0x630C,
    0x5AEB, 0x5ACB, 0x630C, 0x632C, 0x630C, 0x5AEB, 0x5AEB, 0x5AEB, 0x5AEB, 0x5AEB, 0x630C, 0x630C, 0x630C, 0x5AEB, 0x632C, 0x630C,
    0x630C, 0x630C, 0x5AEB, 0x630C, 0x5AEB, 0x5AEB, 0x5AEB, 0x632C, 0x6B4D, 0x630C, 0x632C, 0x6B4D, 0x5AEB, 0x6B4D, 0x6B6D, 0x6B6D,
    0x738E, 0x6B4D, 0x6B4D, 0x6B4D, 0x6B6D, 0x632C, 0x630C, 0x632C, 0x632C, 0x630C, 0x6B4D, 0x632C, 0x632C, 0x632C, 0x632C, 0x6B4D,
    0x632C, 0x630C, 0x6B4D, 0x6B4D, 0x630C, 0x6B4D, 0x632C, 0x6B6D, 0x6B6D, 0x6B6D, 0x6B4D, 0x6B6D, 0x6B4D, 0x632C, 0x630C, 0x6B4D,
    0x632C, 0x5ACB, 0x632C, 0x632C, 0x632C, 0x6B6D, 0x6B6D, 0x6B6D, 0x6B6D, 0x6B6D, 0x738E, 0x6B6D, 0x738E, 0x6B6D, 0x738E, 0x738E,
    0x73AE, 0x7BCF, 0x73AE, 0x738E, 0x73AE, 0x7BCF, 0x73AE, 0x8C51, 0x9492, 0x9492, 0x9492, 0x9492, 0x94B2, 0x94B2, 0x9492, 0x9492,
    0x9492, 0x9492, 0x9492, 0x9492, 0x9492, 0x8C71, 0x9492, 0x9492, 0x94B2, 0x94B2, 0x94B2, 0x9492, 0x9492, 0x9CD3, 0x9492, 0x8C71,
    0x9492, 0x9492, 0x94B2, 0x94B2, 0x94B2, 0x94B2, 0x94B2, 0x94B2, 0x9492, 0x9492, 0x94B2, 0x94B2, 0x9CD3, 0x94B2, 0x9492, 0x9492,
    0x9CD3, 0x9CD3, 0x94B2, 0x94B2, 0x9492, 0x8C71, 0x9492, 0x9492, 0x9492, 0x8C71, 0x8C71, 0x9492, 0x94B2, 0x94B2, 0x9492, 0x9492,
    0x9492, 0x8C71, 0x8C71, 0x8C71, 0x8C71, 0x8C71, 0x8C71, 0x8C51, 0x8C51, 0x8C71, 0x5ACB, 0x0000, 0x632C, 0xFFFF, 0xFFFF, 0xFFFF,
    0xFFFF, 0xFFFF, 0xFFFF, 0xFFFF, 0xFFFF, 0xFFFF, 0xFFFF, 0xFFDF, 0xFFFF, 0xBDF7, 0x0000, 0x39E7, 0x9492, 0x8C51, 0x8C51, 0x8C71,
    0x8C71, 0x8C51, 0x8C71, 0x8C51, 0x8C51, 0x8C51, 0x8C71, 0x8C71, 0x8C71, 0x8C71, 0x8C71, 0x8C71, 0x9492, 0x9492, 0x8C71, 0x8C71,
    0x8C51, 0x8C71, 0x9492, 0x9492, 0x9492, 0x9492, 0x94B2, 0x94B2, 0x94B2, 0x9492, 0x94B2, 0x9492, 0x9492, 0x94B2, 0x9492, 0x9492,
    0x8C71, 0x8C51, 0x8C71, 0x94B2, 0x94B2, 0x9492, 0x94B2, 0x94B2, 0x94B2, 0x94B2, 0x94B2, 0x9CD3, 0x7BCF, 0x5AEB, 0x632C, 0x632C,
    0x632C, 0x632C, 0x6B4D, 0x6B4D, 0x632C, 0x5AEB, 0x630C, 0x632C, 0x630C, 0x5AEB, 0x630C, 0x6B6D, 0x632C, 0x632C, 0x632C, 0x6B4D,
    0x6B4D, 0x632C, 0x630C, 0x5AEB, 0x630C, 0x630C, 0x630C, 0x6B4D, 0x630C, 0x630C, 0x632C, 0x6B4D, 0x630C, 0x632C, 0x630C, 0x630C,
    0x5AEB, 0x632C, 0x630C, 0x630C, 0x632C, 0x632C, 0x632C, 0x5AEB, 0x5AEB, 0x5AEB, 0x5ACB, 0x5AEB, 0x630C, 0x630C, 0x5ACB, 0x5ACB,
    0x630C, 0x5AEB, 0x5AEB, 0x5ACB, 0x5ACB, 0x528A, 0x528A, 0x528A, 0x528A, 0x4A69, 0x4A69, 0x52AA, 0x52AA, 0x52AA, 0x52AA, 0x52AA,
    0x5ACB, 0x5ACB, 0x52AA, 0x5ACB, 0x528A, 0x528A, 0x5ACB, 0x5ACB, 0x5ACB, 0x52AA, 0x52AA, 0x52AA, 0x5ACB, 0x5ACB, 0x5ACB, 0x5ACB,
    0x52AA, 0x5ACB, 0x5ACB, 0x5ACB, 0x5ACB, 0x630C, 0x5AEB, 0x5ACB, 0x632C, 0x6B4D, 0x630C, 0x5AEB, 0x5AEB, 0x5AEB, 0x52AA, 0x5ACB,
    0x52AA, 0x5AEB, 0x630C, 0x5AEB, 0x630C, 0x630C, 0x630C, 0x5ACB, 0x5AEB, 0x5ACB, 0x630C, 0x632C, 0x632C, 0x630C, 0x630C, 0x630C,
    0x5AEB, 0x5AEB, 0x630C, 0x630C, 0x5ACB, 0x5AEB, 0x5AEB, 0x630C, 0x6B4D, 0x6B4D, 0x6B4D, 0x632C, 0x632C, 0x6B6D, 0x632C, 0x6B6D,
    0x738E, 0x6B6D, 0x6B6D, 0x632C, 0x6B6D, 0x6B4D, 0x6B4D, 0x632C, 0x632C, 0x632C, 0x632C, 0x632C, 0x6B4D, 0x6B4D, 0x6B4D, 0x630C,
    0x6B4D, 0x6B4D, 0x6B6D, 0x6B4D, 0x632C, 0x6B6D, 0x632C, 0x6B6D, 0x6B4D, 0x6B6D, 0x6B6D, 0x6B4D, 0x6B4D, 0x6B6D, 0x6B4D, 0x6B4D,
    0x6B4D, 0x5AEB, 0x5AEB, 0x630C, 0x632C, 0x6B6D, 0x6B6D, 0x6B4D, 0x6B6D, 0x6B4D, 0x632C, 0x6B6D, 0x738E, 0x6B6D, 0x738E, 0x73AE,
    0x7BCF, 0x7BCF, 0x73AE, 0x738E, 0x738E, 0x73AE, 0x738E, 0x7BEF, 0x94B2, 0x9492, 0x9492, 0x9492, 0x9492, 0x9492, 0x9492, 0x9492,
    0x9492, 0x9492, 0x94B2, 0x9492, 0x9492, 0x9492, 0x9492, 0x9492, 0x9492, 0x94B2, 0x94B2, 0x9492, 0x8C71, 0x94B2, 0x94B2, 0x9492,
    0x8C71, 0x9492, 0x94B2, 0x94B2, 0x94B2, 0x94B2, 0x94B2, 0x94B2, 0x94B2, 0x94B2, 0x9492, 0x94B2, 0x9492, 0x94B2, 0x94B2, 0x94B2,
    0x9492, 0x9492, 0x9492, 0x94B2, 0x94B2, 0x9492, 0x8C71, 0x8C71, 0x9492, 0x9492, 0x9492, 0x8C71, 0x8C71, 0x9492, 0x9492, 0x8C71,
    0x9492, 0x94B2, 0x9492, 0x8C71, 0x8C71, 0x8C51, 0x8C51, 0x8C51, 0x8C51, 0x8C51, 0x7BCF, 0x0020, 0x18E3, 0xE73C, 0xFFFF, 0xFFFF,
    0xFFFF, 0xFFFF, 0xFFFF, 0xFFFF, 0xFFFF, 0xFFFF, 0xFFFF, 0xFFDF, 0xFFFF, 0x8410, 0x0000, 0x5ACB, 0x9492, 0x8C51, 0x8C51, 0x8C71,
    0x8C51, 0x8C71, 0x8C71, 0x8C71, 0x8C71, 0x8C71, 0x8C71, 0x8C71, 0x8C71, 0x9492, 0x8C71, 0x8C71, 0x9492, 0x9492, 0x8C71, 0x8C71,
    0x9492, 0x9492, 0x9492, 0x9492, 0x9492, 0x94B2, 0x94B2, 0x94B2, 0x9492, 0x9492, 0x94B2, 0x9492, 0x9492, 0x9492, 0x9492, 0x9492,
    0x9492, 0x8C71, 0x8C71, 0x9492, 0x9492, 0x94B2, 0x94B2, 0x94B2, 0x9CD3, 0x94B2, 0x94B2, 0x8C71, 0x5AEB, 0x52AA, 0x5ACB, 0x5AEB,
    0x630C, 0x5AEB, 0x6B4D, 0x6B4D, 0x5AEB, 0x630C, 0x630C, 0x5AEB, 0x630C, 0x5AEB, 0x5AEB, 0x630C, 0x630C, 0x5AEB, 0x630C, 0x630C,
    0x630C, 0x630C, 0x630C, 0x630C, 0x5AEB, 0x5AEB, 0x5ACB, 0x5AEB, 0x630C, 0x632C, 0x630C, 0x6B4D, 0x630C, 0x5AEB, 0x632C, 0x5AEB,
    0x5AEB, 0x5AEB, 0x5ACB, 0x5AEB, 0x630C, 0x630C, 0x632C, 0x630C, 0x5AEB, 0x5ACB, 0x5ACB, 0x630C, 0x5AEB, 0x630C, 0x5ACB, 0x5AEB,
    0x5AEB, 0x5ACB, 0x5ACB, 0x5AEB, 0x52AA, 0x52AA, 0x5ACB, 0x52AA, 0x52AA, 0x528A, 0x528A, 0x528A, 0x52AA, 0x5ACB, 0x52AA, 0x52AA,
    0x52AA, 0x528A, 0x52AA, 0x5AEB, 0x52AA, 0x5ACB, 0x5ACB, 0x5ACB, 0x5ACB, 0x52AA, 0x5ACB, 0x52AA, 0x5ACB, 0x5AEB, 0x52AA, 0x5AEB,
    0x5ACB, 0x5AEB, 0x5AEB, 0x5AAB, 0x5ACB, 0x5ACB, 0x5ACB, 0x630C, 0x632C, 0x630C, 0x5AEB, 0x5ACB, 0x52AA, 0x5ACB, 0x52AA, 0x52AA,
    0x52AA, 0x5AEB, 0x5AEB, 0x5AEB, 0x630C, 0x630C, 0x630C, 0x5ACB, 0x5AEB, 0x5AEB, 0x632C, 0x632C, 0x630C, 0x630C, 0x5AEB, 0x632C,
    0x5AEB, 0x630C, 0x632C, 0x5AEB, 0x630C, 0x630C, 0x5AEB, 0x632C, 0x6B4D, 0x6B4D, 0x632C, 0x6B4D, 0x6B4D, 0x6B4D, 0x6B4D, 0x6B6D,
    0x6B6D, 0x6B6D, 0x738E, 0x632C, 0x6B4D, 0x6B6D, 0x6B4D, 0x632C, 0x632C, 0x632C, 0x632C, 0x632C, 0x6B6D, 0x632C, 0x632C, 0x5AEB,
    0x630C, 0x632C, 0x6B6D, 0x6B6D, 0x6B6D, 0x738E, 0x630C, 0x630C, 0x6B4D, 0x632C, 0x632C, 0x5AEB, 0x630C, 0x6B4D, 0x6B4D, 0x632C,
    0x6B4D, 0x632C, 0x5AEB, 0x5AEB, 0x632C, 0x5AEB, 0x630C, 0x632C, 0x6B4D, 0x6B4D, 0x6B4D, 0x73AE, 0x738E, 0x738E, 0x73AE, 0x738E,
    0x738E, 0x738E, 0x6B6D, 0x6B6D, 0x6B6D, 0x738E, 0x7BCF, 0x73AE, 0x8C71, 0x94B2, 0x8C71, 0x8C71, 0x9492, 0x9CD3, 0x94B2, 0x94B2,
    0x9CD3, 0x9492, 0x8C71, 0x8C71, 0x8C71, 0x9492, 0x9492, 0x94B2, 0x94B2, 0x9492, 0x9492, 0x9492, 0x9492, 0x9492, 0x8C71, 0x9492,
    0x9492, 0x8C71, 0x9492, 0x9492, 0x94B2, 0x94B2, 0x94B2, 0x94B2, 0x94B2, 0x9CD3, 0x9492, 0x94B2, 0x9492, 0x94B2, 0x94B2, 0x94B2,
    0x9492, 0x9492, 0x9492, 0x9492, 0x94B2, 0x94B2, 0x94B2, 0x94B2, 0x8C71, 0x94B2, 0x9492, 0x8C71, 0x9492, 0x9492, 0x8C71, 0x8C71,
    0x8C71, 0x8C71, 0x9492, 0x8C51, 0x8C51, 0x8C51, 0x8C51, 0x8C51, 0x8C51, 0x8C51, 0x8C51, 0x18E3, 0x0000, 0xC618, 0xFFFF, 0xFFFF,
    0xFFFF, 0xFFFF, 0xFFFF, 0xFFFF, 0xFFFF, 0xFFFF, 0xFFFF, 0xFFFF, 0xFFFF, 0x4228, 0x0000, 0x738E, 0x8C71, 0x8C71, 0x8C71, 0x8C51,
    0x8C51, 0x8C71, 0x8C71, 0x8C71, 0x8C51, 0x8C71, 0x8C71, 0x8C51, 0x8C71, 0x8C51, 0x8C71, 0x8C71, 0x8C51, 0x9492, 0x9492, 0x9492,
    0x94B2, 0x9492, 0x9492, 0x8C71, 0x9492, 0x94B2, 0x94B2, 0x9492, 0x8C71, 0x8C71, 0x9492, 0x94B2, 0x9492, 0x9492, 0x9492, 0x94B2,
    0x9492, 0x8C71, 0x8C71, 0x9492, 0x8C71, 0x9492, 0x9492, 0x9492, 0x9492, 0x9492, 0x9492, 0x73AE, 0x5ACB, 0x5ACB, 0x5ACB, 0x52AA,
    0x52AA, 0x630C, 0x632C, 0x6B4D, 0x630C, 0x630C, 0x630C, 0x5AEB, 0x5AEB, 0x632C, 0x5AEB, 0x632C, 0x5AEB, 0x630C, 0x632C, 0x632C,
    0x630C, 0x632C, 0x630C, 0x632C, 0x5ACB, 0x5ACB, 0x5ACB, 0x5ACB, 0x5AEB, 0x630C, 0x630C, 0x6B4D, 0x630C, 0x630C, 0x6B4D, 0x5AEB,
    0x632C, 0x630C, 0x5AEB, 0x5ACB, 0x5AEB, 0x5AEB, 0x5AEB, 0x630C, 0x5AEB, 0x5AEB, 0x5ACB, 0x5ACB, 0x5AEB, 0x5ACB, 0x5ACB, 0x5AEB,
    0x5ACB, 0x52AA, 0x52AA, 0x5ACB, 0x52AA, 0x52AA, 0x5AEB, 0x5ACB, 0x52AA, 0x52AA, 0x528A, 0x52AA, 0x528A, 0x5ACB, 0x52AA, 0x528A,
    0x528A, 0x528A, 0x528A, 0x52AA, 0x52AA, 0x5ACB, 0x52AA, 0x52AA, 0x5ACB, 0x5ACB, 0x5AEB, 0x5ACB, 0x52AA, 0x5ACB, 0x52AA, 0x5ACB,
    0x630C, 0x5AEB, 0x5AEB, 0x5AEB, 0x5AEB, 0x52AA, 0x5AEB, 0x5ACB, 0x5ACB, 0x5AEB, 0x5ACB, 0x5ACB, 0x5ACB, 0x5ACB, 0x5AEB, 0x630C,
    0x52AA, 0x5ACB, 0x5AEB, 0x5AEB, 0x630C, 0x5AEB, 0x630C, 0x5AEB, 0x5AEB, 0x630C, 0x632C, 0x630C, 0x5ACB, 0x5AEB, 0x5AEB, 0x630C,
    0x5AEB, 0x5AEB, 0x630C, 0x632C, 0x632C, 0x5ACB, 0x5AEB, 0x632C, 0x632C, 0x632C, 0x6B4D, 0x6B4D, 0x632C, 0x632C, 0x6B4D, 0x6B6D,
    0x6B6D, 0x6B6D, 0x6B4D, 0x632C, 0x632C, 0x630C, 0x5AEB, 0x632C, 0x632C, 0x630C, 0x6B4D, 0x632C, 0x6B4D, 0x632C, 0x632C, 0x6B4D,
    0x632C, 0x632C, 0x632C, 0x6B6D, 0x6B4D, 0x6B4D, 0x632C, 0x630C, 0x632C, 0x6B4D, 0x632C, 0x630C, 0x5AEB, 0x630C, 0x630C, 0x632C,
    0x6B4D, 0x632C, 0x632C, 0x632C, 0x632C, 0x630C, 0x632C, 0x630C, 0x6B4D, 0x632C, 0x632C, 0x632C, 0x6B4D, 0x6B6D, 0x6B6D, 0x738E,
    0x73AE, 0x6B6D, 0x6B4D, 0x738E, 0x738E, 0x6B6D, 0x6B6D, 0x738E, 0x7BEF, 0x94B2, 0x9492, 0x9492, 0x9492, 0x9492, 0x94B2, 0x9492,
    0x9492, 0x9492, 0x8C71, 0x9492, 0x8C71, 0x8C71, 0x9492, 0x9492, 0x9492, 0x8C71, 0x9492, 0x9492, 0x9492, 0x9492, 0x8C71, 0x9492,
    0x8C71, 0x8C71, 0x8C71, 0x8C71, 0x9492, 0x94B2, 0x94B2, 0x9CD3, 0x9CD3, 0x94B2, 0x9492, 0x9CD3, 0x9CD3, 0x9CD3, 0x9492, 0x94B2,
    0x9492, 0x9492, 0x8C71, 0x9492, 0x94B2, 0x9492, 0x94B2, 0x94B2, 0x9492, 0x9492, 0x8C71, 0x9492, 0x8C71, 0x8C51, 0x8C71, 0x9492,
    0x9492, 0x8C51, 0x8C71, 0x8C71, 0x8C51, 0x8C71, 0x8C51, 0x8430, 0x8C51, 0x8C51, 0x9492, 0x31A6, 0x0000, 0xAD55, 0xFFFF, 0xFFFF,
    0xFFFF, 0xFFFF, 0xFFFF, 0xFFFF, 0xFFFF, 0xFFFF, 0xFFFF, 0xFFFF, 0xEF7D, 0x10A2, 0x0861, 0x8410, 0x8C51, 0x8430, 0x8C51, 0x8C71,
    0x8C71, 0x9492, 0x8C71, 0x8C71, 0x8C51, 0x8C71, 0x8C71, 0x8C71, 0x8C51, 0x8C51, 0x8C71, 0x8C51, 0x8C51, 0x8C51, 0x8C71, 0x8C71,
    0x9CD3, 0x94B2, 0x9492, 0x8C71, 0x9492, 0x9492, 0x94B2, 0x9492, 0x8C71, 0x8C71, 0x8C51, 0x8C71, 0x9492, 0x9492, 0x9492, 0x9492,
    0x8C71, 0x9492, 0x8C71, 0x8C71, 0x8C71, 0x8C71, 0x8C71, 0x8C71, 0x8C71, 0x94B2, 0x8C51, 0x5AEB, 0x5AEB, 0x630C, 0x5AEB, 0x528A,
    0x5ACB, 0x5AEB, 0x632C, 0x632C, 0x630C, 0x630C, 0x630C, 0x5AEB, 0x5AEB, 0x5AEB, 0x630C, 0x632C, 0x632C, 0x632C, 0x632C, 0x632C,
    0x632C, 0x6B6D, 0x632C, 0x630C, 0x630C, 0x5AEB, 0x5AEB, 0x5ACB, 0x5AEB, 0x630C, 0x5AEB, 0x5AEB, 0x5AEB, 0x5AEB, 0x632C, 0x6B4D,
    0x632C, 0x632C, 0x632C, 0x5AEB, 0x630C, 0x630C, 0x5AEB, 0x630C, 0x630C, 0x5AEB, 0x5AEB, 0x5AEB, 0x5AEB, 0x5AEB, 0x5AEB, 0x5AEB,
    0x5ACB, 0x5ACB, 0x5ACB, 0x5ACB, 0x5AEB, 0x5AEB, 0x5ACB, 0x5ACB, 0x52AA, 0x52AA, 0x52AA, 0x52AA, 0x528A, 0x528A, 0x52AA, 0x528A,
    0x528A, 0x4A69, 0x4A69, 0x528A, 0x4A69, 0x528A, 0x528A, 0x528A, 0x52AA, 0x52AA, 0x52AA, 0x5ACB, 0x52AA, 0x5AEB, 0x5AEB, 0x5AEB,
    0x630C, 0x5AEB, 0x5AEB, 0x630C, 0x5AEB, 0x5ACB, 0x5ACB, 0x52AA, 0x52AA, 0x52AA, 0x52AA, 0x52AA, 0x5ACB, 0x5ACB, 0x5AEB, 0x5AEB,
    0x5ACB, 0x5AEB, 0x5AEB, 0x5ACB, 0x528A, 0x5AEB, 0x5AEB, 0x5AEB, 0x630C, 0x632C, 0x630C, 0x5AEB, 0x5AEB, 0x630C, 0x5AEB, 0x632C,
    0x630C, 0x5AEB, 0x632C, 0x632C, 0x630C, 0x630C, 0x5AEB, 0x632C, 0x632C, 0x632C, 0x6B6D, 0x6B4D, 0x6B4D, 0x6B4D, 0x632C, 0x6B4D,
    0x6B4D, 0x6B4D, 0x6B6D, 0x6B6D, 0x6B4D, 0x630C, 0x630C, 0x632C, 0x632C, 0x630C, 0x6B4D, 0x632C, 0x632C, 0x6B4D, 0x630C, 0x6B6D,
    0x6B6D, 0x6B6D, 0x6B4D, 0x6B4D, 0x632C, 0x630C, 0x632C, 0x6B4D, 0x6B4D, 0x632C, 0x632C, 0x632C, 0x630C, 0x5AEB, 0x630C, 0x6B4D,
    0x6B4D, 0x632C, 0x6B4D, 0x632C, 0x632C, 0x6B4D, 0x632C, 0x6B4D, 0x6B4D, 0x6B4D, 0x738E, 0x6B4D, 0x6B4D, 0x6B6D, 0x738E, 0x73AE,
    0x73AE, 0x738E, 0x6B4D, 0x6B6D, 0x73AE, 0x738E, 0x6B6D, 0x73AE, 0x738E, 0x8430, 0x9CD3, 0x94B2, 0x9492, 0x8C71, 0x9492, 0x9492,
    0x9492, 0x9492, 0x9492, 0x8C71, 0x8C71, 0x8C51, 0x8C71, 0x8C71, 0x8C71, 0x8C71, 0x9492, 0x8C71, 0x9492, 0x9492, 0x8C71, 0x9492,
    0x8C71, 0x8C71, 0x8C71, 0x8C71, 0x8C71, 0x9492, 0x9492, 0x94B2, 0x94B2, 0x9CD3, 0x9CD3, 0x94B2, 0x9CD3, 0x94B2, 0x9492, 0x9492,
    0x94B2, 0x8C71, 0x9492, 0x9492, 0x8C71, 0x9492, 0x8C71, 0x8C71, 0x9492, 0x9492, 0x8C71, 0x9492, 0x9492, 0x8C71, 0x8C71, 0x9492,
    0x9492, 0x8C71, 0x9492, 0x8C71, 0x8C71, 0x8C71, 0x8430, 0x8C51, 0x8C51, 0x8430, 0x8C71, 0x5ACB, 0x0000, 0x8C51, 0xFFFF, 0xFFDF,
    0xFFFF, 0xFFFF, 0xFFFF, 0xFFFF, 0xFFFF, 0xFFFF, 0xFFFF, 0xFFFF, 0xC618, 0x0000, 0x2945, 0x8C71, 0x8430, 0x8430, 0x8C71, 0x8C71,
    0x8C71, 0x8C71, 0x8C71, 0x8C51, 0x8C71, 0x8C71, 0x8C71, 0x8C71, 0x8C71, 0x8C51, 0x8C71, 0x8C71, 0x8C71, 0x8C51, 0x8C71, 0x8C71,
    0x8C71, 0x8C71, 0x9492, 0x9492, 0x8C71, 0x8C71, 0x9492, 0x9492, 0x8C71, 0x8C71, 0x8C71, 0x8C71, 0x8C71, 0x9492, 0x9492, 0x9492,
    0x9492, 0x8C71, 0x8C71, 0x8C71, 0x8C51, 0x8C51, 0x8C71, 0x8C71, 0x9492, 0x94B2, 0x73AE, 0x5AEB, 0x5AEB, 0x5ACB, 0x528A, 0x52AA,
    0x5AEB, 0x5AEB, 0x5ACB, 0x5AEB, 0x630C, 0x6B4D, 0x632C, 0x5AEB, 0x52AA, 0x5AEB, 0x630C, 0x630C, 0x630C, 0x630C, 0x630C, 0x5AEB,
    0x630C, 0x630C, 0x630C, 0x6B4D, 0x630C, 0x5AEB, 0x5AEB, 0x5AEB, 0x5AEB, 0x5ACB, 0x5AEB, 0x5ACB, 0x5AEB, 0x5AEB, 0x632C, 0x632C,
    0x632C, 0x632C, 0x632C, 0x630C, 0x630C, 0x630C, 0x630C, 0x630C, 0x630C, 0x5AEB, 0x630C, 0x5ACB, 0x5ACB, 0x5AEB, 0x5AEB, 0x5AEB,
    0x630C, 0x630C, 0x5AEB, 0x5ACB, 0x5ACB, 0x52AA, 0x5ACB, 0x52AA, 0x5ACB, 0x528A, 0x52AA, 0x52AA, 0x528A, 0x528A, 0x528A, 0x4A69,
    0x4A69, 0x4A69, 0x4A69, 0x528A, 0x528A, 0x4A69, 0x4A69, 0x52AA, 0x52AA, 0x5ACB, 0x528A, 0x528A, 0x52AA, 0x5AEB, 0x5ACB, 0x630C,
    0x5ACB, 0x5ACB, 0x5ACB, 0x5AEB, 0x5AEB, 0x52AA, 0x5ACB, 0x5AEB, 0x5ACB, 0x52AA, 0x528A, 0x52AA, 0x52AA, 0x5ACB, 0x5ACB, 0x52AA,
    0x5ACB, 0x5ACB, 0x5AEB, 0x52AA, 0x528A, 0x52AA, 0x5AAB, 0x5AEB, 0x632C, 0x632C, 0x5AEB, 0x5AEB, 0x6B4D, 0x632C, 0x630C, 0x630C,
    0x630C, 0x630C, 0x632C, 0x630C, 0x5AEB, 0x5AEB, 0x5AEB, 0x630C, 0x6B4D, 0x6B4D, 0x6B4D, 0x6B4D, 0x6B4D, 0x6B4D, 0x6B4D, 0x632C,
    0x632C, 0x632C, 0x632C, 0x6B4D, 0x632C, 0x6B4D, 0x6B4D, 0x6B6D, 0x738E, 0x6B6D, 0x6B4D, 0x6B4D, 0x632C, 0x6B6D, 0x6B4D, 0x6B4D,
    0x6B4D, 0x632C, 0x6B4D, 0x6B4D, 0x6B4D, 0x632C, 0x632C, 0x632C, 0x6B6D, 0x738E, 0x6B6D, 0x6B4D, 0x632C, 0x6B4D, 0x6B4D, 0x6B4D,
    0x632C, 0x632C, 0x632C, 0x6B4D, 0x632C, 0x5AEB, 0x630C, 0x6B4D, 0x6B6D, 0x6B4D, 0x6B6D, 0x738E, 0x6B4D, 0x6B4D, 0x6B6D, 0x6B4D,
    0x6B6D, 0x6B6D, 0x6B6D, 0x738E, 0x738E, 0x738E, 0x73AE, 0x73AE, 0x738E, 0x7BEF, 0x9492, 0x9492, 0x8C71, 0x8C71, 0x94B2, 0x9492,
    0x9492, 0x9492, 0x9492, 0x8C71, 0x8C71, 0x8C51, 0x8C51, 0x8C51, 0x8C51, 0x8C71, 0x8C71, 0x9492, 0x8C71, 0x9492, 0x8C71, 0x9492,
    0x9492, 0x8C71, 0x8C71, 0x9492, 0x9492, 0x94B2, 0x94B2, 0x94B2, 0x94B2, 0x9CD3, 0x9CD3, 0x94B2, 0x9492, 0x9492, 0x94B2, 0x9492,
    0x94B2, 0x9492, 0x94B2, 0x94B2, 0x9492, 0x9492, 0x9492, 0x8C71, 0x8C71, 0x9492, 0x9492, 0x8C71, 0x9492, 0x8C71, 0x8C51, 0x8C71,
    0x8C71, 0x8C51, 0x9492, 0x8C51, 0x8C51, 0x8C51, 0x8430, 0x8430, 0x8430, 0x8430, 0x8430, 0x8430, 0x1082, 0x528A, 0xFFFF, 0xFFFF,
    0xFFFF, 0xFFFF, 0xFFFF, 0xFFFF, 0xFFFF, 0xFFFF, 0xFFFF, 0xFFFF, 0x8C51, 0x0000, 0x4A49, 0x8C71, 0x8430, 0x8410, 0x8C51, 0x8C51,
    0x8C51, 0x8C51, 0x8C51, 0x8430, 0x8C51, 0x8C51, 0x8C71, 0x8C51, 0x8C51, 0x8C71, 0x8C71, 0x8C71, 0x8C51, 0x8C71, 0x8C71, 0x9492,
    0x8C71, 0x8C71, 0x8C71, 0x8C71, 0x8C71, 0x8C71, 0x8C71, 0x9492, 0x8C71, 0x8C71, 0x9492, 0x8C71, 0x8C51, 0x8C51, 0x8C71, 0x8C71,
    0x8C51, 0x8C71, 0x8C71, 0x8C51, 0x8C51, 0x8C71, 0x8C71, 0x8C51, 0x9492, 0x8C51, 0x5ACB, 0x5AEB, 0x5ACB, 0x5ACB, 0x52AA, 0x5AEB,
    0x5AEB, 0x5ACB, 0x5ACB, 0x5ACB, 0x5AEB, 0x630C, 0x630C, 0x630C, 0x52AA, 0x5AEB, 0x5ACB, 0x630C, 0x632C, 0x632C, 0x630C, 0x630C,
    0x630C, 0x630C, 0x630C, 0x630C, 0x630C, 0x5AEB, 0x5AEB, 0x630C, 0x5ACB, 0x5ACB, 0x630C, 0x630C, 0x5AEB, 0x630C, 0x630C, 0x5AEB,
    0x632C, 0x630C, 0x5AEB, 0x5AEB, 0x5AEB, 0x5AEB, 0x5AEB, 0x630C, 0x5AEB, 0x5AEB, 0x52AA, 0x52AA, 0x52AA, 0x52AA, 0x528A, 0x528A,
    0x5ACB, 0x5AEB, 0x5ACB, 0x630C, 0x52AA, 0x52AA, 0x52AA, 0x528A, 0x52AA, 0x528A, 0x528A, 0x52AA, 0x528A, 0x528A, 0x52AA, 0x52AA,
    0x528A, 0x528A, 0x4A69, 0x4A69, 0x52AA, 0x5ACB, 0x528A, 0x52AA, 0x528A, 0x52AA, 0x5ACB, 0x52AA, 0x52AA, 0x5ACB, 0x52AA, 0x5AEB,
    0x5ACB, 0x52AA, 0x5ACB, 0x52AA, 0x52AA, 0x5ACB, 0x52AA, 0x5AEB, 0x5AEB, 0x5ACB, 0x52AA, 0x52AA, 0x5ACB, 0x5ACB, 0x528A, 0x528A,
    0x5ACB, 0x5ACB, 0x630C, 0x5ACB, 0x5ACB, 0x52AA, 0x5AEB, 0x5ACB, 0x52AA, 0x5ACB, 0x5ACB, 0x5ACB, 0x630C, 0x632C, 0x5AEB, 0x630C,
    0x5AEB, 0x5AEB, 0x5AEB, 0x5AEB, 0x5AEB, 0x5AEB, 0x630C, 0x630C, 0x632C, 0x630C, 0x6B4D, 0x6B4D, 0x6B4D, 0x6B4D, 0x6B6D, 0x6B4D,
    0x632C, 0x630C, 0x632C, 0x630C, 0x5AEB, 0x630C, 0x630C, 0x630C, 0x632C, 0x6B4D, 0x6B4D, 0x632C, 0x632C, 0x6B4D, 0x6B4D, 0x632C,
    0x630C, 0x630C, 0x632C, 0x6B4D, 0x6B6D, 0x6B4D, 0x6B4D, 0x632C, 0x632C, 0x6B4D, 0x6B6D, 0x6B4D, 0x6B4D, 0x6B4D, 0x6B4D, 0x630C,
    0x6B4D, 0x632C, 0x5AEB, 0x630C, 0x630C, 0x5AEB, 0x632C, 0x630C, 0x630C, 0x632C, 0x632C, 0x632C, 0x632C, 0x6B4D, 0x6B4D, 0x6B4D,
    0x6B6D, 0x738E, 0x6B4D, 0x6B6D, 0x6B6D, 0x6B4D, 0x6B6D, 0x738E, 0x6B6D, 0x73AE, 0x8430, 0x8C71, 0x9492, 0x8C71, 0x9492, 0x9492,
    0x8C71, 0x9492, 0x8C71, 0x8C71, 0x8C71, 0x8C51, 0x8C71, 0x9492, 0x8C71, 0x8430, 0x8C51, 0x8C51, 0x8C71, 0x8C51, 0x8C71, 0x8C51,
    0x9492, 0x9492, 0x8C71, 0x9492, 0x8C71, 0x94B2, 0x94B2, 0x94B2, 0x9492, 0x9492, 0x9492, 0x9492, 0x9492, 0x8C71, 0x9492, 0x94B2,
    0x94B2, 0x94B2, 0x9492, 0x9492, 0x9492, 0x9492, 0x9492, 0x8C71, 0x9492, 0x9492, 0x9492, 0x8C71, 0x9492, 0x8C71, 0x8C71, 0x8C71,
    0x8C51, 0x8C51, 0x8C51, 0x8C51, 0x8C51, 0x8430, 0x8430, 0x8430, 0x8430, 0x8430, 0x8430, 0x9492, 0x4A49, 0x2104, 0xF7BE, 0xFFFF,
    0xFFFF, 0xFFFF, 0xFFFF, 0xFFFF, 0xFFFF, 0xFFFF, 0xFFFF, 0xFFFF, 0x5ACB, 0x18C3, 0x9492, 0x9492, 0x8C71, 0x9492, 0x9492, 0x94B2,
    0x9492, 0x9492, 0x9492, 0x9492, 0x9492, 0x94B2, 0x94B2, 0x94B2, 0x9492, 0x94B2, 0x9CD3, 0x94B2, 0x94B2, 0x94B2, 0x9492, 0x94B2,
    0x9CD3, 0x9CD3, 0x94B2, 0x9CD3, 0x9CD3, 0x9CD3, 0x94B2, 0x94B2, 0x9CD3, 0x9CD3, 0x94B2, 0x94B2, 0x9CD3, 0x94B2, 0x9CD3, 0x9CD3,
    0x94B2, 0x9CD3, 0x94B2, 0x94B2, 0x94B2, 0x94B2, 0x94B2, 0x9CD3, 0x9CF3, 0x7BCF, 0x5AEB, 0x5AEB, 0x632C, 0x632C, 0x630C, 0x632C,
    0x632C, 0x630C, 0x632C, 0x630C, 0x630C, 0x630C, 0x630C, 0x630C, 0x630C, 0x630C, 0x630C, 0x630C, 0x6B4D, 0x6B6D, 0x6B4D, 0x6B6D,
    0x632C, 0x630C, 0x632C, 0x632C, 0x630C, 0x632C, 0x6B6D, 0x6B4D, 0x6B4D, 0x6B4D, 0x632C, 0x6B4D, 0x6B4D, 0x632C, 0x630C, 0x6B4D,
    0x738E, 0x738E, 0x6B6D, 0x738E, 0x6B4D, 0x632C, 0x632C, 0x6B6D, 0x6B4D, 0x630C, 0x5AEB, 0x630C, 0x630C, 0x632C, 0x5AEB, 0x5AEB,
    0x5AEB, 0x5AEB, 0x632C, 0x632C, 0x632C, 0x632C, 0x632C, 0x630C, 0x630C, 0x5AEB, 0x5ACB, 0x5AEB, 0x5ACB, 0x5AAB, 0x5ACB, 0x5ACB,
    0x5ACB, 0x52AA, 0x52AA, 0x5AAB, 0x5ACB, 0x5ACB, 0x5AEB, 0x5AEB, 0x5ACB, 0x52AA, 0x5ACB, 0x5ACB, 0x5ACB, 0x5AEB, 0x5ACB, 0x5AEB,
    0x630C, 0x5ACB, 0x5ACB, 0x5AEB, 0x5ACB, 0x5ACB, 0x5AEB, 0x632C, 0x632C, 0x5ACB, 0x5AEB, 0x630C, 0x5AEB, 0x5AEB, 0x5ACB, 0x5ACB,
    0x5AEB, 0x5ACB, 0x630C, 0x632C, 0x632C, 0x632C, 0x630C, 0x632C, 0x5AEB, 0x630C, 0x630C, 0x630C, 0x630C, 0x630C, 0x630C, 0x632C,
    0x632C, 0x6B4D, 0x6B4D, 0x6B4D, 0x6B4D, 0x632C, 0x632C, 0x6B4D, 0x632C, 0x632C, 0x6B4D, 0x632C, 0x6B6D, 0x6B4D, 0x6B6D, 0x738E,
    0x6B6D, 0x6B4D, 0x6B4D, 0x6B4D, 0x6B4D, 0x738E, 0x738E, 0x6B6D, 0x6B4D, 0x6B4D, 0x6B6D, 0x73AE, 0x73AE, 0x6B6D, 0x6B6D, 0x6B6D,
    0x738E, 0x738E, 0x73AE, 0x738E, 0x6B6D, 0x738E, 0x73AE, 0x73AE, 0x6B6D, 0x6B6D, 0x738E, 0x73AE, 0x6B4D, 0x6B6D, 0x73AE, 0x738E,
    0x6B4D, 0x6B4D, 0x632C, 0x632C, 0x6B4D, 0x632C, 0x632C, 0x6B6D, 0x632C, 0x738E, 0x738E, 0x738E, 0x738E, 0x73AE, 0x73AE, 0x7BCF,
    0x7BCF, 0x73AE, 0x738E, 0x738E, 0x73AE, 0x73AE, 0x73AE, 0x7BCF, 0x7BCF, 0x73AE, 0x8430, 0x9CD3, 0x94B2, 0x9CD3, 0x9CD3, 0x9CD3,
    0x9CD3, 0x94B2, 0x9CD3, 0x94B2, 0x94B2, 0x9CF3, 0x9CF3, 0x9CD3, 0x9CF3, 0x94B2, 0x94B2, 0x9492, 0x9492, 0x9CD3, 0x94B2, 0x8C71,
    0x9CD3, 0x9CD3, 0x9CD3, 0x9CD3, 0x9CF3, 0x9CD3, 0x9CD3, 0x9CD3, 0x9CF3, 0x9CD3, 0x9CD3, 0x9CF3, 0x9CF3, 0x9CD3, 0xA514, 0x9CF3,
    0x9CF3, 0x9CF3, 0x9CF3, 0x9CF3, 0x9CF3, 0x9CF3, 0x9CF3, 0xA514, 0x9CF3, 0x9CF3, 0x9CF3, 0x9CD3, 0x9CD3, 0x9CF3, 0x94B2, 0x94B2,
    0x9CD3, 0x94B2, 0x94B2, 0x9CD3, 0x94B2, 0x9492, 0x8C71, 0x8C71, 0x9492, 0x8C71, 0x8C71, 0x94B2, 0x73AE, 0x3166, 0xF7BE, 0xFFFF,
    0xFFFF, 0xFFFF, 0xFFFF, 0xFFFF, 0xFFFF, 0xFFFF, 0xFFDF, 0xD69A, 0x39C7, 0x2965, 0x6B4D, 0x5AEB, 0x5AEB, 0x5AEB, 0x5AEB, 0x5AEB,
    0x5AEB, 0x5AEB, 0x5ACB, 0x5AEB, 0x5ACB, 0x5ACB, 0x5AEB, 0x5AEB, 0x5ACB, 0x5ACB, 0x5ACB, 0x5ACB, 0x5ACB, 0x5ACB, 0x5ACB, 0x5AEB,
    0x5AEB, 0x5AEB, 0x5AEB, 0x5AEB, 0x5AEB, 0x5AEB, 0x630C, 0x630C, 0x5AEB, 0x630C, 0x5AEB, 0x5AEB, 0x630C, 0x5AEB, 0x630C, 0x630C,
    0x5AEB, 0x5AEB, 0x5ACB, 0x5ACB, 0x5AEB, 0x5AEB, 0x5AEB, 0x630C, 0x632C, 0x4208, 0x39E7, 0x39E7, 0x39E7, 0x39E7, 0x4228, 0x4208,
    0x4208, 0x4208, 0x4208, 0x4208, 0x4228, 0x4228, 0x4228, 0x4A49, 0x4208, 0x4208, 0x4208, 0x4208, 0x4208, 0x4A69, 0x4A69, 0x4A49,
    0x4208, 0x4228, 0x4228, 0x4208, 0x4228, 0x4228, 0x4228, 0x4A49, 0x4A49, 0x4228, 0x4208, 0x4208, 0x4208, 0x39E7, 0x39C7, 0x39E7,
    0x39E7, 0x4208, 0x39E7, 0x4208, 0x39E7, 0x39C7, 0x39C7, 0x39C7, 0x4208, 0x39E7, 0x39C7, 0x39C7, 0x39C7, 0x31A6, 0x39E7, 0x31A6,
    0x39A7, 0x39C7, 0x39E7, 0x39E7, 0x39C7, 0x39E7, 0x39C7, 0x39C7, 0x39C7, 0x31A6, 0x39C7, 0x39C7, 0x3186, 0x3186, 0x2965, 0x3186,
    0x31A6, 0x31A6, 0x31A6, 0x31A6, 0x3186, 0x3186, 0x39C7, 0x39E7, 0x31A6, 0x39C7, 0x39C7, 0x31A6, 0x31A6, 0x31A6, 0x31A6, 0x39C7,
    0x39C7, 0x39C7, 0x39C7, 0x39C7, 0x39C7, 0x39C7, 0x4208, 0x4208, 0x39E7, 0x31A6, 0x39C7, 0x39C7, 0x39E7, 0x39C7, 0x39C7, 0x31A6,
    0x39C7, 0x39C7, 0x39E7, 0x39E7, 0x39E7, 0x4208, 0x39C7, 0x31A6, 0x39E7, 0x39E7, 0x39E7, 0x4208, 0x4208, 0x39E7, 0x39E7, 0x39E7,
    0x39E7, 0x39E7, 0x39E7, 0x39E7, 0x4208, 0x39E7, 0x39E7, 0x39E7, 0x4208, 0x39E7, 0x4208, 0x4208, 0x4208, 0x4208, 0x4208, 0x4A49,
    0x4228, 0x39E7, 0x39E7, 0x4208, 0x4228, 0x4208, 0x4208, 0x4208, 0x4208, 0x4208, 0x4208, 0x4228, 0x4228, 0x4208, 0x4208, 0x4208,
    0x4208, 0x4228, 0x4A49, 0x4208, 0x39E7, 0x4208, 0x4208, 0x4208, 0x4208, 0x4208, 0x4208, 0x4208, 0x39E7, 0x4208, 0x4208, 0x39E7,
    0x39C7, 0x39C7, 0x39E7, 0x39C7, 0x39E7, 0x39C7, 0x39C7, 0x39C7, 0x39C7, 0x39E7, 0x39E7, 0x39E7, 0x39C7, 0x4208, 0x4208, 0x4208,
    0x39E7, 0x39E7, 0x39E7, 0x39E7, 0x39E7, 0x39E7, 0x4228, 0x4228, 0x4A49, 0x4228, 0x4228, 0x52AA, 0x5ACB, 0x52AA, 0x52AA, 0x52AA,
    0x52AA, 0x52AA, 0x528A, 0x4A69, 0x4A69, 0x52AA, 0x52AA, 0x528A, 0x528A, 0x4A69, 0x528A, 0x4A69, 0x4A69, 0x528A, 0x4A69, 0x528A,
    0x528A, 0x528A, 0x52AA, 0x528A, 0x528A, 0x528A, 0x528A, 0x528A, 0x52AA, 0x52AA, 0x528A, 0x52AA, 0x52AA, 0x52AA, 0x52AA, 0x52AA,
    0x528A, 0x528A, 0x52AA, 0x52AA, 0x52AA, 0x52AA, 0x52AA, 0x5ACB, 0x52AA, 0x52AA, 0x52AA, 0x52AA, 0x5ACB, 0x5AEB, 0x5ACB, 0x5AEB,
    0x5AEB, 0x5ACB, 0x5AEB, 0x5AEB, 0x5AEB, 0x5ACB, 0x5ACB, 0x630C, 0x5AEB, 0x5ACB, 0x5AEB, 0x630C, 0x5ACB, 0x39C7, 0xE71C, 0xFFFF,
    0xFFFF, 0xFFFF, 0xFFFF, 0xFFFF, 0xFFFF, 0xFFFF, 0xEF5D, 0x8410, 0x4228, 0x39E7, 0x2965, 0x2965, 0x2965, 0x2945, 0x2945, 0x2124,
    0x2124, 0x2124, 0x2124, 0x2124, 0x2124, 0x2124, 0x2124, 0x2124, 0x2124, 0x2124, 0x2124, 0x2124, 0x2124, 0x2124, 0x2945, 0x2945,
    0x2945, 0x2945, 0x2124, 0x2124, 0x2945, 0x2124, 0x2124, 0x2124, 0x2124, 0x2124, 0x2124, 0x2124, 0x2124, 0x2124, 0x2124, 0x2124,
    0x2124, 0x2124, 0x2124, 0x2945, 0x2945, 0x2124, 0x2945, 0x2945, 0x18C3, 0x18C3, 0x18C3, 0x18C3, 0x18C3, 0x18E3, 0x18E3, 0x18E3,
    0x18E3, 0x18C3, 0x18C3, 0x18C3, 0x18E3, 0x2104, 0x2104, 0x18E3, 0x2104, 0x2104, 0x2124, 0x18E3, 0x2104, 0x2104, 0x2104, 0x2104,
    0x2104, 0x2124, 0x2124, 0x2104, 0x2104, 0x18E3, 0x18E3, 0x18E3, 0x2104, 0x2104, 0x18E3, 0x18E3, 0x18E3, 0x18E3, 0x18E3, 0x18E3,
    0x18E3, 0x18E3, 0x18C3, 0x2104, 0x18E3, 0x18E3, 0x18E3, 0x18E3, 0x18E3, 0x18E3, 0x2104, 0x2104, 0x18E3, 0x18E3, 0x18E3, 0x18E3,
    0x1903, 0x2104, 0x18E3, 0x18E3, 0x18C3, 0x18C3, 0x18C3, 0x18E3, 0x18E3, 0x18E3, 0x18C3, 0x18C3, 0x18E3, 0x18E3, 0x18E3, 0x18E3,
    0x18E3, 0x18E3, 0x18E3, 0x2104, 0x18E3, 0x18E3, 0x18E3, 0x18E3, 0x18E3, 0x18E3, 0x18E3, 0x18E3, 0x18E3, 0x2104, 0x2104, 0x2104,
    0x2124, 0x2104, 0x2104, 0x2104, 0x18E3, 0x18E3, 0x18E3, 0x2104, 0x18E3, 0x18E3, 0x18C3, 0x18E3, 0x18E3, 0x20E4, 0x2104, 0x2104,
    0x2104, 0x2104, 0x2104, 0x2104, 0x2104, 0x2124, 0x2104, 0x2104, 0x2104, 0x2124, 0x2104, 0x2124, 0x2124, 0x2124, 0x2104, 0x2124,
    0x2124, 0x2104, 0x2104, 0x2124, 0x2124, 0x2104, 0x2124, 0x2945, 0x2124, 0x2124, 0x2124, 0x2945, 0x2945, 0x2945, 0x2124, 0x2124,
    0x2124, 0x2124, 0x2124, 0x2945, 0x2945, 0x2124, 0x2124, 0x2124, 0x2124, 0x2945, 0x2124, 0x2124, 0x2104, 0x2124, 0x2124, 0x2124,
    0x2124, 0x2124, 0x2925, 0x2945, 0x2104, 0x2945, 0x2124, 0x2104, 0x2104, 0x18E3, 0x2104, 0x18E3, 0x2104, 0x18E3, 0x18E3, 0x18E3,
    0x18E3, 0x18E3, 0x18E3, 0x18E3, 0x18E3, 0x18E3, 0x18E3, 0x18E3, 0x2104, 0x2104, 0x2104, 0x2104, 0x2124, 0x2104, 0x2124, 0x2124,
    0x2104, 0x2104, 0x2104, 0x2124, 0x2124, 0x2124, 0x2945, 0x2124, 0x2945, 0x2945, 0x2965, 0x2965, 0x3186, 0x3186, 0x3186, 0x3186,
    0x3186, 0x3186, 0x3186, 0x3186, 0x3186, 0x3186, 0x3186, 0x3186, 0x3186, 0x3186, 0x3186, 0x3186, 0x3186, 0x3186, 0x3186, 0x3186,
    0x3186, 0x3186, 0x3186, 0x3186, 0x3186, 0x3186, 0x3186, 0x3186, 0x3186, 0x3186, 0x3186, 0x3186, 0x3186, 0x3186, 0x3186, 0x3186,
    0x3186, 0x3186, 0x3186, 0x3186, 0x3186, 0x3186, 0x3186, 0x2965, 0x2965, 0x2965, 0x3186, 0x3186, 0x31A6, 0x31A6, 0x31A6, 0x31A6,
    0x31A6, 0x31A6, 0x31A6, 0x31A6, 0x39C7, 0x39E7, 0x39E7, 0x4208, 0x4208, 0x4208, 0x4208, 0x4A69, 0x6B6D, 0x8C71, 0xEF7D, 0xFFFF,
    0xFFFF, 0xFFFF, 0xFFFF, 0xFFFF, 0xFFFF, 0xE73C, 0x9CD3, 0x8C71, 0x9492, 0x8C71, 0x8C71, 0x8C51, 0x8C71, 0x8C71, 0x8C71, 0x8C71,
    0x8C71, 0x8C71, 0x8C71, 0x8C51, 0x8C51, 0x8C71, 0x8C71, 0x8C71, 0x8C71, 0x8C71, 0x8C71, 0x8C71, 0x8C71, 0x8C71, 0x8C71, 0x8C71,
    0x8C71, 0x8C71, 0x8C71, 0x8C71, 0x8C71, 0x8C71, 0x8C71, 0x8C71, 0x8C71, 0x8C71, 0x8C71, 0x8C71, 0x9492, 0x8C71, 0x8C71, 0x8C71,
    0x8C71, 0x8C71, 0x8C71, 0x8C71, 0x8C71, 0x8C71, 0x9492, 0x8430, 0x5AEB, 0x5AEB, 0x5AEB, 0x630C, 0x630C, 0x630C, 0x5AAB, 0x5ACB,
    0x5ACB, 0x5ACB, 0x52AA, 0x5ACB, 0x5ACB, 0x52AA, 0x5ACB, 0x5ACB, 0x5ACB, 0x5AEB, 0x5ACB, 0x52CA, 0x5ACB, 0x5ACB, 0x5ACB, 0x5ACB,
    0x5ACB, 0x5ACB, 0x5ACB, 0x5ACB, 0x52AA, 0x5ACB, 0x52AA, 0x52AA, 0x52AA, 0x5ACB, 0x52AA, 0x52AA, 0x5ACB, 0x52AA, 0x52AA, 0x5ACB,
    0x5AEB, 0x5ACB, 0x52AA, 0x5AEB, 0x5ACB, 0x5AEB, 0x5ACB, 0x5ACB, 0x630C, 0x5AEB, 0x5AEB, 0x5AEB, 0x5AEB, 0x5AEB, 0x5AEB, 0x5ACB,
    0x5ACB, 0x52AA, 0x52AA, 0x5ACB, 0x528A, 0x5ACB, 0x528A, 0x5ACB, 0x52AA, 0x52AA, 0x52AA, 0x52AA, 0x528A, 0x5AEB, 0x5AEB, 0x5ACB,
    0x52AA, 0x528A, 0x52AA, 0x52AA, 0x5ACB, 0x52AA, 0x52AA, 0x52AA, 0x52AA, 0x528A, 0x5ACB, 0x52AA, 0x52AA, 0x52AA, 0x4A69, 0x52AA,
    0x52AA, 0x528A, 0x52AA, 0x52AA, 0x528A, 0x52AA, 0x4A69, 0x528A, 0x528A, 0x528A, 0x528A, 0x4A69, 0x528A, 0x52AA, 0x5ACB, 0x52AA,
    0x52AA, 0x5ACB, 0x5AEB, 0x5ACB, 0x5ACB, 0x5AEB, 0x5AEB, 0x5AEB, 0x630C, 0x630C, 0x630C, 0x630C, 0x632C, 0x630C, 0x630C, 0x630C,
    0x632C, 0x630C, 0x630C, 0x632C, 0x6B4D, 0x632C, 0x632C, 0x632C, 0x632C, 0x632C, 0x6B4D, 0x6B4D, 0x6B6D, 0x6B4D, 0x6B4D, 0x6B4D,
    0x632C, 0x6B4D, 0x6B4D, 0x6B4D, 0x6B4D, 0x6B6D, 0x6B6D, 0x6B6D, 0x6B6D, 0x6B6D, 0x632C, 0x630C, 0x630C, 0x632C, 0x632C, 0x632C,
    0x632C, 0x632C, 0x632C, 0x6B4D, 0x630C, 0x632C, 0x632C, 0x630C, 0x630C, 0x5AEB, 0x5AEB, 0x5AEB, 0x5ACB, 0x5AEB, 0x5AEB, 0x5ACB,
    0x5ACB, 0x52AA, 0x5AEB, 0x5AEB, 0x5ACB, 0x5AEB, 0x5AEB, 0x630C, 0x630C, 0x630C, 0x5AEB, 0x5AEB, 0x630C, 0x632C, 0x632C, 0x632C,
    0x6B4D, 0x632C, 0x630C, 0x632C, 0x6B4D, 0x6B6D, 0x6B6D, 0x738E, 0x738E, 0x73AE, 0x73AE, 0x738E, 0x8C51, 0x9492, 0x9492, 0x9492,
    0x9492, 0x9492, 0x9492, 0x9492, 0x9492, 0x9492, 0x9492, 0x9492, 0x9492, 0x9492, 0x9492, 0x9492, 0x9492, 0x9492, 0x9492, 0x9492,
    0x9492, 0x9492, 0x9492, 0x9492, 0x9492, 0x9492, 0x9492, 0x9492, 0x9492, 0x9492, 0x9492, 0x9492, 0x9492, 0x9492, 0x9492, 0x9492,
    0x9492, 0x9492, 0x9492, 0x9492, 0x9492, 0x9492, 0x9492, 0x9492, 0x9492, 0x9492, 0x9492, 0x9492, 0x9492, 0x9492, 0x9492, 0x9492,
    0x9492, 0x9492, 0x9492, 0x9492, 0x9492, 0x9492, 0x9492, 0x9492, 0x9492, 0x9492, 0x9492, 0x9492, 0x9CF3, 0xB596, 0xC618, 0xEF5D,
    0xFFFF, 0xFFFF, 0xFFFF, 0xFFFF, 0xFFFF, 0xF7BE, 0xDEDB, 0xC618, 0xAD55, 0x9CF3, 0x9CF3, 0x9CF3, 0x9CD3, 0x94B2, 0x9492, 0x9492,
    0x9492, 0x9492, 0x9492, 0x8C71, 0x8C71, 0x8C71, 0x8C71, 0x8C71, 0x8C51, 0x8C51, 0x8C51, 0x8C51, 0x8C51, 0x8C51, 0x8430, 0x8C51,
    0x8C51, 0x8C51, 0x8430, 0x8430, 0x8430, 0x8430, 0x8430, 0x8430, 0x8430, 0x8430, 0x8430, 0x8430, 0x8430, 0x8430, 0x8430, 0x8430,
    0x8430, 0x8430, 0x8430, 0x8430, 0x8430, 0x8430, 0x8430, 0x632C, 0x52AA, 0x5ACB, 0x52AA, 0x52AA, 0x528A, 0x528A, 0x528A, 0x528A,
    0x52AA, 0x52AA, 0x528A, 0x528A, 0x528A, 0x528A, 0x4A69, 0x4A49, 0x4A69, 0x4A69, 0x4A69, 0x526A, 0x528A, 0x528A, 0x528A, 0x528A,
    0x52AA, 0x52AA, 0x52AA, 0x4A69, 0x4A69, 0x528A, 0x52AA, 0x528A, 0x528A, 0x528A, 0x528A, 0x528A, 0x528A, 0x528A, 0x4A49, 0x528A,
    0x52AA, 0x528A, 0x528A, 0x52AA, 0x528A, 0x4A69, 0x528A, 0x52AA, 0x5ACB, 0x528A, 0x528A, 0x52AA, 0x52AA, 0x52AA, 0x52AA, 0x52AA,
    0x4A49, 0x4A69, 0x4A69, 0x4A69, 0x4A69, 0x52AA, 0x4A69, 0x528A, 0x4A69, 0x528A, 0x4A69, 0x528A, 0x528A, 0x528A, 0x528A, 0x528A,
    0x4A69, 0x4A69, 0x4A69, 0x4A49, 0x4A69, 0x4A69, 0x4A69, 0x4A69, 0x4A49, 0x4A69, 0x528A, 0x4A69, 0x528A, 0x528A, 0x4A49, 0x4A69,
    0x4A69, 0x4A49, 0x4A69, 0x4A49, 0x4A49, 0x4A69, 0x4A69, 0x4A69, 0x4228, 0x4A49, 0x4A49, 0x4A49, 0x528A, 0x528A, 0x4A69, 0x4A69,
    0x4A69, 0x52AA, 0x528A, 0x528A, 0x528A, 0x528A, 0x52AA, 0x52AA, 0x52AA, 0x52AA, 0x52AA, 0x5ACB, 0x5ACB, 0x52AA, 0x5ACB, 0x5AEB,
    0x5AEB, 0x5AEB, 0x5ACB, 0x5AEB, 0x632C, 0x5AEB, 0x5AEB, 0x630C, 0x5AEB, 0x5AEB, 0x630C, 0x630C, 0x630C, 0x5AEB, 0x630C, 0x630C,
    0x632C, 0x630C, 0x630C, 0x5ACB, 0x630C, 0x630C, 0x630C, 0x630C, 0x632C, 0x630C, 0x630C, 0x5AEB, 0x5AEB, 0x630C, 0x630C, 0x630C,
    0x5AEB, 0x5AEB, 0x5AEB, 0x5AEB, 0x5ACB, 0x5ACB, 0x52AA, 0x5ACB, 0x5ACB, 0x528A, 0x528A, 0x52AA, 0x528A, 0x4A69, 0x4A69, 0x528A,
    0x52AA, 0x4A69, 0x5ACB, 0x52AA, 0x528A, 0x528A, 0x52AA, 0x52AA, 0x528A, 0x528A, 0x528A, 0x52AA, 0x52AA, 0x5AEB, 0x5AEB, 0x5ACB,
    0x5AEB, 0x5AEB, 0x5AEB, 0x5AEB, 0x632C, 0x630C, 0x632C, 0x6B4D, 0x632C, 0x632C, 0x632C, 0x6B4D, 0x73AE, 0x8C51, 0x8430, 0x8410,
    0x8410, 0x8410, 0x8430, 0x8410, 0x8410, 0x8430, 0x8430, 0x8410, 0x8430, 0x8410, 0x8410, 0x8410, 0x8410, 0x8410, 0x8410, 0x8410,
    0x8410, 0x8430, 0x8430, 0x8410, 0x8410, 0x8410, 0x8410, 0x8410, 0x8410, 0x8410, 0x8410, 0x8410, 0x8430, 0x8410, 0x8410, 0x8410,
    0x8410, 0x8410, 0x8410, 0x8410, 0x8410, 0x8410, 0x8410, 0x8410, 0x8430, 0x8410, 0x8410, 0x8410, 0x8410, 0x8410, 0x8410, 0x8430,
    0x8410, 0x8410, 0x8410, 0x8410, 0x8410, 0x8410, 0x8430, 0x8410, 0x8410, 0x8410, 0x8430, 0x8410, 0x7BEF, 0x73AE, 0x9492, 0xE73C,
    0xFFFF, 0xFFFF, 0xFFFF, 0xFFFF, 0xFFFF, 0xFFFF, 0xFFFF, 0xFFFF, 0xFFFF, 0xFFFF, 0xFFDF, 0xFFDF, 0xFFDF, 0xF7BE, 0xF7BE, 0xF7BE,
    0xF79E, 0xF79E, 0xF79E, 0xF79E, 0xF79E, 0xF79E, 0xF79E, 0xEF7D, 0xEF7D, 0xEF7D, 0xEF5D, 0xEF5D, 0xEF5D, 0xEF5D, 0xEF5D, 0xEF5D,
    0xEF5D, 0xEF5D, 0xE73C, 0xE73C, 0xE73C, 0xEF5D, 0xEF5D, 0xE73C, 0xE73C, 0xE73C, 0xE73C, 0xE73C, 0xE71C, 0xE71C, 0xE71C, 0xE71C,
    0xE71C, 0xE73C, 0xE71C, 0xE71C, 0xE71C, 0xE71C, 0xCE59, 0x8C51, 0x9492, 0x9492, 0x8C51, 0x8430, 0x8C51, 0x8C51, 0x8C51, 0x8C71,
    0x8C71, 0x8C51, 0x8C51, 0x8430, 0x8C71, 0x8430, 0x8430, 0x8C51, 0x8410, 0x8430, 0x7BEF, 0x8430, 0x8430, 0x8C51, 0x8C51, 0x8410,
    0x8C71, 0x94B2, 0x9492, 0x8C51, 0x8C71, 0x9492, 0x9492, 0x9492, 0x9492, 0x8C51, 0x8C51, 0x8C51, 0x8C71, 0x94B2, 0x8C51, 0x8410,
    0x8C51, 0x8430, 0x8C51, 0x8C51, 0x94B2, 0x8C51, 0x8C71, 0x9492, 0x94B2, 0x9492, 0x8C71, 0x8C51, 0x9492, 0x94B2, 0x94B2, 0x94B2,
    0x8430, 0x8410, 0x8410, 0x7BEF, 0x8430, 0x8C51, 0x9492, 0x8C51, 0x8C71, 0x9492, 0x9492, 0x7BEF, 0x8430, 0x8430, 0x8C51, 0x8C51,
    0x8C51, 0x9492, 0x8C71, 0x8410, 0x7BCF, 0x8430, 0x7BCF, 0x7BEF, 0x7BEF, 0x8410, 0x8C51, 0x8430, 0x8410, 0x8C71, 0x8410, 0x8410,
    0x8410, 0x8430, 0x7BEF, 0x7BCF, 0x738E, 0x73AE, 0x7BCF, 0x73AE, 0x73AE, 0x7BEF, 0x7BEF, 0x8C51, 0x8430, 0x8410, 0x8430, 0x8C51,
    0x8430, 0x8C71, 0x8C71, 0x9492, 0x9CD3, 0x8C71, 0x9492, 0x94B2, 0x9472, 0x9CD3, 0x94B2, 0x9492, 0x9CF3, 0x9CD3, 0x94B2, 0xA514,
    0x9CF3, 0x9CF3, 0xA534, 0xAD55, 0xA534, 0xA514, 0xA534, 0xAD55, 0xA534, 0x9CF3, 0xAD55, 0xA514, 0xA534, 0xA534, 0xA514, 0xA514,
    0xAD55, 0xA534, 0xA514, 0x94B2, 0xA514, 0xA514, 0x9CD3, 0xA514, 0xAD55, 0xA514, 0xA534, 0xA534, 0xA514, 0xA534, 0x9CF3, 0xA534,
    0xA514, 0x9CF3, 0xA514, 0x9CF3, 0x9CD3, 0x94B2, 0x94B2, 0x9492, 0x9CD3, 0x9CD3, 0x9492, 0x94B2, 0x8C71, 0x8C51, 0x8C71, 0x8430,
    0x9492, 0x9CD3, 0x94B2, 0x94B2, 0x8C51, 0x8C71, 0x94B2, 0x9492, 0x9CD3, 0x9CD3, 0x9492, 0x9CD3, 0xA514, 0x94B2, 0x9CF3, 0x9CF3,
    0x9CF3, 0x9CF3, 0xA514, 0xA514, 0xA534, 0xA534, 0xA534, 0xAD55, 0xAD75, 0xB5B6, 0xB5B6, 0xB596, 0xB5B6, 0xD6BA, 0xE71C, 0xDEFB,
    0xDEFB, 0xDEFB, 0xE71C, 0xDEFB, 0xDEFB, 0xE71C, 0xDEFB, 0xDEFB, 0xE71C, 0xDEFB, 0xDEFB, 0xDEFB, 0xDEFB, 0xDEFB, 0xDEFB, 0xDEFB,
    0xE71C, 0xDEFB, 0xDEFB, 0xDEFB, 0xDEFB, 0xDEFB, 0xDEFB, 0xDEFB, 0xDEFB, 0xDEFB, 0xDEFB, 0xDEFB, 0xDEFB, 0xDEFB, 0xDEFB, 0xDEFB,
    0xDEFB, 0xDEFB, 0xDEFB, 0xDEFB, 0xDEFB, 0xDEFB, 0xDEFB, 0xDEFB, 0xDEFB, 0xDEFB, 0xDEFB, 0xDEFB, 0xDEFB, 0xDEFB, 0xDEFB, 0xDEFB,
    0xE71C, 0xDEFB, 0xDEFB, 0xDEFB, 0xDEFB, 0xDEFB, 0xDEFB, 0xDEFB, 0xDEFB, 0xDEFB, 0xDEFB, 0xDEFB, 0xCE79, 0xBDD7, 0xEF5D, 0xFFFF,
    0xFFFF, 0xFFFF, 0xFFFF, 0xFFFF, 0xFFFF, 0xFFFF, 0xFFFF, 0xFFFF, 0xFFFF, 0xFFFF, 0xFFFF, 0xFFFF, 0xFFFF, 0xFFFF, 0xFFFF, 0xFFFF,
    0xFFFF, 0xFFFF, 0xFFFF, 0xFFFF, 0xFFFF, 0xFFFF, 0xFFFF, 0xFFFF, 0xFFFF, 0xFFFF, 0xFFFF, 0xFFFF, 0xFFFF, 0xFFFF, 0xFFFF, 0xFFFF,
    0xFFFF, 0xFFFF, 0xFFFF, 0xFFFF, 0xFFFF, 0xFFFF, 0xFFFF, 0xFFFF, 0xFFFF, 0xFFFF, 0xFFFF, 0xFFFF, 0xFFFF, 0xFFFF, 0xFFFF, 0xFFFF,
    0xFFFF, 0xFFFF, 0xFFFF, 0xFFFF, 0xFFFF, 0xFFFF, 0xC618, 0xA534, 0xAD55, 0x9CF3, 0x9CD3, 0x9CF3, 0xA534, 0xA514, 0x9CF3, 0x9CF3,
    0xA514, 0x9CD3, 0x9CF3, 0x9CF3, 0x9CD3, 0xA514, 0xA514, 0xA514, 0xA514, 0x9CF3, 0xA514, 0x9CF3, 0x9CF3, 0xA534, 0xA534, 0xAD55,
    0xAD75, 0xAD75, 0xAD55, 0xA534, 0xA514, 0xA514, 0x9CF3, 0x9CF3, 0xAD55, 0xAD75, 0xA534, 0xA534, 0x9CF3, 0x9CD3, 0x9CF3, 0xA514,
    0xAD55, 0xA514, 0xA534, 0xA514, 0xA514, 0xAD55, 0xAD35, 0xAD55, 0xA514, 0xAD35, 0xA534, 0xA514, 0xAD75, 0xAD75, 0xAD75, 0xA534,
    0xA534, 0x9CF3, 0xA514, 0x9CF3, 0xAD75, 0xAD55, 0x9CF3, 0xAD75, 0xA534, 0x9CF3, 0xA534, 0x94B2, 0x9CD3, 0x9CF3, 0xA514, 0xA514,
    0xA514, 0xAD55, 0xA514, 0xA514, 0x9CD3, 0x9CD3, 0x9CF3, 0x9CD3, 0x9CD3, 0x94B2, 0x9CF3, 0x94B2, 0x94B2, 0x94B2, 0xA514, 0xA514,
    0x9CF3, 0x94B2, 0x94B2, 0x9CD3, 0x9CD3, 0x9492, 0x9492, 0x8C71, 0x8C71, 0x94B2, 0x8C71, 0x9492, 0x94B2, 0x9CD3, 0x9CF3, 0x9CF3,
    0x9CD3, 0xA514, 0xAD75, 0xAD55, 0xAD75, 0xAD75, 0xAD75, 0xA534, 0xA514, 0xA514, 0xA514, 0xAD55, 0xB596, 0xAD55, 0xB596, 0xB5B6,
    0xB596, 0xB596, 0xBDF7, 0xBDF7, 0xBDF7, 0xC618, 0xC618, 0xC618, 0xBDF7, 0xBDD7, 0xBDF7, 0xB5B6, 0xBDD7, 0xBDF7, 0xBDF7, 0xBDF7,
    0xBDF7, 0xBDF7, 0xC638, 0xC618, 0xBDF7, 0xBDF7, 0xBDD7, 0xBDD7, 0xBDF7, 0xBDF7, 0xBDD7, 0xBDD7, 0xC618, 0xBDD7, 0xBDF7, 0xBDD7,
    0xB5B6, 0xB596, 0xA534, 0xB5B6, 0xAD75, 0xA534, 0xAD75, 0xA534, 0xB596, 0xB596, 0xAD75, 0xB5B6, 0xAD75, 0xAD55, 0xAD55, 0x9CF3,
    0xA514, 0x9CF3, 0xA514, 0xAD55, 0xA534, 0xB596, 0xAD55, 0xA534, 0xA534, 0xAD75, 0xB596, 0xAD55, 0xB596, 0xAD75, 0xB596, 0xB5B6,
    0xBDF7, 0xB5B6, 0xBDF7, 0xBDD7, 0xBDF7, 0xBDD7, 0xBDD7, 0xC618, 0xCE59, 0xCE59, 0xD69A, 0xC638, 0xBDF7, 0xDEDB, 0xFFFF, 0xFFFF,
    0xFFFF, 0xFFFF, 0xFFFF, 0xFFFF, 0xFFFF, 0xFFFF, 0xFFFF, 0xFFFF, 0xFFFF, 0xFFFF, 0xFFFF, 0xFFFF, 0xFFFF, 0xFFFF, 0xFFFF, 0xFFFF,
    0xFFFF, 0xFFFF, 0xFFFF, 0xFFFF, 0xFFFF, 0xFFFF, 0xFFFF, 0xFFFF, 0xFFFF, 0xFFFF, 0xFFFF, 0xFFFF, 0xFFFF, 0xFFFF, 0xFFFF, 0xFFFF,
    0xFFFF, 0xFFFF, 0xFFFF, 0xFFFF, 0xFFFF, 0xFFFF, 0xFFFF, 0xFFFF, 0xFFFF, 0xFFFF, 0xFFFF, 0xFFFF, 0xFFFF, 0xFFFF, 0xFFFF, 0xFFFF,
    0xFFFF, 0xFFFF, 0xFFFF, 0xFFFF, 0xFFFF, 0xFFFF, 0xFFFF, 0xFFFF, 0xFFFF, 0xFFFF, 0xFFFF, 0xFFFF, 0xFFFF, 0xFFFF, 0xFFFF, 0xFFFF,
    0xFFFF, 0xFFFF, 0xFFFF, 0xFFFF, 0xFFFF, 0xFFFF, 0xFFFF, 0xFFFF, 0xFFFF, 0xFFFF, 0xFFFF, 0xFFFF, 0xFFFF, 0xFFFF, 0xFFFF, 0xFFFF,
    0xFFFF, 0xFFFF, 0xFFFF, 0xFFFF, 0xFFFF, 0xFFFF, 0xFFFF, 0xFFFF, 0xFFFF, 0xFFFF, 0xFFFF, 0xFFFF, 0xFFFF, 0xFFFF, 0xFFFF, 0xFFFF,
    0xFFFF, 0xFFFF, 0xFFFF, 0xFFFF, 0xFFFF, 0xFFFF, 0xFFFF, 0xFFFF, 0xFFFF, 0xFFFF, 0xFFFF, 0xFFFF, 0xFFFF, 0xFFFF, 0xFFFF, 0xFFFF,
    0xFFFF, 0xFFFF, 0xFFFF, 0xFFFF, 0xFFFF, 0xE71C, 0xA534, 0xA514, 0x9CF3, 0xA534, 0xA534, 0x9CD3, 0x9CF3, 0xA514, 0x9CD3, 0x94B2,
    0x9CF3, 0x9CD3, 0x94B2, 0x9CF3, 0x9CF3, 0x9CD3, 0xA514, 0x9CD3, 0x94B2, 0x9CD3, 0xA514, 0x9CF3, 0x9CF3, 0x9CF3, 0x9CD3, 0x9CF3,
    0xAD55, 0xA534, 0xA534, 0xAD55, 0xAD55, 0xA534, 0xB596, 0x9CF3, 0x9CF3, 0xAD75, 0xA534, 0xA534, 0x9CD3, 0xA514, 0xA514, 0xA514,
    0xA534, 0x9CF3, 0xAD55, 0x9CD3, 0x94B2, 0xAD55, 0xA534, 0xA534, 0x9CF3, 0x9CF3, 0xA534, 0xA514, 0xA534, 0xAD75, 0xAD55, 0xA514,
    0x9492, 0x94B2, 0x94B2, 0x94B2, 0x9CF3, 0xA514, 0x9CF3, 0x9CD3, 0x9CD3, 0x9CD3, 0x94B2, 0x94B2, 0x9492, 0x9492, 0x9492, 0x9CD3,
    0x94B2, 0x9CD3, 0x9CF3, 0x9CF3, 0x94B2, 0x94B2, 0x9CF3, 0x9492, 0x94B2, 0x9492, 0x9492, 0x9CF3, 0x9CF3, 0x8C71, 0x94B2, 0x9CF3,
    0x9492, 0x8C71, 0x9492, 0x9492, 0x9CF3, 0xA514, 0x9CD3, 0x9CD3, 0x9492, 0x94B2, 0x9492, 0x9492, 0x9CF3, 0x9CD3, 0x94B2, 0x9CD3,
    0xA514, 0x9CF3, 0xA514, 0xAD55, 0xA514, 0xAD55, 0xAD55, 0x9CF3, 0xA514, 0x9CD3, 0x9CD3, 0xA534, 0x9CF3, 0xA514, 0xAD55, 0xA534,
    0xAD55, 0xB596, 0xB596, 0xB5B6, 0xB5B6, 0xBDD7, 0xBDD7, 0xB5B6, 0xBDD7, 0xB5B6, 0xBDD7, 0xBDD7, 0xBDD7, 0xB5B6, 0xAD75, 0xBDD7,
    0xB5B6, 0xB5B6, 0xB5B6, 0xBDD7, 0xC618, 0xBDD7, 0xBDF7, 0xBDD7, 0xBDF7, 0xBDD7, 0xB5B6, 0xB596, 0xB5B6, 0xB596, 0xB5B6, 0xAD75,
    0xB596, 0xB5B6, 0xB596, 0xB596, 0xB5B6, 0xBDD7, 0xB596, 0xAD55, 0xA534, 0xAD55, 0xA534, 0xB596, 0xAD55, 0xAD75, 0xAD75, 0xA534,
    0xA514, 0x9492, 0x9CD3, 0xA514, 0xA534, 0xA514, 0x9CF3, 0xAD55, 0x9CF3, 0xA534, 0xB596, 0xB596, 0xAD75, 0xAD55, 0xAD55, 0xAD75,
    0xB596, 0xBDD7, 0xB5B6, 0xBDF7, 0xBDD7, 0xB5B6, 0xBDF7, 0xBDD7, 0xC638, 0xBDF7, 0xBDF7, 0xCE59, 0xBDF7, 0xBDF7, 0xF79E, 0xFFFF,
    0xFFFF, 0xFFFF, 0xFFFF, 0xFFFF, 0xFFFF, 0xFFFF, 0xFFFF, 0xFFFF, 0xFFFF, 0xFFFF, 0xFFFF, 0xFFFF, 0xFFFF, 0xFFFF, 0xFFFF, 0xFFFF,
    0xFFFF, 0xFFFF, 0xFFFF, 0xFFFF, 0xFFFF, 0xFFFF, 0xFFFF, 0xFFFF, 0xFFFF, 0xFFFF, 0xFFFF, 0xFFFF, 0xFFFF, 0xFFFF, 0xFFFF, 0xFFFF,
    0xFFFF, 0xFFFF, 0xFFFF, 0xFFFF, 0xFFFF, 0xFFFF, 0xFFFF, 0xFFFF, 0xFFFF, 0xFFFF, 0xFFFF, 0xFFFF, 0xFFFF, 0xFFFF, 0xFFFF, 0xFFFF,
    0xFFFF, 0xFFFF, 0xFFFF, 0xFFFF, 0xFFFF, 0xFFFF, 0xFFFF, 0xFFFF, 0xFFFF, 0xFFFF, 0xFFFF, 0xFFFF, 0xFFFF, 0xFFFF, 0xFFFF, 0xFFFF,
    0xFFFF, 0xFFFF, 0xFFFF, 0xFFFF, 0xFFFF, 0xFFFF, 0xFFFF, 0xFFFF, 0xFFFF, 0xFFFF, 0xFFFF, 0xFFFF, 0xFFFF, 0xFFFF, 0xFFFF, 0xFFFF,
    0xFFFF, 0xFFFF, 0xFFFF, 0xFFFF, 0xFFFF, 0xFFFF, 0xFFFF, 0xFFFF, 0xFFFF, 0xFFFF, 0xFFFF, 0xFFFF, 0xFFFF, 0xFFFF, 0xFFFF, 0xFFFF,
    0xFFFF, 0xFFFF, 0xFFFF, 0xFFFF, 0xFFFF, 0xFFFF, 0xFFFF, 0xFFFF, 0xFFFF, 0xFFFF, 0xFFFF, 0xFFFF, 0xFFFF, 0xFFFF, 0xFFFF, 0xFFFF,
    0xFFFF, 0xFFFF, 0xFFFF, 0xFFFF, 0xFFFF, 0xBDD7, 0xA534, 0xA534, 0xAD55, 0xA514, 0xA514, 0xA514, 0x9CD3, 0x9CF3, 0x9CD3, 0x9CD3,
    0x9CF3, 0x9CF3, 0x9CD3, 0x9CF3, 0xA534, 0xA534, 0x9CD3, 0x9492, 0x9492, 0x9492, 0x9CF3, 0xA534, 0xA534, 0xA514, 0xA514, 0xA534,
    0xAD55, 0xAD55, 0xAD75, 0xAD55, 0xAD75, 0xAD75, 0xAD55, 0xAD55, 0xAD55, 0xAD55, 0xA534, 0xA534, 0xAD75, 0xAD55, 0xA534, 0xA534,
    0x9CF3, 0xA514, 0xA514, 0xA514, 0xAD55, 0xA514, 0xA514, 0xA514, 0xAD55, 0xA514, 0x9CF3, 0xA514, 0x9CF3, 0xA534, 0xA514, 0x9CD3,
    0x9CD3, 0x94B2, 0x94B2, 0x9CD3, 0x9CF3, 0x9CD3, 0x9CF3, 0xA514, 0x9CD3, 0x9CD3, 0x9CF3, 0x9CD3, 0x94B2, 0x94B2, 0x9492, 0x9CD3,
    0x94B2, 0x94B2, 0x9CF3, 0x94B2, 0x94B2, 0x9CD3, 0x9CD3, 0x94B2, 0x9CD3, 0x9CD3, 0x9492, 0x9CD3, 0xA514, 0x9492, 0x94B2, 0x9492,
    0x9492, 0x9CD3, 0x94B2, 0x9CF3, 0x9CD3, 0xA514, 0x9CF3, 0x9CF3, 0x9CD3, 0x9CD3, 0x94B2, 0x94B2, 0x9CD3, 0x9CF3, 0xA514, 0xA514,
    0xA514, 0x9CF3, 0x9CF3, 0xA534, 0x9CF3, 0x9CF3, 0x94B2, 0x9CF3, 0x9CF3, 0x9CF3, 0xA534, 0xAD75, 0xAD55, 0xA534, 0xAD75, 0xB596,
    0xBDD7, 0xB5B6, 0xBDD7, 0xC618, 0xBDD7, 0xBDF7, 0xC618, 0xBDF7, 0xBDF7, 0xB596, 0xBDD7, 0xBDF7, 0xBDF7, 0xC618, 0xBDD7, 0xBDD7,
    0xC618, 0xBDF7, 0xB5B6, 0xBDD7, 0xC618, 0xB5B6, 0xC618, 0xC638, 0xC618, 0xB5B6, 0xB5B6, 0xB596, 0xB596, 0xAD75, 0xB596, 0xAD75,
    0xB596, 0xB596, 0xBDD7, 0xAD75, 0xAD75, 0xB596, 0xBDD7, 0xB596, 0xA534, 0xAD55, 0xAD75, 0xAD35, 0xA514, 0xA514, 0xA514, 0xA514,
    0xA534, 0x9CF3, 0xA514, 0x9CF3, 0xA534, 0xA514, 0xA534, 0xAD75, 0xA514, 0xA534, 0xB596, 0xB5B6, 0xBDD7, 0xB596, 0xB596, 0xB596,
    0xAD75, 0xB5B6, 0xB5B6, 0xBDD7, 0xB5B6, 0xBDD7, 0xB5B6, 0xB5B6, 0xC618, 0xC618, 0xC618, 0xC638, 0xC638, 0xC638, 0xDEDB, 0xFFFF,
    0xFFFF, 0xFFFF, 0xFFFF, 0xFFFF, 0xFFFF, 0xFFFF, 0xFFFF, 0xFFFF, 0xFFFF, 0xFFFF, 0xFFFF, 0xFFFF, 0xFFFF, 0xFFFF, 0xFFFF, 0xFFFF,
    0xFFFF, 0xFFFF, 0xFFFF, 0xFFFF, 0xFFFF, 0xFFFF, 0xFFFF, 0xFFFF, 0xFFFF, 0xFFFF, 0xFFFF, 0xFFFF, 0xFFFF, 0xFFFF, 0xFFFF, 0xFFFF,
    0xFFFF, 0xFFFF, 0xFFFF, 0xFFFF, 0xFFFF, 0xFFFF, 0xFFFF, 0xFFFF, 0xFFFF, 0xFFFF, 0xFFFF, 0xFFFF, 0xFFFF, 0xFFFF, 0xFFFF, 0xFFFF,
    0xFFFF, 0xFFFF, 0xFFFF, 0xFFFF, 0xFFFF, 0xFFFF, 0xFFFF, 0xFFFF, 0xFFFF, 0xFFFF, 0xFFFF, 0xFFFF, 0xFFFF, 0xFFFF, 0xFFFF, 0xFFFF,
    0xFFFF, 0xFFFF, 0xFFFF, 0xFFFF, 0xFFFF, 0xFFFF, 0xFFFF, 0xFFFF, 0xFFFF, 0xFFFF, 0xFFFF, 0xFFFF, 0xFFFF, 0xFFFF, 0xFFFF, 0xFFFF,
    0xFFFF, 0xFFFF, 0xFFFF, 0xFFFF, 0xFFFF, 0xFFFF, 0xFFFF, 0xFFFF, 0xFFFF, 0xFFFF, 0xFFFF, 0xFFFF, 0xFFFF, 0xFFFF, 0xFFFF, 0xFFFF,
    0xFFFF, 0xFFFF, 0xFFFF, 0xFFFF, 0xFFFF, 0xFFFF, 0xFFFF, 0xFFFF, 0xFFFF, 0xFFFF, 0xFFFF, 0xFFFF, 0xFFFF, 0xFFFF, 0xFFFF, 0xFFFF,
    0xFFFF, 0xFFFF, 0xFFFF, 0xFFFF, 0xE71C, 0x9CD3, 0xA514, 0xA514, 0xA534, 0xAD55, 0xA514, 0xA534, 0xA514, 0x9CF3, 0x9492, 0x94B2,
    0x9492, 0x9CD3, 0x9CF3, 0x9CF3, 0xA534, 0xA514, 0xA4F4, 0x94B2, 0x8C51, 0x9492, 0x9CD3, 0xA514, 0xA514, 0xA534, 0xA514, 0x9CD3,
    0x9CD3, 0x94B2, 0xA514, 0xAD75, 0xA534, 0xAD55, 0xA514, 0xA514, 0xA534, 0xA534, 0xAD55, 0xAD75, 0xAD75, 0xAD55, 0xA514, 0xA534,
    0xA514, 0x9CF3, 0x9CD3, 0x9CF3, 0xA534, 0xA514, 0x9CF3, 0xA534, 0xA514, 0xA534, 0xAD75, 0xAD55, 0xA534, 0x9CF3, 0xA514, 0x9CF3,
    0x94B2, 0x9CF3, 0x9CB3, 0x94B2, 0xA514, 0x9CD3, 0x9CD3, 0xA534, 0x9CD3, 0x9CF3, 0x9CF3, 0x9CF3, 0xA514, 0xA514, 0xA514, 0xA514,
    0xA534, 0xA534, 0x9CF3, 0x9CD3, 0xA534, 0x9CF3, 0x94B2, 0x94B2, 0x9CF3, 0x9CF3, 0x9CF3, 0x94B2, 0x94B2, 0x94B2, 0x94B2, 0x9CD3,
    0x9CD3, 0x9492, 0x8C71, 0x9CD3, 0x9492, 0x8C71, 0x94B2, 0x9CD3, 0x9CD3, 0x9CD3, 0x8C71, 0x9492, 0x9CF3, 0x94B2, 0x9CF3, 0x9CF3,
    0x9CF3, 0x9CF3, 0xA514, 0xA514, 0xA514, 0xA514, 0x9CF3, 0xA514, 0xA514, 0x9CD3, 0x9CD3, 0xA534, 0xAD75, 0xB596, 0xBDF7, 0xBDF7,
    0xB5D6, 0xB596, 0xB596, 0xBDD7, 0xB5B6, 0xBDF7, 0xBDF7, 0xB596, 0xB5B6, 0xBDD7, 0xB5B6, 0xB596, 0xBDD7, 0xBDF7, 0xBDD7, 0xBDF7,
    0xBDF7, 0xBDF7, 0xBDF7, 0xBDF7, 0xB5B6, 0xBDD7, 0xBDF7, 0xC618, 0xB5B6, 0xB5B6, 0xBDD7, 0xB5B6, 0xBDD7, 0xB5B6, 0xB5B6, 0xBDD7,
    0xB5B6, 0xB596, 0xAD75, 0xAD55, 0xA534, 0xB596, 0xB596, 0xAD75, 0xB5B6, 0xAD55, 0xA534, 0xAD35, 0xA534, 0xA514, 0xA514, 0x9CF3,
    0x9CF3, 0x9CD3, 0x9CD3, 0x9CF3, 0xA534, 0xA534, 0xA514, 0xA514, 0xA534, 0xA514, 0xA534, 0xAD35, 0xAD75, 0xB596, 0xB5B6, 0xB5B6,
    0xAD75, 0xAD75, 0xAD75, 0xAD75, 0xBDD7, 0xB596, 0xB5B6, 0xBDD7, 0xBDF7, 0xC638, 0xC638, 0xC618, 0xCE59, 0xC618, 0xC638, 0xF79E,
    0xFFFF, 0xFFFF, 0xFFFF, 0xFFFF, 0xFFFF, 0xFFFF, 0xFFFF, 0xFFFF, 0xFFFF, 0xFFFF, 0xFFFF, 0xFFFF, 0xFFFF, 0xFFFF, 0xFFFF, 0xFFFF,
    0xFFFF, 0xFFFF, 0xFFFF, 0xFFFF, 0xFFFF, 0xFFFF, 0xFFFF, 0xFFFF, 0xFFFF, 0xFFFF, 0xFFFF, 0xFFFF, 0xFFFF, 0xFFFF, 0xFFFF, 0xFFFF,
    0xFFFF, 0xFFFF, 0xFFFF, 0xFFFF, 0xFFFF, 0xFFFF, 0xFFFF, 0xFFFF, 0xFFFF, 0xFFFF, 0xFFFF, 0xFFFF, 0xFFFF, 0xFFFF, 0xFFFF, 0xFFFF,
    0xFFFF, 0xFFFF, 0xFFFF, 0xFFFF, 0xFFFF, 0xFFFF, 0xFFFF, 0xFFFF, 0xFFFF, 0xFFFF, 0xFFFF, 0xFFFF, 0xFFFF, 0xFFFF, 0xFFFF, 0xFFFF,
    0xFFFF, 0xFFFF, 0xFFFF, 0xFFFF, 0xFFFF, 0xFFFF, 0xFFFF, 0xFFFF, 0xFFFF, 0xFFFF, 0xFFFF, 0xFFFF, 0xFFFF, 0xFFFF, 0xFFFF, 0xFFFF,
    0xFFFF, 0xFFFF, 0xFFFF, 0xFFFF, 0xFFFF, 0xFFFF, 0xFFFF, 0xFFFF, 0xFFFF, 0xFFFF, 0xFFFF, 0xFFFF, 0xFFFF, 0xFFFF, 0xFFFF, 0xFFFF,
    0xFFFF, 0xFFFF, 0xFFFF, 0xFFFF, 0xFFFF, 0xFFFF, 0xFFFF, 0xFFFF, 0xFFFF, 0xFFFF, 0xFFFF, 0xFFFF, 0xFFFF, 0xFFFF, 0xFFFF, 0xFFFF,
    0xFFFF, 0xFFFF, 0xFFFF, 0xFFDF, 0xB5B6, 0x94B2, 0x9CD3, 0x9CD3, 0xA514, 0x9CF3, 0x9CF3, 0xA514, 0xA534, 0xA514, 0x9CD3, 0x9CF3,
    0x9CD3, 0x9CD3, 0x9CD3, 0x9CD3, 0x9CF3, 0x9CD3, 0x9CD3, 0x9CF3, 0x9CD3, 0x9CF3, 0x9CF3, 0x9CF3, 0x9CF3, 0xA514, 0xAD55, 0x9CF3,
    0x9CF3, 0xA514, 0xA514, 0xB596, 0xB596, 0xAD55, 0xAD75, 0xA514, 0xA514, 0x9CF3, 0xA534, 0xAD55, 0xA514, 0xA514, 0xA514, 0xA534,
    0xA534, 0xA514, 0xA514, 0x9CF3, 0xA534, 0xA534, 0x9CF3, 0xA514, 0x9CF3, 0xA534, 0xA534, 0xA514, 0xA534, 0xA514, 0x9CF3, 0xA534,
    0x9CF3, 0x9CD3, 0x9492, 0x9CD3, 0x9CD3, 0xA514, 0x9CF3, 0xA514, 0x9CF3, 0xA534, 0x9CF3, 0xA514, 0xAD55, 0xA514, 0xA514, 0x9CF3,
    0xA514, 0xA534, 0xAD55, 0xAD55, 0xA534, 0x9CD3, 0x9CF3, 0xA514, 0x9CF3, 0x9CD3, 0xA514, 0x94B2, 0x94B2, 0x9492, 0x9CF3, 0xA534,
    0xA534, 0x9CF3, 0x94B2, 0x9492, 0x9CD3, 0x9492, 0x94B2, 0x9CD3, 0xA534, 0x9CD3, 0x94B2, 0x8C71, 0x94B2, 0xA514, 0x9CF3, 0xAD75,
    0xAD35, 0xA534, 0xA514, 0xA514, 0xA534, 0xA534, 0xA534, 0xA534, 0xAD55, 0xA514, 0xA514, 0xAD75, 0xAD55, 0xB596, 0xBDF7, 0xB5B6,
    0xB596, 0xB5B6, 0xB5B6, 0xAD75, 0xB596, 0xBDF7, 0xBDD7, 0xB5B6, 0xB5B6, 0xBDD7, 0xB596, 0xBDD7, 0xBDF7, 0xBDF7, 0xC638, 0xBDD7,
    0xB5B6, 0xB5B6, 0xB596, 0xB596, 0xBDF7, 0xC618, 0xBDF7, 0xC638, 0xBDF7, 0xB5B6, 0xB5B6, 0xB596, 0xB596, 0xB5B6, 0xBDD7, 0xBDF7,
    0xB5B6, 0xBDD7, 0xB596, 0xB576, 0xAD55, 0xB596, 0xB5B6, 0xA534, 0xAD75, 0xA534, 0xAD75, 0xAD55, 0xAD55, 0xA534, 0xAD55, 0xA534,
    0xA534, 0xA514, 0x9CD3, 0x9CD3, 0x9CF3, 0x9CD3, 0x9CF3, 0x9CF3, 0x9CF3, 0x9CF3, 0x9CF3, 0xA514, 0xA534, 0xA534, 0xAD55, 0xB596,
    0xAD75, 0xB596, 0xBDF7, 0xB596, 0xB5B6, 0xB5B6, 0xB5B6, 0xBDF7, 0xB5B6, 0xC618, 0xC618, 0xC618, 0xC638, 0xBDF7, 0xBDD7, 0xDEDB,
    0xFFFF, 0xFFFF, 0xFFFF, 0xFFFF, 0xFFFF, 0xFFFF, 0xFFFF, 0xFFFF, 0xFFFF, 0xFFFF, 0xFFFF, 0xFFFF, 0xFFFF, 0xFFFF, 0xFFFF, 0xFFFF,
    0xFFFF, 0xFFFF, 0xFFFF, 0xFFFF, 0xFFFF, 0xFFFF, 0xFFFF, 0xFFFF, 0xFFFF, 0xFFFF, 0xFFFF, 0xFFFF, 0xFFFF, 0xFFFF, 0xFFFF, 0xFFFF,
    0xFFFF, 0xFFFF, 0xFFFF, 0xFFFF, 0xFFFF, 0xFFFF, 0xFFFF, 0xFFFF, 0xFFFF, 0xFFFF, 0xFFFF, 0xFFFF, 0xFFFF, 0xFFFF, 0xFFFF, 0xFFFF,
    0xFFFF, 0xFFFF, 0xFFFF, 0xFFFF, 0xFFFF, 0xFFFF, 0xFFFF, 0xFFFF, 0xFFFF, 0xFFFF, 0xFFFF, 0xFFFF, 0xFFFF, 0xFFFF, 0xFFFF, 0xFFFF,
    0xFFFF, 0xFFFF, 0xFFFF, 0xFFFF, 0xFFFF, 0xFFFF, 0xFFFF, 0xFFFF, 0xFFFF, 0xFFFF, 0xFFFF, 0xFFFF, 0xFFFF, 0xFFFF, 0xFFFF, 0xFFFF,
    0xFFFF, 0xFFFF, 0xFFFF, 0xFFFF, 0xFFFF, 0xFFFF, 0xFFFF, 0xFFFF, 0xFFFF, 0xFFFF, 0xFFFF, 0xFFFF, 0xFFFF, 0xFFFF, 0xFFFF, 0xFFFF,
    0xFFFF, 0xFFFF, 0xFFFF, 0xFFFF, 0xFFFF, 0xFFFF, 0xFFFF, 0xFFFF, 0xFFFF, 0xFFFF, 0xFFFF, 0xFFFF, 0xFFFF, 0xFFFF, 0xFFFF, 0xFFFF,
    0xFFFF, 0xFFFF, 0xFFFF, 0xE71C, 0x9CF3, 0xA514, 0xA4F4, 0x9CF3, 0xAD55, 0x9CF3, 0x9CF3, 0x9CD3, 0x9CD3, 0x9CD3, 0x9CF3, 0x9CD3,
    0x9CD3, 0x9CF3, 0xA514, 0x9CF3, 0x9CD3, 0x9CD3, 0x9CF3, 0xA514, 0x94B2, 0x9CF3, 0x9CD3, 0xA534, 0xAD55, 0x9CF3, 0xA514, 0xAD55,
    0xAD55, 0xA514, 0xA514, 0xA534, 0xAD75, 0xA534, 0xA534, 0xA534, 0xA534, 0xAD55, 0xAD55, 0xA514, 0xA514, 0xA534, 0xA534, 0xAD75,
    0xA514, 0xAD75, 0xA534, 0xA514, 0xA534, 0xA514, 0xAD55, 0xAD55, 0xA514, 0xA534, 0x9CF3, 0x9CF3, 0x9CF3, 0x9CD3, 0x9CD3, 0x9CF3,
    0x9CD3, 0x9CD3, 0x94B2, 0x9CF3, 0x9CF3, 0x9CF3, 0x9CF3, 0x9CF3, 0xAD55, 0xA534, 0xA534, 0x9CF3, 0x9CF3, 0xA534, 0xAD55, 0xA534,
    0xA514, 0xA514, 0xAD55, 0xA534, 0xAD55, 0x9CF3, 0x9CF3, 0x9CF3, 0x9CF3, 0xA514, 0x9CF3, 0xA514, 0x9CF3, 0x9CD3, 0x94B2, 0xA514,
    0x9CF3, 0x9CD3, 0x9CF3, 0x9492, 0x9CF3, 0x9CD3, 0x9CF3, 0x9CD3, 0xA534, 0x9CF3, 0x9CF3, 0x9CD3, 0x9492, 0xA514, 0xA514, 0xA514,
    0xA534, 0xA534, 0xA514, 0xA514, 0xA514, 0x9CF3, 0xA514, 0xAD75, 0xAD75, 0xAD55, 0xA534, 0xAD75, 0xAD75, 0xB596, 0xB5B6, 0xB596,
    0xB596, 0xB5B6, 0xBDF7, 0xBDD7, 0xBDD7, 0xC618, 0xBDD7, 0xBDF7, 0xBDF7, 0xBDF7, 0xBDD7, 0xC638, 0xBDF7, 0xC618, 0xBDF7, 0xB596,
    0xBDF7, 0xC638, 0xC618, 0xBDF7, 0xC618, 0xC618, 0xBDD7, 0xBDD7, 0xB5B6, 0xB596, 0xB5B6, 0xBDD7, 0xB596, 0xB5B6, 0xBDD7, 0xBDF7,
    0xB5B6, 0xAD75, 0xB596, 0xAD55, 0xAD55, 0xAD75, 0xAD75, 0xAD55, 0xAD55, 0xAD55, 0xAD55, 0xAD75, 0xA534, 0xA534, 0xAD55, 0xA534,
    0xAD55, 0xAD35, 0x9CF3, 0x9CD3, 0xA514, 0xA514, 0x9CF3, 0xA514, 0xA514, 0xA514, 0x94B2, 0x9CF3, 0xAD75, 0xA514, 0xAD55, 0xAD75,
    0xAD75, 0xBDF7, 0xBDF7, 0xC618, 0xBDD7, 0xB5B6, 0xB596, 0xBDD7, 0xB5B6, 0xBDD7, 0xC638, 0xC638, 0xC618, 0xC638, 0xC638, 0xC638,
    0xF7BE, 0xFFFF, 0xFFFF, 0xFFFF, 0xFFFF, 0xFFFF, 0xFFFF, 0xFFFF, 0xFFFF, 0xFFFF, 0xFFFF, 0xFFFF, 0xFFFF, 0xFFFF, 0xFFFF, 0xFFFF,
    0xFFFF, 0xFFFF, 0xFFFF, 0xFFFF, 0xFFFF, 0xFFFF, 0xFFFF, 0xFFFF, 0xFFFF, 0xFFFF, 0xFFFF, 0xFFFF, 0xFFFF, 0xFFFF, 0xFFFF, 0xFFFF,
    0xFFFF, 0xFFFF, 0xFFFF, 0xFFFF, 0xFFFF, 0xFFFF, 0xFFFF, 0xFFFF, 0xFFFF, 0xFFFF, 0xFFFF, 0xFFFF, 0xFFFF, 0xFFFF, 0xFFFF, 0xFFFF,
    0xFFFF, 0xFFFF, 0xFFFF, 0xFFFF, 0xFFFF, 0xFFFF, 0xFFFF, 0xFFFF, 0xFFFF, 0xFFFF, 0xFFFF, 0xFFFF, 0xFFFF, 0xFFFF, 0xFFFF, 0xFFFF,
    0xFFFF, 0xFFFF, 0xFFFF, 0xFFFF, 0xFFFF, 0xFFFF, 0xFFFF, 0xFFFF, 0xFFFF, 0xFFFF, 0xFFFF, 0xFFFF, 0xFFFF, 0xFFFF, 0xFFFF, 0xFFFF,
    0xFFFF, 0xFFFF, 0xFFFF, 0xFFFF, 0xFFFF, 0xFFFF, 0xFFFF, 0xFFFF, 0xFFFF, 0xFFFF, 0xFFFF, 0xFFFF, 0xFFFF, 0xFFFF, 0xFFFF, 0xFFFF,
    0xFFFF, 0xFFFF, 0xFFFF, 0xFFFF, 0xFFFF, 0xFFFF, 0xFFFF, 0xFFFF, 0xFFFF, 0xFFFF, 0xFFFF, 0xFFFF, 0xFFFF, 0xFFFF, 0xFFFF, 0xFFFF,
    0xFFFF, 0xFFFF, 0xFFDF, 0xB5B6, 0xA514, 0xA514, 0xA514, 0x9CF3, 0x9CF3, 0xAD55, 0x9CF3, 0x94B2, 0x9492, 0x8C71, 0x9492, 0x94B2,
    0x9CD3, 0x9CD3, 0x9CD3, 0x94B2, 0x9492, 0x9CD3, 0x9CD3, 0x9CF3, 0x94B2, 0x9CD3, 0x9CF3, 0x9CF3, 0xA514, 0xA4F4, 0xA514, 0xA534,
    0xAD75, 0xAD55, 0xA534, 0xA514, 0xAD55, 0xAD75, 0x9CF3, 0xAD75, 0xA534, 0xA514, 0xA534, 0xA514, 0xA514, 0xAD55, 0xA534, 0xAD75,
    0xA4F4, 0xAD55, 0xAD75, 0xA514, 0xA514, 0xA534, 0xAD55, 0xAD75, 0xA534, 0xA534, 0xA534, 0xA514, 0x9CD3, 0x94B2, 0x9CD3, 0x9CD3,
    0x9CD3, 0x9CD3, 0x94B2, 0xA534, 0xA534, 0x9CF3, 0xAD55, 0xA534, 0xAD55, 0xA514, 0x94B2, 0x94B2, 0x9CD3, 0xA534, 0xA514, 0xA514,
    0xAD55, 0x9CF3, 0xA514, 0xA534, 0x9CF3, 0xA514, 0xA514, 0x9CD3, 0x9CF3, 0x9CF3, 0x9CF3, 0x94B2, 0xA514, 0xA514, 0x8C71, 0x94B2,
    0x9CF3, 0xA534, 0x9CD3, 0x8C71, 0x94B2, 0x9CF3, 0x9492, 0x94B2, 0xAD35, 0xA514, 0xA514, 0x9CF3, 0x9CD3, 0x94B2, 0x9CD3, 0x9CD3,
    0xA514, 0xAD75, 0xA514, 0x9CF3, 0x9CF3, 0x9CD3, 0xA514, 0xB596, 0xAD75, 0xAD75, 0xAD75, 0xB596, 0xBDB7, 0xB596, 0xAD55, 0xAD75,
    0xB596, 0xB5B6, 0xB5B6, 0xBDD7, 0xBDD7, 0xBDF7, 0xBDF7, 0xB5B6, 0xBDF7, 0xC638, 0xC638, 0xC618, 0xC618, 0xCE59, 0xC638, 0xBDF7,
    0xCE59, 0xCE79, 0xC638, 0xBDF7, 0xC618, 0xBDF7, 0xBDD7, 0xB596, 0xB5B6, 0xB596, 0xB5B6, 0xBDD7, 0xB5B6, 0xB5B6, 0xC618, 0xBDF7,
    0xAD75, 0xAD75, 0xAD75, 0xAD55, 0xB5B6, 0xB596, 0xAD55, 0xAD75, 0xAD75, 0xA534, 0xA534, 0xAD55, 0xAD55, 0xAD75, 0xA534, 0xA534,
    0xA514, 0xA514, 0x9CD3, 0x9CF3, 0xA514, 0x9CF3, 0xA534, 0xAD55, 0xA534, 0xA514, 0xA534, 0xA534, 0xB5B6, 0xA514, 0xA514, 0xA534,
    0xA534, 0xB596, 0xB5B6, 0xBDF7, 0xB5B6, 0xB596, 0xB5B6, 0xBDF7, 0xBDF7, 0xB5B6, 0xBDF7, 0xC618, 0xBDF7, 0xC618, 0xBDF7, 0xCE59,
    0xDEFB, 0xFFFF, 0xFFFF, 0xFFFF, 0xFFFF, 0xFFFF, 0xFFFF, 0xFFFF, 0xFFFF, 0xFFFF, 0xFFFF, 0xFFFF, 0xFFFF, 0xFFFF, 0xFFFF, 0xFFFF,
    0xFFFF, 0xFFFF, 0xFFFF, 0xFFFF, 0xFFFF, 0xFFFF, 0xFFFF, 0xFFFF, 0xFFFF, 0xFFFF, 0xFFFF, 0xFFFF, 0xFFFF, 0xFFFF, 0xFFFF, 0xFFFF,
    0xFFFF, 0xFFFF, 0xFFFF, 0xFFFF, 0xFFFF, 0xFFFF, 0xFFFF, 0xFFFF, 0xFFFF, 0xFFFF, 0xFFFF, 0xFFFF, 0xFFFF, 0xFFFF, 0xFFFF, 0xFFFF,
    0xFFFF, 0xFFFF, 0xFFFF, 0xFFFF, 0xFFFF, 0xFFFF, 0xFFFF, 0xFFFF, 0xFFFF, 0xFFFF, 0xFFFF, 0xFFFF, 0xFFFF, 0xFFFF, 0xFFFF, 0xFFFF,
    0x0000, 0x0000, 0x0000, 0x0000, 0x0000, 0x0000, 0x0000, 0x0000, 0x0000, 0x0000, 0x0000, 0x0000, 0x0000, 0x0000, 0x0000, 0x0000,
    0x0000, 0x0000, 0x0000, 0x0000, 0x0000, 0x0000, 0x0000, 0x0000, 0x0000, 0x0000, 0x0000, 0x0000, 0x0000, 0x0000, 0x0000, 0x0000,
    0x0000, 0x0000, 0x0000, 0x0000, 0x0000, 0x0000, 0x0000, 0x0000, 0x0000, 0x0000, 0x0000, 0x0000, 0x0000, 0x0000, 0x0000, 0x0000,
    0x0000, 0x0000, 0x0000, 0x0000, 0x0000, 0x0000, 0x0000, 0x0000, 0x0000, 0x0000, 0x0000, 0x0000, 0x0000, 0x0000, 0x0000, 0x0000,
    0x0000, 0x0000, 0x0000, 0x0000, 0x0000, 0x0000, 0x0000, 0x0000, 0x0000, 0x0000, 0x0000, 0x0000, 0x0000, 0x0000, 0x0000, 0x0000,
    0x0000, 0x0000, 0x0000, 0x0000, 0x0000, 0x0000, 0x0000, 0x0000, 0x0000, 0x0000, 0x0000, 0x0000, 0x0000, 0x0000, 0x0000, 0x0000,
    0x0000, 0x0000, 0x0000, 0x0000, 0x0000, 0x0000, 0x0000, 0x0000, 0x0000, 0x0000, 0x0000, 0x0000, 0x0000, 0x0000, 0x0000, 0x0000,
    0x0000, 0x0000, 0x0000, 0x0000, 0x0000, 0x0000, 0x0000, 0x0000, 0x0000, 0x0000, 0x0000, 0x0000, 0x0000, 0x0000, 0x0000, 0x0000,
    0x0000, 0x0000, 0x0000, 0x0000, 0x0000, 0x0000, 0x0000, 0x0000, 0x0000, 0x0000, 0x0000, 0x0000, 0x0000, 0x0000, 0x0000, 0x0000,
    0x0000, 0x0000, 0x0000, 0x0000, 0x0000, 0x0000, 0x0000, 0x0000, 0x0000, 0x0000, 0x0000, 0x0000, 0x0000, 0x0000, 0x0000, 0x0000,
    0x0000, 0x0000, 0x0000, 0x0000, 0x0000, 0x0000, 0x0000, 0x0000, 0x0000, 0x0000, 0x0000, 0x0000, 0x0000, 0x0000, 0x0000, 0x0000,
    0x0000, 0x0000, 0x0000, 0x0000, 0x0000, 0x0000, 0x0000, 0x0000, 0x0000, 0x0000, 0x0000, 0x0000, 0x0000, 0x0000, 0x0000, 0x0000,
    0x0000, 0x0000, 0x0000, 0x0000, 0x0000, 0x0000, 0x0000, 0x0000, 0x0000, 0x0000, 0x0000, 0x0000, 0x0000, 0x0000, 0x0000, 0x0000,
    0x0000, 0x0000, 0x0000, 0x0000, 0x0000, 0x0000, 0x0000, 0x0000, 0x0000, 0x0000, 0x0000, 0x0000, 0x0000, 0x0000, 0x0000, 0x0000,
    0x0000, 0x0000, 0x0000, 0x0000, 0x0000, 0x0000, 0x0000, 0x0000, 0x0000, 0x0000, 0x0000, 0x0000, 0x0000, 0x0000, 0x0000, 0x0000,
    0x0000, 0x0000, 0x0000, 0x0000, 0x0000, 0x0000, 0x0000, 0x0000, 0x0000, 0x0000, 0x0000, 0x0000, 0x0000, 0x0000, 0x0000, 0x0000,
    0x0000, 0x0000, 0x0000, 0x0000, 0x0000, 0x0000, 0x0000, 0x0000, 0x0000, 0x0000, 0x0000, 0x0000, 0x0000, 0x0000, 0x0000, 0x0000,
    0x0000, 0x0000, 0x0000, 0x0000, 0x0000, 0x0000, 0x0000, 0x0000, 0x0000, 0x0000, 0x0000, 0x0000, 0x0000, 0x0000, 0x0000, 0x0000,
    0x0000, 0x0000, 0x0000, 0x0000, 0x0000, 0x0000, 0x0000, 0x0000, 0x0000, 0x0000, 0x0000, 0x0000, 0x0000, 0x0000, 0x0000, 0x0000,
    0x0000, 0x0000, 0x0000, 0x0000, 0x0000, 0x0000, 0x0000, 0x0000, 0x0000, 0x0000, 0x0000, 0x0000, 0x0000, 0x0000, 0x0000, 0x0000,
    0x0000, 0x0000, 0x0000, 0x0000, 0x0000, 0x0000, 0x0000, 0x0000, 0x0000, 0x0000, 0x0000, 0x0000, 0x0000, 0x0000, 0x0000, 0x0000,
    0x0000, 0x0000, 0x0000, 0x0000, 0x0000, 0x0000, 0x0000, 0x0000, 0x0000, 0x0000, 0x0000, 0x0000, 0x0000, 0x0000, 0x0000, 0x0000,
    0x0000, 0x0000, 0x0000, 0x0000, 0x0000, 0x0000, 0x0000, 0x0000, 0x0000, 0x0000, 0x0000, 0x0000, 0x0000, 0x0000, 0x0000, 0x0000,
    0x0000, 0x0000, 0x0000, 0x0000, 0x0000, 0x0000, 0x0000, 0x0000, 0x0000, 0x0000, 0x0000, 0x0000, 0x0000, 0x0000, 0x0000, 0x0000,
    0x0000, 0x0000, 0x0000, 0x0000, 0x0000, 0x0000, 0x0000, 0x0000, 0x0000, 0x0000, 0x0000, 0x0000, 0x0000, 0x0000, 0x0000, 0x0000,
    0x0000, 0x0000, 0x0000, 0x0000, 0x0000, 0x0000, 0x0000, 0x0000, 0x0000, 0x0000, 0x0000, 0x0000, 0x0000, 0x0000, 0x0000, 0x0000,
    0x0000, 0x0000, 0x0000, 0x0000, 0x0000, 0x0000, 0x0000, 0x0000, 0x0000, 0x0000, 0x0000, 0x0000, 0x0000, 0x0000, 0x0000, 0x0000,
    0x0000, 0x0000, 0x0000, 0x0000, 0x0000, 0x0000, 0x0000, 0x0000, 0x0000, 0x0000, 0x0000, 0x0000, 0x0000, 0x0000, 0x0000, 0x0000,
    0x0000, 0x0000, 0x0000, 0x0000, 0x0000, 0x0000, 0x0000, 0x0000, 0x0000, 0x0000, 0x0000, 0x0000, 0x0000, 0x0000, 0x0000, 0x0000,
    0x0000, 0x0000, 0x0000, 0x0000, 0x0000, 0x0000, 0x0000, 0x0000, 0x0000, 0x0000, 0x0000, 0x0000, 0x0000, 0x0000, 0x0000, 0x0000,
    0x0000, 0x0000, 0x0000, 0x0000, 0x0000, 0x0000, 0x0000, 0x0000, 0x0000, 0x0000, 0x0000, 0x0000, 0x0000, 0x0000, 0x0000, 0x0000,
    0x0000, 0x0000, 0x0000, 0x0000, 0x0000, 0x0000, 0x0000, 0x0000, 0x0000, 0x0000, 0x0000, 0x0000, 0x0000, 0x0000, 0x0000, 0x0000,
    0x0000, 0x0000, 0x0000, 0x0000, 0x0000, 0x0000, 0x0000, 0x0000, 0x0000, 0x0000, 0x0000, 0x0000, 0x0000, 0x0000, 0x0000, 0x0000,
    0x0000, 0x0000, 0x0000, 0x0000, 0x0000, 0x0000, 0x0000, 0x0000, 0x0000, 0x0000, 0x0000, 0x0000, 0x0000, 0x0000, 0x0000, 0x0000,
    0x0000, 0x0000, 0x0000, 0x0000, 0x0000, 0x0000, 0x0000, 0x0000, 0x0000, 0x0000, 0x0000, 0x0000, 0x0000, 0x0000, 0x0000, 0x0000,
    0x0000, 0x0000, 0x0000, 0x0000, 0x0000, 0x0000, 0x0000, 0x0000, 0x0000, 0x0000, 0x0000, 0x0000, 0x0000, 0x0000, 0x0000, 0x0000,
    0x0000, 0x0000, 0x0000, 0x0000, 0x0000, 0x0000, 0x0000, 0x0000, 0x0000, 0x0000, 0x0000, 0x0000, 0x0000, 0x0000, 0x0000, 0x0000,
    0x0000, 0x0000, 0x0000, 0x0000, 0x0000, 0x0000, 0x0000, 0x0000, 0x0000, 0x0000, 0x0000, 0x0000, 0x0000, 0x0000, 0x0000, 0x0000,
    0x0000, 0x0000, 0x0000, 0x0000, 0x0000, 0x0000, 0x0000, 0x0000, 0x0000, 0x0000, 0x0000, 0x0000, 0x0000, 0x0000, 0x0000, 0x0000,
    0x0000, 0x0000, 0x0000, 0x0000, 0x0000, 0x0000, 0x0000, 0x0000, 0x0000, 0x0000, 0x0000, 0x0000, 0x0000, 0x0000, 0x0000, 0x0000,
    0x0000, 0x0000, 0x0000, 0x0000, 0x0000, 0x0000, 0x0000, 0x0000, 0x0000, 0x0000, 0x0000, 0x0000, 0x0000, 0x0000, 0x0000, 0x0000,
    0x0000, 0x0000, 0x0000, 0x0000, 0x0000, 0x0000, 0x0000, 0x0000, 0x0000, 0x0000, 0x0000, 0x0000, 0x0000, 0x0000, 0x0000, 0x0000,
    0x0000, 0x0000, 0x0000, 0x0000, 0x0000, 0x0000, 0x0000, 0x0000, 0x0000, 0x0000, 0x0000, 0x0000, 0x0000, 0x0000, 0x0000, 0x0000,
    0x0000, 0x0000, 0x0000, 0x0000, 0x0000, 0x0000, 0x0000, 0x0000, 0x0000, 0x0000, 0x0000, 0x0000, 0x0000, 0x0000, 0x0000, 0x0000,
    0x0000, 0x0000, 0x0000, 0x0000, 0x0000, 0x0000, 0x0000, 0x0000, 0x0000, 0x0000, 0x0000, 0x0000, 0x0000, 0x0000, 0x0000, 0x0000,
    0x0000, 0x0000, 0x0000, 0x0000, 0x0000, 0x0000, 0x0000, 0x0000, 0x0000, 0x0000, 0x0000, 0x0000, 0x0000, 0x0000, 0x0000, 0x0000,
    0x0000, 0x0000, 0x0000, 0x0000, 0x0000, 0x0000, 0x0000, 0x0000, 0x0000, 0x0000, 0x0000, 0x0000, 0x0000, 0x0000, 0x0000, 0x0000,
    0x0000, 0x0000, 0x0000, 0x0000, 0x0000, 0x0000, 0x0000, 0x0000, 0x0000, 0x0000, 0x0000, 0x0000, 0x0000, 0x0000, 0x0000, 0x0000,
    0x0000, 0x0000, 0x0000, 0x0000, 0x0000, 0x0000, 0x0000, 0x0000, 0x0000, 0x0000, 0x0000, 0x0000, 0x0000, 0x0000, 0x0000, 0x0000,
    0x0000, 0x0000, 0x0000, 0x0000, 0x0000, 0x0000, 0x0000, 0x0000, 0x0000, 0x0000, 0x0000, 0x0000, 0x0000, 0x0000, 0x0000, 0x0000,
    0x0000, 0x0000, 0x0000, 0x0000, 0x0000, 0x0000, 0x0000, 0x0000, 0x0000, 0x0000, 0x0000, 0x0000, 0x0000, 0x0000, 0x0000, 0x0000,
    0x0000, 0x0000, 0x0000, 0x0000, 0x0000, 0x0000, 0x0000, 0x0000, 0x0000, 0x0000, 0x0000, 0x0000, 0x0000, 0x0000, 0x0000, 0x0000,
    0x0000, 0x0000, 0x0000, 0x0000, 0x0000, 0x0000, 0x0000, 0x0000, 0x0000, 0x0000, 0x0000, 0x0000, 0x0000, 0x0000, 0x0000, 0x0000,
    0x0000, 0x0000, 0x0000, 0x0000, 0x0000, 0x0000, 0x0000, 0x0000, 0x0000, 0x0000, 0x0000, 0x0000, 0x0000, 0x0000, 0x0000, 0x0000,
    0x0000, 0x0000, 0x0000, 0x0000, 0x0000, 0x0000, 0x0000, 0x0000, 0x0000, 0x0000, 0x0000, 0x0000, 0x0000, 0x0000, 0x0000, 0x0000,
    0x0000, 0x0000, 0x0000, 0x0000, 0x0000, 0x0000, 0x0000, 0x0000, 0x0000, 0x0000, 0x0000, 0x0000, 0x0000, 0x0000, 0x0000, 0x0000,
    0x0000, 0x0000, 0x0000, 0x0000, 0x0000, 0x0000, 0x0000, 0x0000, 0x0000, 0x0000, 0x0000, 0x0000, 0x0000, 0x0000, 0x0000, 0x0000,
    0x0000, 0x0000, 0x0000, 0x0000, 0x0000, 0x0000, 0x0000, 0x0000, 0x0000, 0x0000, 0x0000, 0x0000, 0x0000, 0x0000, 0x0000, 0x0000,
    0x0000, 0x0000, 0x0000, 0x0000, 0x0000, 0x0000, 0x0000, 0x0000, 0x0000, 0x0000, 0x0000, 0x0000, 0x0000, 0x0000, 0x0000, 0x0000,
    0x0000, 0x0000, 0x0000, 0x0000, 0x0000, 0x0000, 0x0000, 0x0000, 0x0000, 0x0000, 0x0000, 0x0000, 0x0000, 0x0000, 0x0000, 0x0000,
    0x0000, 0x0000, 0x0000, 0x0000, 0x0000, 0x0000, 0x0000, 0x0000, 0x0000, 0x0000, 0x0000, 0x0000, 0x0000, 0x0000, 0x0000, 0x0000,
    0x0000, 0x0000, 0x0000, 0x0000, 0x0000, 0x0000, 0x0000, 0x0000, 0x0000, 0x0000, 0x0000, 0x0000, 0x0000, 0x0000, 0x0000, 0x0000,
    0x0000, 0x0000, 0x0000, 0x0000, 0x0000, 0x0000, 0x0000, 0x0000, 0x0000, 0x0000, 0x0000, 0x0000, 0x0000, 0x0000, 0x0000, 0x0000,
    0x0000, 0x0000, 0x0000, 0x0000, 0x0000, 0x0000, 0x0000, 0x0000, 0x0000, 0x0000, 0x0000, 0x0000, 0x0000, 0x0000, 0x0000, 0x0000,
    0x0000, 0x0000, 0x0000, 0x0000, 0x0000, 0x0000, 0x0000, 0x0000, 0x0000, 0x0000, 0x0000, 0x0000, 0x0000, 0x0000, 0x0000, 0x0000,
    0x0000, 0x0000, 0x0000, 0x0000, 0x0000, 0x0000, 0x0000, 0x0000, 0x0000, 0x0000, 0x0000, 0x0000, 0x0000, 0x0000, 0x0000, 0x0000,
    0x0000, 0x0000, 0x0000, 0x0000, 0x0000, 0x0000, 0x0000, 0x0000, 0x0000, 0x0000, 0x0000, 0x0000, 0x0000, 0x0000, 0x0000, 0x0000,
    0x0000, 0x0000, 0x0000, 0x0000, 0x0000, 0x0000, 0x0000, 0x0000, 0x0000, 0x0000, 0x0000, 0x0000, 0x0000, 0x0000, 0x0000, 0x0000,
    0x0000, 0x0000, 0x0000, 0x0000, 0x0000, 0x0000, 0x0000, 0x0000, 0x0000, 0x0000, 0x0000, 0x0000, 0x0000, 0x0000, 0x0000, 0x0000,
    0x0000, 0x0000, 0x0000, 0x0000, 0x0000, 0x0000, 0x0000, 0x0000, 0x0000, 0x0000, 0x0000, 0x0000, 0x0000, 0x0000, 0x0000, 0x0000,
    0x0000, 0x0000, 0x0000, 0x0000, 0x0000, 0x0000, 0x0000, 0x0000, 0x0000, 0x0000, 0x0000, 0x0000, 0x0000, 0x0000, 0x0000, 0x0000,
    0x0000, 0x0000, 0x0000, 0x0000, 0x0000, 0x0000, 0x0000, 0x0000, 0x0000, 0x0000, 0x0000, 0x0000, 0x0000, 0x0000, 0x0000, 0x0000,
    0x0000, 0x0000, 0x0000, 0x0000, 0x0000, 0x0000, 0x0000, 0x0000, 0x0000, 0x0000, 0x0000, 0x0000, 0x0000, 0x0000, 0x0000, 0x0000,
    0x0000, 0x0000, 0x0000, 0x0000, 0x0000, 0x0000, 0x0000, 0x0000, 0x0000, 0x0000, 0x0000, 0x0000, 0x0000, 0x0000, 0x0000, 0x0000,
    0x0000, 0x0000, 0x0000, 0x0000, 0x0000, 0x0000, 0x0000, 0x0000, 0x0000, 0x0000, 0x0000, 0x0000, 0x0000, 0x0000, 0x0000, 0x0000,
    0x0000, 0x0000, 0x0000, 0x0000, 0x0000, 0x0000, 0x0000, 0x0000, 0x0000, 0x0000, 0x0000, 0x0000, 0x0000, 0x0000, 0x0000, 0x0000,
    0x0000, 0x0000, 0x0000, 0x0000, 0x0000, 0x0000, 0x0000, 0x0000, 0x0000, 0x0000, 0x0000, 0x0000, 0x0000, 0x0000, 0x0000, 0x0000,
    0x0000, 0x0000, 0x0000, 0x0000, 0x0000, 0x0000, 0x0000, 0x0000, 0x0000, 0x0000, 0x0000, 0x0000, 0x0000, 0x0000, 0x0000, 0x0000,
    0x0000, 0x0000, 0x0000, 0x0000, 0x0000, 0x0000, 0x0000, 0x0000, 0x0000, 0x0000, 0x0000, 0x0000, 0x0000, 0x0000, 0x0000, 0x0000,
    0x0000, 0x0000, 0x0000, 0x0000, 0x0000, 0x0000, 0x0000, 0x0000, 0x0000, 0x0000, 0x0000, 0x0000, 0x0000, 0x0000, 0x0000, 0x0000,
    0x0000, 0x0000, 0x0000, 0x0000, 0x0000, 0x0000, 0x0000, 0x0000, 0x0000, 0x0000, 0x0000, 0x0000, 0x0000, 0x0000, 0x0000, 0x0000,
    0x0000, 0x0000, 0x0000, 0x0000, 0x0000, 0x0000, 0x0000, 0x0000, 0x0000, 0x0000, 0x0000, 0x0000, 0x0000, 0x0000, 0x0000, 0x0000,
    0x0000, 0x0000, 0x0000, 0x0000, 0x0000, 0x0000, 0x0000, 0x0000, 0x0000, 0x0000, 0x0000, 0x0000, 0x0000, 0x0000, 0x0000, 0x0000,
    0x0000, 0x0000, 0x0000, 0x0000, 0x0000, 0x0000, 0x0000, 0x0000, 0x0000, 0x0000, 0x0000, 0x0000, 0x0000, 0x0000, 0x0000, 0x0000,
    0x0000, 0x0000, 0x0000, 0x0000, 0x0000, 0x0000, 0x0000, 0x0000, 0x0000, 0x0000, 0x0000, 0x0000, 0x0000, 0x0000, 0x0000, 0x0000,
    0x0000, 0x0000, 0x0000, 0x0000, 0x0000, 0x0000, 0x0000, 0x0000, 0x0000, 0x0000, 0x0000, 0x0000, 0x0000, 0x0000, 0x0000, 0x0000,
    0x0000, 0x0000, 0x0000, 0x0000, 0x0000, 0x0000, 0x0000, 0x0000, 0x0000, 0x0000, 0x0000, 0x0000, 0x0000, 0x0000, 0x0000, 0x0000,
    0x0000, 0x0000, 0x0000, 0x0000, 0x0000, 0x0000, 0x0000, 0x0000, 0x0000, 0x0000, 0x0000, 0x0000, 0x0000, 0x0000, 0x0000, 0x0000,
    0x0000, 0x0000, 0x0000, 0x0000, 0x0000, 0x0000, 0x0000, 0x0000, 0x0000, 0x0000, 0x0000, 0x0000, 0x0000, 0x0000, 0x0000, 0x0000,
    0x0000, 0x0000, 0x0000, 0x0000, 0x0000, 0x0000, 0x0000, 0x0000, 0x0000, 0x0000, 0x0000, 0x0000, 0x0000, 0x0000, 0x0000, 0x0000,
    0x0000, 0x0000, 0x0000, 0x0000, 0x0000, 0x0000, 0x0000, 0x0000, 0x0000, 0x0000, 0x0000, 0x0000, 0x0000, 0x0000, 0x0000, 0x0000,
    0x0000, 0x0000, 0x0000, 0x0000, 0x0000, 0x0000, 0x0000, 0x0000, 0x0000, 0x0000, 0x0000, 0x0000, 0x0000, 0x0000, 0x0000, 0x0000,
    0x0000, 0x0000, 0x0000, 0x0000, 0x0000, 0x0000, 0x0000, 0x0000, 0x0000, 0x0000, 0x0000, 0x0000, 0x0000, 0x0000, 0x0000, 0x0000,
    0x0000, 0x0000, 0x0000, 0x0000, 0x0000, 0x0000, 0x0000, 0x0000, 0x0000, 0x0000, 0x0000, 0x0000, 0x0000, 0x0000, 0x0000, 0x0000,
    0x0000, 0x0000, 0x0000, 0x0000, 0x0000, 0x0000, 0x0000, 0x0000, 0x0000, 0x0000, 0x0000, 0x0000, 0x0000, 0x0000, 0x0000, 0x0000,
    0x0000, 0x0000, 0x0000, 0x0000, 0x0000, 0x0000, 0x0000, 0x0000, 0x0000, 0x0000, 0x0000, 0x0000, 0x0000, 0x0000, 0x0000, 0x0000,
    0x0000, 0x0000, 0x0000, 0x0000, 0x0000, 0x0000, 0x0000, 0x0000, 0x0000, 0x0000, 0x0000, 0x0000, 0x0000, 0x0000, 0x0000, 0x0000,
    0x0000, 0x0000, 0x0000, 0x0000, 0x0000, 0x0000, 0x0000, 0x0000, 0x0000, 0x0000, 0x0000, 0x0000, 0x0000, 0x0000, 0x0000, 0x0000,
    0x0000, 0x0000, 0x0000, 0x0000, 0x0000, 0x0000, 0x0000, 0x0000, 0x0000, 0x0000, 0x0000, 0x0000, 0x0000, 0x0000, 0x0000, 0x0000,
    0x0000, 0x0000, 0x0000, 0x0000, 0x0000, 0x0000, 0x0000, 0x0000, 0x0000, 0x0000, 0x0000, 0x0000, 0x0000, 0x0000, 0x0000, 0x0000,
    0x0000, 0x0000, 0x0000, 0x0000, 0x0000, 0x0000, 0x0000, 0x0000, 0x0000, 0x0000, 0x0000, 0x0000, 0x0000, 0x0000, 0x0000, 0x0000,
    0x0000, 0x0000, 0x0000, 0x0000, 0x0000, 0x0000, 0x0000, 0x0000, 0x0000, 0x0000, 0x0000, 0x0000, 0x0000, 0x0000, 0x0000, 0x0000,
    0x0000, 0x0000, 0x0000, 0x0000, 0x0000, 0x0000, 0x0000, 0x0000, 0x0000, 0x0000, 0x0000, 0x0000, 0x0000, 0x0000, 0x0000, 0x0000,
    0x0000, 0x0000, 0x0000, 0x0000, 0x0000, 0x0000, 0x0000, 0x0000, 0x0000, 0x0000, 0x0000, 0x0000, 0x0000, 0x0000, 0x0000, 0x0000,
    0x0000, 0x0000, 0x0000, 0x0000, 0x0000, 0x0000, 0x0000, 0x0000, 0x0000, 0x0000, 0x0000, 0x0000, 0x0000, 0x0000, 0x0000, 0x0000,
    0x0000, 0x0000, 0x0000, 0x0000, 0x0000, 0x0000, 0x0000, 0x0000, 0x0000, 0x0000, 0x0000, 0x0000, 0x0000, 0x0000, 0x0000, 0x0000,
    0x0000, 0x0000, 0x0000, 0x0000, 0x0000, 0x0000, 0x0000, 0x0000, 0x0000, 0x0000, 0x0000, 0x0000, 0x0000, 0x0000, 0x0000, 0x0000,
    0x0000, 0x0000, 0x0000, 0x0000, 0x0000, 0x0000, 0x0000, 0x0000, 0x0000, 0x0000, 0x0000, 0x0000, 0x0000, 0x0000, 0x0000, 0x0000,
    0x0000, 0x0000, 0x0000, 0x0000, 0x0000, 0x0000, 0x0000, 0x0000, 0x0000, 0x0000, 0x0000, 0x0000, 0x0000, 0x0000, 0x0000, 0x0000,
    0x0000, 0x0000, 0x0000, 0x0000, 0x0000, 0x0000, 0x0000, 0x0000, 0x0000, 0x0000, 0x0000, 0x0000, 0x0000, 0x0000, 0x0000, 0x0000,
    0x0000, 0x0000, 0x0000, 0x0000, 0x0000, 0x0000, 0x0000, 0x0000, 0x0000, 0x0000, 0x0000, 0x0000, 0x0000, 0x0000, 0x0000, 0x0000,
    0x0000, 0x0000, 0x0000, 0x0000, 0x0000, 0x0000, 0x0000, 0x0000, 0x0000, 0x0000, 0x0000, 0x0000, 0x0000, 0x0000, 0x0000, 0x0000,
    0x0000, 0x0000, 0x0000, 0x0000, 0x0000, 0x0000, 0x0000, 0x0000, 0x0000, 0x0000, 0x0000, 0x0000, 0x0000, 0x0000, 0x0000, 0x0000,
    0x0000, 0x0000, 0x0000, 0x0000, 0x0000, 0x0000, 0x0000, 0x0000, 0x0000, 0x0000, 0x0000, 0x0000, 0x0000, 0x0000, 0x0000, 0x0000,
    0x0000, 0x0000, 0x0000, 0x0000, 0x0000, 0x0000, 0x0000, 0x0000, 0x0000, 0x0000, 0x0000, 0x0000, 0x0000, 0x0000, 0x0000, 0x0000,
    0x0000, 0x0000, 0x0000, 0x0000, 0x0000, 0x0000, 0x0000, 0x0000, 0x0000, 0x0000, 0x0000, 0x0000, 0x0000, 0x0000, 0x0000, 0x0000,
    0x0000, 0x0000, 0x0000, 0x0000, 0x0000, 0x0000, 0x0000, 0x0000, 0x0000, 0x0000, 0x0000, 0x0000, 0x0000, 0x0000, 0x0000, 0x0000,
    0x0000, 0x0000, 0x0000, 0x0000, 0x0000, 0x0000, 0x0000, 0x0000, 0x0000, 0x0000, 0x0000, 0x0000, 0x0000, 0x0000, 0x0000, 0x0000,
    0x0000, 0x0000, 0x0000, 0x0000, 0x0000, 0x0000, 0x0000, 0x0000, 0x0000, 0x0000, 0x0000, 0x0000, 0x0000, 0x0000, 0x0000, 0x0000,
    0x0000, 0x0000, 0x0000, 0x0000, 0x0000, 0x0000, 0x0000, 0x0000, 0x0000, 0x0000, 0x0000, 0x0000, 0x0000, 0x0000, 0x0000, 0x0000,
    0x0000, 0x0000, 0x0000, 0x0000, 0x0000, 0x0000, 0x0000, 0x0000, 0x0000, 0x0000, 0x0000, 0x0000, 0x0000, 0x0000, 0x0000, 0x0000,
    0x0000, 0x0000, 0x0000, 0x0000, 0x0000, 0x0000, 0x0000, 0x0000, 0x0000, 0x0000, 0x0000, 0x0000, 0x0000, 0x0000, 0x0000, 0x0000,
    0x0000, 0x0000, 0x0000, 0x0000, 0x0000, 0x0000, 0x0000, 0x0000, 0x0000, 0x0000, 0x0000, 0x0000, 0x0000, 0x0000, 0x0000, 0x0000,
    0x0000, 0x0000, 0x0000, 0x0000, 0x0000, 0x0000, 0x0000, 0x0000, 0x0000, 0x0000, 0x0000, 0x0000, 0x0000, 0x0000, 0x0000, 0x0000,
    0x0000, 0x0000, 0x0000, 0x0000, 0x0000, 0x0000, 0x0000, 0x0000, 0x0000, 0x0000, 0x0000, 0x0000, 0x0000, 0x0000, 0x0000, 0x0000,
    0x0000, 0x0000, 0x0000, 0x0000, 0x0000, 0x0000, 0x0000, 0x0000, 0x0000, 0x0000, 0x0000, 0x0000, 0x0000, 0x0000, 0x0000, 0x0000,
    0x0000, 0x0000, 0x0000, 0x0000, 0x0000, 0x0000, 0x0000, 0x0000, 0x0000, 0x0000, 0x0000, 0x0000, 0x0000, 0x0000, 0x0000, 0x0000,
    0x0000, 0x0000, 0x0000, 0x0000, 0x0000, 0x0000, 0x0000, 0x0000, 0x0000, 0x0000, 0x0000, 0x0000, 0x0000, 0x0000, 0x0000, 0x0000,
    0x0000, 0x0000, 0x0000, 0x0000, 0x0000, 0x0000, 0x0000, 0x0000, 0x0000, 0x0000, 0x0000, 0x0000, 0x0000, 0x0000, 0x0000, 0x0000,
    0x0000, 0x0000, 0x0000, 0x0000, 0x0000, 0x0000, 0x0000, 0x0000, 0x0000, 0x0000, 0x0000, 0x0000, 0x0000, 0x0000, 0x0000, 0x0000,
    0x0000, 0x0000, 0x0000, 0x0000, 0x0000, 0x0000, 0x0000, 0x0000, 0x0000, 0x0000, 0x0000, 0x0000, 0x0000, 0x0000, 0x0000, 0x0000,
    0x0000, 0x0000, 0x0000, 0x0000, 0x0000, 0x0000, 0x0000, 0x0000, 0x0000, 0x0000, 0x0000, 0x0000, 0x0000, 0x0000, 0x0000, 0x0000,
    0x0000, 0x0000, 0x0000, 0x0000, 0x0000, 0x0000, 0x0000, 0x0000, 0x0000, 0x0000, 0x0000, 0x0000, 0x0000, 0x0000, 0x0000, 0x0000,
    0x0000, 0x0000, 0x0000, 0x0000, 0x0000, 0x0000, 0x0000, 0x0000, 0x0000, 0x0000, 0x0000, 0x0000, 0x0000, 0x0000, 0x0000, 0x0000,
    0x0000, 0x0000, 0x0000, 0x0000, 0x0000, 0x0000, 0x0000, 0x0000, 0x0000, 0x0000, 0x0000, 0x0000, 0x0000, 0x0000, 0x0000, 0x0000,
    0x0000, 0x0000, 0x0000, 0x0000, 0x0000, 0x0000, 0x0000, 0x0000, 0x0000, 0x0000, 0x0000, 0x0000, 0x0000, 0x0000, 0x0000, 0x0000,
    0x0000, 0x0000, 0x0000, 0x0000, 0x0000, 0x0000, 0x0000, 0x0000, 0x0000, 0x0000, 0x0000, 0x0000, 0x0000, 0x0000, 0x0000, 0x0000,
    0x0000, 0x0000, 0x0000, 0x0000, 0x0000, 0x0000, 0x0000, 0x0000, 0x0000, 0x0000, 0x0000, 0x0000, 0x0000, 0x0000, 0x0000, 0x0000,
    0x0000, 0x0000, 0x0000, 0x0000, 0x0000, 0x0000, 0x0000, 0x0000, 0x0000, 0x0000, 0x0000, 0x0000, 0x0000, 0x0000, 0x0000, 0x0000,
    0x0000, 0x0000, 0x0000, 0x0000, 0x0000, 0x0000, 0x0000, 0x0000, 0x0000, 0x0000, 0x0000, 0x0000, 0x0000, 0x0000, 0x0000, 0x0000,
    0x0000, 0x0000, 0x0000, 0x0000, 0x0000, 0x0000, 0x0000, 0x0000, 0x0000, 0x0000, 0x0000, 0x0000, 0x0000, 0x0000, 0x0000, 0x0000,
    0x0000, 0x0000, 0x0000, 0x0000, 0x0000, 0x0000, 0x0000, 0x0000, 0x0000, 0x0000, 0x0000, 0x0000, 0x0000, 0x0000, 0x0000, 0x0000,
    0x0000, 0x0000, 0x0000, 0x0000, 0x0000, 0x0000, 0x0000, 0x0000, 0x0000, 0x0000, 0x0000, 0x0000, 0x0000, 0x0000, 0x0000, 0x0000,
    0x0000, 0x0000, 0x0000, 0x0000, 0x0000, 0x0000, 0x0000, 0x0000, 0x0000, 0x0000, 0x0000, 0x0000, 0x0000, 0x0000, 0x0000, 0x0000,
    0x0000, 0x0000, 0x0000, 0x0000, 0x0000, 0x0000, 0x0000, 0x0000, 0x0000, 0x0000, 0x0000, 0x0000, 0x0000, 0x0000, 0x0000, 0x0000,
    0x0000, 0x0000, 0x0000, 0x0000, 0x0000, 0x0000, 0x0000, 0x0000, 0x0000, 0x0000, 0x0000, 0x0000, 0x0000, 0x0000, 0x0000, 0x0000,
    0x0000, 0x0000, 0x0000, 0x0000, 0x0000, 0x0000, 0x0000, 0x0000, 0x0000, 0x0000, 0x0000, 0x0000, 0x0000, 0x0000, 0x0000, 0x0000,
    0x0000, 0x0000, 0x0000, 0x0000, 0x0000, 0x0000, 0x0000, 0x0000, 0x0000, 0x0000, 0x0000, 0x0000, 0x0000, 0x0000, 0x0000, 0x0000,
    0x0000, 0x0000, 0x0000, 0x0000, 0x0000, 0x0000, 0x0000, 0x0000, 0x0000, 0x0000, 0x0000, 0x0000, 0x0000, 0x0000, 0x0000, 0x0000,
    0x0000, 0x0000, 0x0000, 0x0000, 0x0000, 0x0000, 0x0000, 0x0000, 0x0000, 0x0000, 0x0000, 0x0000, 0x0000, 0x0000, 0x0000, 0x0000,
    0x0000, 0x0000, 0x0000, 0x0000, 0x0000, 0x0000, 0x0000, 0x0000, 0x0000, 0x0000, 0x0000, 0x0000, 0x0000, 0x0000, 0x0000, 0x0000,
    0x0000, 0x0000, 0x0000, 0x0000, 0x0000, 0x0000, 0x0000, 0x0000, 0x0000, 0x0000, 0x0000, 0x0000, 0x0000, 0x0000, 0x0000, 0x0000,
    0x0000, 0x0000, 0x0000, 0x0000, 0x0000, 0x0000, 0x0000, 0x0000, 0x0000, 0x0000, 0x0000, 0x0000, 0x0000, 0x0000, 0x0000, 0x0000,
    0x0000, 0x0000, 0x0000, 0x0000, 0x0000, 0x0000, 0x0000, 0x0000, 0x0000, 0x0000, 0x0000, 0x0000, 0x0000, 0x0000, 0x0000, 0x0000,
    0x0000, 0x0000, 0x0000, 0x0000, 0x0000, 0x0000, 0x0000, 0x0000, 0x0000, 0x0000, 0x0000, 0x0000, 0x0000, 0x0000, 0x0000, 0x0000,
    0x0000, 0x0000, 0x0000, 0x0000, 0x0000, 0x0000, 0x0000, 0x0000, 0x0000, 0x0000, 0x0000, 0x0000, 0x0000, 0x0000, 0x0000, 0x0000,
    0x0000, 0x0000, 0x0000, 0x0000, 0x0000, 0x0000, 0x0000, 0x0000, 0x0000, 0x0000, 0x0000, 0x0000, 0x0000, 0x0000, 0x0000, 0x0000,
    0x0000, 0x0000, 0x0000, 0x0000, 0x0000, 0x0000, 0x0000, 0x0000, 0x0000, 0x0000, 0x0000, 0x0000, 0x0000, 0x0000, 0x0000, 0x0000,
    0x0000, 0x0000, 0x0000, 0x0000, 0x0000, 0x0000, 0x0000, 0x0000, 0x0000, 0x0000, 0x0000, 0x0000, 0x0000, 0x0000, 0x0000, 0x0000,
    0x0000, 0x0000, 0x0000, 0x0000, 0x0000, 0x0000, 0x0000, 0x0000, 0x0000, 0x0000, 0x0000, 0x0000, 0x0000, 0x0000, 0x0000, 0x0000,
    0x0000, 0x0000, 0x0000, 0x0000, 0x0000, 0x0000, 0x0000, 0x0000, 0x0000, 0x0000, 0x0000, 0x0000, 0x0000, 0x0000, 0x0000, 0x0000,
    0x0000, 0x0000, 0x0000, 0x0000, 0x0000, 0x0000, 0x0000, 0x0000, 0x0000, 0x0000, 0x0000, 0x0000, 0x0000, 0x0000, 0x0000, 0x0000,
    0x0000, 0x0000, 0x0000, 0x0000, 0x0000, 0x0000, 0x0000, 0x0000, 0x0000, 0x0000, 0x0000, 0x0000, 0x0000, 0x0000, 0x0000, 0x0000,
    0x0000, 0x0000, 0x0000, 0x0000, 0x0000, 0x0000, 0x0000, 0x0000, 0x0000, 0x0000, 0x0000, 0x0000, 0x0000, 0x0000, 0x0000, 0x0000,
    0x0000, 0x0000, 0x0000, 0x0000, 0x0000, 0x0000, 0x0000, 0x0000, 0x0000, 0x0000, 0x0000, 0x0000, 0x0000, 0x0000, 0x0000, 0x0000,
    0x0000, 0x0000, 0x0000, 0x0000, 0x0000, 0x0000, 0x0000, 0x0000, 0x0000, 0x0000, 0x0000, 0x0000, 0x0000, 0x0000, 0x0000, 0x0000,
    0x0000, 0x0000, 0x0000, 0x0000, 0x0000, 0x0000, 0x0000, 0x0000, 0x0000, 0x0000, 0x0000, 0x0000, 0x0000, 0x0000, 0x0000, 0x0000,
    0x0000, 0x0000, 0x0000, 0x0000, 0x0000, 0x0000, 0x0000, 0x0000, 0x0000, 0x0000, 0x0000, 0x0000, 0x0000, 0x0000, 0x0000, 0x0000,
    0x0000, 0x0000, 0x0000, 0x0000, 0x0000, 0x0000, 0x0000, 0x0000, 0x0000, 0x0000, 0x0000, 0x0000, 0x0000, 0x0000, 0x0000, 0x0000,
    0x0000, 0x0000, 0x0000, 0x0000, 0x0000, 0x0000, 0x0000, 0x0000, 0x0000, 0x0000, 0x0000, 0x0000, 0x0000, 0x0000, 0x0000, 0x0000,
    0x0000, 0x0000, 0x0000, 0x0000, 0x0000, 0x0000, 0x0000, 0x0000, 0x0000, 0x0000, 0x0000, 0x0000, 0x0000, 0x0000, 0x0000, 0x0000,
    0x0000, 0x0000, 0x0000, 0x0000, 0x0000, 0x0000, 0x0000, 0x0000, 0x0000, 0x0000, 0x0000, 0x0000, 0x0000, 0x0000, 0x0000, 0x0000,
    0x0000, 0x0000, 0x0000, 0x0000, 0x0000, 0x0000, 0x0000, 0x0000, 0x0000, 0x0000, 0x0000, 0x0000, 0x0000, 0x0000, 0x0000, 0x0000,
    0x0000, 0x0000, 0x0000, 0x0000, 0x0000, 0x0000, 0x0000, 0x0000, 0x0000, 0x0000, 0x0000, 0x0000, 0x0000, 0x0000, 0x0000, 0x0000,
    0x0000, 0x0000, 0x0000, 0x0000, 0x0000, 0x0000, 0x0000, 0x0000, 0x0000, 0x0000, 0x0000, 0x0000, 0x0000, 0x0000, 0x0000, 0x0000,
    0x0000, 0x0000, 0x0000, 0x0000, 0x0000, 0x0000, 0x0000, 0x0000, 0x0000, 0x0000, 0x0000, 0x0000, 0x0000, 0x0000, 0x0000, 0x0000,
    0x0000, 0x0000, 0x0000, 0x0000, 0x0000, 0x0000, 0x0000, 0x0000, 0x0000, 0x0000, 0x0000, 0x0000, 0x0000, 0x0000, 0x0000, 0x0000,
    0x0000, 0x0000, 0x0000, 0x0000, 0x0000, 0x0000, 0x0000, 0x0000, 0x0000, 0x0000, 0x0000, 0x0000, 0x0000, 0x0000, 0x0000, 0x0000,
    0x0000, 0x0000, 0x0000, 0x0000, 0x0000, 0x0000, 0x0000, 0x0000, 0x0000, 0x0000, 0x0000, 0x0000, 0x0000, 0x0000, 0x0000, 0x0000,
    0x0000, 0x0000, 0x0000, 0x0000, 0x0000, 0x0000, 0x0000, 0x0000, 0x0000, 0x0000, 0x0000, 0x0000, 0x0000, 0x0000, 0x0000, 0x0000,
    0x0000, 0x0000, 0x0000, 0x0000, 0x0000, 0x0000, 0x0000, 0x0000, 0x0000, 0x0000, 0x0000, 0x0000, 0x0000, 0x0000, 0x0000, 0x0000,
    0x0000, 0x0000, 0x0000, 0x0000, 0x0000, 0x0000, 0x0000, 0x0000, 0x0000, 0x0000, 0x0000, 0x0000, 0x0000, 0x0000, 0x0000, 0x0000,
    0x0000, 0x0000, 0x0000, 0x0000, 0x0000, 0x0000, 0x0000, 0x0000, 0x0000, 0x0000, 0x0000, 0x0000, 0x0000, 0x0000, 0x0000, 0x0000,
    0x0000, 0x0000, 0x0000, 0x0000, 0x0000, 0x0000, 0x0000, 0x0000, 0x0000, 0x0000, 0x0000, 0x0000, 0x0000, 0x0000, 0x0000, 0x0000,
    0x0000, 0x0000, 0x0000, 0x0000, 0x0000, 0x0000, 0x0000, 0x0000, 0x0000, 0x0000, 0x0000, 0x0000, 0x0000, 0x0000, 0x0000, 0x0000,
    0x0000, 0x0000, 0x0000, 0x0000, 0x0000, 0x0000, 0x0000, 0x0000, 0x0000, 0x0000, 0x0000, 0x0000, 0x0000, 0x0000, 0x0000, 0x0000,
    0x0000, 0x0000, 0x0000, 0x0000, 0x0000, 0x0000, 0x0000, 0x0000, 0x0000, 0x0000, 0x0000, 0x0000, 0x0000, 0x0000, 0x0000, 0x0000,
    0x0000, 0x0000, 0x0000, 0x0000, 0x0000, 0x0000, 0x0000, 0x0000, 0x0000, 0x0000, 0x0000, 0x0000, 0x0000, 0x0000, 0x0000, 0x0000,
    0x0000, 0x0000, 0x0000, 0x0000, 0x0000, 0x0000, 0x0000, 0x0000, 0x0000, 0x0000, 0x0000, 0x0000, 0x0000, 0x0000, 0x0000, 0x0000,
    0x0000, 0x0000, 0x0000, 0x0000, 0x0000, 0x0000, 0x0000, 0x0000, 0x0000, 0x0000, 0x0000, 0x0000, 0x0000, 0x0000, 0x0000, 0x0000,
    0x0000, 0x0000, 0x0000, 0x0000, 0x0000, 0x0000, 0x0000, 0x0000, 0x0000, 0x0000, 0x0000, 0x0000, 0x0000, 0x0000, 0x0000, 0x0000,
    0x0000, 0x0000, 0x0000, 0x0000, 0x0000, 0x0000, 0x0000, 0x0000, 0x0000, 0x0000, 0x0000, 0x0000, 0x0000, 0x0000, 0x0000, 0x0000,
    0x0000, 0x0000, 0x0000, 0x0000, 0x0000, 0x0000, 0x0000, 0x0000, 0x0000, 0x0000, 0x0000, 0x0000, 0x0000, 0x0000, 0x0000, 0x0000,
    0x0000, 0x0000, 0x0000, 0x0000, 0x0000, 0x0000, 0x0000, 0x0000, 0x0000, 0x0000, 0x0000, 0x0000, 0x0000, 0x0000, 0x0000, 0x0000,
    0x0000, 0x0000, 0x0000, 0x0000, 0x0000, 0x0000, 0x0000, 0x0000, 0x0000, 0x0000, 0x0000, 0x0000, 0x0000, 0x0000, 0x0000, 0x0000,
    0x0000, 0x0000, 0x0000, 0x0000, 0x0000, 0x0000, 0x0000, 0x0000, 0x0000, 0x0000, 0x0000, 0x0000, 0x0000, 0x0000, 0x0000, 0x0000,
    0x0000, 0x0000, 0x0000, 0x0000, 0x0000, 0x0000, 0x0000, 0x0000, 0x0000, 0x0000, 0x0000, 0x0000, 0x0000, 0x0000, 0x0000, 0x0000,
    0x0000, 0x0000, 0x0000, 0x0000, 0x0000, 0x0000, 0x0000, 0x0000, 0x0000, 0x0000, 0x0000, 0x0000, 0x0000, 0x0000, 0x0000, 0x0000,
    0x0000, 0x0000, 0x0000, 0x0000, 0x0000, 0x0000, 0x0000, 0x0000, 0x0000, 0x0000, 0x0000, 0x0000, 0x0000, 0x0000, 0x0000, 0x0000,
    0x0000, 0x0000, 0x0000, 0x0000, 0x0000, 0x0000, 0x0000, 0x0000, 0x0000, 0x0000, 0x0000, 0x0000, 0x0000, 0x0000, 0x0000, 0x0000,
    0x0000, 0x0000, 0x0000, 0x0000, 0x0000, 0x0000, 0x0000, 0x0000, 0x0000, 0x0000, 0x0000, 0x0000, 0x0000, 0x0000, 0x0000, 0x0000,
    0x0000, 0x0000, 0x0000, 0x0000, 0x0000, 0x0000, 0x0000, 0x0000, 0x0000, 0x0000, 0x0000, 0x0000, 0x0000, 0x0000, 0x0000, 0x0000,
    0x0000, 0x0000, 0x0000, 0x0000, 0x0000, 0x0000, 0x0000, 0x0000, 0x0000, 0x0000, 0x0000, 0x0000, 0x0000, 0x0000, 0x0000, 0x0000,
    0x0000, 0x0000, 0x0000, 0x0000, 0x0000, 0x0000, 0x0000, 0x0000, 0x0000, 0x0000, 0x0000, 0x0000, 0x0000, 0x0000, 0x0000, 0x0000,
    0x0000, 0x0000, 0x0000, 0x0000, 0x0000, 0x0000, 0x0000, 0x0000, 0x0000, 0x0000, 0x0000, 0x0000, 0x0000, 0x0000, 0x0000, 0x0000,
    0x0000, 0x0000, 0x0000, 0x0000, 0x0000, 0x0000, 0x0000, 0x0000, 0x0000, 0x0000, 0x0000, 0x0000, 0x0000, 0x0000, 0x0000, 0x0000,
    0x0000, 0x0000, 0x0000, 0x0000, 0x0000, 0x0000, 0x0000, 0x0000, 0x0000, 0x0000, 0x0000, 0x0000, 0x0000, 0x0000, 0x0000, 0x0000,
    0x0000, 0x0000, 0x0000, 0x0000, 0x0000, 0x0000, 0x0000, 0x0000, 0x0000, 0x0000, 0x0000, 0x0000, 0x0000, 0x0000, 0x0000, 0x0000,
    0x0000, 0x0000, 0x0000, 0x0000, 0x0000, 0x0000, 0x0000, 0x0000, 0x0000, 0x0000, 0x0000, 0x0000, 0x0000, 0x0000, 0x0000, 0x0000,
    0x0000, 0x0000, 0x0000, 0x0000, 0x0000, 0x0000, 0x0000, 0x0000, 0x0000, 0x0000, 0x0000, 0x0000, 0x0000, 0x0000, 0x0000, 0x0000,
    0x0000, 0x0000, 0x0000, 0x0000, 0x0000, 0x0000, 0x0000, 0x0000, 0x0000, 0x0000, 0x0000, 0x0000, 0x0000, 0x0000, 0x0000, 0x0000,
    0x0000, 0x0000, 0x0000, 0x0000, 0x0000, 0x0000, 0x0000, 0x0000, 0x0000, 0x0000, 0x0000, 0x0000, 0x0000, 0x0000, 0x0000, 0x0000,
    0x0000, 0x0000, 0x0000, 0x0000, 0x0000, 0x0000, 0x0000, 0x0000, 0x0000, 0x0000, 0x0000, 0x0000, 0x0000, 0x0000, 0x0000, 0x0000,
    0x0000, 0x0000, 0x0000, 0x0000, 0x0000, 0x0000, 0x0000, 0x0000, 0x0000, 0x0000, 0x0000, 0x0000, 0x0000, 0x0000, 0x0000, 0x0000,
    0x0000, 0x0000, 0x0000, 0x0000, 0x0000, 0x0000, 0x0000, 0x0000, 0x0000, 0x0000, 0x0000, 0x0000, 0x0000, 0x0000, 0x0000, 0x0000,
    0x0000, 0x0000, 0x0000, 0x0000, 0x0000, 0x0000, 0x0000, 0x0000, 0x0000, 0x0000, 0x0000, 0x0000, 0x0000, 0x0000, 0x0000, 0x0000,
    0x0000, 0x0000, 0x0000, 0x0000, 0x0000, 0x0000, 0x0000, 0x0000, 0x0000, 0x0000, 0x0000, 0x0000, 0x0000, 0x0000, 0x0000, 0x0000,
    0x0000, 0x0000, 0x0000, 0x0000, 0x0000, 0x0000, 0x0000, 0x0000, 0x0000, 0x0000, 0x0000, 0x0000, 0x0000, 0x0000, 0x0000, 0x0000,
    0x0000, 0x0000, 0x0000, 0x0000, 0x0000, 0x0000, 0x0000, 0x0000, 0x0000, 0x0000, 0x0000, 0x0000, 0x0000, 0x0000, 0x0000, 0x0000,
    0x0000, 0x0000, 0x0000, 0x0000, 0x0000, 0x0000, 0x0000, 0x0000, 0x0000, 0x0000, 0x0000, 0x0000, 0x0000, 0x0000, 0x0000, 0x0000,
    0x0000, 0x0000, 0x0000, 0x0000, 0x0000, 0x0000, 0x0000, 0x0000, 0x0000, 0x0000, 0x0000, 0x0000, 0x0000, 0x0000, 0x0000, 0x0000,
    0x0000, 0x0000, 0x0000, 0x0000, 0x0000, 0x0000, 0x0000, 0x0000, 0x0000, 0x0000, 0x0000, 0x0000, 0x0000, 0x0000, 0x0000, 0x0000,
    0x0000, 0x0000, 0x0000, 0x0000, 0x0000, 0x0000, 0x0000, 0x0000, 0x0000, 0x0000, 0x0000, 0x0000, 0x0000, 0x0000, 0x0000, 0x0000,
    0x0000, 0x0000, 0x0000, 0x0000, 0x0000, 0x0000, 0x0000, 0x0000, 0x0000, 0x0000, 0x0000, 0x0000, 0x0000, 0x0000, 0x0000, 0x0000,
    0x0000, 0x0000, 0x0000, 0x0000, 0x0000, 0x0000, 0x0000, 0x0000, 0x0000, 0x0000, 0x0000, 0x0000, 0x0000, 0x0000, 0x0000, 0x0000,
    0x0000, 0x0000, 0x0000, 0x0000, 0x0000, 0x0000, 0x0000, 0x0000, 0x0000, 0x0000, 0x0000, 0x0000, 0x0000, 0x0000, 0x0000, 0x0000,
    0x0000, 0x0000, 0x0000, 0x0000, 0x0000, 0x0000, 0x0000, 0x0000, 0x0000, 0x0000, 0x0000, 0x0000, 0x0000, 0x0000, 0x0000, 0x0000,
    0x0000, 0x0000, 0x0000, 0x0000, 0x0000, 0x0000, 0x0000, 0x0000, 0x0000, 0x0000, 0x0000, 0x0000, 0x0000, 0x0000, 0x0000, 0x0000,
    0x0000, 0x0000, 0x0000, 0x0000, 0x0000, 0x0000, 0x0000, 0x0000, 0x0000, 0x0000, 0x0000, 0x0000, 0x0000, 0x0000, 0x0000, 0x0000,
    0x0000, 0x0000, 0x0000, 0x0000, 0x0000, 0x0000, 0x0000, 0x0000, 0x0000, 0x0000, 0x0000, 0x0000, 0x0000, 0x0000, 0x0000, 0x0000,
    0x0000, 0x0000, 0x0000, 0x0000, 0x0000, 0x0000, 0x0000, 0x0000, 0x0000, 0x0000, 0x0000, 0x0000, 0x0000, 0x0000, 0x0000, 0x0000,
    0x0000, 0x0000, 0x0000, 0x0000, 0x0000, 0x0000, 0x0000, 0x0000, 0x0000, 0x0000, 0x0000, 0x0000, 0x0000, 0x0000, 0x0000, 0x0000,
    0x0000, 0x0000, 0x0000, 0x0000, 0x0000, 0x0000, 0x0000, 0x0000, 0x0000, 0x0000, 0x0000, 0x0000, 0x0000, 0x0000, 0x0000, 0x0000,
    0x0000, 0x0000, 0x0000, 0x0000, 0x0000, 0x0000, 0x0000, 0x0000, 0x0000, 0x0000, 0x0000, 0x0000, 0x0000, 0x0000, 0x0000, 0x0000,
    0x0000, 0x0000, 0x0000, 0x0000, 0x0000, 0x0000, 0x0000, 0x0000, 0x0000, 0x0000, 0x0000, 0x0000, 0x0000, 0x0000, 0x0000, 0x0000,
    0x0000, 0x0000, 0x0000, 0x0000, 0x0000, 0x0000, 0x0000, 0x0000, 0x0000, 0x0000, 0x0000, 0x0000, 0x0000, 0x0000, 0x0000, 0x0000,
    0x0000, 0x0000, 0x0000, 0x0000, 0x0000, 0x0000, 0x0000, 0x0000, 0x0000, 0x0000, 0x0000, 0x0000, 0x0000, 0x0000, 0x0000, 0x0000,
    0x0000, 0x0000, 0x0000, 0x0000, 0x0000, 0x0000, 0x0000, 0x0000, 0x0000, 0x0000, 0x0000, 0x0000, 0x0000, 0x0000, 0x0000, 0x0000,
    0x0000, 0x0000, 0x0000, 0x0000, 0x0000, 0x0000, 0x0000, 0x0000, 0x0000, 0x0000, 0x0000, 0x0000, 0x0000, 0x0000, 0x0000, 0x0000,
    0x0000, 0x0000, 0x0000, 0x0000, 0x0000, 0x0000, 0x0000, 0x0000, 0x0000, 0x0000, 0x0000, 0x0000, 0x0000, 0x0000, 0x0000, 0x0000,
    0x0000, 0x0000, 0x0000, 0x0000, 0x0000, 0x0000, 0x0000, 0x0000, 0x0000, 0x0000, 0x0000, 0x0000, 0x0000, 0x0000, 0x0000, 0x0000,
    0x0000, 0x0000, 0x0000, 0x0000, 0x0000, 0x0000, 0x0000, 0x0000, 0x0000, 0x0000, 0x0000, 0x0000, 0x0000, 0x0000, 0x0000, 0x0000,
    0x0000, 0x0000, 0x0000, 0x0000, 0x0000, 0x0000, 0x0000, 0x0000, 0x0000, 0x0000, 0x0000, 0x0000, 0x0000, 0x0000, 0x0000, 0x0000,
    0x0000, 0x0000, 0x0000, 0x0000, 0x0000, 0x0000, 0x0000, 0x0000, 0x0000, 0x0000, 0x0000, 0x0000, 0x0000, 0x0000, 0x0000, 0x0000,
    0x0000, 0x0000, 0x0000, 0x0000, 0x0000, 0x0000, 0x0000, 0x0000, 0x0000, 0x0000, 0x0000, 0x0000, 0x0000, 0x0000, 0x0000, 0x0000,
    0x0000, 0x0000, 0x0000, 0x0000, 0x0000, 0x0000, 0x0000, 0x0000, 0x0000, 0x0000, 0x0000, 0x0000, 0x0000, 0x0000, 0x0000, 0x0000,
    0x0000, 0x0000, 0x0000, 0x0000, 0x0000, 0x0000, 0x0000, 0x0000, 0x0000, 0x0000, 0x0000, 0x0000, 0x0000, 0x0000, 0x0000, 0x0000,
    0x0000, 0x0000, 0x0000, 0x0000, 0x0000, 0x0000, 0x0000, 0x0000, 0x0000, 0x0000, 0x0000, 0x0000, 0x0000, 0x0000, 0x0000, 0x0000,
    0x0000, 0x0000, 0x0000, 0x0000, 0x0000, 0x0000, 0x0000, 0x0000, 0x0000, 0x0000, 0x0000, 0x0000, 0x0000, 0x0000, 0x0000, 0x0000,
    0x0000, 0x0000, 0x0000, 0x0000, 0x0000, 0x0000, 0x0000, 0x0000, 0x0000, 0x0000, 0x0000, 0x0000, 0x0000, 0x0000, 0x0000, 0x0000,
    0x0000, 0x0000, 0x0000, 0x0000, 0x0000, 0x0000, 0x0000, 0x0000, 0x0000, 0x0000, 0x0000, 0x0000, 0x0000, 0x0000, 0x0000, 0x0000,
    0x0000, 0x0000, 0x0000, 0x0000, 0x0000, 0x0000, 0x0000, 0x0000, 0x0000, 0x0000, 0x0000, 0x0000, 0x0000, 0x0000, 0x0000, 0x0000,
    0x0000, 0x0000, 0x0000, 0x0000, 0x0000, 0x0000, 0x0000, 0x0000, 0x0000, 0x0000, 0x0000, 0x0000, 0x0000, 0x0000, 0x0000, 0x0000,
    0x0000, 0x0000, 0x0000, 0x0000, 0x0000, 0x0000, 0x0000, 0x0000, 0x0000, 0x0000, 0x0000, 0x0000, 0x0000, 0x0000, 0x0000, 0x0000,
    0x0000, 0x0000, 0x0000, 0x0000, 0x0000, 0x0000, 0x0000, 0x0000, 0x0000, 0x0000, 0x0000, 0x0000, 0x0000, 0x0000, 0x0000, 0x0000,
    0x0000, 0x0000, 0x0000, 0x0000, 0x0000, 0x0000, 0x0000, 0x0000, 0x0000, 0x0000, 0x0000, 0x0000, 0x0000, 0x0000, 0x0000, 0x0000,
    0x0000, 0x0000, 0x0000, 0x0000, 0x0000, 0x0000, 0x0000, 0x0000, 0x0000, 0x0000, 0x0000, 0x0000, 0x0000, 0x0000, 0x0000, 0x0000,
    0x0000, 0x0000, 0x0000, 0x0000, 0x0000, 0x0000, 0x0000, 0x0000, 0x0000, 0x0000, 0x0000, 0x0000, 0x0000, 0x0000, 0x0000, 0x0000,
    0x0000, 0x0000, 0x0000, 0x0000, 0x0000, 0x0000, 0x0000, 0x0000, 0x0000, 0x0000, 0x0000, 0x0000, 0x0000, 0x0000, 0x0000, 0x0000,
    0x0000, 0x0000, 0x0000, 0x0000, 0x0000, 0x0000, 0x0000, 0x0000, 0x0000, 0x0000, 0x0000, 0x0000, 0x0000, 0x0000, 0x0000, 0x0000,
    0x0000, 0x0000, 0x0000, 0x0000, 0x0000, 0x0000, 0x0000, 0x0000, 0x0000, 0x0000, 0x0000, 0x0000, 0x0000, 0x0000, 0x0000, 0x0000,
    0x0000, 0x0000, 0x0000, 0x0000, 0x0000, 0x0000, 0x0000, 0x0000, 0x0000, 0x0000, 0x0000, 0x0000, 0x0000, 0x0000, 0x0000, 0x0000,
    0x0000, 0x0000, 0x0000, 0x0000, 0x0000, 0x0000, 0x0000, 0x0000, 0x0000, 0x0000, 0x0000, 0x0000, 0x0000, 0x0000, 0x0000, 0x0000,
    0x0000, 0x0000, 0x0000, 0x0000, 0x0000, 0x0000, 0x0000, 0x0000, 0x0000, 0x0000, 0x0000, 0x0000, 0x0000, 0x0000, 0x0000, 0x0000,
    0x0000, 0x0000, 0x0000, 0x0000, 0x0000, 0x0000, 0x0000, 0x0000, 0x0000, 0x0000, 0x0000, 0x0000, 0x0000, 0x0000, 0x0000, 0x0000,
    0x0000, 0x0000, 0x0000, 0x0000, 0x0000, 0x0000, 0x0000, 0x0000, 0x0000, 0x0000, 0x0000, 0x0000, 0x0000, 0x0000, 0x0000, 0x0000,
    0x0000, 0x0000, 0x0000, 0x0000, 0x0000, 0x0000, 0x0000, 0x0000, 0x0000, 0x0000, 0x0000, 0x0000, 0x0000, 0x0000, 0x0000, 0x0000,
    0x0000, 0x0000, 0x0000, 0x0000, 0x0000, 0x0000, 0x0000, 0x0000, 0x0000, 0x0000, 0x0000, 0x0000, 0x0000, 0x0000, 0x0000, 0x0000,
    0x0000, 0x0000, 0x0000, 0x0000, 0x0000, 0x0000, 0x0000, 0x0000, 0x0000, 0x0000, 0x0000, 0x0000, 0x0000, 0x0000, 0x0000, 0x0000,
    0x0000, 0x0000, 0x0000, 0x0000, 0x0000, 0x0000, 0x0000, 0x0000, 0x0000, 0x0000, 0x0000, 0x0000, 0x0000, 0x0000, 0x0000, 0x0000,
    0x0000, 0x0000, 0x0000, 0x0000, 0x0000, 0x0000, 0x0000, 0x0000, 0x0000, 0x0000, 0x0000, 0x0000, 0x0000, 0x0000, 0x0000, 0x0000,
    0x0000, 0x0000, 0x0000, 0x0000, 0x0000, 0x0000, 0x0000, 0x0000, 0x0000, 0x0000, 0x0000, 0x0000, 0x0000, 0x0000, 0x0000, 0x0000,
    0x0000, 0x0000, 0x0000, 0x0000, 0x0000, 0x0000, 0x0000, 0x0000, 0x0000, 0x0000, 0x0000, 0x0000, 0x0000, 0x0000, 0x0000, 0x0000,
    0x0000, 0x0000, 0x0000, 0x0000, 0x0000, 0x0000, 0x0000, 0x0000, 0x0000, 0x0000, 0x0000, 0x0000, 0x0000, 0x0000, 0x0000, 0x0000,
    0x0000, 0x0000, 0x0000, 0x0000, 0x0000, 0x0000, 0x0000, 0x0000, 0x0000, 0x0000, 0x0000, 0x0000, 0x0000, 0x0000, 0x0000, 0x0000,
    0x0000, 0x0000, 0x0000, 0x0000, 0x0000, 0x0000, 0x0000, 0x0000, 0x0000, 0x0000, 0x0000, 0x0000, 0x0000, 0x0000, 0x0000, 0x0000,
    0x0000, 0x0000, 0x0000, 0x0000, 0x0000, 0x0000, 0x0000, 0x0000, 0x0000, 0x0000, 0x0000, 0x0000, 0x0000, 0x0000, 0x0000, 0x0000,
    0x0000, 0x0000, 0x0000, 0x0000, 0x0000, 0x0000, 0x0000, 0x0000, 0x0000, 0x0000, 0x0000, 0x0000, 0x0000, 0x0000, 0x0000, 0x0000,
    0x0000, 0x0000, 0x0000, 0x0000, 0x0000, 0x0000, 0x0000, 0x0000, 0x0000, 0x0000, 0x0000, 0x0000, 0x0000, 0x0000, 0x0000, 0x0000,
    0x0000, 0x0000, 0x0000, 0x0000, 0x0000, 0x0000, 0x0000, 0x0000, 0x0000, 0x0000, 0x0000, 0x0000, 0x0000, 0x0000, 0x0000, 0x0000,
    0x0000, 0x0000, 0x0000, 0x0000, 0x0000, 0x0000, 0x0000, 0x0000, 0x0000, 0x0000, 0x0000, 0x0000, 0x0000, 0x0000, 0x0000, 0x0000,
    0x0000, 0x0000, 0x0000, 0x0000, 0x0000, 0x0000, 0x0000, 0x0000, 0x0000, 0x0000, 0x0000, 0x0000, 0x0000, 0x0000, 0x0000, 0x0000,
    0x0000, 0x0000, 0x0000, 0x0000, 0x0000, 0x0000, 0x0000, 0x0000, 0x0000, 0x0000, 0x0000, 0x0000, 0x0000, 0x0000, 0x0000, 0x0000,
    0x0000, 0x0000, 0x0000, 0x0000, 0x0000, 0x0000, 0x0000, 0x0000, 0x0000, 0x0000, 0x0000, 0x0000, 0x0000, 0x0000, 0x0000, 0x0000,
    0x0000, 0x0000, 0x0000, 0x0000, 0x0000, 0x0000, 0x0000, 0x0000, 0x0000, 0x0000, 0x0000, 0x0000, 0x0000, 0x0000, 0x0000, 0x0000,
    0x0000, 0x0000, 0x0000, 0x0000, 0x0000, 0x0000, 0x0000, 0x0000, 0x0000, 0x0000, 0x0000, 0x0000, 0x0000, 0x0000, 0x0000, 0x0000,
    0x0000, 0x0000, 0x0000, 0x0000, 0x0000, 0x0000, 0x0000, 0x0000, 0x0000, 0x0000, 0x0000, 0x0000, 0x0000, 0x0000, 0x0000, 0x0000,
    0x0000, 0x0000, 0x0000, 0x0000, 0x0000, 0x0000, 0x0000, 0x0000, 0x0000, 0x0000, 0x0000, 0x0000, 0x0000, 0x0000, 0x0000, 0x0000,
    0x0000, 0x0000, 0x0000, 0x0000, 0x0000, 0x0000, 0x0000, 0x0000, 0x0000, 0x0000, 0x0000, 0x0000, 0x0000, 0x0000, 0x0000, 0x0000,
    0x0000, 0x0000, 0x0000, 0x0000, 0x0000, 0x0000, 0x0000, 0x0000, 0x0000, 0x0000, 0x0000, 0x0000, 0x0000, 0x0000, 0x0000, 0x0000,
    0x0000, 0x0000, 0x0000, 0x0000, 0x0000, 0x0000, 0x0000, 0x0000, 0x0000, 0x0000, 0x0000, 0x0000, 0x0000, 0x0000, 0x0000, 0x0000,
    0x0000, 0x0000, 0x0000, 0x0000, 0x0000, 0x0000, 0x0000, 0x0000, 0x0000, 0x0000, 0x0000, 0x0000, 0x0000, 0x0000, 0x0000, 0x0000,
    0x0000, 0x0000, 0x0000, 0x0000, 0x0000, 0x0000, 0x0000, 0x0000, 0x0000, 0x0000, 0x0000, 0x0000, 0x0000, 0x0000, 0x0000, 0x0000,
    0x0000, 0x0000, 0x0000, 0x0000, 0x0000, 0x0000, 0x0000, 0x0000, 0x0000, 0x0000, 0x0000, 0x0000, 0x0000, 0x0000, 0x0000, 0x0000,
    0x0000, 0x0000, 0x0000, 0x0000, 0x0000, 0x0000, 0x0000, 0x0000, 0x0000, 0x0000, 0x0000, 0x0000, 0x0000, 0x0000, 0x0000, 0x0000,
    0x0000, 0x0000, 0x0000, 0x0000, 0x0000, 0x0000, 0x0000, 0x0000, 0x0000, 0x0000, 0x0000, 0x0000, 0x0000, 0x0000, 0x0000, 0x0000,
    0x0000, 0x0000, 0x0000, 0x0000, 0x0000, 0x0000, 0x0000, 0x0000, 0x0000, 0x0000, 0x0000, 0x0000, 0x0000, 0x0000, 0x0000, 0x0000,
    0x0000, 0x0000, 0x0000, 0x0000, 0x0000, 0x0000, 0x0000, 0x0000, 0x0000, 0x0000, 0x0000, 0x0000, 0x0000, 0x0000, 0x0000, 0x0000,
    0x0000, 0x0000, 0x0000, 0x0000, 0x0000, 0x0000, 0x0000, 0x0000, 0x0000, 0x0000, 0x0000, 0x0000, 0x0000, 0x0000, 0x0000, 0x0000,
    0x0000, 0x0000, 0x0000, 0x0000, 0x0000, 0x0000, 0x0000, 0x0000, 0x0000, 0x0000, 0x0000, 0x0000, 0x0000, 0x0000, 0x0000, 0x0000,
    0x0000, 0x0000, 0x0000, 0x0000, 0x0000, 0x0000, 0x0000, 0x0000, 0x0000, 0x0000, 0x0000, 0x0000, 0x0000, 0x0000, 0x0000, 0x0000,
    0x0000, 0x0000, 0x0000, 0x0000, 0x0000, 0x0000, 0x0000, 0x0000, 0x0000, 0x0000, 0x0000, 0x0000, 0x0000, 0x0000, 0x0000, 0x0000,
    0x0000, 0x0000, 0x0000, 0x0000, 0x0000, 0x0000, 0x0000, 0x0000, 0x0000, 0x0000, 0x0000, 0x0000, 0x0000, 0x0000, 0x0000, 0x0000,
    0x0000, 0x0000, 0x0000, 0x0000, 0x0000, 0x0000, 0x0000, 0x0000, 0x0000, 0x0000, 0x0000, 0x0000, 0x0000, 0x0000, 0x0000, 0x0000,
    0x0000, 0x0000, 0x0000, 0x0000, 0x0000, 0x0000, 0x0000, 0x0000, 0x0000, 0x0000, 0x0000, 0x0000, 0x0000, 0x0000, 0x0000, 0x0000,
    0x0000, 0x0000, 0x0000, 0x0000, 0x0000, 0x0000, 0x0000, 0x0000, 0x0000, 0x0000, 0x0000, 0x0000, 0x0000, 0x0000, 0x0000, 0x0000,
    0x0000, 0x0000, 0x0000, 0x0000, 0x0000, 0x0000, 0x0000, 0x0000, 0x0000, 0x0000, 0x0000, 0x0000, 0x0000, 0x0000, 0x0000, 0x0000,
    0x0000, 0x0000, 0x0000, 0x0000, 0x0000, 0x0000, 0x0000, 0x0000, 0x0000, 0x0000, 0x0000, 0x0000, 0x0000, 0x0000, 0x0000, 0x0000,
    0x0000, 0x0000, 0x0000, 0x0000, 0x0000, 0x0000, 0x0000, 0x0000, 0x0000, 0x0000, 0x0000, 0x0000, 0x0000, 0x0000, 0x0000, 0x0000,
    0x0000, 0x0000, 0x0000, 0x0000, 0x0000, 0x0000, 0x0000, 0x0000, 0x0000, 0x0000, 0x0000, 0x0000, 0x0000, 0x0000, 0x0000, 0x0000,
    0x0000, 0x0000, 0x0000, 0x0000, 0x0000, 0x0000, 0x0000, 0x0000, 0x0000, 0x0000, 0x0000, 0x0000, 0x0000, 0x0000, 0x0000, 0x0000,
    0x0000, 0x0000, 0x0000, 0x0000, 0x0000, 0x0000, 0x0000, 0x0000, 0x0000, 0x0000, 0x0000, 0x0000, 0x0000, 0x0000, 0x0000, 0x0000,
    0x0000, 0x0000, 0x0000, 0x0000, 0x0000, 0x0000, 0x0000, 0x0000, 0x0000, 0x0000, 0x0000, 0x0000, 0x0000, 0x0000, 0x0000, 0x0000,
    0x0000, 0x0000, 0x0000, 0x0000, 0x0000, 0x0000, 0x0000, 0x0000, 0x0000, 0x0000, 0x0000, 0x0000, 0x0000, 0x0000, 0x0000, 0x0000,
    0x0000, 0x0000, 0x0000, 0x0000, 0x0000, 0x0000, 0x0000, 0x0000, 0x0000, 0x0000, 0x0000, 0x0000, 0x0000, 0x0000, 0x0000, 0x0000,
    0x0000, 0x0000, 0x0000, 0x0000, 0x0000, 0x0000, 0x0000, 0x0000, 0x0000, 0x0000, 0x0000, 0x0000, 0x0000, 0x0000, 0x0000, 0x0000,
    0x0000, 0x0000, 0x0000, 0x0000, 0x0000, 0x0000, 0x0000, 0x0000, 0x0000, 0x0000, 0x0000, 0x0000, 0x0000, 0x0000, 0x0000, 0x0000,
    0x0000, 0x0000, 0x0000, 0x0000, 0x0000, 0x0000, 0x0000, 0x0000, 0x0000, 0x0000, 0x0000, 0x0000, 0x0000, 0x0000, 0x0000, 0x0000,
    0x0000, 0x0000, 0x0000, 0x0000, 0x0000, 0x0000, 0x0000, 0x0000, 0x0000, 0x0000, 0x0000, 0x0000, 0x0000, 0x0000, 0x0000, 0x0000,
    0x0000, 0x0000, 0x0000, 0x0000, 0x0000, 0x0000, 0x0000, 0x0000, 0x0000, 0x0000, 0x0000, 0x0000, 0x0000, 0x0000, 0x0000, 0x0000,
    0x0000, 0x0000, 0x0000, 0x0000, 0x0000, 0x0000, 0x0000, 0x0000, 0x0000, 0x0000, 0x0000, 0x0000, 0x0000, 0x0000, 0x0000, 0x0000,
    0x0000, 0x0000, 0x0000, 0x0000, 0x0000, 0x0000, 0x0000, 0x0000, 0x0000, 0x0000, 0x0000, 0x0000, 0x0000, 0x0000, 0x0000, 0x0000,
    0x0000, 0x0000, 0x0000, 0x0000, 0x0000, 0x0000, 0x0000, 0x0000, 0x0000, 0x0000, 0x0000, 0x0000, 0x0000, 0x0000, 0x0000, 0x0000,
    0x0000, 0x0000, 0x0000, 0x0000, 0x0000, 0x0000, 0x0000, 0x0000, 0x0000, 0x0000, 0x0000, 0x0000, 0x0000, 0x0000, 0x0000, 0x0000,
    0x0000, 0x0000, 0x0000, 0x0000, 0x0000, 0x0000, 0x0000, 0x0000, 0x0000, 0x0000, 0x0000, 0x0000, 0x0000, 0x0000, 0x0000, 0x0000,
    0x0000, 0x0000, 0x0000, 0x0000, 0x0000, 0x0000, 0x0000, 0x0000, 0x0000, 0x0000, 0x0000, 0x0000, 0x0000, 0x0000, 0x0000, 0x0000,
    0x0000, 0x0000, 0x0000, 0x0000, 0x0000, 0x0000, 0x0000, 0x0000, 0x0000, 0x0000, 0x0000, 0x0000, 0x0000, 0x0000, 0x0000, 0x0000,
    0x0000, 0x0000, 0x0000, 0x0000, 0x0000, 0x0000, 0x0000, 0x0000, 0x0000, 0x0000, 0x0000, 0x0000, 0x0000, 0x0000, 0x0000, 0x0000,
    0x0000, 0x0000, 0x0000, 0x0000, 0x0000, 0x0000, 0x0000, 0x0000, 0x0000, 0x0000, 0x0000, 0x0000, 0x0000, 0x0000, 0x0000, 0x0000,
    0x0000, 0x0000, 0x0000, 0x0000, 0x0000, 0x0000, 0x0000, 0x0000, 0x0000, 0x0000, 0x0000, 0x0000, 0x0000, 0x0000, 0x0000, 0x0000,
    0x0000, 0x0000, 0x0000, 0x0000, 0x0000, 0x0000, 0x0000, 0x0000, 0x0000, 0x0000, 0x0000, 0x0000, 0x0000, 0x0000, 0x0000, 0x0000,
    0x0000, 0x0000, 0x0000, 0x0000, 0x0000, 0x0000, 0x0000, 0x0000, 0x0000, 0x0000, 0x0000, 0x0000, 0x0000, 0x0000, 0x0000, 0x0000,
    0x0000, 0x0000, 0x0000, 0x0000, 0x0000, 0x0000, 0x0000, 0x0000, 0x0000, 0x0000, 0x0000, 0x0000, 0x0000, 0x0000, 0x0000, 0x0000,
    0x0000, 0x0000, 0x0000, 0x0000, 0x0000, 0x0000, 0x0000, 0x0000, 0x0000, 0x0000, 0x0000, 0x0000, 0x0000, 0x0000, 0x0000, 0x0000,
    0x0000, 0x0000, 0x0000, 0x0000, 0x0000, 0x0000, 0x0000, 0x0000, 0x0000, 0x0000, 0x0000, 0x0000, 0x0000, 0x0000, 0x0000, 0x0000,
    0x0000, 0x0000, 0x0000, 0x0000, 0x0000, 0x0000, 0x0000, 0x0000, 0x0000, 0x0000, 0x0000, 0x0000, 0x0000, 0x0000, 0x0000, 0x0000,
    0x0000, 0x0000, 0x0000, 0x0000, 0x0000, 0x0000, 0x0000, 0x0000, 0x0000, 0x0000, 0x0000, 0x0000, 0x0000, 0x0000, 0x0000, 0x0000,
    0x0000, 0x0000, 0x0000, 0x0000, 0x0000, 0x0000, 0x0000, 0x0000, 0x0000, 0x0000, 0x0000, 0x0000, 0x0000, 0x0000, 0x0000, 0x0000,
    0x0000, 0x0000, 0x0000, 0x0000, 0x0000, 0x0000, 0x0000, 0x0000, 0x0000, 0x0000, 0x0000, 0x0000, 0x0000, 0x0000, 0x0000, 0x0000,
    0x0000, 0x0000, 0x0000, 0x0000, 0x0000, 0x0000, 0x0000, 0x0000, 0x0000, 0x0000, 0x0000, 0x0000, 0x0000, 0x0000, 0x0000, 0x0000,
    0x0000, 0x0000, 0x0000, 0x0000, 0x0000, 0x0000, 0x0000, 0x0000, 0x0000, 0x0000, 0x0000, 0x0000, 0x0000, 0x0000, 0x0000, 0x0000,
    0x0000, 0x0000, 0x0000, 0x0000, 0x0000, 0x0000, 0x0000, 0x0000, 0x0000, 0x0000, 0x0000, 0x0000, 0x0000, 0x0000, 0x0000, 0x0000,
    0x0000, 0x0000, 0x0000, 0x0000, 0x0000, 0x0000, 0x0000, 0x0000, 0x0000, 0x0000, 0x0000, 0x0000, 0x0000, 0x0000, 0x0000, 0x0000,
    0x0000, 0x0000, 0x0000, 0x0000, 0x0000, 0x0000, 0x0000, 0x0000, 0x0000, 0x0000, 0x0000, 0x0000, 0x0000, 0x0000, 0x0000, 0x0000,
    0x0000, 0x0000, 0x0000, 0x0000, 0x0000, 0x0000, 0x0000, 0x0000, 0x0000, 0x0000, 0x0000, 0x0000, 0x0000, 0x0000, 0x0000, 0x0000,
    0x0000, 0x0000, 0x0000, 0x0000, 0x0000, 0x0000, 0x0000, 0x0000, 0x0000, 0x0000, 0x0000, 0x0000, 0x0000, 0x0000, 0x0000, 0x0000,
    0x0000, 0x0000, 0x0000, 0x0000, 0x0000, 0x0000, 0x0000, 0x0000, 0x0000, 0x0000, 0x0000, 0x0000, 0x0000, 0x0000, 0x0000, 0x0000,
    0x0000, 0x0000, 0x0000, 0x0000, 0x0000, 0x0000, 0x0000, 0x0000, 0x0000, 0x0000, 0x0000, 0x0000, 0x0000, 0x0000, 0x0000, 0x0000,
    0x0000, 0x0000, 0x0000, 0x0000, 0x0000, 0x0000, 0x0000, 0x0000, 0x0000, 0x0000, 0x0000, 0x0000, 0x0000, 0x0000, 0x0000, 0x0000,
    0x0000, 0x0000, 0x0000, 0x0000, 0x0000, 0x0000, 0x0000, 0x0000, 0x0000, 0x0000, 0x0000, 0x0000, 0x0000, 0x0000, 0x0000, 0x0000,
    0x0000, 0x0000, 0x0000, 0x0000, 0x0000, 0x0000, 0x0000, 0x0000, 0x0000, 0x0000, 0x0000, 0x0000, 0x0000, 0x0000, 0x0000, 0x0000,
    0x0000, 0x0000, 0x0000, 0x0000, 0x0000, 0x0000, 0x0000, 0x0000, 0x0000, 0x0000, 0x0000, 0x0000, 0x0000, 0x0000, 0x0000, 0x0000,
    0x0000, 0x0000, 0x0000, 0x0000, 0x0000, 0x0000, 0x0000, 0x0000, 0x0000, 0x0000, 0x0000, 0x0000, 0x0000, 0x0000, 0x0000, 0x0000,
    0x0000, 0x0000, 0x0000, 0x0000, 0x0000, 0x0000, 0x0000, 0x0000, 0x0000, 0x0000, 0x0000, 0x0000, 0x0000, 0x0000, 0x0000, 0x0000,
    0x0000, 0x0000, 0x0000, 0x0000, 0x0000, 0x0000, 0x0000, 0x0000, 0x0000, 0x0000, 0x0000, 0x0000, 0x0000, 0x0000, 0x0000, 0x0000,
    0x0000, 0x0000, 0x0000, 0x0000, 0x0000, 0x0000, 0x0000, 0x0000, 0x0000, 0x0000, 0x0000, 0x0000, 0x0000, 0x0000, 0x0000, 0x0000,
    0x0000, 0x0000, 0x0000, 0x0000, 0x0000, 0x0000, 0x0000, 0x0000, 0x0000, 0x0000, 0x0000, 0x0000, 0x0000, 0x0000, 0x0000, 0x0000,
    0x0000, 0x0000, 0x0000, 0x0000, 0x0000, 0x0000, 0x0000, 0x0000, 0x0000, 0x0000, 0x0000, 0x0000, 0x0000, 0x0000, 0x0000, 0x0000,
    0x0000, 0x0000, 0x0000, 0x0000, 0x0000, 0x0000, 0x0000, 0x0000, 0x0000, 0x0000, 0x0000, 0x0000, 0x0000, 0x0000, 0x0000, 0x0000,
    0x0000, 0x0000, 0x0000, 0x0000, 0x0000, 0x0000, 0x0000, 0x0000, 0x0000, 0x0000, 0x0000, 0x0000, 0x0000, 0x0000, 0x0000, 0x0000,
};
