#pragma once

#include <cstdint>

constexpr int on_image_width = 320;
constexpr int on_image_height = 240;
const uint16_t on_image[76800] = {
    0x0000, 0x0000, 0x0000, 0x0000, 0x0000, 0x0000, 0x0000, 0x0000, 0x0000, 0x0000, 0x0000, 0x0000, 0x0000, 0x0000, 0x0000, 0x0000,
    0x0000, 0x0000, 0x0000, 0x0000, 0x0000, 0x0000, 0x0000, 0x0000, 0x0000, 0x0000, 0x0000, 0x0000, 0x0000, 0x0000, 0x0000, 0x0000,
    0x0000, 0x0000, 0x0000, 0x0000, 0x0000, 0x0000, 0x0000, 0x0000, 0x0000, 0x0000, 0x0000, 0x0000, 0x0000, 0x0000, 0x0000, 0x0000,
    0x0000, 0x0000, 0x0000, 0x0000, 0x0000, 0x0000, 0x0000, 0x0000, 0x0000, 0x0000, 0x0000, 0x0000, 0x0000, 0x0000, 0x0000, 0x0000,
    0x0000, 0x0000, 0x0000, 0x0000, 0x0000, 0x0000, 0x0000, 0x0000, 0x0000, 0x0000, 0x0000, 0x0000, 0x0000, 0x0000, 0x0000, 0x0000,
    0x0000, 0x0000, 0x0000, 0x0000, 0x0000, 0x0000, 0x0000, 0x0000, 0x0000, 0x0000, 0x0000, 0x0000, 0x0000, 0x0000, 0x0000, 0x0000,
    0x0000, 0x0000, 0x0000, 0x0000, 0x0000, 0x0000, 0x0000, 0x0000, 0x0000, 0x0000, 0x0000, 0x0000, 0x0000, 0x0000, 0x0000, 0x0000,
    0x0000, 0x0000, 0x0000, 0x0000, 0x0000, 0x0000, 0x0000, 0x0000, 0x0000, 0x0000, 0x0000, 0x0000, 0x0000, 0x0000, 0x0000, 0x0000,
    0x0000, 0x0000, 0x0000, 0x0000, 0x0000, 0x0000, 0x0000, 0x0000, 0x0000, 0x0000, 0x0000, 0x0000, 0x0000, 0x0000, 0x0000, 0x0000,
    0x0000, 0x0000, 0x0000, 0x0000, 0x0000, 0x0000, 0x0000, 0x0000, 0x0000, 0x0000, 0x0000, 0x0000, 0x0000, 0x0000, 0x0000, 0x0000,
    0x0000, 0x0000, 0x0000, 0x0000, 0x0000, 0x0000, 0x0000, 0x0000, 0x0000, 0x0000, 0x0000, 0x0000, 0x0000, 0x0000, 0x0000, 0x0000,
    0x0000, 0x0000, 0x0000, 0x0000, 0x0000, 0x0000, 0x0000, 0x0000, 0x0000, 0x0000, 0x0000, 0x0000, 0x0000, 0x0000, 0x0000, 0x0000,
    0x0000, 0x0000, 0x0000, 0x0000, 0x0000, 0x0000, 0x0000, 0x0000, 0x0000, 0x0000, 0x0000, 0x0000, 0x0000, 0x0000, 0x0000, 0x0000,
    0x0000, 0x0000, 0x0000, 0x0000, 0x0000, 0x0000, 0x0000, 0x0000, 0x0000, 0x0000, 0x0000, 0x0000, 0x0000, 0x0000, 0x0000, 0x0000,
    0x0000, 0x0000, 0x0000, 0x0000, 0x0000, 0x0000, 0x0000, 0x0000, 0x0000, 0x0000, 0x0000, 0x0000, 0x0000, 0x0000, 0x0000, 0x0000,
    0x0000, 0x0000, 0x0000, 0x0000, 0x0000, 0x0000, 0x0000, 0x0000, 0x0000, 0x0000, 0x0000, 0x0000, 0x0000, 0x0000, 0x0000, 0x0000,
    0x0000, 0x0000, 0x0000, 0x0000, 0x0000, 0x0000, 0x0000, 0x0000, 0x0000, 0x0000, 0x0000, 0x0000, 0x0000, 0x0000, 0x0000, 0x0000,
    0x0000, 0x0000, 0x0000, 0x0000, 0x0000, 0x0000, 0x0000, 0x0000, 0x0000, 0x0000, 0x0000, 0x0000, 0x0000, 0x0000, 0x0000, 0x0000,
    0x0000, 0x0000, 0x0000, 0x0000, 0x0000, 0x0000, 0x0000, 0x0000, 0x0000, 0x0000, 0x0000, 0x0000, 0x0000, 0x0000, 0x0000, 0x0000,
    0x0000, 0x0000, 0x0000, 0x0000, 0x0000, 0x0000, 0x0000, 0x0000, 0x0000, 0x0000, 0x0000, 0x0000, 0x0000, 0x0000, 0x0000, 0x0000,
    0x0000, 0x0000, 0x0000, 0x0000, 0x0000, 0x0000, 0x0000, 0x0000, 0x0000, 0x0000, 0x0000, 0x0000, 0x0000, 0x0000, 0x0000, 0x0000,
    0x0000, 0x0000, 0x0000, 0x0000, 0x0000, 0x0000, 0x0000, 0x0000, 0x0000, 0x0000, 0x0000, 0x0000, 0x0000, 0x0000, 0x0000, 0x0000,
    0x0000, 0x0000, 0x0000, 0x0000, 0x0000, 0x0000, 0x0000, 0x0000, 0x0000, 0x0000, 0x0000, 0x0000, 0x0000, 0x0000, 0x0000, 0x0000,
    0x0000, 0x0000, 0x0000, 0x0000, 0x0000, 0x0000, 0x0000, 0x0000, 0x0000, 0x0000, 0x0000, 0x0000, 0x0000, 0x0000, 0x0000, 0x0000,
    0x0000, 0x0000, 0x0000, 0x0000, 0x0000, 0x0000, 0x0000, 0x0000, 0x0000, 0x0000, 0x0000, 0x0000, 0x0000, 0x0000, 0x0000, 0x0000,
    0x0000, 0x0000, 0x0000, 0x0000, 0x0000, 0x0000, 0x0000, 0x0000, 0x0000, 0x0000, 0x0000, 0x0000, 0x0000, 0x0000, 0x0000, 0x0000,
    0x0000, 0x0000, 0x0000, 0x0000, 0x0000, 0x0000, 0x0000, 0x0000, 0x0000, 0x0000, 0x0000, 0x0000, 0x0000, 0x0000, 0x0000, 0x0000,
    0x0000, 0x0000, 0x0000, 0x0000, 0x0000, 0x0000, 0x0000, 0x0000, 0x0000, 0x0000, 0x0000, 0x0000, 0x0000, 0x0000, 0x0000, 0x0000,
    0x0000, 0x0000, 0x0000, 0x0000, 0x0000, 0x0000, 0x0000, 0x0000, 0x0000, 0x0000, 0x0000, 0x0000, 0x0000, 0x0000, 0x0000, 0x0000,
    0x0000, 0x0000, 0x0000, 0x0000, 0x0000, 0x0000, 0x0000, 0x0000, 0x0000, 0x0000, 0x0000, 0x0000, 0x0000, 0x0000, 0x0000, 0x0000,
    0x0000, 0x0000, 0x0000, 0x0000, 0x0000, 0x0000, 0x0000, 0x0000, 0x0000, 0x0000, 0x0000, 0x0000, 0x0000, 0x0000, 0x0000, 0x0000,
    0x0000, 0x0000, 0x0000, 0x0000, 0x0000, 0x0000, 0x0000, 0x0000, 0x0000, 0x0000, 0x0000, 0x0000, 0x0000, 0x0000, 0x0000, 0x0000,
    0x0000, 0x0000, 0x0000, 0x0000, 0x0000, 0x0000, 0x0000, 0x0000, 0x0000, 0x0000, 0x0000, 0x0000, 0x0000, 0x0000, 0x0000, 0x0000,
    0x0000, 0x0000, 0x0000, 0x0000, 0x0000, 0x0000, 0x0000, 0x0000, 0x0000, 0x0000, 0x0000, 0x0000, 0x0000, 0x0000, 0x0000, 0x0000,
    0x0000, 0x0000, 0x0000, 0x0000, 0x0000, 0x0000, 0x0000, 0x0000, 0x0000, 0x0000, 0x0000, 0x0000, 0x0000, 0x0000, 0x0000, 0x0000,
    0x0000, 0x0000, 0x0000, 0x0000, 0x0000, 0x0000, 0x0000, 0x0000, 0x0000, 0x0000, 0x0000, 0x0000, 0x0000, 0x0000, 0x0000, 0x0000,
    0x0000, 0x0000, 0x0000, 0x0000, 0x0000, 0x0000, 0x0000, 0x0000, 0x0000, 0x0000, 0x0000, 0x0000, 0x0000, 0x0000, 0x0000, 0x0000,
    0x0000, 0x0000, 0x0000, 0x0000, 0x0000, 0x0000, 0x0000, 0x0000, 0x0000, 0x0000, 0x0000, 0x0000, 0x0000, 0x0000, 0x0000, 0x0000,
    0x0000, 0x0000, 0x0000, 0x0000, 0x0000, 0x0000, 0x0000, 0x0000, 0x0000, 0x0000, 0x0000, 0x0000, 0x0000, 0x0000, 0x0000, 0x0000,
    0x0000, 0x0000, 0x0000, 0x0000, 0x0000, 0x0000, 0x0000, 0x0000, 0x0000, 0x0000, 0x0000, 0x0000, 0x0000, 0x0000, 0x0000, 0x0000,
    0x0000, 0x0000, 0x0000, 0x0000, 0x0000, 0x0000, 0x0000, 0x0000, 0x0000, 0x0000, 0x0000, 0x0000, 0x0000, 0x0000, 0x0000, 0x0000,
    0x0000, 0x0000, 0x0000, 0x0000, 0x0000, 0x0000, 0x0000, 0x0000, 0x0000, 0x0000, 0x0000, 0x0000, 0x0000, 0x0000, 0x0000, 0x0000,
    0x0000, 0x0000, 0x0000, 0x0000, 0x0000, 0x0000, 0x0000, 0x0000, 0x0000, 0x0000, 0x0000, 0x0000, 0x0000, 0x0000, 0x0000, 0x0000,
    0x0000, 0x0000, 0x0000, 0x0000, 0x0000, 0x0000, 0x0000, 0x0000, 0x0000, 0x0000, 0x0000, 0x0000, 0x0000, 0x0000, 0x0000, 0x0000,
    0x0000, 0x0000, 0x0000, 0x0000, 0x0000, 0x0000, 0x0000, 0x0000, 0x0000, 0x0000, 0x0000, 0x0000, 0x0000, 0x0000, 0x0000, 0x0000,
    0x0000, 0x0000, 0x0000, 0x0000, 0x0000, 0x0000, 0x0000, 0x0000, 0x0000, 0x0000, 0x0000, 0x0000, 0x0000, 0x0000, 0x0000, 0x0000,
    0x0000, 0x0000, 0x0000, 0x0000, 0x0000, 0x0000, 0x0000, 0x0000, 0x0000, 0x0000, 0x0000, 0x0000, 0x0000, 0x0000, 0x0000, 0x0000,
    0x0000, 0x0000, 0x0000, 0x0000, 0x0000, 0x0000, 0x0000, 0x0000, 0x0000, 0x0000, 0x0000, 0x0000, 0x0000, 0x0000, 0x0000, 0x0000,
    0x0000, 0x0000, 0x0000, 0x0000, 0x0000, 0x0000, 0x0000, 0x0000, 0x0000, 0x0000, 0x0000, 0x0000, 0x0000, 0x0000, 0x0000, 0x0000,
    0x0000, 0x0000, 0x0000, 0x0000, 0x0000, 0x0000, 0x0000, 0x0000, 0x0000, 0x0000, 0x0000, 0x0000, 0x0000, 0x0000, 0x0000, 0x0000,
    0x0000, 0x0000, 0x0000, 0x0000, 0x0000, 0x0000, 0x0000, 0x0000, 0x0000, 0x0000, 0x0000, 0x0000, 0x0000, 0x0000, 0x0000, 0x0000,
    0x0000, 0x0000, 0x0000, 0x0000, 0x0000, 0x0000, 0x0000, 0x0000, 0x0000, 0x0000, 0x0000, 0x0000, 0x0000, 0x0000, 0x0000, 0x0000,
    0x0000, 0x0000, 0x0000, 0x0000, 0x0000, 0x0000, 0x0000, 0x0000, 0x0000, 0x0000, 0x0000, 0x0000, 0x0000, 0x0000, 0x0000, 0x0000,
    0x0000, 0x0000, 0x0000, 0x0000, 0x0000, 0x0000, 0x0000, 0x0000, 0x0000, 0x0000, 0x0000, 0x0000, 0x0000, 0x0000, 0x0000, 0x0000,
    0x0000, 0x0000, 0x0000, 0x0000, 0x0000, 0x0000, 0x0000, 0x0000, 0x0000, 0x0000, 0x0000, 0x0000, 0x0000, 0x0000, 0x0000, 0x0000,
    0x0000, 0x0000, 0x0000, 0x0000, 0x0000, 0x0000, 0x0000, 0x0000, 0x0000, 0x0000, 0x0000, 0x0000, 0x0000, 0x0000, 0x0000, 0x0000,
    0x0000, 0x0000, 0x0000, 0x0000, 0x0000, 0x0000, 0x0000, 0x0000, 0x0000, 0x0000, 0x0000, 0x0000, 0x0000, 0x0000, 0x0000, 0x0000,
    0x0000, 0x0000, 0x0000, 0x0000, 0x0000, 0x0000, 0x0000, 0x0000, 0x0000, 0x0000, 0x0000, 0x0000, 0x0000, 0x0000, 0x0000, 0x0000,
    0x0000, 0x0000, 0x0000, 0x0000, 0x0000, 0x0000, 0x0000, 0x0000, 0x0000, 0x0000, 0x0000, 0x0000, 0x0000, 0x0000, 0x0000, 0x0000,
    0x0000, 0x0000, 0x0000, 0x0000, 0x0000, 0x0000, 0x0000, 0x0000, 0x0000, 0x0000, 0x0000, 0x0000, 0x0000, 0x0000, 0x0000, 0x0000,
    0x0000, 0x0000, 0x0000, 0x0000, 0x0000, 0x0000, 0x0000, 0x0000, 0x0000, 0x0000, 0x0000, 0x0000, 0x0000, 0x0000, 0x0000, 0x0000,
    0x0000, 0x0000, 0x0000, 0x0000, 0x0000, 0x0000, 0x0000, 0x0000, 0x0000, 0x0000, 0x0000, 0x0000, 0x0000, 0x0000, 0x0000, 0x0000,
    0x0000, 0x0000, 0x0000, 0x0000, 0x0000, 0x0000, 0x0000, 0x0000, 0x0000, 0x0000, 0x0000, 0x0000, 0x0000, 0x0000, 0x0000, 0x0000,
    0x0000, 0x0000, 0x0000, 0x0000, 0x0000, 0x0000, 0x0000, 0x0000, 0x0000, 0x0000, 0x0000, 0x0000, 0x0000, 0x0000, 0x0000, 0x0000,
    0x0000, 0x0000, 0x0000, 0x0000, 0x0000, 0x0000, 0x0000, 0x0000, 0x0000, 0x0000, 0x0000, 0x0000, 0x0000, 0x0000, 0x0000, 0x0000,
    0x0000, 0x0000, 0x0000, 0x0000, 0x0000, 0x0000, 0x0000, 0x0000, 0x0000, 0x0000, 0x0000, 0x0000, 0x0000, 0x0000, 0x0000, 0x0000,
    0x0000, 0x0000, 0x0000, 0x0000, 0x0000, 0x0000, 0x0000, 0x0000, 0x0000, 0x0000, 0x0000, 0x0000, 0x0000, 0x0000, 0x0000, 0x0000,
    0x0000, 0x0000, 0x0000, 0x0000, 0x0000, 0x0000, 0x0000, 0x0000, 0x0000, 0x0000, 0x0000, 0x0000, 0x0000, 0x0000, 0x0000, 0x0000,
    0x0000, 0x0000, 0x0000, 0x0000, 0x0000, 0x0000, 0x0000, 0x0000, 0x0000, 0x0000, 0x0000, 0x0000, 0x0000, 0x0000, 0x0000, 0x0000,
    0x0000, 0x0000, 0x0000, 0x0000, 0x0000, 0x0000, 0x0000, 0x0000, 0x0000, 0x0000, 0x0000, 0x0000, 0x0000, 0x0000, 0x0000, 0x0000,
    0x0000, 0x0000, 0x0000, 0x0000, 0x0000, 0x0000, 0x0000, 0x0000, 0x0000, 0x0000, 0x0000, 0x0000, 0x0000, 0x0000, 0x0000, 0x0000,
    0x0000, 0x0000, 0x0000, 0x0000, 0x0000, 0x0000, 0x0000, 0x0000, 0x0000, 0x0000, 0x0000, 0x0000, 0x0000, 0x0000, 0x0000, 0x0000,
    0x0000, 0x0000, 0x0000, 0x0000, 0x0000, 0x0000, 0x0000, 0x0000, 0x0000, 0x0000, 0x0000, 0x0000, 0x0000, 0x0000, 0x0000, 0x0000,
    0x0000, 0x0000, 0x0000, 0x0000, 0x0000, 0x0000, 0x0000, 0x0000, 0x0000, 0x0000, 0x0000, 0x0000, 0x0000, 0x0000, 0x0000, 0x0000,
    0x0000, 0x0000, 0x0000, 0x0000, 0x0000, 0x0000, 0x0000, 0x0000, 0x0000, 0x0000, 0x0000, 0x0000, 0x0000, 0x0000, 0x0000, 0x0000,
    0x0000, 0x0000, 0x0000, 0x0000, 0x0000, 0x0000, 0x0000, 0x0000, 0x0000, 0x0000, 0x0000, 0x0000, 0x0000, 0x0000, 0x0000, 0x0000,
    0x0000, 0x0000, 0x0000, 0x0000, 0x0000, 0x0000, 0x0000, 0x0000, 0x0000, 0x0000, 0x0000, 0x0000, 0x0000, 0x0000, 0x0000, 0x0000,
    0x0000, 0x0000, 0x0000, 0x0000, 0x0000, 0x0000, 0x0000, 0x0000, 0x0000, 0x0000, 0x0000, 0x0000, 0x0000, 0x0000, 0x0000, 0x0000,
    0x0000, 0x0000, 0x0000, 0x0000, 0x0000, 0x0000, 0x0000, 0x0000, 0x0000, 0x0000, 0x0000, 0x0000, 0x0000, 0x0000, 0x0000, 0x0000,
    0x0000, 0x0000, 0x0000, 0x0000, 0x0000, 0x0000, 0x0000, 0x0000, 0x0000, 0x0000, 0x0000, 0x0000, 0x0000, 0x0000, 0x0000, 0x0000,
    0x0000, 0x0000, 0x0000, 0x0000, 0x0000, 0x0000, 0x0000, 0x0000, 0x0000, 0x0000, 0x0000, 0x0000, 0x0000, 0x0000, 0x0000, 0x0000,
    0x0000, 0x0000, 0x0000, 0x0000, 0x0000, 0x0000, 0x0000, 0x0000, 0x0000, 0x0000, 0x0000, 0x0000, 0x0000, 0x0000, 0x0000, 0x0000,
    0x0000, 0x0000, 0x0000, 0x0000, 0x0000, 0x0000, 0x0000, 0x0000, 0x0000, 0x0000, 0x0000, 0x0000, 0x0000, 0x0000, 0x0000, 0x0000,
    0x0000, 0x0000, 0x0000, 0x0000, 0x0000, 0x0000, 0x0000, 0x0000, 0x0000, 0x0000, 0x0000, 0x0000, 0x0000, 0x0000, 0x0000, 0x0000,
    0x0000, 0x0000, 0x0000, 0x0000, 0x0000, 0x0000, 0x0000, 0x0000, 0x0000, 0x0000, 0x0000, 0x0000, 0x0000, 0x0000, 0x0000, 0x0000,
    0x0000, 0x0000, 0x0000, 0x0000, 0x0000, 0x0000, 0x0000, 0x0000, 0x0000, 0x0000, 0x0000, 0x0000, 0x0000, 0x0000, 0x0000, 0x0000,
    0x0000, 0x0000, 0x0000, 0x0000, 0x0000, 0x0000, 0x0000, 0x0000, 0x0000, 0x0000, 0x0000, 0x0000, 0x0000, 0x0000, 0x0000, 0x0000,
    0x0000, 0x0000, 0x0000, 0x0000, 0x0000, 0x0000, 0x0000, 0x0000, 0x0000, 0x0000, 0x0000, 0x0000, 0x0000, 0x0000, 0x0000, 0x0000,
    0x0000, 0x0000, 0x0000, 0x0000, 0x0000, 0x0000, 0x0000, 0x0000, 0x0000, 0x0000, 0x0000, 0x0000, 0x0000, 0x0000, 0x0000, 0x0000,
    0x0000, 0x0000, 0x0000, 0x0000, 0x0000, 0x0000, 0x0000, 0x0000, 0x0000, 0x0000, 0x0000, 0x0000, 0x0000, 0x0000, 0x0000, 0x0000,
    0x0000, 0x0000, 0x0000, 0x0000, 0x0000, 0x0000, 0x0000, 0x0000, 0x0000, 0x0000, 0x0000, 0x0000, 0x0000, 0x0000, 0x0000, 0x0000,
    0x0000, 0x0000, 0x0000, 0x0000, 0x0000, 0x0000, 0x0000, 0x0000, 0x0000, 0x0000, 0x0000, 0x0000, 0x0000, 0x0000, 0x0000, 0x0000,
    0x0000, 0x0000, 0x0000, 0x0000, 0x0000, 0x0000, 0x0000, 0x0000, 0x0000, 0x0000, 0x0000, 0x0000, 0x0000, 0x0000, 0x0000, 0x0000,
    0x0000, 0x0000, 0x0000, 0x0000, 0x0000, 0x0000, 0x0000, 0x0000, 0x0000, 0x0000, 0x0000, 0x0000, 0x0000, 0x0000, 0x0000, 0x0000,
    0x0000, 0x0000, 0x0000, 0x0000, 0x0000, 0x0000, 0x0000, 0x0000, 0x0000, 0x0000, 0x0000, 0x0000, 0x0000, 0x0000, 0x0000, 0x0000,
    0x0000, 0x0000, 0x0000, 0x0000, 0x0000, 0x0000, 0x0000, 0x0000, 0x0000, 0x0000, 0x0000, 0x0000, 0x0000, 0x0000, 0x0000, 0x0000,
    0x0000, 0x0000, 0x0000, 0x0000, 0x0000, 0x0000, 0x0000, 0x0000, 0x0000, 0x0000, 0x0000, 0x0000, 0x0000, 0x0000, 0x0000, 0x0000,
    0x0000, 0x0000, 0x0000, 0x0000, 0x0000, 0x0000, 0x0000, 0x0000, 0x0000, 0x0000, 0x0000, 0x0000, 0x0000, 0x0000, 0x0000, 0x0000,
    0x0000, 0x0000, 0x0000, 0x0000, 0x0000, 0x0000, 0x0000, 0x0000, 0x0000, 0x0000, 0x0000, 0x0000, 0x0000, 0x0000, 0x0000, 0x0000,
    0x0000, 0x0000, 0x0000, 0x0000, 0x0000, 0x0000, 0x0000, 0x0000, 0x0000, 0x0000, 0x0000, 0x0000, 0x0000, 0x0000, 0x0000, 0x0000,
    0x0000, 0x0000, 0x0000, 0x0000, 0x0000, 0x0000, 0x0000, 0x0000, 0x0000, 0x0000, 0x0000, 0x0000, 0x0000, 0x0000, 0x0000, 0x0000,
    0x0000, 0x0000, 0x0000, 0x0000, 0x0000, 0x0000, 0x0000, 0x0000, 0x0000, 0x0000, 0x0000, 0x0000, 0x0000, 0x0000, 0x0000, 0x0000,
    0x0000, 0x0000, 0x0000, 0x0000, 0x0000, 0x0000, 0x0000, 0x0000, 0x0000, 0x0000, 0x0000, 0x0000, 0x0000, 0x0000, 0x0000, 0x0000,
    0x0000, 0x0000, 0x0000, 0x0000, 0x0000, 0x0000, 0x0000, 0x0000, 0x0000, 0x0000, 0x0000, 0x0000, 0x0000, 0x0000, 0x0000, 0x0000,
    0x0000, 0x0000, 0x0000, 0x0000, 0x0000, 0x0000, 0x0000, 0x0000, 0x0000, 0x0000, 0x0000, 0x0000, 0x0000, 0x0000, 0x0000, 0x0000,
    0x0000, 0x0000, 0x0000, 0x0000, 0x0000, 0x0000, 0x0000, 0x0000, 0x0000, 0x0000, 0x0000, 0x0000, 0x0000, 0x0000, 0x0000, 0x0000,
    0x0000, 0x0000, 0x0000, 0x0000, 0x0000, 0x0000, 0x0000, 0x0000, 0x0000, 0x0000, 0x0000, 0x0000, 0x0000, 0x0000, 0x0000, 0x0000,
    0x0000, 0x0000, 0x0000, 0x0000, 0x0000, 0x0000, 0x0000, 0x0000, 0x0000, 0x0000, 0x0000, 0x0000, 0x0000, 0x0000, 0x0000, 0x0000,
    0x0000, 0x0000, 0x0000, 0x0000, 0x0000, 0x0000, 0x0000, 0x0000, 0x0000, 0x0000, 0x0000, 0x0000, 0x0000, 0x0000, 0x0000, 0x0000,
    0x0000, 0x0000, 0x0000, 0x0000, 0x0000, 0x0000, 0x0000, 0x0000, 0x0000, 0x0000, 0x0000, 0x0000, 0x0000, 0x0000, 0x0000, 0x0000,
    0x0000, 0x0000, 0x0000, 0x0000, 0x0000, 0x0000, 0x0000, 0x0000, 0x0000, 0x0000, 0x0000, 0x0000, 0x0000, 0x0000, 0x0000, 0x0000,
    0x0000, 0x0000, 0x0000, 0x0000, 0x0000, 0x0000, 0x0000, 0x0000, 0x0000, 0x0000, 0x0000, 0x0000, 0x0000, 0x0000, 0x0000, 0x0000,
    0x0000, 0x0000, 0x0000, 0x0000, 0x0000, 0x0000, 0x0000, 0x0000, 0x0000, 0x0000, 0x0000, 0x0000, 0x0000, 0x0000, 0x0000, 0x0000,
    0x0000, 0x0000, 0x0000, 0x0000, 0x0000, 0x0000, 0x0000, 0x0000, 0x0000, 0x0000, 0x0000, 0x0000, 0x0000, 0x0000, 0x0000, 0x0000,
    0x0000, 0x0000, 0x0000, 0x0000, 0x0000, 0x0000, 0x0000, 0x0000, 0x0000, 0x0000, 0x0000, 0x0000, 0x0000, 0x0000, 0x0000, 0x0000,
    0x0000, 0x0000, 0x0000, 0x0000, 0x0000, 0x0000, 0x0000, 0x0000, 0x0000, 0x0000, 0x0000, 0x0000, 0x0000, 0x0000, 0x0000, 0x0000,
    0x0000, 0x0000, 0x0000, 0x0000, 0x0000, 0x0000, 0x0000, 0x0000, 0x0000, 0x0000, 0x0000, 0x0000, 0x0000, 0x0000, 0x0000, 0x0000,
    0x0000, 0x0000, 0x0000, 0x0000, 0x0000, 0x0000, 0x0000, 0x0000, 0x0000, 0x0000, 0x0000, 0x0000, 0x0000, 0x0000, 0x0000, 0x0000,
    0x0000, 0x0000, 0x0000, 0x0000, 0x0000, 0x0000, 0x0000, 0x0000, 0x0000, 0x0000, 0x0000, 0x0000, 0x0000, 0x0000, 0x0000, 0x0000,
    0x0000, 0x0000, 0x0000, 0x0000, 0x0000, 0x0000, 0x0000, 0x0000, 0x0000, 0x0000, 0x0000, 0x0000, 0x0000, 0x0000, 0x0000, 0x0000,
    0x0000, 0x0000, 0x0000, 0x0000, 0x0000, 0x0000, 0x0000, 0x0000, 0x0000, 0x0000, 0x0000, 0x0000, 0x0000, 0x0000, 0x0000, 0x0000,
    0x0000, 0x0000, 0x0000, 0x0000, 0x0000, 0x0000, 0x0000, 0x0000, 0x0000, 0x0000, 0x0000, 0x0000, 0x0000, 0x0000, 0x0000, 0x0000,
    0x0000, 0x0000, 0x0000, 0x0000, 0x0000, 0x0000, 0x0000, 0x0000, 0x0000, 0x0000, 0x0000, 0x0000, 0x0000, 0x0000, 0x0000, 0x0000,
    0x0000, 0x0000, 0x0000, 0x0000, 0x0000, 0x0000, 0x0000, 0x0000, 0x0000, 0x0000, 0x0000, 0x0000, 0x0000, 0x0000, 0x0000, 0x0000,
    0x0000, 0x0000, 0x0000, 0x0000, 0x0000, 0x0000, 0x0000, 0x0000, 0x0000, 0x0000, 0x0000, 0x0000, 0x0000, 0x0000, 0x0000, 0x0000,
    0x0000, 0x0000, 0x0000, 0x0000, 0x0000, 0x0000, 0x0000, 0x0000, 0x0000, 0x0000, 0x0000, 0x0000, 0x0000, 0x0000, 0x0000, 0x0000,
    0x0000, 0x0000, 0x0000, 0x0000, 0x0000, 0x0000, 0x0000, 0x0000, 0x0000, 0x0000, 0x0000, 0x0000, 0x0000, 0x0000, 0x0000, 0x0000,
    0x0000, 0x0000, 0x0000, 0x0000, 0x0000, 0x0000, 0x0000, 0x0000, 0x0000, 0x0000, 0x0000, 0x0000, 0x0000, 0x0000, 0x0000, 0x0000,
    0x0000, 0x0000, 0x0000, 0x0000, 0x0000, 0x0000, 0x0000, 0x0000, 0x0000, 0x0000, 0x0000, 0x0000, 0x0000, 0x0000, 0x0000, 0x0000,
    0x0000, 0x0000, 0x0000, 0x0000, 0x0000, 0x0000, 0x0000, 0x0000, 0x0000, 0x0000, 0x0000, 0x0000, 0x0000, 0x0000, 0x0000, 0x0000,
    0x0000, 0x0000, 0x0000, 0x0000, 0x0000, 0x0000, 0x0000, 0x0000, 0x0000, 0x0000, 0x0000, 0x0000, 0x0000, 0x0000, 0x0000, 0x0000,
    0x0000, 0x0000, 0x0000, 0x0000, 0x0000, 0x0000, 0x0000, 0x0000, 0x0000, 0x0000, 0x0000, 0x0000, 0x0000, 0x0000, 0x0000, 0x0000,
    0x0000, 0x0000, 0x0000, 0x0000, 0x0000, 0x0000, 0x0000, 0x0000, 0x0000, 0x0000, 0x0000, 0x0000, 0x0000, 0x0000, 0x0000, 0x0000,
    0x0000, 0x0000, 0x0000, 0x0000, 0x0000, 0x0000, 0x0000, 0x0000, 0x0000, 0x0000, 0x0000, 0x0000, 0x0000, 0x0000, 0x0000, 0x0000,
    0x0000, 0x0000, 0x0000, 0x0000, 0x0000, 0x0000, 0x0000, 0x0000, 0x0000, 0x0000, 0x0000, 0x0000, 0x0000, 0x0000, 0x0000, 0x0000,
    0x0000, 0x0000, 0x0000, 0x0000, 0x0000, 0x0000, 0x0000, 0x0000, 0x0000, 0x0000, 0x0000, 0x0000, 0x0000, 0x0000, 0x0000, 0x0000,
    0x0000, 0x0000, 0x0000, 0x0000, 0x0000, 0x0000, 0x0000, 0x0000, 0x0000, 0x0000, 0x0000, 0x0000, 0x0000, 0x0000, 0x0000, 0x0000,
    0x0000, 0x0000, 0x0000, 0x0000, 0x0000, 0x0000, 0x0000, 0x0000, 0x0000, 0x0000, 0x0000, 0x0000, 0x0000, 0x0000, 0x0000, 0x0000,
    0x0000, 0x0000, 0x0000, 0x0000, 0x0000, 0x0000, 0x0000, 0x0000, 0x0000, 0x0000, 0x0000, 0x0000, 0x0000, 0x0000, 0x0000, 0x0000,
    0x0000, 0x0000, 0x0000, 0x0000, 0x0000, 0x0000, 0x0000, 0x0000, 0x0000, 0x0000, 0x0000, 0x0000, 0x0000, 0x0000, 0x0000, 0x0000,
    0x0000, 0x0000, 0x0000, 0x0000, 0x0000, 0x0000, 0x0000, 0x0000, 0x0000, 0x0000, 0x0000, 0x0000, 0x0000, 0x0000, 0x0000, 0x0000,
    0x0000, 0x0000, 0x0000, 0x0000, 0x0000, 0x0000, 0x0000, 0x0000, 0x0000, 0x0000, 0x0000, 0x0000, 0x0000, 0x0000, 0x0000, 0x0000,
    0x0000, 0x0000, 0x0000, 0x0000, 0x0000, 0x0000, 0x0000, 0x0000, 0x0000, 0x0000, 0x0000, 0x0000, 0x0000, 0x0000, 0x0000, 0x0000,
    0x0000, 0x0000, 0x0000, 0x0000, 0x0000, 0x0000, 0x0000, 0x0000, 0x0000, 0x0000, 0x0000, 0x0000, 0x0000, 0x0000, 0x0000, 0x0000,
    0x0000, 0x0000, 0x0000, 0x0000, 0x0000, 0x0000, 0x0000, 0x0000, 0x0000, 0x0000, 0x0000, 0x0000, 0x0000, 0x0000, 0x0000, 0x0000,
    0x0000, 0x0000, 0x0000, 0x0000, 0x0000, 0x0000, 0x0000, 0x0000, 0x0000, 0x0000, 0x0000, 0x0000, 0x0000, 0x0000, 0x0000, 0x0000,
    0x0000, 0x0000, 0x0000, 0x0000, 0x0000, 0x0000, 0x0000, 0x0000, 0x0000, 0x0000, 0x0000, 0x0000, 0x0000, 0x0000, 0x0000, 0x0000,
    0x0000, 0x0000, 0x0000, 0x0000, 0x0000, 0x0000, 0x0000, 0x0000, 0x0000, 0x0000, 0x0000, 0x0000, 0x0000, 0x0000, 0x0000, 0x0000,
    0x0000, 0x0000, 0x0000, 0x0000, 0x0000, 0x0000, 0x0000, 0x0000, 0x0000, 0x0000, 0x0000, 0x0000, 0x0000, 0x0000, 0x0000, 0x0000,
    0x0000, 0x0000, 0x0000, 0x0000, 0x0000, 0x0000, 0x0000, 0x0000, 0x0000, 0x0000, 0x0000, 0x0000, 0x0000, 0x0000, 0x0000, 0x0000,
    0x0000, 0x0000, 0x0000, 0x0000, 0x0000, 0x0000, 0x0000, 0x0000, 0x0000, 0x0000, 0x0000, 0x0000, 0x0000, 0x0000, 0x0000, 0x0000,
    0x0000, 0x0000, 0x0000, 0x0000, 0x0000, 0x0000, 0x0000, 0x0000, 0x0000, 0x0000, 0x0000, 0x0000, 0x0000, 0x0000, 0x0000, 0x0000,
    0x0000, 0x0000, 0x0000, 0x0000, 0x0000, 0x0000, 0x0000, 0x0000, 0x0000, 0x0000, 0x0000, 0x0000, 0x0000, 0x0000, 0x0000, 0x0000,
    0x0000, 0x0000, 0x0000, 0x0000, 0x0000, 0x0000, 0x0000, 0x0000, 0x0000, 0x0000, 0x0000, 0x0000, 0x0000, 0x0000, 0x0000, 0x0000,
    0x0000, 0x0000, 0x0000, 0x0000, 0x0000, 0x0000, 0x0000, 0x0000, 0x0000, 0x0000, 0x0000, 0x0000, 0x0000, 0x0000, 0x0000, 0x0000,
    0x0000, 0x0000, 0x0000, 0x0000, 0x0000, 0x0000, 0x0000, 0x0000, 0x0000, 0x0000, 0x0000, 0x0000, 0x0000, 0x0000, 0x0000, 0x0000,
    0x0000, 0x0000, 0x0000, 0x0000, 0x0000, 0x0000, 0x0000, 0x0000, 0x0000, 0x0000, 0x0000, 0x0000, 0x0000, 0x0000, 0x0000, 0x0000,
    0x0000, 0x0000, 0x0000, 0x0000, 0x0000, 0x0000, 0x0000, 0x0000, 0x0000, 0x0000, 0x0000, 0x0000, 0x0000, 0x0000, 0x0000, 0x0000,
    0x0000, 0x0000, 0x0000, 0x0000, 0x0000, 0x0000, 0x0000, 0x0000, 0x0000, 0x0000, 0x0000, 0x0000, 0x0000, 0x0000, 0x0000, 0x0000,
    0x0000, 0x0000, 0x0000, 0x0000, 0x0000, 0x0000, 0x0000, 0x0000, 0x0000, 0x0000, 0x0000, 0x0000, 0x0000, 0x0000, 0x0000, 0x0000,
    0x0000, 0x0000, 0x0000, 0x0000, 0x0000, 0x0000, 0x0000, 0x0000, 0x0000, 0x0000, 0x0000, 0x0000, 0x0000, 0x0000, 0x0000, 0x0000,
    0x0000, 0x0000, 0x0000, 0x0000, 0x0000, 0x0000, 0x0000, 0x0000, 0x0000, 0x0000, 0x0000, 0x0000, 0x0000, 0x0000, 0x0000, 0x0000,
    0x0000, 0x0000, 0x0000, 0x0000, 0x0000, 0x0000, 0x0000, 0x0000, 0x0000, 0x0000, 0x0000, 0x0000, 0x0000, 0x0000, 0x0000, 0x0000,
    0x0000, 0x0000, 0x0000, 0x0000, 0x0000, 0x0000, 0x0000, 0x0000, 0x0000, 0x0000, 0x0000, 0x0000, 0x0000, 0x0000, 0x0000, 0x0000,
    0x0000, 0x0000, 0x0000, 0x0000, 0x0000, 0x0000, 0x0000, 0x0000, 0x0000, 0x0000, 0x0000, 0x0000, 0x0000, 0x0000, 0x0000, 0x0000,
    0x0000, 0x0000, 0x0000, 0x0000, 0x0000, 0x0000, 0x0000, 0x0000, 0x0000, 0x0000, 0x0000, 0x0000, 0x0000, 0x0000, 0x0000, 0x0000,
    0x0000, 0x0000, 0x0000, 0x0000, 0x0000, 0x0000, 0x0000, 0x0000, 0x0000, 0x0000, 0x0000, 0x0000, 0x0000, 0x0000, 0x0000, 0x0000,
    0x0000, 0x0000, 0x0000, 0x0000, 0x0000, 0x0000, 0x0000, 0x0000, 0x0000, 0x0000, 0x0000, 0x0000, 0x0000, 0x0000, 0x0000, 0x0000,
    0x0000, 0x0000, 0x0000, 0x0000, 0x0000, 0x0000, 0x0000, 0x0000, 0x0000, 0x0000, 0x0000, 0x0000, 0x0000, 0x0000, 0x0000, 0x0000,
    0x0000, 0x0000, 0x0000, 0x0000, 0x0000, 0x0000, 0x0000, 0x0000, 0x0000, 0x0000, 0x0000, 0x0000, 0x0000, 0x0000, 0x0000, 0x0000,
    0x0000, 0x0000, 0x0000, 0x0000, 0x0000, 0x0000, 0x0000, 0x0000, 0x0000, 0x0000, 0x0000, 0x0000, 0x0000, 0x0000, 0x0000, 0x0000,
    0x0000, 0x0000, 0x0000, 0x0000, 0x0000, 0x0000, 0x0000, 0x0000, 0x0000, 0x0000, 0x0000, 0x0000, 0x0000, 0x0000, 0x0000, 0x0000,
    0x0000, 0x0000, 0x0000, 0x0000, 0x0000, 0x0000, 0x0000, 0x0000, 0x0000, 0x0000, 0x0000, 0x0000, 0x0000, 0x0000, 0x0000, 0x0000,
    0x0000, 0x0000, 0x0000, 0x0000, 0x0000, 0x0000, 0x0000, 0x0000, 0x0000, 0x0000, 0x0000, 0x0000, 0x0000, 0x0000, 0x0000, 0x0000,
    0x0000, 0x0000, 0x0000, 0x0000, 0x0000, 0x0000, 0x0000, 0x0000, 0x0000, 0x0000, 0x0000, 0x0000, 0x0000, 0x0000, 0x0000, 0x0000,
    0x0000, 0x0000, 0x0000, 0x0000, 0x0000, 0x0000, 0x0000, 0x0000, 0x0000, 0x0000, 0x0000, 0x0000, 0x0000, 0x0000, 0x0000, 0x0000,
    0x0000, 0x0000, 0x0000, 0x0000, 0x0000, 0x0000, 0x0000, 0x0000, 0x0000, 0x0000, 0x0000, 0x0000, 0x0000, 0x0000, 0x0000, 0x0000,
    0x0000, 0x0000, 0x0000, 0x0000, 0x0000, 0x0000, 0x0000, 0x0000, 0x0000, 0x0000, 0x0000, 0x0000, 0x0000, 0x0000, 0x0000, 0x0000,
    0x0000, 0x0000, 0x0000, 0x0000, 0x0000, 0x0000, 0x0000, 0x0000, 0x0000, 0x0000, 0x0000, 0x0000, 0x0000, 0x0000, 0x0000, 0x0000,
    0x0000, 0x0000, 0x0000, 0x0000, 0x0000, 0x0000, 0x0000, 0x0000, 0x0000, 0x0000, 0x0000, 0x0000, 0x0000, 0x0000, 0x0000, 0x0000,
    0x0000, 0x0000, 0x0000, 0x0000, 0x0000, 0x0000, 0x0000, 0x0000, 0x0000, 0x0000, 0x0000, 0x0000, 0x0000, 0x0000, 0x0000, 0x0000,
    0x0000, 0x0000, 0x0000, 0x0000, 0x0000, 0x0000, 0x0000, 0x0000, 0x0000, 0x0000, 0x0000, 0x0000, 0x0000, 0x0000, 0x0000, 0x0000,
    0x0000, 0x0000, 0x0000, 0x0000, 0x0000, 0x0000, 0x0000, 0x0000, 0x0000, 0x0000, 0x0000, 0x0000, 0x0000, 0x0000, 0x0000, 0x0000,
    0x0000, 0x0000, 0x0000, 0x0000, 0x0000, 0x0000, 0x0000, 0x0000, 0x0000, 0x0000, 0x0000, 0x0000, 0x0000, 0x0000, 0x0000, 0x0000,
    0x0000, 0x0000, 0x0000, 0x0000, 0x0000, 0x0000, 0x0000, 0x0000, 0x0000, 0x0000, 0x0000, 0x0000, 0x0000, 0x0000, 0x0000, 0x0000,
    0x0000, 0x0000, 0x0000, 0x0000, 0x0000, 0x0000, 0x0000, 0x0000, 0x0000, 0x0000, 0x0000, 0x0000, 0x0000, 0x0000, 0x0000, 0x0000,
    0x0000, 0x0000, 0x0000, 0x0000, 0x0000, 0x0000, 0x0000, 0x0000, 0x0000, 0x0000, 0x0000, 0x0000, 0x0000, 0x0000, 0x0000, 0x0000,
    0x0000, 0x0000, 0x0000, 0x0000, 0x0000, 0x0000, 0x0000, 0x0000, 0x0000, 0x0000, 0x0000, 0x0000, 0x0000, 0x0000, 0x0000, 0x0000,
    0x0000, 0x0000, 0x0000, 0x0000, 0x0000, 0x0000, 0x0000, 0x0000, 0x0000, 0x0000, 0x0000, 0x0000, 0x0000, 0x0000, 0x0000, 0x0000,
    0x0000, 0x0000, 0x0000, 0x0000, 0x0000, 0x0000, 0x0000, 0x0000, 0x0000, 0x0000, 0x0000, 0x0000, 0x0000, 0x0000, 0x0000, 0x0000,
    0x0000, 0x0000, 0x0000, 0x0000, 0x0000, 0x0000, 0x0000, 0x0000, 0x0000, 0x0000, 0x0000, 0x0000, 0x0000, 0x0000, 0x0000, 0x0000,
    0x0000, 0x0000, 0x0000, 0x0000, 0x0000, 0x0000, 0x0000, 0x0000, 0x0000, 0x0000, 0x0000, 0x0000, 0x0000, 0x0000, 0x0000, 0x0000,
    0x0000, 0x0000, 0x0000, 0x0000, 0x0000, 0x0000, 0x0000, 0x0000, 0x0000, 0x0000, 0x0000, 0x0000, 0x0000, 0x0000, 0x0000, 0x0000,
    0x0000, 0x0000, 0x0000, 0x0000, 0x0000, 0x0000, 0x0000, 0x0000, 0x0000, 0x0000, 0x0000, 0x0000, 0x0000, 0x0000, 0x0000, 0x0000,
    0x0000, 0x0000, 0x0000, 0x0000, 0x0000, 0x0000, 0x0000, 0x0000, 0x0000, 0x0000, 0x0000, 0x0000, 0x0000, 0x0000, 0x0000, 0x0000,
    0x0000, 0x0000, 0x0000, 0x0000, 0x0000, 0x0000, 0x0000, 0x0000, 0x0000, 0x0000, 0x0000, 0x0000, 0x0000, 0x0000, 0x0000, 0x0000,
    0x0000, 0x0000, 0x0000, 0x0000, 0x0000, 0x0000, 0x0000, 0x0000, 0x0000, 0x0000, 0x0000, 0x0000, 0x0000, 0x0000, 0x0000, 0x0000,
    0x0000, 0x0000, 0x0000, 0x0000, 0x0000, 0x0000, 0x0000, 0x0000, 0x0000, 0x0000, 0x0000, 0x0000, 0x0000, 0x0000, 0x0000, 0x0000,
    0x0000, 0x0000, 0x0000, 0x0000, 0x0000, 0x0000, 0x0000, 0x0000, 0x0000, 0x0000, 0x0000, 0x0000, 0x0000, 0x0000, 0x0000, 0x0000,
    0x0000, 0x0000, 0x0000, 0x0000, 0x0000, 0x0000, 0x0000, 0x0000, 0x0000, 0x0000, 0x0000, 0x0000, 0x0000, 0x0000, 0x0000, 0x0000,
    0x0000, 0x0000, 0x0000, 0x0000, 0x0000, 0x0000, 0x0000, 0x0000, 0x0000, 0x0000, 0x0000, 0x0000, 0x0000, 0x0000, 0x0000, 0x0000,
    0x0000, 0x0000, 0x0000, 0x0000, 0x0000, 0x0000, 0x0000, 0x0000, 0x0000, 0x0000, 0x0000, 0x0000, 0x0000, 0x0000, 0x0000, 0x0000,
    0x0000, 0x0000, 0x0000, 0x0000, 0x0000, 0x0000, 0x0000, 0x0000, 0x0000, 0x0000, 0x0000, 0x0000, 0x0000, 0x0000, 0x0000, 0x0000,
    0x0000, 0x0000, 0x0000, 0x0000, 0x0000, 0x0000, 0x0000, 0x0000, 0x0000, 0x0000, 0x0000, 0x0000, 0x0000, 0x0000, 0x0000, 0x0000,
    0x0000, 0x0000, 0x0000, 0x0000, 0x0000, 0x0000, 0x0000, 0x0000, 0x0000, 0x0000, 0x0000, 0x0000, 0x0000, 0x0000, 0x0000, 0x0000,
    0x0000, 0x0000, 0x0000, 0x0000, 0x0000, 0x0000, 0x0000, 0x0000, 0x0000, 0x0000, 0x0000, 0x0000, 0x0000, 0x0000, 0x0000, 0x0000,
    0x0000, 0x0000, 0x0000, 0x0000, 0x0000, 0x0000, 0x0000, 0x0000, 0x0000, 0x0000, 0x0000, 0x0000, 0x0000, 0x0000, 0x0000, 0x0000,
    0x0000, 0x0000, 0x0000, 0x0000, 0x0000, 0x0000, 0x0000, 0x0000, 0x0000, 0x0000, 0x0000, 0x0000, 0x0000, 0x0000, 0x0000, 0x0000,
    0x0000, 0x0000, 0x0000, 0x0000, 0x0000, 0x0000, 0x0000, 0x0000, 0x0000, 0x0000, 0x0000, 0x0000, 0x0000, 0x0000, 0x0000, 0x0000,
    0x0000, 0x0000, 0x0000, 0x0000, 0x0000, 0x0000, 0x0000, 0x0000, 0x0000, 0x0000, 0x0000, 0x0000, 0x0000, 0x0000, 0x0000, 0x0000,
    0x0000, 0x0000, 0x0000, 0x0000, 0x0000, 0x0000, 0x0000, 0x0000, 0x0000, 0x0000, 0x0000, 0x0000, 0x0000, 0x0000, 0x0000, 0x0000,
    0x0000, 0x0000, 0x0000, 0x0000, 0x0000, 0x0000, 0x0000, 0x0000, 0x0000, 0x0000, 0x0000, 0x0000, 0x0000, 0x0000, 0x0000, 0x0000,
    0x0000, 0x0000, 0x0000, 0x0000, 0x0000, 0x0000, 0x0000, 0x0000, 0x0000, 0x0000, 0x0000, 0x0000, 0x0000, 0x0000, 0x0000, 0x0000,
    0x0000, 0x0000, 0x0000, 0x0000, 0x0000, 0x0000, 0x0000, 0x0000, 0x0000, 0x0000, 0x0000, 0x0000, 0x0000, 0x0000, 0x0000, 0x0000,
    0x0000, 0x0000, 0x0000, 0x0000, 0x0000, 0x0000, 0x0000, 0x0000, 0x0000, 0x0000, 0x0000, 0x0000, 0x0000, 0x0000, 0x0000, 0x0000,
    0x0000, 0x0000, 0x0000, 0x0000, 0x0000, 0x0000, 0x0000, 0x0000, 0x0000, 0x0000, 0x0000, 0x0000, 0x0000, 0x0000, 0x0000, 0x0000,
    0x0000, 0x0000, 0x0000, 0x0000, 0x0000, 0x0000, 0x0000, 0x0000, 0x0000, 0x0000, 0x0000, 0x0000, 0x0000, 0x0000, 0x0000, 0x0000,
    0x0000, 0x0000, 0x0000, 0x0000, 0x0000, 0x0000, 0x0000, 0x0000, 0x0000, 0x0000, 0x0000, 0x0000, 0x0000, 0x0000, 0x0000, 0x0000,
    0x0000, 0x0000, 0x0000, 0x0000, 0x0000, 0x0000, 0x0000, 0x0000, 0x0000, 0x0000, 0x0000, 0x0000, 0x0000, 0x0000, 0x0000, 0x0000,
    0x0000, 0x0000, 0x0000, 0x0000, 0x0000, 0x0000, 0x0000, 0x0000, 0x0000, 0x0000, 0x0000, 0x0000, 0x0000, 0x0000, 0x0000, 0x0000,
    0x0000, 0x0000, 0x0000, 0x0000, 0x0000, 0x0000, 0x0000, 0x0000, 0x0000, 0x0000, 0x0000, 0x0000, 0x0000, 0x0000, 0x0000, 0x0000,
    0x0000, 0x0000, 0x0000, 0x0000, 0x0000, 0x0000, 0x0000, 0x0000, 0x0000, 0x0000, 0x0000, 0x0000, 0x0000, 0x0000, 0x0000, 0x0000,
    0x0000, 0x0000, 0x0000, 0x0000, 0x0000, 0x0000, 0x0000, 0x0000, 0x0000, 0x0000, 0x0000, 0x0000, 0x0000, 0x0000, 0x0000, 0x0000,
    0x0000, 0x0000, 0x0000, 0x0000, 0x0000, 0x0000, 0x0000, 0x0000, 0x0000, 0x0000, 0x0000, 0x0000, 0x0000, 0x0000, 0x0000, 0x0000,
    0x0000, 0x0000, 0x0000, 0x0000, 0x0000, 0x0000, 0x0000, 0x0000, 0x0000, 0x0000, 0x0000, 0x0000, 0x0000, 0x0000, 0x0000, 0x0000,
    0x0000, 0x0000, 0x0000, 0x0000, 0x0000, 0x0000, 0x0000, 0x0000, 0x0000, 0x0000, 0x0000, 0x0000, 0x0000, 0x0000, 0x0000, 0x0000,
    0x0000, 0x0000, 0x0000, 0x0000, 0x0000, 0x0000, 0x0000, 0x0000, 0x0000, 0x0000, 0x0000, 0x0000, 0x0000, 0x0000, 0x0000, 0x0000,
    0x0000, 0x0000, 0x0000, 0x0000, 0x0000, 0x0000, 0x0000, 0x0000, 0x0000, 0x0000, 0x0000, 0x0000, 0x0000, 0x0000, 0x0000, 0x0000,
    0x0000, 0x0000, 0x0000, 0x0000, 0x0000, 0x0000, 0x0000, 0x0000, 0x0000, 0x0000, 0x0000, 0x0000, 0x0000, 0x0000, 0x0000, 0x0000,
    0x0000, 0x0000, 0x0000, 0x0000, 0x0000, 0x0000, 0x0000, 0x0000, 0x0000, 0x0000, 0x0000, 0x0000, 0x0000, 0x0000, 0x0000, 0x0000,
    0x0000, 0x0000, 0x0000, 0x0000, 0x0000, 0x0000, 0x0000, 0x0000, 0x0000, 0x0000, 0x0000, 0x0000, 0x0000, 0x0000, 0x0000, 0x0000,
    0x0000, 0x0000, 0x0000, 0x0000, 0x0000, 0x0000, 0x0000, 0x0000, 0x0000, 0x0000, 0x0000, 0x0000, 0x0000, 0x0000, 0x0000, 0x0000,
    0x0000, 0x0000, 0x0000, 0x0000, 0x0000, 0x0000, 0x0000, 0x0000, 0x0000, 0x0000, 0x0000, 0x0000, 0x0000, 0x0000, 0x0000, 0x0000,
    0x0000, 0x0000, 0x0000, 0x0000, 0x0000, 0x0000, 0x0000, 0x0000, 0x0000, 0x0000, 0x0000, 0x0000, 0x0000, 0x0000, 0x0000, 0x0000,
    0x0000, 0x0000, 0x0000, 0x0000, 0x0000, 0x0000, 0x0000, 0x0000, 0x0000, 0x0000, 0x0000, 0x0000, 0x0000, 0x0000, 0x0000, 0x0000,
    0x0000, 0x0000, 0x0000, 0x0000, 0x0000, 0x0000, 0x0000, 0x0000, 0x0000, 0x0000, 0x0000, 0x0000, 0x0000, 0x0000, 0x0000, 0x0000,
    0x0000, 0x0000, 0x0000, 0x0000, 0x0000, 0x0000, 0x0000, 0x0000, 0x0000, 0x0000, 0x0000, 0x0000, 0x0000, 0x0000, 0x0000, 0x0000,
    0x0000, 0x0000, 0x0000, 0x0000, 0x0000, 0x0000, 0x0000, 0x0000, 0x0000, 0x0000, 0x0000, 0x0000, 0x0000, 0x0000, 0x0000, 0x0000,
    0x0000, 0x0000, 0x0000, 0x0000, 0x0000, 0x0000, 0x0000, 0x0000, 0x0000, 0x0000, 0x0000, 0x0000, 0x0000, 0x0000, 0x0000, 0x0000,
    0x0000, 0x0000, 0x0000, 0x0000, 0x0000, 0x0000, 0x0000, 0x0000, 0x0000, 0x0000, 0x0000, 0x0000, 0x0000, 0x0000, 0x0000, 0x0000,
    0x0000, 0x0000, 0x0000, 0x0000, 0x0000, 0x0000, 0x0000, 0x0000, 0x0000, 0x0000, 0x0000, 0x0000, 0x0000, 0x0000, 0x0000, 0x0000,
    0x0000, 0x0000, 0x0000, 0x0000, 0x0000, 0x0000, 0x0000, 0x0000, 0x0000, 0x0000, 0x0000, 0x0000, 0x0000, 0x0000, 0x0000, 0x0000,
    0x0000, 0x0000, 0x0000, 0x0000, 0x0000, 0x0000, 0x0000, 0x0000, 0x0000, 0x0000, 0x0000, 0x0000, 0x0000, 0x0000, 0x0000, 0x0000,
    0x0000, 0x0000, 0x0000, 0x0000, 0x0000, 0x0000, 0x0000, 0x0000, 0x0000, 0x0000, 0x0000, 0x0000, 0x0000, 0x0000, 0x0000, 0x0000,
    0x0000, 0x0000, 0x0000, 0x0000, 0x0000, 0x0000, 0x0000, 0x0000, 0x0000, 0x0000, 0x0000, 0x0000, 0x0000, 0x0000, 0x0000, 0x0000,
    0x0000, 0x0000, 0x0000, 0x0000, 0x0000, 0x0000, 0x0000, 0x0000, 0x0000, 0x0000, 0x0000, 0x0000, 0x0000, 0x0000, 0x0000, 0x0000,
    0x0000, 0x0000, 0x0000, 0x0000, 0x0000, 0x0000, 0x0000, 0x0000, 0x0000, 0x0000, 0x0000, 0x0000, 0x0000, 0x0000, 0x0000, 0x0000,
    0x0000, 0x0000, 0x0000, 0x0000, 0x0000, 0x0000, 0x0000, 0x0000, 0x0000, 0x0000, 0x0000, 0x0000, 0x0000, 0x0000, 0x0000, 0x0000,
    0x0000, 0x0000, 0x0000, 0x0000, 0x0000, 0x0000, 0x0000, 0x0000, 0x0000, 0x0000, 0x0000, 0x0000, 0x0000, 0x0000, 0x0000, 0x0000,
    0x0000, 0x0000, 0x0000, 0x0000, 0x0000, 0x0000, 0x0000, 0x0000, 0x0000, 0x0000, 0x0000, 0x0000, 0x0000, 0x0000, 0x0000, 0x0000,
    0x0000, 0x0000, 0x0000, 0x0000, 0x0000, 0x0000, 0x0000, 0x0000, 0x0000, 0x0000, 0x0000, 0x0000, 0x0000, 0x0000, 0x0000, 0x0000,
    0x0000, 0x0000, 0x0000, 0x0000, 0x0000, 0x0000, 0x0000, 0x0000, 0x0000, 0x0000, 0x0000, 0x0000, 0x0000, 0x0000, 0x0000, 0x0000,
    0x0000, 0x0000, 0x0000, 0x0000, 0x0000, 0x0000, 0x0000, 0x0000, 0x0000, 0x0000, 0x0000, 0x0000, 0x0000, 0x0000, 0x0000, 0x0000,
    0x0000, 0x0000, 0x0000, 0x0000, 0x0000, 0x0000, 0x0000, 0x0000, 0x0000, 0x0000, 0x0000, 0x0000, 0x0000, 0x0000, 0x0000, 0x0000,
    0x0000, 0x0000, 0x0000, 0x0000, 0x0000, 0x0000, 0x0000, 0x0000, 0x0000, 0x0000, 0x0000, 0x0000, 0x0000, 0x0000, 0x0000, 0x0000,
    0x0000, 0x0000, 0x0000, 0x0000, 0x0000, 0x0000, 0x0000, 0x0000, 0x0000, 0x0000, 0x0000, 0x0000, 0x0000, 0x0000, 0x0000, 0x0000,
    0x0000, 0x0000, 0x0000, 0x0000, 0x0000, 0x0000, 0x0000, 0x0000, 0x0000, 0x0000, 0x0000, 0x0000, 0x0000, 0x0000, 0x0000, 0x0000,
    0x0000, 0x0000, 0x0000, 0x0000, 0x0000, 0x0000, 0x0000, 0x0000, 0x0000, 0x0000, 0x0000, 0x0000, 0x0000, 0x0000, 0x0000, 0x0000,
    0x0000, 0x0000, 0x0000, 0x0000, 0x0000, 0x0000, 0x0000, 0x0000, 0x0000, 0x0000, 0x0000, 0x0000, 0x0000, 0x0000, 0x0000, 0x0000,
    0x0000, 0x0000, 0x0000, 0x0000, 0x0000, 0x0000, 0x0000, 0x0000, 0x0000, 0x0000, 0x0000, 0x0000, 0x0000, 0x0000, 0x0000, 0x0000,
    0x0000, 0x0000, 0x0000, 0x0000, 0x0000, 0x0000, 0x0000, 0x0000, 0x0000, 0x0000, 0x0000, 0x0000, 0x0000, 0x0000, 0x0000, 0x0000,
    0x0000, 0x0000, 0x0000, 0x0000, 0x0000, 0x0000, 0x0000, 0x0000, 0x0000, 0x0000, 0x0000, 0x0000, 0x0000, 0x0000, 0x0000, 0x0000,
    0x0000, 0x0000, 0x0000, 0x0000, 0x0000, 0x0000, 0x0000, 0x0000, 0x0000, 0x0000, 0x0000, 0x0000, 0x0000, 0x0000, 0x0000, 0x0000,
    0x0000, 0x0000, 0x0000, 0x0000, 0x0000, 0x0000, 0x0000, 0x0000, 0x0000, 0x0000, 0x0000, 0x0000, 0x0000, 0x0000, 0x0000, 0x0000,
    0x0000, 0x0000, 0x0000, 0x0000, 0x0000, 0x0000, 0x0000, 0x0000, 0x0000, 0x0000, 0x0000, 0x0000, 0x0000, 0x0000, 0x0000, 0x0000,
    0x0000, 0x0000, 0x0000, 0x0000, 0x0000, 0x0000, 0x0000, 0x0000, 0x0000, 0x0000, 0x0000, 0x0000, 0x0000, 0x0000, 0x0000, 0x0000,
    0x0000, 0x0000, 0x0000, 0x0000, 0x0000, 0x0000, 0x0000, 0x0000, 0x0000, 0x0000, 0x0000, 0x0000, 0x0000, 0x0000, 0x0000, 0x0000,
    0x0000, 0x0000, 0x0000, 0x0000, 0x0000, 0x0000, 0x0000, 0x0000, 0x0000, 0x0000, 0x0000, 0x0000, 0x0000, 0x0000, 0x0000, 0x0000,
    0x0000, 0x0000, 0x0000, 0x0000, 0x0000, 0x0000, 0x0000, 0x0000, 0x0000, 0x0000, 0x0000, 0x0000, 0x0000, 0x0000, 0x0000, 0x0000,
    0x0000, 0x0000, 0x0000, 0x0000, 0x0000, 0x0000, 0x0000, 0x0000, 0x0000, 0x0000, 0x0000, 0x0000, 0x0000, 0x0000, 0x0000, 0x0000,
    0x0000, 0x0000, 0x0000, 0x0000, 0x0000, 0x0000, 0x0000, 0x0000, 0x0000, 0x0000, 0x0000, 0x0000, 0x0000, 0x0000, 0x0000, 0x0000,
    0x0000, 0x0000, 0x0000, 0x0000, 0x0000, 0x0000, 0x0000, 0x0000, 0x0000, 0x0000, 0x0000, 0x0000, 0x0000, 0x0000, 0x0000, 0x0000,
    0x0000, 0x0000, 0x0000, 0x0000, 0x0000, 0x0000, 0x0000, 0x0000, 0x0000, 0x0000, 0x0000, 0x0000, 0x0000, 0x0000, 0x0000, 0x0000,
    0x0000, 0x0000, 0x0000, 0x0000, 0x0000, 0x0000, 0x0000, 0x0000, 0x0000, 0x0000, 0x0000, 0x0000, 0x0000, 0x0000, 0x0000, 0x0000,
    0x0000, 0x0000, 0x0000, 0x0000, 0x0000, 0x0000, 0x0000, 0x0000, 0x0000, 0x0000, 0x0000, 0x0000, 0x0000, 0x0000, 0x0000, 0x0000,
    0x0000, 0x0000, 0x0000, 0x0000, 0x0000, 0x0000, 0x0000, 0x0000, 0x0000, 0x0000, 0x0000, 0x0000, 0x0000, 0x0000, 0x0000, 0x0000,
    0x0000, 0x0000, 0x0000, 0x0000, 0x0000, 0x0000, 0x0000, 0x0000, 0x0000, 0x0000, 0x0000, 0x0000, 0x0000, 0x0000, 0x0000, 0x0000,
    0x0000, 0x0000, 0x0000, 0x0000, 0x0000, 0x0000, 0x0000, 0x0000, 0x0000, 0x0000, 0x0000, 0x0000, 0x0000, 0x0000, 0x0000, 0x0000,
    0x0000, 0x0000, 0x0000, 0x0000, 0x0000, 0x0000, 0x0000, 0x0000, 0x0000, 0x0000, 0x0000, 0x0000, 0x0000, 0x0000, 0x0000, 0x0000,
    0x0000, 0x0000, 0x0000, 0x0000, 0x0000, 0x0000, 0x0000, 0x0000, 0x0000, 0x0000, 0x0000, 0x0000, 0x0000, 0x0000, 0x0000, 0x0000,
    0x0000, 0x0000, 0x0000, 0x0000, 0x0000, 0x0000, 0x0000, 0x0000, 0x0000, 0x0000, 0x0000, 0x0000, 0x0000, 0x0000, 0x0000, 0x0000,
    0x0000, 0x0000, 0x0000, 0x0000, 0x0000, 0x0000, 0x0000, 0x0000, 0x0000, 0x0000, 0x0000, 0x0000, 0x0000, 0x0000, 0x0000, 0x0000,
    0x0000, 0x0000, 0x0000, 0x0000, 0x0000, 0x0000, 0x0000, 0x0000, 0x0000, 0x0000, 0x0000, 0x0000, 0x0000, 0x0000, 0x0000, 0x0000,
    0x0000, 0x0000, 0x0000, 0x0000, 0x0000, 0x0000, 0x0000, 0x0000, 0x0000, 0x0000, 0x0000, 0x0000, 0x0000, 0x0000, 0x0000, 0x0000,
    0x0000, 0x0000, 0x0000, 0x0000, 0x0000, 0x0000, 0x0000, 0x0000, 0x0000, 0x0000, 0x0000, 0x0000, 0x0000, 0x0000, 0x0000, 0x0000,
    0x0000, 0x0000, 0x0000, 0x0000, 0x0000, 0x0000, 0x0000, 0x0000, 0x0000, 0x0000, 0x0000, 0x0000, 0x0000, 0x0000, 0x0000, 0x0000,
    0x0000, 0x0000, 0x0000, 0x0000, 0x0000, 0x0000, 0x0000, 0x0000, 0x0000, 0x0000, 0x0000, 0x0000, 0x0000, 0x0000, 0x0000, 0x0000,
    0x0000, 0x0000, 0x0000, 0x0000, 0x0000, 0x0000, 0x0000, 0x0000, 0x0000, 0x0000, 0x0000, 0x0000, 0x0000, 0x0000, 0x0000, 0x0000,
    0x0000, 0x0000, 0x0000, 0x0000, 0x0000, 0x0000, 0x0000, 0x0000, 0x0000, 0x0000, 0x0000, 0x0000, 0x0000, 0x0000, 0x0000, 0x0000,
    0x0000, 0x0000, 0x0000, 0x0000, 0x0000, 0x0000, 0x0000, 0x0000, 0x0000, 0x0000, 0x0000, 0x0000, 0x0000, 0x0000, 0x0000, 0x0000,
    0x0000, 0x0000, 0x0000, 0x0000, 0x0000, 0x0000, 0x0000, 0x0000, 0x0000, 0x0000, 0x0000, 0x0000, 0x0000, 0x0000, 0x0000, 0x0000,
    0x0000, 0x0000, 0x0000, 0x0000, 0x0000, 0x0000, 0x0000, 0x0000, 0x0000, 0x0000, 0x0000, 0x0000, 0x0000, 0x0000, 0x0000, 0x0000,
    0x0000, 0x0000, 0x0000, 0x0000, 0x0000, 0x0000, 0x0000, 0x0000, 0x0000, 0x0000, 0x0000, 0x0000, 0x0000, 0x0000, 0x0000, 0x0000,
    0x0000, 0x0000, 0x0000, 0x0000, 0x0000, 0x0000, 0x0000, 0x0000, 0x0000, 0x0000, 0x0000, 0x0000, 0x0000, 0x0000, 0x0000, 0x0000,
    0x0000, 0x0000, 0x0000, 0x0000, 0x0000, 0x0000, 0x0000, 0x0000, 0x0000, 0x0000, 0x0000, 0x0000, 0x0000, 0x0000, 0x0000, 0x0000,
    0x0000, 0x0000, 0x0000, 0x0000, 0x0000, 0x0000, 0x0000, 0x0000, 0x0000, 0x0000, 0x0000, 0x0000, 0x0000, 0x0000, 0x0000, 0x0000,
    0x0000, 0x0000, 0x0000, 0x0000, 0x0000, 0x0000, 0x0000, 0x0000, 0x0000, 0x0000, 0x0000, 0x0000, 0x0000, 0x0000, 0x0000, 0x0000,
    0x0000, 0x0000, 0x0000, 0x0000, 0x0000, 0x0000, 0x0000, 0x0000, 0x0000, 0x0000, 0x0000, 0x0000, 0x0000, 0x0000, 0x0000, 0x0000,
    0x0000, 0x0000, 0x0000, 0x0000, 0x0000, 0x0000, 0x0000, 0x0000, 0x0000, 0x0000, 0x0000, 0x0000, 0x0000, 0x0000, 0x0000, 0x0000,
    0x0000, 0x0000, 0x0000, 0x0000, 0x0000, 0x0000, 0x0000, 0x0000, 0x0000, 0x0000, 0x0000, 0x0000, 0x0000, 0x0000, 0x0000, 0x0000,
    0x0000, 0x0000, 0x0000, 0x0000, 0x0000, 0x0000, 0x0000, 0x0000, 0x0000, 0x0000, 0x0000, 0x0000, 0x0000, 0x0000, 0x0000, 0x0000,
    0x0000, 0x0000, 0x0000, 0x0000, 0x0000, 0x0000, 0x0000, 0x0000, 0x0000, 0x0000, 0x0000, 0x0000, 0x0000, 0x0000, 0x0000, 0x0000,
    0x0000, 0x0000, 0x0000, 0x0000, 0x0000, 0x0000, 0x0000, 0x0000, 0x0000, 0x0000, 0x0000, 0x0000, 0x0000, 0x0000, 0x0000, 0x0000,
    0x0000, 0x0000, 0x0000, 0x0000, 0x0000, 0x0000, 0x0000, 0x0000, 0x0000, 0x0000, 0x0000, 0x0000, 0x0000, 0x0000, 0x0000, 0x0000,
    0x0000, 0x0000, 0x0000, 0x0000, 0x0000, 0x0000, 0x0000, 0x0000, 0x0000, 0x0000, 0x0000, 0x0000, 0x0000, 0x0000, 0x0000, 0x0000,
    0x0000, 0x0000, 0x0000, 0x0000, 0x0000, 0x0000, 0x0000, 0x0000, 0x0000, 0x0000, 0x0000, 0x0000, 0x0000, 0x0000, 0x0000, 0x0000,
    0x0000, 0x0000, 0x0000, 0x0000, 0x0000, 0x0000, 0x0000, 0x0000, 0x0000, 0x0000, 0x0000, 0x0000, 0x0000, 0x0000, 0x0000, 0x0000,
    0x0000, 0x0000, 0x0000, 0x0000, 0x0000, 0x0000, 0x0000, 0x0000, 0x0000, 0x0000, 0x0000, 0x0000, 0x0000, 0x0000, 0x0000, 0x0000,
    0x0000, 0x0000, 0x0000, 0x0000, 0x0000, 0x0000, 0x0000, 0x0000, 0x0000, 0x0000, 0x0000, 0x0000, 0x0000, 0x0000, 0x0000, 0x0000,
    0x0000, 0x0000, 0x0000, 0x0000, 0x0000, 0x0000, 0x0000, 0x0000, 0x0000, 0x0000, 0x0000, 0x0000, 0x0000, 0x0000, 0x0000, 0x0000,
    0x0000, 0x0000, 0x0000, 0x0000, 0x0000, 0x0000, 0x0000, 0x0000, 0x0000, 0x0000, 0x0000, 0x0000, 0x0000, 0x0000, 0x0000, 0x0000,
    0x0000, 0x0000, 0x0000, 0x0000, 0x0000, 0x0000, 0x0000, 0x0000, 0x0000, 0x0000, 0x0000, 0x0000, 0x0000, 0x0000, 0x0000, 0x0000,
    0x0000, 0x0000, 0x0000, 0x0000, 0x0000, 0x0000, 0x0000, 0x0000, 0x0000, 0x0000, 0x0000, 0x0000, 0x0000, 0x0000, 0x0000, 0x0000,
    0x0000, 0x0000, 0x0000, 0x0000, 0x0000, 0x0000, 0x0000, 0x0000, 0x0000, 0x0000, 0x0000, 0x0000, 0x0000, 0x0000, 0x0000, 0x0000,
    0x0000, 0x0000, 0x0000, 0x0000, 0x0000, 0x0000, 0x0000, 0x0000, 0x0000, 0x0000, 0x0000, 0x0000, 0x0000, 0x0000, 0x0000, 0x0000,
    0x0000, 0x0000, 0x0000, 0x0000, 0x0000, 0x0000, 0x0000, 0x0000, 0x0000, 0x0000, 0x0000, 0x0000, 0x0000, 0x0000, 0x0000, 0x0000,
    0x0000, 0x0000, 0x0000, 0x0000, 0x0000, 0x0000, 0x0000, 0x0000, 0x0000, 0x0000, 0x0000, 0x0000, 0x0000, 0x0000, 0x0000, 0x0000,
    0x0000, 0x0000, 0x0000, 0x0000, 0x0000, 0x0000, 0x0000, 0x0000, 0x0000, 0x0000, 0x0000, 0x0000, 0x0000, 0x0000, 0x0000, 0x0000,
    0x0000, 0x0000, 0x0000, 0x0000, 0x0000, 0x0000, 0x0000, 0x0000, 0x0000, 0x0000, 0x0000, 0x0000, 0x0000, 0x0000, 0x0000, 0x0000,
    0x0000, 0x0000, 0x0000, 0x0000, 0x0000, 0x0000, 0x0000, 0x0000, 0x0000, 0x0000, 0x0000, 0x0000, 0x0000, 0x0000, 0x0000, 0x0000,
    0x0000, 0x0000, 0x0000, 0x0000, 0x0000, 0x0000, 0x0000, 0x0000, 0x0000, 0x0000, 0x0000, 0x0000, 0x0000, 0x0000, 0x0000, 0x0000,
    0x0000, 0x0000, 0x0000, 0x0000, 0x0000, 0x0000, 0x0000, 0x0000, 0x0000, 0x0000, 0x0000, 0x0000, 0x0000, 0x0000, 0x0000, 0x0000,
    0x0000, 0x0000, 0x0000, 0x0000, 0x0000, 0x0000, 0x0000, 0x0000, 0x0000, 0x0000, 0x0000, 0x0000, 0x0000, 0x0000, 0x0000, 0x0000,
    0x0000, 0x0000, 0x0000, 0x0000, 0x0000, 0x0000, 0x0000, 0x0000, 0x0000, 0x0000, 0x0000, 0x0000, 0x0000, 0x0000, 0x0000, 0x0000,
    0x0000, 0x0000, 0x0000, 0x0000, 0x0000, 0x0000, 0x0000, 0x0000, 0x0000, 0x0000, 0x0000, 0x0000, 0x0000, 0x0000, 0x0000, 0x0000,
    0x0000, 0x0000, 0x0000, 0x0000, 0x0000, 0x0000, 0x0000, 0x0000, 0x0000, 0x0000, 0x0000, 0x0000, 0x0000, 0x0000, 0x0000, 0x0000,
    0x0000, 0x0000, 0x0000, 0x0000, 0x0000, 0x0000, 0x0000, 0x0000, 0x0000, 0x0000, 0x0000, 0x0000, 0x0000, 0x0000, 0x0000, 0x0000,
    0x0000, 0x0000, 0x0000, 0x0000, 0x0000, 0x0000, 0x0000, 0x0000, 0x0000, 0x0000, 0x0000, 0x0000, 0x0000, 0x0000, 0x0000, 0x0000,
    0x0000, 0x0000, 0x0000, 0x0000, 0x0000, 0x0000, 0x0000, 0x0000, 0x0000, 0x0000, 0x0000, 0x0000, 0x0000, 0x0000, 0x0000, 0x0000,
    0x0000, 0x0000, 0x0000, 0x0000, 0x0000, 0x0000, 0x0000, 0x0000, 0x0000, 0x0000, 0x0000, 0x0000, 0x0000, 0x0000, 0x0000, 0x0000,
    0x0000, 0x0000, 0x0000, 0x0000, 0x0000, 0x0000, 0x0000, 0x0000, 0x0000, 0x0000, 0x0000, 0x0000, 0x0000, 0x0000, 0x0000, 0x0000,
    0x0000, 0x0000, 0x0000, 0x0000, 0x0000, 0x0000, 0x0000, 0x0000, 0x0000, 0x0000, 0x0000, 0x0000, 0x0000, 0x0000, 0x0000, 0x0000,
    0x0000, 0x0000, 0x0000, 0x0000, 0x0000, 0x0000, 0x0000, 0x0000, 0x0000, 0x0000, 0x0000, 0x0000, 0x0000, 0x0000, 0x0000, 0x0000,
    0x0000, 0x0000, 0x0000, 0x0000, 0x0000, 0x0000, 0x0000, 0x0000, 0x0000, 0x0000, 0x0000, 0x0000, 0x0000, 0x0000, 0x0000, 0x0000,
    0x0000, 0x0000, 0x0000, 0x0000, 0x0000, 0x0000, 0x0000, 0x0000, 0x0000, 0x0000, 0x0000, 0x0000, 0x0000, 0x0000, 0x0000, 0x0000,
    0x0000, 0x0000, 0x0000, 0x0000, 0x0000, 0x0000, 0x0000, 0x0000, 0x0000, 0x0000, 0x0000, 0x0000, 0x0000, 0x0000, 0x0000, 0x0000,
    0x0000, 0x0000, 0x0000, 0x0000, 0x0000, 0x0000, 0x0000, 0x0000, 0x0000, 0x0000, 0x0000, 0x0000, 0x0000, 0x0000, 0x0000, 0x0000,
    0x0000, 0x0000, 0x0000, 0x0000, 0x0000, 0x0000, 0x0000, 0x0000, 0x0000, 0x0000, 0x0000, 0x0000, 0x0000, 0x0000, 0x0000, 0x0000,
    0x0000, 0x0000, 0x0000, 0x0000, 0x0000, 0x0000, 0x0000, 0x0000, 0x0000, 0x0000, 0x0000, 0x0000, 0x0000, 0x0000, 0x0000, 0x0000,
    0x0000, 0x0000, 0x0000, 0x0000, 0x0000, 0x0000, 0x0000, 0x0000, 0x0000, 0x0000, 0x0000, 0x0000, 0x0000, 0x0000, 0x0000, 0x0000,
    0x0000, 0x0000, 0x0000, 0x0000, 0x0000, 0x0000, 0x0000, 0x0000, 0x0000, 0x0000, 0x0000, 0x0000, 0x0000, 0x0000, 0x0000, 0x0000,
    0x0000, 0x0000, 0x0000, 0x0000, 0x0000, 0x0000, 0x0000, 0x0000, 0x0000, 0x0000, 0x0000, 0x0000, 0x0000, 0x0000, 0x0000, 0x0000,
    0x0000, 0x0000, 0x0000, 0x0000, 0x0000, 0x0000, 0x0000, 0x0000, 0x0000, 0x0000, 0x0000, 0x0000, 0x0000, 0x0000, 0x0000, 0x0000,
    0x0000, 0x0000, 0x0000, 0x0000, 0x0000, 0x0000, 0x0000, 0x0000, 0x0000, 0x0000, 0x0000, 0x0000, 0x0000, 0x0000, 0x0000, 0x0000,
    0x0000, 0x0000, 0x0000, 0x0000, 0x0000, 0x0000, 0x0000, 0x0000, 0x0000, 0x0000, 0x0000, 0x0000, 0x0000, 0x0000, 0x0000, 0x0000,
    0x0000, 0x0000, 0x0000, 0x0000, 0x0000, 0x0000, 0x0000, 0x0000, 0x0000, 0x0000, 0x0000, 0x0000, 0x0000, 0x0000, 0x0000, 0x0000,
    0x0000, 0x0000, 0x0000, 0x0000, 0x0000, 0x0000, 0x0000, 0x0000, 0x0000, 0x0000, 0x0000, 0x0000, 0x0000, 0x0000, 0x0000, 0x0000,
    0x0000, 0x0000, 0x0000, 0x0000, 0x0000, 0x0000, 0x0000, 0x0000, 0x0000, 0x0000, 0x0000, 0x0000, 0x0000, 0x0000, 0x0000, 0x0000,
    0x0000, 0x0000, 0x0000, 0x0000, 0x0000, 0x0000, 0x0000, 0x0000, 0x0000, 0x0000, 0x0000, 0x0000, 0x0000, 0x0000, 0x0000, 0x0000,
    0x0000, 0x0000, 0x0000, 0x0000, 0x0000, 0x0000, 0x0000, 0x0000, 0x0000, 0x0000, 0x0000, 0x0000, 0x0000, 0x0000, 0x0000, 0x0000,
    0x0000, 0x0000, 0x0000, 0x0000, 0x0000, 0x0000, 0x0000, 0x0000, 0x0000, 0x0000, 0x0000, 0x0000, 0x0000, 0x0000, 0x0000, 0x0000,
    0x0000, 0x0000, 0x0000, 0x0000, 0x0000, 0x0000, 0x0000, 0x0000, 0x0000, 0x0000, 0x0000, 0x0000, 0x0000, 0x0000, 0x0000, 0x0000,
    0x0000, 0x0000, 0x0000, 0x0000, 0x0000, 0x0000, 0x0000, 0x0000, 0x0000, 0x0000, 0x0000, 0x0000, 0x0000, 0x0000, 0x0000, 0x0000,
    0x0000, 0x0000, 0x0000, 0x0000, 0x0000, 0x0000, 0x0000, 0x0000, 0x0000, 0x0000, 0x0000, 0x0000, 0x0000, 0x0000, 0x0000, 0x0000,
    0x0000, 0x0000, 0x0000, 0x0000, 0x0000, 0x0000, 0x0000, 0x0000, 0x0000, 0x0000, 0x0000, 0x0000, 0x0000, 0x0000, 0x0000, 0x0000,
    0x0000, 0x0000, 0x0000, 0x0000, 0x0000, 0x0000, 0x0000, 0x0000, 0x0000, 0x0000, 0x0000, 0x0000, 0x0000, 0x0000, 0x0000, 0x0000,
    0x0000, 0x0000, 0x0000, 0x0000, 0x0000, 0x0000, 0x0000, 0x0000, 0x0000, 0x0000, 0x0000, 0x0000, 0x0000, 0x0000, 0x0000, 0x0000,
    0x0000, 0x0000, 0x0000, 0x0000, 0x0000, 0x0000, 0x0000, 0x0000, 0x0000, 0x0000, 0x0000, 0x0000, 0x0000, 0x0000, 0x0000, 0x0000,
    0x0000, 0x0000, 0x0000, 0x0000, 0x0000, 0x0000, 0x0000, 0x0000, 0x0000, 0x0000, 0x0000, 0x0000, 0x0000, 0x0000, 0x0000, 0x0000,
    0x0000, 0x0000, 0x0000, 0x0000, 0x0000, 0x0000, 0x0000, 0x0000, 0x0000, 0x0000, 0x0000, 0x0000, 0x0000, 0x0000, 0x0000, 0x0000,
    0xFFFF, 0xFFFF, 0xFFFF, 0xFFFF, 0xFFFF, 0xFFFF, 0xFFFF, 0xFFFF, 0xFFFF, 0xFFFF, 0xFFFF, 0xFFFF, 0xFFFF, 0xFFFF, 0xFFFF, 0xFFFF,
    0xFFFF, 0xFFFF, 0xFFFF, 0xFFFF, 0xFFFF, 0xFFFF, 0xFFFF, 0xFFFF, 0xFFFF, 0xFFFF, 0xFFFF, 0xFFFF, 0xFFFF, 0xFFFF, 0xFFFF, 0xFFFF,
    0xFFFF, 0xFFFF, 0xFFFF, 0xFFFF, 0xFFFF, 0xFFFF, 0xFFFF, 0xFFFF, 0xFFFF, 0xFFFF, 0xFFFF, 0xFFFF, 0xFFFF, 0xFFFF, 0xFFFF, 0xFFFF,
    0xFFFF, 0xFFFF, 0xFFFF, 0xFFFF, 0xFFFF, 0xFFFF, 0xFFFF, 0xFFFF, 0xFFFF, 0xFFFF, 0xFFFF, 0xFFFF, 0xFFFF, 0xFFFF, 0xFFFF, 0xFFFF,
    0xFFFF, 0xFFFF, 0xFFFF, 0xFFFF, 0xFFFF, 0xFFFF, 0xFFFF, 0xFFFF, 0xFFFF, 0xFFFF, 0xFFFF, 0xFFFF, 0xFFFF, 0xFFFF, 0xFFFF, 0xFFFF,
    0xFFFF, 0xFFFF, 0xFFFF, 0xFFFF, 0xFFFF, 0xFFFF, 0xFFFF, 0xFFFF, 0xFFFF, 0xFFFF, 0xFFFF, 0xFFFF, 0xFFFF, 0xFFFF, 0xFFFF, 0xFFFF,
    0xFFFF, 0xFFFF, 0xFFFF, 0xFFFF, 0xFFFF, 0xFFFF, 0xFFFF, 0xFFFF, 0xFFFF, 0xFFFF, 0xFFFF, 0xFFFF, 0xFFFF, 0xFFFF, 0xFFFF, 0xFFFF,
    0xFFFF, 0xFFFF, 0xFFFF, 0xFFFF, 0xFFFF, 0xFFFF, 0xFFFF, 0xFFFF, 0xFFFF, 0xFFFF, 0xFFFF, 0xFFFF, 0xFFFF, 0xFFFF, 0xFFFF, 0xFFFF,
    0xFFFF, 0xFFFF, 0xFFFF, 0xFFFF, 0xFFFF, 0xFFFF, 0xFFFF, 0xFFFF, 0xFFFF, 0xFFFF, 0xFFFF, 0xFFFF, 0xFFFF, 0xFFFF, 0xFFFF, 0xFFFF,
    0xFFFF, 0xFFFF, 0xFFFF, 0xFFFF, 0xFFFF, 0xFFFF, 0xFFFF, 0xFFFF, 0xFFFF, 0xFFFF, 0xFFFF, 0xFFFF, 0xFFFF, 0xFFFF, 0xFFFF, 0xFFFF,
    0xFFFF, 0xFFFF, 0xFFFF, 0xFFFF, 0xFFFF, 0xFFFF, 0xFFFF, 0xFFFF, 0xFFFF, 0xFFFF, 0xFFFF, 0xFFFF, 0xFFFF, 0xFFFF, 0xFFFF, 0xFFFF,
    0xFFFF, 0xFFFF, 0xFFFF, 0xFFFF, 0xFFFF, 0xFFFF, 0xFFFF, 0xFFFF, 0xFFFF, 0xFFFF, 0xFFFF, 0xFFFF, 0xFFFF, 0xFFFF, 0xFFFF, 0xFFFF,
    0xFFFF, 0xFFFF, 0xFFFF, 0xFFFF, 0xFFFF, 0xFFFF, 0xFFFF, 0xFFFF, 0xFFFF, 0xFFFF, 0xFFFF, 0xFFFF, 0xFFFF, 0xFFFF, 0xFFFF, 0xFFFF,
    0xFFFF, 0xFFFF, 0xFFFF, 0xFFFF, 0xFFFF, 0xFFFF, 0xFFFF, 0xFFFF, 0xFFFF, 0xFFFF, 0xFFFF, 0xFFFF, 0xFFFF, 0xFFFF, 0xFFFF, 0xFFFF,
    0xFFFF, 0xFFFF, 0xFFFF, 0xFFFF, 0xFFFF, 0xFFFF, 0xFFFF, 0xFFFF, 0xFFFF, 0xFFFF, 0xFFFF, 0xFFFF, 0xFFFF, 0xFFFF, 0xFFFF, 0xFFFF,
    0xFFFF, 0xFFFF, 0xFFFF, 0xFFFF, 0xFFFF, 0xFFFF, 0xFFFF, 0xFFFF, 0xFFFF, 0xFFFF, 0xFFFF, 0xFFFF, 0xFFFF, 0xFFFF, 0xFFFF, 0xFFFF,
    0xFFFF, 0xFFFF, 0xFFFF, 0xFFFF, 0xFFFF, 0xFFFF, 0xFFFF, 0xFFFF, 0xFFFF, 0xFFFF, 0xFFFF, 0xFFFF, 0xFFFF, 0xFFFF, 0xFFFF, 0xFFFF,
    0xFFFF, 0xFFFF, 0xFFFF, 0xFFFF, 0xFFFF, 0xFFFF, 0xFFFF, 0xFFFF, 0xFFFF, 0xFFFF, 0xFFFF, 0xFFFF, 0xFFFF, 0xFFFF, 0xFFFF, 0xFFFF,
    0xFFFF, 0xFFFF, 0xFFFF, 0xFFFF, 0xFFFF, 0xFFFF, 0xFFFF, 0xFFFF, 0xFFFF, 0xFFFF, 0xFFFF, 0xFFFF, 0xFFFF, 0xFFFF, 0xFFFF, 0xFFFF,
    0xFFFF, 0xFFFF, 0xFFFF, 0xFFFF, 0xFFFF, 0xFFFF, 0xFFFF, 0xFFFF, 0xFFFF, 0xFFFF, 0xFFFF, 0xFFFF, 0xFFFF, 0xFFFF, 0xFFFF, 0xFFFF,
    0xFFFF, 0xFFFF, 0xFFFF, 0xFFFF, 0xFFFF, 0xFFFF, 0xFFFF, 0xFFFF, 0xFFFF, 0xFFFF, 0xFFFF, 0xFFFF, 0xFFFF, 0xFFFF, 0xFFFF, 0xFFFF,
    0xFFFF, 0xFFFF, 0xFFFF, 0xFFFF, 0xFFFF, 0xFFFF, 0xFFFF, 0xFFFF, 0xFFFF, 0xFFFF, 0xFFFF, 0xFFFF, 0xFFFF, 0xFFFF, 0xFFFF, 0xFFFF,
    0xFFFF, 0xFFFF, 0xFFFF, 0xFFFF, 0xFFFF, 0xFFFF, 0xFFFF, 0xFFFF, 0xFFFF, 0xFFFF, 0xFFFF, 0xFFFF, 0xFFFF, 0xFFFF, 0xFFFF, 0xFFFF,
    0xFFFF, 0xFFFF, 0xFFFF, 0xFFFF, 0xFFFF, 0xFFFF, 0xFFFF, 0xFFFF, 0xFFFF, 0xFFFF, 0xFFFF, 0xFFFF, 0xFFFF, 0xFFFF, 0xFFFF, 0xFFFF,
    0xFFFF, 0xFFFF, 0xFFFF, 0xFFFF, 0xFFFF, 0xFFFF, 0xFFFF, 0xFFFF, 0xFFFF, 0xFFFF, 0xFFFF, 0xFFFF, 0xFFFF, 0xFFFF, 0xFFFF, 0xFFFF,
    0xFFFF, 0xFFFF, 0xFFFF, 0xFFFF, 0xFFFF, 0xFFFF, 0xFFFF, 0xFFFF, 0xFFFF, 0xFFFF, 0xFFFF, 0xFFFF, 0xFFFF, 0xFFFF, 0xFFFF, 0xFFFF,
    0xFFFF, 0xFFFF, 0xFFFF, 0xFFFF, 0xFFFF, 0xFFFF, 0xFFFF, 0xFFFF, 0xFFFF, 0xFFFF, 0xFFFF, 0xFFFF, 0xFFFF, 0xFFFF, 0xFFFF, 0xFFFF,
    0xFFFF, 0xFFFF, 0xFFFF, 0xFFFF, 0xFFFF, 0xFFFF, 0xFFFF, 0xFFFF, 0xFFFF, 0xFFFF, 0xFFFF, 0xFFFF, 0xFFFF, 0xFFFF, 0xFFFF, 0xFFFF,
    0xFFFF, 0xFFFF, 0xFFFF, 0xFFFF, 0xFFFF, 0xFFFF, 0xFFFF, 0xFFFF, 0xFFFF, 0xFFFF, 0xFFFF, 0xFFFF, 0xFFFF, 0xFFFF, 0xFFFF, 0xFFFF,
    0xFFFF, 0xFFFF, 0xFFFF, 0xFFFF, 0xFFFF, 0xFFFF, 0xFFFF, 0xFFFF, 0xFFFF, 0xFFFF, 0xFFFF, 0xFFFF, 0xFFFF, 0xFFFF, 0xFFFF, 0xFFFF,
    0xFFFF, 0xFFFF, 0xFFFF, 0xFFFF, 0xFFFF, 0xFFFF, 0xFFFF, 0xFFFF, 0xFFFF, 0xFFFF, 0xFFFF, 0xFFFF, 0xFFFF, 0xFFFF, 0xFFFF, 0xFFFF,
    0xFFFF, 0xFFFF, 0xFFFF, 0xFFFF, 0xFFFF, 0xFFFF, 0xFFFF, 0xFFFF, 0xFFFF, 0xFFFF, 0xFFFF, 0xFFFF, 0xFFFF, 0xFFFF, 0xFFFF, 0xFFFF,
    0xFFFF, 0xFFFF, 0xFFFF, 0xFFFF, 0xFFFF, 0xFFFF, 0xFFFF, 0xFFFF, 0xFFFF, 0xFFFF, 0xFFFF, 0xFFFF, 0xFFFF, 0xFFFF, 0xFFFF, 0xFFFF,
    0xFFFF, 0xFFFF, 0xFFFF, 0xFFFF, 0xFFFF, 0xFFFF, 0xFFFF, 0xFFFF, 0xFFFF, 0xFFFF, 0xFFFF, 0xFFFF, 0xFFFF, 0xFFFF, 0xFFFF, 0xFFFF,
    0xFFFF, 0xFFFF, 0xFFFF, 0xFFFF, 0xFFFF, 0xFFFF, 0xFFFF, 0xFFFF, 0xFFFF, 0xFFFF, 0xFFFF, 0xFFFF, 0xFFFF, 0xFFFF, 0xFFFF, 0xFFFF,
    0xFFFF, 0xFFFF, 0xFFFF, 0xFFFF, 0xFFFF, 0xFFFF, 0xFFFF, 0xFFFF, 0xFFFF, 0xFFFF, 0xFFFF, 0xFFFF, 0xFFFF, 0xFFFF, 0xFFFF, 0xFFFF,
    0xFFFF, 0xFFFF, 0xFFFF, 0xFFFF, 0xFFFF, 0xFFFF, 0xFFFF, 0xFFFF, 0xFFFF, 0xFFFF, 0xFFFF, 0xFFFF, 0xFFFF, 0xFFFF, 0xFFFF, 0xFFFF,
    0xFFFF, 0xFFFF, 0xFFFF, 0xFFFF, 0xFFFF, 0xFFFF, 0xFFFF, 0xFFFF, 0xFFFF, 0xFFFF, 0xFFFF, 0xFFFF, 0xFFFF, 0xFFFF, 0xFFFF, 0xFFFF,
    0xFFFF, 0xFFFF, 0xFFFF, 0xFFFF, 0xFFFF, 0xFFFF, 0xFFFF, 0xFFFF, 0xFFFF, 0xFFFF, 0xFFFF, 0xFFFF, 0xFFFF, 0xFFFF, 0xFFFF, 0xFFFF,
    0xFFFF, 0xFFFF, 0xFFFF, 0xFFFF, 0xFFFF, 0xFFFF, 0xFFFF, 0xFFFF, 0xFFFF, 0xFFFF, 0xFFFF, 0xFFFF, 0xFFFF, 0xFFFF, 0xFFFF, 0xFFFF,
    0xFFFF, 0xFFFF, 0xFFFF, 0xFFFF, 0xFFFF, 0xFFFF, 0xFFFF, 0xFFFF, 0xFFFF, 0xFFFF, 0xFFFF, 0xFFFF, 0xFFFF, 0xFFFF, 0xFFFF, 0xFFFF,
    0xFFFF, 0xFFFF, 0xFFFF, 0xFFFF, 0xFFFF, 0xFFFF, 0xFFFF, 0xFFFF, 0xFFFF, 0xFFFF, 0xFFFF, 0xFFFF, 0xFFFF, 0xFFFF, 0xFFFF, 0xFFFF,
    0xFFFF, 0xFFFF, 0xFFFF, 0xFFFF, 0xFFFF, 0xFFFF, 0xFFFF, 0xFFFF, 0xFFFF, 0xFFFF, 0xFFFF, 0xFFFF, 0xFFFF, 0xFFFF, 0xFFFF, 0xFFFF,
    0xFFFF, 0xFFFF, 0xFFFF, 0xFFFF, 0xFFFF, 0xFFFF, 0xFFFF, 0xFFFF, 0xFFFF, 0xFFFF, 0xFFFF, 0xFFFF, 0xFFFF, 0xFFFF, 0xFFFF, 0xFFFF,
    0xFFFF, 0xFFFF, 0xFFFF, 0xFFFF, 0xFFFF, 0xFFFF, 0xFFFF, 0xFFFF, 0xFFFF, 0xFFFF, 0xFFFF, 0xFFFF, 0xFFFF, 0xFFFF, 0xFFFF, 0xFFFF,
    0xFFFF, 0xFFFF, 0xFFFF, 0xFFFF, 0xFFFF, 0xFFFF, 0xFFFF, 0xFFFF, 0xFFFF, 0xFFFF, 0xFFFF, 0xFFFF, 0xFFFF, 0xFFFF, 0xFFFF, 0xFFFF,
    0xFFFF, 0xFFFF, 0xFFFF, 0xFFFF, 0xFFFF, 0xFFFF, 0xFFFF, 0xFFFF, 0xFFFF, 0xFFFF, 0xFFFF, 0xFFFF, 0xFFFF, 0xFFFF, 0xFFFF, 0xFFFF,
    0xFFFF, 0xFFFF, 0xFFFF, 0xFFFF, 0xFFFF, 0xFFFF, 0xFFFF, 0xFFFF, 0xFFFF, 0xFFFF, 0xFFFF, 0xFFFF, 0xFFFF, 0xFFFF, 0xFFFF, 0xFFFF,
    0xFFFF, 0xFFFF, 0xFFFF, 0xFFFF, 0xFFFF, 0xFFFF, 0xFFFF, 0xFFFF, 0xFFFF, 0xFFFF, 0xFFFF, 0xFFFF, 0xFFFF, 0xFFFF, 0xFFFF, 0xFFFF,
    0xFFFF, 0xFFFF, 0xFFFF, 0xFFFF, 0xFFFF, 0xFFFF, 0xFFFF, 0xFFFF, 0xFFFF, 0xFFFF, 0xFFFF, 0xFFFF, 0xFFFF, 0xFFFF, 0xFFFF, 0xFFFF,
    0xFFFF, 0xFFFF, 0xFFFF, 0xFFFF, 0xFFFF, 0xFFFF, 0xFFFF, 0xFFFF, 0xFFFF, 0xFFFF, 0xFFFF, 0xFFFF, 0xFFFF, 0xFFFF, 0xFFFF, 0xFFFF,
    0xFFFF, 0xFFFF, 0xFFFF, 0xFFFF, 0xFFFF, 0xFFFF, 0xFFFF, 0xFFFF, 0xFFFF, 0xFFFF, 0xFFFF, 0xFFFF, 0xFFFF, 0xFFFF, 0xFFFF, 0xFFFF,
    0xFFFF, 0xFFFF, 0xFFFF, 0xFFFF, 0xFFFF, 0xFFFF, 0xFFFF, 0xFFFF, 0xFFFF, 0xFFFF, 0xFFFF, 0xFFFF, 0xFFFF, 0xFFFF, 0xFFFF, 0xFFFF,
    0xFFFF, 0xFFFF, 0xFFFF, 0xFFFF, 0xFFFF, 0xFFFF, 0xFFFF, 0xFFFF, 0xFFFF, 0xFFFF, 0xFFFF, 0xFFFF, 0xFFFF, 0xFFFF, 0xFFFF, 0xFFFF,
    0xFFFF, 0xFFFF, 0xFFFF, 0xFFFF, 0xFFFF, 0xFFFF, 0xFFFF, 0xFFFF, 0xFFFF, 0xFFFF, 0xFFFF, 0xFFFF, 0xFFFF, 0xFFFF, 0xFFFF, 0xFFFF,
    0xFFFF, 0xFFFF, 0xFFFF, 0xFFFF, 0xFFFF, 0xFFFF, 0xFFFF, 0xFFFF, 0xFFFF, 0xFFFF, 0xFFFF, 0xFFFF, 0xFFFF, 0xFFFF, 0xFFFF, 0xFFFF,
    0xFFFF, 0xFFFF, 0xFFFF, 0xFFFF, 0xFFFF, 0xFFFF, 0xFFFF, 0xFFFF, 0xFFFF, 0xFFFF, 0xFFFF, 0xFFFF, 0xFFFF, 0xFFFF, 0xFFFF, 0xFFFF,
    0xFFFF, 0xFFFF, 0xFFFF, 0xFFFF, 0xFFFF, 0xFFFF, 0xFFFF, 0xFFFF, 0xFFFF, 0xFFFF, 0xFFFF, 0xFFFF, 0xFFFF, 0xFFFF, 0xFFFF, 0xFFFF,
    0xFFFF, 0xFFFF, 0xFFFF, 0xFFFF, 0xFFFF, 0xFFFF, 0xFFFF, 0xFFFF, 0xFFFF, 0xFFFF, 0xFFFF, 0xFFFF, 0xFFFF, 0xFFFF, 0xFFFF, 0xFFFF,
    0xFFFF, 0xFFFF, 0xFFFF, 0xFFFF, 0xFFFF, 0xFFFF, 0xFFFF, 0xFFFF, 0xFFFF, 0xFFFF, 0xFFFF, 0xFFFF, 0xFFFF, 0xFFFF, 0xFFFF, 0xFFFF,
    0xFFFF, 0xFFFF, 0xFFFF, 0xFFFF, 0xFFFF, 0xFFFF, 0xFFFF, 0xFFFF, 0xFFFF, 0xFFFF, 0xFFFF, 0xFFFF, 0xFFFF, 0xFFFF, 0xFFFF, 0xFFFF,
    0xFFFF, 0xFFFF, 0xFFFF, 0xFFFF, 0xFFFF, 0xFFFF, 0xFFFF, 0xFFFF, 0xFFFF, 0xFFFF, 0xFFFF, 0xFFFF, 0xFFFF, 0xFFFF, 0xFFFF, 0xFFFF,
    0xFFFF, 0xFFFF, 0xFFFF, 0xFFFF, 0xFFFF, 0xFFFF, 0xFFFF, 0xFFFF, 0xFFFF, 0xFFFF, 0xFFFF, 0xFFFF, 0xFFFF, 0xFFFF, 0xFFFF, 0xFFFF,
    0xFFFF, 0xFFFF, 0xFFFF, 0xFFFF, 0xFFFF, 0xFFFF, 0xFFFF, 0xFFFF, 0xFFFF, 0xFFFF, 0xFFFF, 0xFFFF, 0xFFFF, 0xFFFF, 0xFFFF, 0xFFFF,
    0xFFFF, 0xFFFF, 0xFFFF, 0xFFFF, 0xFFFF, 0xFFFF, 0xFFFF, 0xFFFF, 0xFFFF, 0xFFFF, 0xFFFF, 0xFFFF, 0xFFFF, 0xFFFF, 0xFFFF, 0xFFFF,
    0xFFFF, 0xFFFF, 0xFFFF, 0xFFFF, 0xFFFF, 0xFFFF, 0xFFFF, 0xFFFF, 0xFFFF, 0xFFFF, 0xFFFF, 0xFFFF, 0xFFFF, 0xFFFF, 0xFFFF, 0xFFFF,
    0xFFFF, 0xFFFF, 0xFFFF, 0xFFFF, 0xFFFF, 0xFFFF, 0xFFFF, 0xFFFF, 0xFFFF, 0xFFFF, 0xFFFF, 0xFFFF, 0xFFFF, 0xFFFF, 0xFFFF, 0xFFFF,
    0xFFFF, 0xFFFF, 0xFFFF, 0xFFFF, 0xFFFF, 0xFFFF, 0xFFFF, 0xFFFF, 0xFFFF, 0xFFFF, 0xFFFF, 0xFFFF, 0xFFFF, 0xFFFF, 0xFFFF, 0xFFFF,
    0xFFFF, 0xFFFF, 0xFFFF, 0xFFFF, 0xFFFF, 0xFFFF, 0xFFFF, 0xFFFF, 0xFFFF, 0xFFFF, 0xFFFF, 0xFFFF, 0xFFFF, 0xFFFF, 0xFFFF, 0xFFFF,
    0xFFFF, 0xFFFF, 0xFFFF, 0xFFFF, 0xFFFF, 0xFFFF, 0xFFFF, 0xFFFF, 0xFFFF, 0xFFFF, 0xFFFF, 0xFFFF, 0xFFFF, 0xFFFF, 0xFFFF, 0xFFFF,
    0xFFFF, 0xFFFF, 0xFFFF, 0xFFFF, 0xFFFF, 0xFFFF, 0xFFFF, 0xFFFF, 0xFFFF, 0xFFFF, 0xFFFF, 0xFFFF, 0xFFFF, 0xFFFF, 0xFFFF, 0xFFFF,
    0xFFFF, 0xFFFF, 0xFFFF, 0xFFFF, 0xFFFF, 0xFFFF, 0xFFFF, 0xFFFF, 0xFFFF, 0xFFFF, 0xFFFF, 0xFFFF, 0xFFFF, 0xFFFF, 0xFFFF, 0xFFFF,
    0xFFFF, 0xFFFF, 0xFFFF, 0xFFFF, 0xFFFF, 0xFFFF, 0xFFFF, 0xFFFF, 0xFFFF, 0xFFFF, 0xFFFF, 0xFFFF, 0xFFFF, 0xFFFF, 0xFFFF, 0xFFFF,
    0xFFFF, 0xFFFF, 0xFFFF, 0xFFFF, 0xFFFF, 0xFFFF, 0xFFFF, 0xFFFF, 0xFFFF, 0xFFFF, 0xFFFF, 0xFFFF, 0xFFFF, 0xFFFF, 0xFFFF, 0xFFFF,
    0xFFFF, 0xFFFF, 0xFFFF, 0xFFFF, 0xFFFF, 0xFFFF, 0xFFFF, 0xFFFF, 0xFFFF, 0xFFFF, 0xFFFF, 0xFFFF, 0xFFFF, 0xFFFF, 0xFFFF, 0xFFFF,
    0xFFFF, 0xFFFF, 0xFFFF, 0xFFFF, 0xFFFF, 0xFFFF, 0xFFFF, 0xFFFF, 0xFFFF, 0xFFFF, 0xFFFF, 0xFFFF, 0xFFFF, 0xFFFF, 0xFFFF, 0xFFFF,
    0xFFFF, 0xFFFF, 0xFFFF, 0xFFFF, 0xFFFF, 0xFFFF, 0xFFFF, 0xFFFF, 0xFFFF, 0xFFFF, 0xFFFF, 0xFFFF, 0xFFFF, 0xFFFF, 0xFFFF, 0xFFFF,
    0xFFFF, 0xFFFF, 0xFFFF, 0xFFFF, 0xFFFF, 0xFFFF, 0xFFFF, 0xFFFF, 0xFFFF, 0xFFFF, 0xFFFF, 0xFFFF, 0xFFFF, 0xFFFF, 0xFFFF, 0xFFFF,
    0xFFFF, 0xFFFF, 0xFFFF, 0xFFFF, 0xFFFF, 0xFFFF, 0xFFFF, 0xFFFF, 0xFFFF, 0xFFFF, 0xFFFF, 0xFFFF, 0xFFFF, 0xFFFF, 0xFFFF, 0xFFFF,
    0xFFFF, 0xFFFF, 0xFFFF, 0xFFFF, 0xFFFF, 0xFFFF, 0xFFFF, 0xFFFF, 0xFFFF, 0xFFFF, 0xFFFF, 0xFFFF, 0xFFFF, 0xFFFF, 0xFFFF, 0xFFFF,
    0xFFFF, 0xFFFF, 0xFFFF, 0xFFFF, 0xFFFF, 0xFFFF, 0xFFFF, 0xFFFF, 0xFFFF, 0xFFFF, 0xFFFF, 0xFFFF, 0xFFFF, 0xFFFF, 0xFFFF, 0xFFFF,
    0xFFFF, 0xFFFF, 0xFFFF, 0xFFFF, 0xFFFF, 0xFFFF, 0xFFFF, 0xFFFF, 0xFFFF, 0xFFFF, 0xFFFF, 0xFFFF, 0xFFFF, 0xFFFF, 0xFFFF, 0xFFFF,
    0xFFFF, 0xFFFF, 0xFFFF, 0xFFFF, 0xFFFF, 0xFFFF, 0xFFFF, 0xFFFF, 0xFFFF, 0xFFFF, 0xFFFF, 0xFFFF, 0xFFFF, 0xFFFF, 0xFFFF, 0xFFFF,
    0xFFFF, 0xFFFF, 0xFFFF, 0xFFFF, 0xFFFF, 0xFFFF, 0xFFFF, 0xFFFF, 0xFFFF, 0xFFFF, 0xFFFF, 0xFFFF, 0xFFFF, 0xFFFF, 0xFFFF, 0xFFFF,
    0xFFFF, 0xFFFF, 0xFFFF, 0xFFFF, 0xFFFF, 0xFFFF, 0xFFFF, 0xFFFF, 0xFFFF, 0xFFFF, 0xFFFF, 0xFFFF, 0xFFFF, 0xFFFF, 0xFFFF, 0xFFFF,
    0xFFFF, 0xFFFF, 0xFFFF, 0xFFFF, 0xFFFF, 0xFFFF, 0xFFFF, 0xFFFF, 0xFFFF, 0xFFFF, 0xFFFF, 0xFFFF, 0xFFFF, 0xFFFF, 0xFFFF, 0xFFFF,
    0xFFFF, 0xFFFF, 0xFFFF, 0xFFFF, 0xFFFF, 0xFFFF, 0xFFFF, 0xFFFF, 0xFFFF, 0xFFFF, 0xFFFF, 0xFFFF, 0xFFFF, 0xFFFF, 0xFFFF, 0xFFFF,
    0xFFFF, 0xFFFF, 0xFFFF, 0xFFFF, 0xFFFF, 0xFFFF, 0xFFFF, 0xFFFF, 0xFFFF, 0xFFFF, 0xFFFF, 0xFFFF, 0xFFFF, 0xFFFF, 0xFFFF, 0xFFFF,
    0xFFFF, 0xFFFF, 0xFFFF, 0xFFFF, 0xFFFF, 0xFFFF, 0xFFFF, 0xFFFF, 0xFFFF, 0xFFFF, 0xFFFF, 0xFFFF, 0xFFFF, 0xFFFF, 0xFFFF, 0xFFFF,
    0xFFFF, 0xFFFF, 0xFFFF, 0xFFFF, 0xFFFF, 0xFFFF, 0xFFFF, 0xFFFF, 0xFFFF, 0xFFFF, 0xFFFF, 0xFFFF, 0xFFFF, 0xFFFF, 0xFFFF, 0xFFFF,
    0xFFFF, 0xFFFF, 0xFFFF, 0xFFFF, 0xFFFF, 0xFFFF, 0xFFFF, 0xFFFF, 0xFFFF, 0xFFFF, 0xFFFF, 0xFFFF, 0xFFFF, 0xFFFF, 0xFFFF, 0xFFFF,
    0xFFFF, 0xFFFF, 0xFFFF, 0xFFFF, 0xFFFF, 0xFFFF, 0xFFFF, 0xFFFF, 0xFFFF, 0xFFFF, 0xFFFF, 0xFFFF, 0xFFFF, 0xFFFF, 0xFFFF, 0xFFFF,
    0xFFFF, 0xFFFF, 0xFFFF, 0xFFFF, 0xFFFF, 0xFFFF, 0xFFFF, 0xFFFF, 0xFFFF, 0xFFFF, 0xFFFF, 0xFFFF, 0xFFFF, 0xFFFF, 0xFFFF, 0xFFFF,
    0xFFFF, 0xFFFF, 0xFFFF, 0xFFFF, 0xFFFF, 0xFFFF, 0xFFFF, 0xFFFF, 0xFFFF, 0xFFFF, 0xFFFF, 0xFFFF, 0xFFFF, 0xFFFF, 0xFFFF, 0xFFFF,
    0xFFFF, 0xFFFF, 0xFFFF, 0xFFFF, 0xFFFF, 0xFFFF, 0xFFFF, 0xFFFF, 0xFFFF, 0xFFFF, 0xFFFF, 0xFFFF, 0xFFFF, 0xFFFF, 0xFFFF, 0xFFFF,
    0xFFFF, 0xFFFF, 0xFFFF, 0xFFFF, 0xFFFF, 0xFFFF, 0xFFFF, 0xFFFF, 0xFFFF, 0xFFFF, 0xFFFF, 0xFFFF, 0xFFFF, 0xFFFF, 0xFFFF, 0xFFFF,
    0xFFFF, 0xFFFF, 0xFFFF, 0xFFFF, 0xFFFF, 0xFFFF, 0xFFFF, 0xFFFF, 0xFFFF, 0xFFFF, 0xFFFF, 0xFFFF, 0xFFFF, 0xFFFF, 0xFFFF, 0xFFFF,
    0xFFFF, 0xFFFF, 0xFFFF, 0xFFFF, 0xFFFF, 0xFFFF, 0xFFFF, 0xFFFF, 0xFFFF, 0xFFFF, 0xFFFF, 0xFFFF, 0xFFFF, 0xFFFF, 0xFFFF, 0xFFFF,
    0xFFFF, 0xFFFF, 0xFFFF, 0xFFFF, 0xFFFF, 0xFFFF, 0xFFFF, 0xFFFF, 0xFFFF, 0xFFFF, 0xFFFF, 0xFFFF, 0xFFFF, 0xFFFF, 0xFFFF, 0xFFFF,
    0xFFFF, 0xFFFF, 0xFFFF, 0xFFFF, 0xFFFF, 0xFFFF, 0xFFFF, 0xFFFF, 0xFFFF, 0xFFFF, 0xFFFF, 0xFFFF, 0xFFFF, 0xFFFF, 0xFFFF, 0xFFFF,
    0xFFFF, 0xFFFF, 0xFFFF, 0xFFFF, 0xFFFF, 0xFFFF, 0xFFFF, 0xFFFF, 0xFFFF, 0xFFFF, 0xFFFF, 0xFFFF, 0xFFFF, 0xFFFF, 0xFFFF, 0xFFFF,
    0xFFFF, 0xFFFF, 0xFFFF, 0xFFFF, 0xFFFF, 0xFFFF, 0xFFFF, 0xFFFF, 0xFFFF, 0xFFFF, 0xFFFF, 0xFFFF, 0xFFFF, 0xFFFF, 0xFFFF, 0xFFFF,
    0xFFFF, 0xFFFF, 0xFFFF, 0xFFFF, 0xFFFF, 0xFFFF, 0xFFFF, 0xFFFF, 0xFFFF, 0xFFFF, 0xFFFF, 0xFFFF, 0xFFFF, 0xFFFF, 0xFFFF, 0xFFFF,
    0xFFFF, 0xFFFF, 0xFFFF, 0xFFFF, 0xFFFF, 0xFFFF, 0xFFFF, 0xFFFF, 0xFFFF, 0xFFFF, 0xFFFF, 0xFFFF, 0xFFFF, 0xFFFF, 0xFFFF, 0xFFFF,
    0xFFFF, 0xFFFF, 0xFFFF, 0xFFFF, 0xFFFF, 0xFFFF, 0xFFFF, 0xFFFF, 0xFFFF, 0xFFFF, 0xFFFF, 0xFFFF, 0xFFFF, 0xFFFF, 0xFFFF, 0xFFFF,
    0xFFFF, 0xFFFF, 0xFFFF, 0xFFFF, 0xFFFF, 0xFFFF, 0xFFFF, 0xFFFF, 0xFFFF, 0xFFFF, 0xFFFF, 0xFFFF, 0xFFFF, 0xFFFF, 0xFFFF, 0xFFFF,
    0xFFFF, 0xFFFF, 0xFFFF, 0xFFFF, 0xFFFF, 0xFFFF, 0xFFFF, 0xFFFF, 0xFFFF, 0xFFFF, 0xFFFF, 0xFFFF, 0xFFFF, 0xFFFF, 0xFFFF, 0xFFFF,
    0xFFFF, 0xFFFF, 0xFFFF, 0xFFFF, 0xFFFF, 0xFFFF, 0xFFFF, 0xFFFF, 0xFFFF, 0xFFFF, 0xFFFF, 0xFFFF, 0xFFFF, 0xFFFF, 0xFFFF, 0xFFFF,
    0xFFFF, 0xFFFF, 0xFFFF, 0xFFFF, 0xFFFF, 0xFFFF, 0xFFFF, 0xFFFF, 0xFFFF, 0xFFFF, 0xFFFF, 0xFFFF, 0xFFFF, 0xFFFF, 0xFFFF, 0xFFFF,
    0xFFFF, 0xFFFF, 0xFFFF, 0xFFFF, 0xFFFF, 0xFFFF, 0xFFFF, 0xFFFF, 0xFFFF, 0xFFFF, 0xFFFF, 0xFFFF, 0xFFFF, 0xFFFF, 0xFFFF, 0xFFFF,
    0xFFFF, 0xFFFF, 0xFFFF, 0xFFFF, 0xFFFF, 0xFFFF, 0xFFFF, 0xFFFF, 0xFFFF, 0xFFFF, 0xFFFF, 0xFFFF, 0xFFFF, 0xFFFF, 0xFFFF, 0xFFFF,
    0xFFFF, 0xFFFF, 0xFFFF, 0xFFFF, 0xFFFF, 0xFFFF, 0xFFFF, 0xFFFF, 0xFFFF, 0xFFFF, 0xFFFF, 0xFFFF, 0xFFFF, 0xFFFF, 0xFFFF, 0xFFFF,
    0xFFFF, 0xFFFF, 0xFFFF, 0xFFFF, 0xFFFF, 0xFFFF, 0xFFFF, 0xFFFF, 0xFFFF, 0xFFFF, 0xFFFF, 0xFFFF, 0xFFFF, 0xFFFF, 0xFFFF, 0xFFFF,
    0xFFFF, 0xFFFF, 0xFFFF, 0xFFFF, 0xFFFF, 0xFFFF, 0xFFFF, 0xFFFF, 0xFFFF, 0xFFFF, 0xFFFF, 0xFFFF, 0xFFFF, 0xFFFF, 0xFFFF, 0xFFFF,
    0xFFFF, 0xFFFF, 0xFFFF, 0xFFFF, 0xFFFF, 0xFFFF, 0xFFFF, 0xFFFF, 0xFFFF, 0xFFFF, 0xFFFF, 0xFFFF, 0xFFFF, 0xFFFF, 0xFFFF, 0xFFFF,
    0xFFFF, 0xFFFF, 0xFFFF, 0xFFFF, 0xFFFF, 0xFFFF, 0xFFFF, 0xFFFF, 0xFFFF, 0xFFFF, 0xFFFF, 0xFFFF, 0xFFFF, 0xFFFF, 0xFFFF, 0xFFFF,
    0xFFFF, 0xFFFF, 0xFFFF, 0xFFFF, 0xFFFF, 0xFFFF, 0xFFFF, 0xFFFF, 0xFFFF, 0xFFFF, 0xFFFF, 0xFFFF, 0xFFFF, 0xFFFF, 0xFFFF, 0xFFFF,
    0xFFFF, 0xFFFF, 0xFFFF, 0xFFFF, 0xFFFF, 0xFFFF, 0xFFFF, 0xFFFF, 0xFFFF, 0xFFFF, 0xFFFF, 0xFFFF, 0xFFFF, 0xFFFF, 0xFFFF, 0xFFFF,
    0xFFFF, 0xFFFF, 0xFFFF, 0xFFFF, 0xFFFF, 0xFFFF, 0xFFFF, 0xFFFF, 0xFFFF, 0xFFFF, 0xFFFF, 0xFFFF, 0xFFFF, 0xFFFF, 0xFFFF, 0xFFFF,
    0xFFFF, 0xFFFF, 0xFFFF, 0xFFFF, 0xFFFF, 0xFFFF, 0xFFFF, 0xFFFF, 0xFFFF, 0xFFFF, 0xFFFF, 0xFFFF, 0xFFFF, 0xFFFF, 0xFFFF, 0xFFFF,
    0xFFFF, 0xFFFF, 0xFFFF, 0xFFFF, 0xFFFF, 0xFFFF, 0xFFFF, 0xFFFF, 0xFFFF, 0xFFFF, 0xFFFF, 0xFFFF, 0xFFFF, 0xFFFF, 0xFFFF, 0xFFFF,
    0xFFFF, 0xFFFF, 0xFFFF, 0xFFFF, 0xFFFF, 0xFFFF, 0xFFFF, 0xFFFF, 0xFFFF, 0xFFFF, 0xFFFF, 0xFFFF, 0xFFFF, 0xFFFF, 0xFFFF, 0xFFFF,
    0xFFFF, 0xFFFF, 0xFFFF, 0xFFFF, 0xFFFF, 0xFFFF, 0xFFFF, 0xFFFF, 0xFFFF, 0xFFFF, 0xFFFF, 0xFFFF, 0xFFFF, 0xFFFF, 0xFFFF, 0xFFFF,
    0xFFFF, 0xFFFF, 0xFFFF, 0xFFFF, 0xFFFF, 0xFFFF, 0xFFFF, 0xFFFF, 0xFFFF, 0xFFFF, 0xFFFF, 0xFFFF, 0xFFFF, 0xFFFF, 0xFFFF, 0xFFFF,
    0xFFFF, 0xFFFF, 0xFFFF, 0xFFFF, 0xFFFF, 0xFFFF, 0xFFFF, 0xFFFF, 0xFFFF, 0xFFFF, 0xFFFF, 0xFFFF, 0xFFFF, 0xFFFF, 0xFFFF, 0xFFFF,
    0xFFFF, 0xFFFF, 0xFFFF, 0xFFFF, 0xFFFF, 0xFFFF, 0xFFFF, 0xFFFF, 0xFFFF, 0xFFFF, 0xFFFF, 0xFFFF, 0xFFFF, 0xFFFF, 0xFFFF, 0xFFFF,
    0xFFFF, 0xFFFF, 0xFFFF, 0xFFFF, 0xFFFF, 0xFFFF, 0xFFFF, 0xFFFF, 0xFFFF, 0xFFFF, 0xFFFF, 0xFFFF, 0xFFFF, 0xFFFF, 0xFFFF, 0xFFFF,
    0xFFFF, 0xFFFF, 0xFFFF, 0xFFFF, 0xFFFF, 0xFFFF, 0xFFFF, 0xFFFF, 0xFFFF, 0xFFFF, 0xFFFF, 0xFFFF, 0xFFFF, 0xFFFF, 0xFFFF, 0xFFFF,
    0xFFFF, 0xFFFF, 0xFFFF, 0xFFFF, 0xFFFF, 0xFFFF, 0xFFFF, 0xFFFF, 0xFFFF, 0xFFFF, 0xFFFF, 0xFFFF, 0xFFFF, 0xFFFF, 0xFFFF, 0xFFFF,
    0xFFFF, 0xFFFF, 0xFFFF, 0xFFFF, 0xFFFF, 0xFFFF, 0xFFFF, 0xFFFF, 0xFFFF, 0xFFFF, 0xFFFF, 0xFFFF, 0xFFFF, 0xFFFF, 0xFFFF, 0xFFFF,
    0xFFFF, 0xFFFF, 0xFFFF, 0xFFFF, 0xFFFF, 0xFFFF, 0xFFFF, 0xFFFF, 0xFFFF, 0xFFFF, 0xFFFF, 0xFFFF, 0xFFFF, 0xFFFF, 0xFFFF, 0xFFFF,
    0xFFFF, 0xFFFF, 0xFFFF, 0xFFFF, 0xFFFF, 0xFFFF, 0xFFFF, 0xFFFF, 0xFFFF, 0xFFFF, 0xFFFF, 0xFFFF, 0xFFFF, 0xFFFF, 0xFFFF, 0xFFFF,
    0xFFFF, 0xFFFF, 0xFFFF, 0xFFFF, 0xFFFF, 0xFFFF, 0xFFFF, 0xFFFF, 0xFFFF, 0xFFFF, 0xFFFF, 0xFFFF, 0xFFFF, 0xFFFF, 0xFFFF, 0xFFFF,
    0xFFFF, 0xFFFF, 0xFFFF, 0xFFFF, 0xFFFF, 0xFFFF, 0xFFFF, 0xFFFF, 0xFFFF, 0xFFFF, 0xFFFF, 0xFFFF, 0xFFFF, 0xFFFF, 0xFFFF, 0xFFFF,
    0xFFFF, 0xFFFF, 0xFFFF, 0xFFFF, 0xFFFF, 0xFFFF, 0xFFFF, 0xFFFF, 0xFFFF, 0xFFFF, 0xFFFF, 0xFFFF, 0xFFFF, 0xFFFF, 0xFFFF, 0xFFFF,
    0xFFFF, 0xFFFF, 0xFFFF, 0xFFFF, 0xFFFF, 0xFFFF, 0xFFFF, 0xFFFF, 0xFFFF, 0xFFFF, 0xFFFF, 0xFFFF, 0xFFFF, 0xFFFF, 0xFFFF, 0xFFFF,
    0xFFFF, 0xFFFF, 0xFFFF, 0xFFFF, 0xFFFF, 0xFFFF, 0xFFFF, 0xFFFF, 0xFFFF, 0xFFFF, 0xFFFF, 0xFFFF, 0xFFFF, 0xFFFF, 0xFFFF, 0xFFFF,
    0xFFFF, 0xFFFF, 0xFFFF, 0xFFFF, 0xFFFF, 0xFFFF, 0xFFFF, 0xFFFF, 0xFFFF, 0xFFFF, 0xFFFF, 0xFFFF, 0xFFFF, 0xFFFF, 0xFFFF, 0xFFFF,
    0xFFFF, 0xFFFF, 0xFFFF, 0xFFFF, 0xFFFF, 0xFFFF, 0xFFFF, 0xFFFF, 0xFFFF, 0xFFFF, 0xFFFF, 0xFFFF, 0xFFFF, 0xFFFF, 0xFFFF, 0xFFFF,
    0xFFFF, 0xFFFF, 0xFFFF, 0xFFFF, 0xFFFF, 0xFFFF, 0xFFFF, 0xFFFF, 0xFFFF, 0xFFFF, 0xFFFF, 0xFFFF, 0xFFFF, 0xFFFF, 0xFFFF, 0xFFFF,
    0xFFFF, 0xFFFF, 0xFFFF, 0xFFFF, 0xFFFF, 0xFFFF, 0xFFFF, 0xFFFF, 0xFFFF, 0xFFFF, 0xFFFF, 0xFFFF, 0xFFFF, 0xFFFF, 0xFFFF, 0xFFFF,
    0xFFFF, 0xFFFF, 0xFFFF, 0xFFFF, 0xFFFF, 0xFFFF, 0xFFFF, 0xFFFF, 0xFFFF, 0xFFFF, 0xFFFF, 0xFFFF, 0xFFFF, 0xFFFF, 0xFFFF, 0xFFFF,
    0xFFFF, 0xFFFF, 0xFFFF, 0xFFFF, 0xFFFF, 0xFFFF, 0xFFFF, 0xFFFF, 0xFFFF, 0xFFFF, 0xFFFF, 0xFFFF, 0xFFFF, 0xFFFF, 0xFFFF, 0xFFFF,
    0xFFFF, 0xFFFF, 0xFFFF, 0xFFFF, 0xFFFF, 0xFFFF, 0xFFFF, 0xFFFF, 0xFFFF, 0xFFFF, 0xFFFF, 0xFFFF, 0xFFFF, 0xFFFF, 0xFFFF, 0xFFFF,
    0xFFFF, 0xFFFF, 0xFFFF, 0xFFFF, 0xFFFF, 0xFFFF, 0xFFFF, 0xFFFF, 0xFFFF, 0xFFFF, 0xFFFF, 0xFFFF, 0xFFFF, 0xFFFF, 0xFFFF, 0xFFFF,
    0xFFFF, 0xFFFF, 0xFFFF, 0xFFFF, 0xFFFF, 0xFFFF, 0xFFFF, 0xFFFF, 0xFFFF, 0xFFFF, 0xFFFF, 0xFFFF, 0xFFFF, 0xFFFF, 0xFFFF, 0xFFFF,
    0xFFFF, 0xFFFF, 0xFFFF, 0xFFFF, 0xFFFF, 0xFFFF, 0xFFFF, 0xFFFF, 0xFFFF, 0xFFFF, 0xFFFF, 0xFFFF, 0xFFFF, 0xFFFF, 0xFFFF, 0xFFFF,
    0xFFFF, 0xFFFF, 0xFFFF, 0xFFFF, 0xFFFF, 0xFFFF, 0xFFFF, 0xFFFF, 0xFFFF, 0xFFFF, 0xFFFF, 0xFFFF, 0xFFFF, 0xFFFF, 0xFFFF, 0xFFFF,
    0xFFFF, 0xFFFF, 0xFFFF, 0xFFFF, 0xFFFF, 0xFFFF, 0xFFFF, 0xFFFF, 0xFFFF, 0xFFFF, 0xFFFF, 0xFFFF, 0xFFFF, 0xFFFF, 0xFFFF, 0xFFFF,
    0xFFFF, 0xFFFF, 0xFFFF, 0xFFFF, 0xFFFF, 0xFFFF, 0xFFFF, 0xFFFF, 0xFFFF, 0xFFFF, 0xFFFF, 0xFFFF, 0xFFFF, 0xFFFF, 0xFFFF, 0xFFFF,
    0xFFFF, 0xFFFF, 0xFFFF, 0xFFFF, 0xFFFF, 0xFFFF, 0xFFFF, 0xFFFF, 0xFFFF, 0xFFFF, 0xFFFF, 0xFFFF, 0xFFFF, 0xFFFF, 0xFFFF, 0xFFFF,
    0xFFFF, 0xFFFF, 0xFFFF, 0xFFFF, 0xFFFF, 0xFFFF, 0xFFFF, 0xFFFF, 0xFFFF, 0xFFFF, 0xFFFF, 0xFFFF, 0xFFFF, 0xFFFF, 0xFFFF, 0xFFFF,
    0xFFFF, 0xFFFF, 0xFFFF, 0xFFFF, 0xFFFF, 0xFFFF, 0xFFFF, 0xFFFF, 0xFFFF, 0xFFFF, 0xFFFF, 0xFFFF, 0xFFFF, 0xFFFF, 0xFFFF, 0xFFFF,
    0xFFFF, 0xFFFF, 0xFFFF, 0xFFFF, 0xFFFF, 0xFFFF, 0xFFFF, 0xFFFF, 0xFFFF, 0xFFFF, 0xFFFF, 0xFFFF, 0xFFFF, 0xFFFF, 0xFFFF, 0xFFFF,
    0xFFFF, 0xFFFF, 0xFFFF, 0xFFFF, 0xFFFF, 0xFFFF, 0xFFFF, 0xFFFF, 0xFFFF, 0xFFFF, 0xFFFF, 0xFFFF, 0xFFFF, 0xFFFF, 0xFFFF, 0xFFFF,
    0xFFFF, 0xFFFF, 0xFFFF, 0xFFFF, 0xFFFF, 0xFFFF, 0xFFFF, 0xFFFF, 0xFFFF, 0xFFFF, 0xFFFF, 0xFFFF, 0xFFFF, 0xFFFF, 0xFFFF, 0xFFFF,
    0xFFFF, 0xFFFF, 0xFFFF, 0xFFFF, 0xFFFF, 0xFFFF, 0xFFFF, 0xFFFF, 0xFFFF, 0xFFFF, 0xFFFF, 0xFFFF, 0xFFFF, 0xFFFF, 0xFFFF, 0xFFFF,
    0xFFFF, 0xFFFF, 0xFFFF, 0xFFFF, 0xFFFF, 0xFFFF, 0xFFFF, 0xFFFF, 0xFFFF, 0xFFFF, 0xFFFF, 0xFFFF, 0xFFFF, 0xFFFF, 0xFFFF, 0xFFFF,
    0xFFFF, 0xFFFF, 0xFFFF, 0xFFFF, 0xFFFF, 0xFFFF, 0xFFFF, 0xFFFF, 0xFFFF, 0xFFFF, 0xFFFF, 0xFFFF, 0xFFFF, 0xFFFF, 0xFFFF, 0xFFFF,
    0xFFFF, 0xFFFF, 0xFFFF, 0xFFFF, 0xFFFF, 0xFFFF, 0xFFFF, 0xFFFF, 0xFFFF, 0xFFFF, 0xFFFF, 0xFFFF, 0xFFFF, 0xFFFF, 0xFFFF, 0xFFFF,
    0xFFFF, 0xFFFF, 0xFFFF, 0xFFFF, 0xFFFF, 0xFFFF, 0xFFFF, 0xFFFF, 0xFFFF, 0xFFFF, 0xFFFF, 0xFFFF, 0xFFFF, 0xFFFF, 0xFFFF, 0xFFFF,
    0xFFFF, 0xFFFF, 0xFFFF, 0xFFFF, 0xFFFF, 0xFFFF, 0xFFFF, 0xFFFF, 0xFFFF, 0xFFFF, 0xFFFF, 0xFFFF, 0xFFFF, 0xFFFF, 0xFFFF, 0xFFFF,
    0xFFFF, 0xFFFF, 0xFFFF, 0xFFFF, 0xFFFF, 0xFFFF, 0xFFFF, 0xFFFF, 0xFFFF, 0xFFFF, 0xFFFF, 0xFFFF, 0xFFFF, 0xFFFF, 0xFFFF, 0xFFFF,
    0xFFFF, 0xFFFF, 0xFFFF, 0xFFFF, 0xFFFF, 0xFFFF, 0xFFFF, 0xFFFF, 0xFFFF, 0xFFFF, 0xFFFF, 0xFFFF, 0xFFFF, 0xFFFF, 0xFFFF, 0xFFFF,
    0xFFFF, 0xFFFF, 0xFFFF, 0xFFFF, 0xFFFF, 0xFFFF, 0xFFFF, 0xFFFF, 0xFFFF, 0xFFFF, 0xFFFF, 0xFFFF, 0xFFFF, 0xFFFF, 0xFFFF, 0xFFFF,
    0xFFFF, 0xFFFF, 0xFFFF, 0xFFFF, 0xFFFF, 0xFFFF, 0xFFFF, 0xFFFF, 0xFFFF, 0xFFFF, 0xFFFF, 0xFFFF, 0xFFFF, 0xFFFF, 0xFFFF, 0xFFFF,
    0xFFFF, 0xFFFF, 0xFFFF, 0xFFFF, 0xFFFF, 0xFFFF, 0xFFFF, 0xFFFF, 0xFFFF, 0xFFFF, 0xFFFF, 0xFFFF, 0xFFFF, 0xFFFF, 0xFFFF, 0xFFFF,
    0xFFFF, 0xFFFF, 0xFFFF, 0xFFFF, 0xFFFF, 0xFFFF, 0xFFFF, 0xFFFF, 0xFFFF, 0xFFFF, 0xFFFF, 0xFFFF, 0xFFFF, 0xFFFF, 0xFFFF, 0xFFFF,
    0xFFFF, 0xFFFF, 0xFFFF, 0xFFFF, 0xFFFF, 0xFFFF, 0xFFFF, 0xFFFF, 0xFFFF, 0xFFFF, 0xFFFF, 0xFFFF, 0xFFFF, 0xFFFF, 0xFFFF, 0xFFFF,
    0xFFFF, 0xFFFF, 0xFFFF, 0xFFFF, 0xFFFF, 0xFFFF, 0xFFFF, 0xFFFF, 0xFFFF, 0xFFFF, 0xFFFF, 0xFFFF, 0xFFFF, 0xFFFF, 0xFFFF, 0xFFFF,
    0xFFFF, 0xFFFF, 0xFFFF, 0xFFFF, 0xFFFF, 0xFFFF, 0xFFFF, 0xFFFF, 0xFFFF, 0xFFFF, 0xFFFF, 0xFFFF, 0xFFFF, 0xFFFF, 0xFFFF, 0xFFFF,
    0xFFFF, 0xFFFF, 0xFFFF, 0xFFFF, 0xFFFF, 0xFFFF, 0xFFFF, 0xFFFF, 0xFFFF, 0xFFFF, 0xFFFF, 0xFFFF, 0xFFFF, 0xFFFF, 0xFFFF, 0xFFFF,
    0xFFFF, 0xFFFF, 0xFFFF, 0xFFFF, 0xFFFF, 0xFFFF, 0xFFFF, 0xFFFF, 0xFFFF, 0xFFFF, 0xFFFF, 0xFFFF, 0xFFFF, 0xFFFF, 0xFFFF, 0xFFFF,
    0xFFFF, 0xFFFF, 0xFFFF, 0xFFFF, 0xFFFF, 0xFFFF, 0xFFFF, 0xFFFF, 0xFFFF, 0xFFFF, 0xFFFF, 0xFFFF, 0xFFFF, 0xFFFF, 0xFFFF, 0xFFFF,
    0xFFFF, 0xFFFF, 0xFFFF, 0xFFFF, 0xFFFF, 0xFFFF, 0xFFFF, 0xFFFF, 0xFFFF, 0xFFFF, 0xFFFF, 0xFFFF, 0xFFFF, 0xFFFF, 0xFFFF, 0xFFFF,
    0xFFFF, 0xFFFF, 0xFFFF, 0xFFFF, 0xFFFF, 0xFFFF, 0xFFFF, 0xFFFF, 0xFFFF, 0xFFFF, 0xFFFF, 0xFFFF, 0xFFFF, 0xFFFF, 0xFFFF, 0xFFFF,
    0xFFFF, 0xFFFF, 0xFFFF, 0xFFFF, 0xFFFF, 0xFFFF, 0xFFFF, 0xFFFF, 0xFFFF, 0xFFFF, 0xFFFF, 0xFFFF, 0xFFFF, 0xFFFF, 0xFFFF, 0xFFFF,
    0xFFFF, 0xFFFF, 0xFFFF, 0xFFFF, 0xFFFF, 0xFFFF, 0xFFFF, 0xFFFF, 0xFFFF, 0xFFFF, 0xFFFF, 0xFFFF, 0xFFFF, 0xFFFF, 0xFFFF, 0xFFFF,
    0xFFFF, 0xFFFF, 0xFFFF, 0xFFFF, 0xFFFF, 0xFFFF, 0xFFFF, 0xFFFF, 0xFFFF, 0xFFFF, 0xFFFF, 0xFFFF, 0xFFFF, 0xFFFF, 0xFFFF, 0xFFFF,
    0xFFFF, 0xFFFF, 0xFFFF, 0xFFFF, 0xFFFF, 0xFFFF, 0xFFFF, 0xFFFF, 0xFFFF, 0xFFFF, 0xFFFF, 0xFFFF, 0xFFFF, 0xFFFF, 0xFFFF, 0xFFFF,
    0xFFFF, 0xFFFF, 0xFFFF, 0xFFFF, 0xFFFF, 0xFFFF, 0xFFFF, 0xFFFF, 0xFFFF, 0xFFFF, 0xFFFF, 0xFFFF, 0xFFFF, 0xFFFF, 0xFFFF, 0xFFFF,
    0xFFFF, 0xFFFF, 0xFFFF, 0xFFFF, 0xFFFF, 0xFFFF, 0xFFFF, 0xFFFF, 0xFFFF, 0xFFFF, 0xFFFF, 0xFFFF, 0xFFFF, 0xFFFF, 0xFFFF, 0xFFFF,
    0xFFFF, 0xFFFF, 0xFFFF, 0xFFFF, 0xFFFF, 0xFFFF, 0xFFFF, 0xFFFF, 0xFFFF, 0xFFFF, 0xFFFF, 0xFFFF, 0xFFFF, 0xFFFF, 0xFFFF, 0xFFFF,
    0xFFFF, 0xFFFF, 0xFFFF, 0xFFFF, 0xFFFF, 0xFFFF, 0xFFFF, 0xFFFF, 0xFFFF, 0xFFFF, 0xFFFF, 0xFFFF, 0xFFFF, 0xFFFF, 0xFFFF, 0xFFFF,
    0xFFFF, 0xFFFF, 0xFFFF, 0xFFFF, 0xFFFF, 0xFFFF, 0xFFFF, 0xFFFF, 0xFFFF, 0xFFFF, 0xFFFF, 0xFFFF, 0xFFFF, 0xFFFF, 0xFFFF, 0xFFFF,
    0xFFFF, 0xFFFF, 0xFFFF, 0xFFFF, 0xFFFF, 0xFFFF, 0xFFFF, 0xFFFF, 0xFFFF, 0xFFFF, 0xFFFF, 0xFFFF, 0xFFFF, 0xFFFF, 0xFFFF, 0xFFFF,
    0xFFFF, 0xFFFF, 0xFFFF, 0xFFFF, 0xFFFF, 0xFFFF, 0xFFFF, 0xFFFF, 0xFFFF, 0xFFFF, 0xFFFF, 0xFFFF, 0xFFFF, 0xFFFF, 0xFFFF, 0xFFFF,
    0xFFFF, 0xFFFF, 0xFFFF, 0xFFFF, 0xFFFF, 0xFFFF, 0xFFFF, 0xFFFF, 0xFFFF, 0xFFFF, 0xFFFF, 0xFFFF, 0xFFFF, 0xFFFF, 0xFFFF, 0xFFFF,
    0xFFFF, 0xFFFF, 0xFFFF, 0xFFFF, 0xFFFF, 0xFFFF, 0xFFFF, 0xFFFF, 0xFFFF, 0xFFFF, 0xFFFF, 0xFFFF, 0xFFFF, 0xFFFF, 0xFFFF, 0xFFFF,
    0xFFFF, 0xFFFF, 0xFFFF, 0xFFFF, 0xFFFF, 0xFFFF, 0xFFFF, 0xFFFF, 0xFFFF, 0xFFFF, 0xFFFF, 0xFFFF, 0xFFFF, 0xFFFF, 0xFFFF, 0xFFFF,
    0xFFFF, 0xFFFF, 0xFFFF, 0xFFFF, 0xFFFF, 0xFFFF, 0xFFFF, 0xFFFF, 0xFFFF, 0xFFFF, 0xFFFF, 0xFFFF, 0xFFFF, 0xFFFF, 0xFFFF, 0xFFFF,
    0xFFFF, 0xFFFF, 0xFFFF, 0xFFFF, 0xFFFF, 0xFFFF, 0xFFFF, 0xFFFF, 0xFFFF, 0xFFFF, 0xFFFF, 0xFFFF, 0xFFFF, 0xFFFF, 0xFFFF, 0xFFFF,
    0xFFFF, 0xFFFF, 0xFFFF, 0xFFFF, 0xFFFF, 0xFFFF, 0xFFFF, 0xFFFF, 0xFFFF, 0xFFFF, 0xFFFF, 0xFFFF, 0xFFFF, 0xFFFF, 0xFFFF, 0xFFFF,
    0xFFFF, 0xFFFF, 0xFFFF, 0xFFFF, 0xFFFF, 0xFFFF, 0xFFFF, 0xFFFF, 0xFFFF, 0xFFFF, 0xFFFF, 0xFFFF, 0xFFFF, 0xFFFF, 0xFFFF, 0xFFFF,
    0xFFFF, 0xFFFF, 0xFFFF, 0xFFFF, 0xFFFF, 0xFFFF, 0xFFFF, 0xFFFF, 0xFFFF, 0xFFFF, 0xFFFF, 0xFFFF, 0xFFFF, 0xFFFF, 0xFFFF, 0xFFFF,
    0xFFFF, 0xFFFF, 0xFFFF, 0xFFFF, 0xFFFF, 0xFFFF, 0xFFFF, 0xFFFF, 0xFFFF, 0xFFFF, 0xFFFF, 0xFFFF, 0xFFFF, 0xFFFF, 0xFFFF, 0xFFFF,
    0xFFFF, 0xFFFF, 0xFFFF, 0xFFFF, 0xFFFF, 0xFFFF, 0xFFFF, 0xFFFF, 0xFFFF, 0xFFFF, 0xFFFF, 0xFFFF, 0xFFFF, 0xFFFF, 0xFFFF, 0xFFFF,
    0xFFFF, 0xFFFF, 0xFFFF, 0xFFFF, 0xFFFF, 0xFFFF, 0xFFFF, 0xFFFF, 0xFFFF, 0xFFFF, 0xFFFF, 0xFFFF, 0xFFFF, 0xFFFF, 0xFFFF, 0xFFFF,
    0xFFFF, 0xFFFF, 0xFFFF, 0xFFFF, 0xFFFF, 0xFFFF, 0xFFFF, 0xFFFF, 0xFFFF, 0xFFFF, 0xFFFF, 0xFFFF, 0xFFFF, 0xFFFF, 0xFFFF, 0xFFFF,
    0xFFFF, 0xFFFF, 0xFFFF, 0xFFFF, 0xFFFF, 0xFFFF, 0xFFFF, 0xFFFF, 0xFFFF, 0xFFFF, 0xFFFF, 0xFFFF, 0xFFFF, 0xFFFF, 0xFFFF, 0xFFFF,
    0xFFFF, 0xFFFF, 0xFFFF, 0xFFFF, 0xFFFF, 0xFFFF, 0xFFFF, 0xFFFF, 0xFFFF, 0xFFFF, 0xFFFF, 0xFFFF, 0xFFFF, 0xFFFF, 0xFFFF, 0xFFFF,
    0xFFFF, 0xFFFF, 0xFFFF, 0xFFFF, 0xFFFF, 0xFFFF, 0xFFFF, 0xFFFF, 0xFFFF, 0xFFFF, 0xFFFF, 0xFFFF, 0xFFFF, 0xFFFF, 0xFFFF, 0xFFFF,
    0xFFFF, 0xFFFF, 0xFFFF, 0xFFFF, 0xFFFF, 0xFFFF, 0xFFFF, 0xFFFF, 0xFFFF, 0xFFFF, 0xFFFF, 0xFFFF, 0xFFFF, 0xFFFF, 0xFFFF, 0xFFFF,
    0xFFFF, 0xFFFF, 0xFFFF, 0xFFFF, 0xFFFF, 0xFFFF, 0xFFFF, 0xFFFF, 0xFFFF, 0xFFFF, 0xFFFF, 0xFFFF, 0xFFFF, 0xFFFF, 0xFFFF, 0xFFFF,
    0xFFFF, 0xFFFF, 0xFFFF, 0xFFFF, 0xFFFF, 0xFFFF, 0xFFFF, 0xFFFF, 0xFFFF, 0xFFFF, 0xFFFF, 0xFFFF, 0xFFFF, 0xFFFF, 0xFFFF, 0xFFFF,
    0xFFFF, 0xFFFF, 0xFFFF, 0xFFFF, 0xFFFF, 0xFFFF, 0xFFFF, 0xFFFF, 0xFFFF, 0xFFFF, 0xFFFF, 0xFFFF, 0xFFFF, 0xFFFF, 0xFFFF, 0xFFFF,
    0xFFFF, 0xFFFF, 0xFFFF, 0xFFFF, 0xFFFF, 0xFFFF, 0xFFFF, 0xFFFF, 0xFFFF, 0xFFFF, 0xFFFF, 0xFFFF, 0xFFFF, 0xFFFF, 0xFFFF, 0xFFFF,
    0xFFFF, 0xFFFF, 0xFFFF, 0xFFFF, 0xFFFF, 0xFFFF, 0xFFFF, 0xFFFF, 0xFFFF, 0xFFFF, 0xFFFF, 0xFFFF, 0xFFFF, 0xFFFF, 0xFFFF, 0xFFFF,
    0xFFFF, 0xFFFF, 0xFFFF, 0xFFFF, 0xFFFF, 0xFFFF, 0xFFFF, 0xFFFF, 0xFFFF, 0xFFFF, 0xFFFF, 0xFFFF, 0xFFFF, 0xFFFF, 0xFFFF, 0xFFFF,
    0xFFFF, 0xFFFF, 0xFFFF, 0xFFFF, 0xFFFF, 0xFFFF, 0xFFFF, 0xFFFF, 0xFFFF, 0xFFFF, 0xFFFF, 0xFFFF, 0xFFFF, 0xFFFF, 0xFFFF, 0xFFFF,
    0xFFFF, 0xFFFF, 0xFFFF, 0xFFFF, 0xFFFF, 0xFFFF, 0xFFFF, 0xFFFF, 0xFFFF, 0xFFFF, 0xFFFF, 0xFFFF, 0xFFFF, 0xFFFF, 0xFFFF, 0xFFFF,
    0xFFFF, 0xFFFF, 0xFFFF, 0xFFFF, 0xFFFF, 0xFFFF, 0xFFFF, 0xFFFF, 0xFFFF, 0xFFFF, 0xFFFF, 0xFFFF, 0xFFFF, 0xFFFF, 0xFFFF, 0xFFFF,
    0xFFFF, 0xFFFF, 0xFFFF, 0xFFFF, 0xFFFF, 0xFFFF, 0xFFFF, 0xFFFF, 0xFFFF, 0xFFFF, 0xFFFF, 0xFFFF, 0xFFFF, 0xFFFF, 0xFFFF, 0xFFFF,
    0xFFFF, 0xFFFF, 0xFFFF, 0xFFFF, 0xFFFF, 0xFFFF, 0xFFFF, 0xFFFF, 0xFFFF, 0xFFFF, 0xFFFF, 0xFFFF, 0xFFFF, 0xFFFF, 0xFFFF, 0xFFFF,
    0xFFFF, 0xFFFF, 0xFFFF, 0xFFFF, 0xFFFF, 0xFFFF, 0xFFFF, 0xFFFF, 0xFFFF, 0xFFFF, 0xFFFF, 0xFFFF, 0xFFFF, 0xFFFF, 0xFFFF, 0xFFFF,
    0xFFFF, 0xFFFF, 0xFFFF, 0xFFFF, 0xFFFF, 0xFFFF, 0xFFFF, 0xFFFF, 0xFFFF, 0xFFFF, 0xFFFF, 0xFFFF, 0xFFFF, 0xFFFF, 0xFFFF, 0xFFFF,
    0xFFFF, 0xFFFF, 0xFFFF, 0xFFFF, 0xFFFF, 0xFFFF, 0xFFFF, 0xFFFF, 0xFFFF, 0xFFFF, 0xFFFF, 0xFFFF, 0xFFFF, 0xFFFF, 0xFFFF, 0xFFFF,
    0xFFFF, 0xFFFF, 0xFFFF, 0xFFFF, 0xFFFF, 0xFFFF, 0xFFFF, 0xFFFF, 0xFFFF, 0xFFFF, 0xFFFF, 0xFFFF, 0xFFFF, 0xFFFF, 0xFFFF, 0xFFFF,
    0xFFFF, 0xFFFF, 0xFFFF, 0xFFFF, 0xFFFF, 0xFFFF, 0xFFFF, 0xFFFF, 0xFFFF, 0xFFFF, 0xFFFF, 0xFFFF, 0xFFFF, 0xFFFF, 0xFFFF, 0xFFFF,
    0xFFFF, 0xFFFF, 0xFFFF, 0xFFFF, 0xFFFF, 0xFFFF, 0xFFFF, 0xFFFF, 0xFFFF, 0xFFFF, 0xFFFF, 0xFFFF, 0xFFFF, 0xFFFF, 0xFFFF, 0xFFFF,
    0xFFFF, 0xFFFF, 0xFFFF, 0xFFFF, 0xFFFF, 0xFFFF, 0xFFFF, 0xFFFF, 0xFFFF, 0xFFFF, 0xFFFF, 0xFFFF, 0xFFFF, 0xFFFF, 0xFFFF, 0xFFFF,
    0xFFFF, 0xFFFF, 0xFFFF, 0xFFFF, 0xFFFF, 0xFFFF, 0xFFFF, 0xFFFF, 0xFFFF, 0xFFFF, 0xFFFF, 0xFFFF, 0xFFFF, 0xFFFF, 0xFFFF, 0xFFFF,
    0xFFFF, 0xFFFF, 0xFFFF, 0xFFFF, 0xFFFF, 0xFFFF, 0xFFFF, 0xFFFF, 0xFFFF, 0xFFFF, 0xFFFF, 0xFFFF, 0xFFFF, 0xFFFF, 0xFFFF, 0xFFFF,
    0xFFFF, 0xFFFF, 0xFFFF, 0xFFFF, 0xFFFF, 0xFFFF, 0xFFFF, 0xFFFF, 0xFFFF, 0xFFFF, 0xFFFF, 0xFFFF, 0xFFFF, 0xFFFF, 0xFFFF, 0xFFFF,
    0xFFFF, 0xFFFF, 0xFFFF, 0xFFFF, 0xFFFF, 0xFFFF, 0xFFFF, 0xFFFF, 0xFFFF, 0xFFFF, 0xFFFF, 0xFFFF, 0xFFFF, 0xFFFF, 0xFFFF, 0xFFFF,
    0xFFFF, 0xFFFF, 0xFFFF, 0xFFFF, 0xFFFF, 0xFFFF, 0xFFFF, 0xFFFF, 0xFFFF, 0xFFFF, 0xFFFF, 0xFFFF, 0xFFFF, 0xFFFF, 0xFFFF, 0xFFFF,
    0xFFFF, 0xFFFF, 0xFFFF, 0xFFFF, 0xFFFF, 0xFFFF, 0xFFFF, 0xFFFF, 0xFFFF, 0xFFFF, 0xFFFF, 0xFFFF, 0xFFFF, 0xFFFF, 0xFFFF, 0xFFFF,
    0xFFFF, 0xFFFF, 0xFFFF, 0xFFFF, 0xFFFF, 0xFFFF, 0xFFFF, 0xFFFF, 0xFFFF, 0xFFFF, 0xFFFF, 0xFFFF, 0xFFFF, 0xFFFF, 0xFFFF, 0xFFFF,
    0xFFFF, 0xFFFF, 0xFFFF, 0xFFFF, 0xFFFF, 0xFFFF, 0xFFFF, 0xFFFF, 0xFFFF, 0xFFFF, 0xFFFF, 0xFFFF, 0xFFFF, 0xFFFF, 0xFFFF, 0xFFFF,
    0xFFFF, 0xFFFF, 0xFFFF, 0xFFFF, 0xFFFF, 0xFFFF, 0xFFFF, 0xFFFF, 0xFFFF, 0xFFFF, 0xFFFF, 0xFFFF, 0xFFFF, 0xFFFF, 0xFFFF, 0xFFFF,
    0xFFFF, 0xFFFF, 0xFFFF, 0xFFFF, 0xFFFF, 0xFFFF, 0xFFFF, 0xFFFF, 0xFFFF, 0xFFFF, 0xFFFF, 0xFFFF, 0xFFFF, 0xFFFF, 0xFFFF, 0xFFFF,
    0xFFFF, 0xFFFF, 0xFFFF, 0xFFFF, 0xFFFF, 0xFFFF, 0xFFFF, 0xFFFF, 0xFFFF, 0xFFFF, 0xFFFF, 0xFFFF, 0xFFFF, 0xFFFF, 0xFFFF, 0xFFFF,
    0xFFFF, 0xFFFF, 0xFFFF, 0xFFFF, 0xFFFF, 0xFFFF, 0xFFFF, 0xFFFF, 0xFFFF, 0xFFFF, 0xFFFF, 0xFFFF, 0xFFFF, 0xFFFF, 0xFFFF, 0xFFFF,
    0xFFFF, 0xFFFF, 0xFFFF, 0xFFFF, 0xFFFF, 0xFFFF, 0xFFFF, 0xFFFF, 0xFFFF, 0xFFFF, 0xFFFF, 0xFFFF, 0xFFFF, 0xFFFF, 0xFFFF, 0xFFFF,
    0xFFFF, 0xFFFF, 0xFFFF, 0xFFFF, 0xFFFF, 0xFFFF, 0xFFFF, 0xFFFF, 0xFFFF, 0xFFFF, 0xFFFF, 0xFFFF, 0xFFFF, 0xFFFF, 0xFFFF, 0xFFFF,
    0xFFFF, 0xFFFF, 0xFFFF, 0xFFFF, 0xFFFF, 0xFFFF, 0xFFFF, 0xFFFF, 0xFFFF, 0xFFFF, 0xFFFF, 0xFFFF, 0xFFFF, 0xFFFF, 0xFFFF, 0xFFFF,
    0xFFFF, 0xFFFF, 0xFFFF, 0xFFFF, 0xFFFF, 0xFFFF, 0xFFFF, 0xFFFF, 0xFFFF, 0xFFFF, 0xFFFF, 0xFFFF, 0xFFFF, 0xFFFF, 0xFFFF, 0xFFFF,
    0xFFFF, 0xFFFF, 0xFFFF, 0xFFFF, 0xFFFF, 0xFFFF, 0xFFFF, 0xFFFF, 0xFFFF, 0xFFFF, 0xFFFF, 0xFFFF, 0xFFFF, 0xFFFF, 0xFFFF, 0xFFFF,
    0xFFFF, 0xFFFF, 0xFFFF, 0xFFFF, 0xFFFF, 0xFFFF, 0xFFFF, 0xFFFF, 0xFFFF, 0xFFFF, 0xFFFF, 0xFFFF, 0xFFFF, 0xFFFF, 0xFFFF, 0xFFFF,
    0xFFFF, 0xFFFF, 0xFFFF, 0xFFFF, 0xFFFF, 0xFFFF, 0xFFFF, 0xFFFF, 0xFFFF, 0xFFFF, 0xFFFF, 0xFFFF, 0xFFFF, 0xFFFF, 0xFFFF, 0xFFFF,
    0xFFFF, 0xFFFF, 0xFFFF, 0xFFFF, 0xFFFF, 0xFFFF, 0xFFFF, 0xFFFF, 0xFFFF, 0xFFFF, 0xFFFF, 0xFFFF, 0xFFFF, 0xFFFF, 0xFFFF, 0xFFFF,
    0xFFFF, 0xFFFF, 0xFFFF, 0xFFFF, 0xFFFF, 0xFFFF, 0xFFFF, 0xFFFF, 0xFFFF, 0xFFFF, 0xFFFF, 0xFFFF, 0xFFFF, 0xFFFF, 0xFFFF, 0xFFFF,
    0xFFFF, 0xFFFF, 0xFFFF, 0xFFFF, 0xFFFF, 0xFFFF, 0xFFFF, 0xFFFF, 0xFFFF, 0xFFFF, 0xFFFF, 0xFFFF, 0xFFFF, 0xFFFF, 0xFFFF, 0xFFFF,
    0xFFFF, 0xFFFF, 0xFFFF, 0xFFFF, 0xFFFF, 0xFFFF, 0xFFFF, 0xFFFF, 0xFFFF, 0xFFFF, 0xFFFF, 0xFFFF, 0xFFFF, 0xFFFF, 0xFFFF, 0xFFFF,
    0xFFFF, 0xFFFF, 0xFFFF, 0xFFFF, 0xFFFF, 0xFFFF, 0xFFFF, 0xFFFF, 0xFFFF, 0xFFFF, 0xFFFF, 0xFFFF, 0xFFFF, 0xFFFF, 0xFFFF, 0xFFFF,
    0xFFFF, 0xFFFF, 0xFFFF, 0xFFFF, 0xFFFF, 0xFFFF, 0xFFFF, 0xFFFF, 0xFFFF, 0xFFFF, 0xFFFF, 0xFFFF, 0xFFFF, 0xFFFF, 0xFFFF, 0xFFFF,
    0xFFFF, 0xFFFF, 0xFFFF, 0xFFFF, 0xFFFF, 0xFFFF, 0xFFFF, 0xFFFF, 0xFFFF, 0xFFFF, 0xFFFF, 0xFFFF, 0xFFFF, 0xFFFF, 0xFFFF, 0xFFDF,
    0xFFFF, 0xFFDF, 0xFFFF, 0xFFFF, 0xFFFF, 0xFFFF, 0xFFFF, 0xFFFF, 0xFFFF, 0xFFFF, 0xFFFF, 0xFFFF, 0xFFFF, 0xFFFF, 0xFFFF, 0xFFFF,
    0xFFFF, 0xFFFF, 0xFFFF, 0xFFFF, 0xFFFF, 0xFFFF, 0xFFFF, 0xFFFF, 0xFFFF, 0xFFFF, 0xFFDF, 0xFFFF, 0xFFFF, 0xFFFF, 0xFFFF, 0xFFDF,
    0xFFFF, 0xFFFF, 0xFFFF, 0xFFFF, 0xFFFF, 0xFFFF, 0xFFFF, 0xFFFF, 0xFFFF, 0xFFFF, 0xFFFF, 0xFFFF, 0xFFFF, 0xFFFF, 0xFFFF, 0xFFFF,
    0xFFFF, 0xFFFF, 0xFFFF, 0xFFFF, 0xFFFF, 0xFFFF, 0xFFFF, 0xFFFF, 0xFFFF, 0xFFFF, 0xFFFF, 0xFFFF, 0xFFFF, 0xFFFF, 0xFFFF, 0xFFFF,
    0xFFFF, 0xFFFF, 0xFFFF, 0xFFFF, 0xFFFF, 0xFFDF, 0xFFFF, 0xFFFF, 0xFFFF, 0xFFFF, 0xFFFF, 0xFFFF, 0xFFFF, 0xFFFF, 0xFFFF, 0xFFFF,
    0xFFFF, 0xFFFF, 0xFFFF, 0xFFFF, 0xFFFF, 0xFFFF, 0xFFFF, 0xFFFF, 0xFFFF, 0xFFFF, 0xFFFF, 0xFFFF, 0xFFFF, 0xFFFF, 0xFFFF, 0xFFFF,
    0xFFFF, 0xFFFF, 0xFFFF, 0xFFFF, 0xFFFF, 0xFFFF, 0xFFFF, 0xFFFF, 0xFFFF, 0xFFFF, 0xFFFF, 0xFFFF, 0xFFFF, 0xFFFF, 0xFFFF, 0xFFFF,
    0xFFFF, 0xFFFF, 0xFFFF, 0xFFDF, 0xFFDF, 0xFFFF, 0xFFFF, 0xFFFF, 0xFFFF, 0xFFFF, 0xFFFF, 0xFFFF, 0xFFDF, 0xFFDF, 0xFFFF, 0xFFFF,
    0xFFFF, 0xFFFF, 0xFFFF, 0xFFFF, 0xFFFF, 0xFFFF, 0xFFDF, 0xFFFF, 0xFFFF, 0xFFDF, 0xFFDF, 0xFFDF, 0xFFDF, 0xFFDF, 0xFFDF, 0xFFDF,
    0xFFDF, 0xFFDF, 0xFFDF, 0xFFDF, 0xFFDF, 0xFFDF, 0xFFDF, 0xFFDF, 0xFFDF, 0xFFDF, 0xFFFF, 0xFFFF, 0xFFFF, 0xFFFF, 0xFFFF, 0xFFFF,
    0xFFFF, 0xFFFF, 0xFFFF, 0xFFFF, 0xFFFF, 0xFFFF, 0xFFFF, 0xFFFF, 0xFFFF, 0xFFFF, 0xFFFF, 0xFFFF, 0xFFFF, 0xFFFF, 0xFFFF, 0xFFFF,
    0xFFFF, 0xFFFF, 0xFFFF, 0xFFFF, 0xFFFF, 0xFFFF, 0xFFFF, 0xFFFF, 0xFFFF, 0xFFFF, 0xFFFF, 0xFFFF, 0xFFFF, 0xFFFF, 0xFFFF, 0xFFFF,
    0xFFFF, 0xFFFF, 0xFFFF, 0xFFFF, 0xFFFF, 0xFFFF, 0xFFFF, 0xFFFF, 0xFFFF, 0xFFFF, 0xFFFF, 0xFFFF, 0xFFFF, 0xFFFF, 0xFFFF, 0xFFFF,
    0xFFFF, 0xFFFF, 0xFFFF, 0xFFFF, 0xFFFF, 0xFFFF, 0xFFFF, 0xFFFF, 0xFFFF, 0xFFFF, 0xFFFF, 0xFFFF, 0xFFFF, 0xFFFF, 0xFFFF, 0xFFFF,
    0xFFFF, 0xFFFF, 0xFFFF, 0xFFFF, 0xFFFF, 0xFFFF, 0xFFFF, 0xFFFF, 0xFFFF, 0xFFFF, 0xFFFF, 0xFFFF, 0xFFFF, 0xFFFF, 0xFFFF, 0xFFFF,
    0xFFFF, 0xFFFF, 0xFFFF, 0xFFFF, 0xFFFF, 0xFFFF, 0xFFFF, 0xFFFF, 0xFFFF, 0xFFFF, 0xFFFF, 0xFFFF, 0xFFFF, 0xFFFF, 0xFFFF, 0xFFFF,
    0xFFFF, 0xFFFF, 0xFFFF, 0xFFFF, 0xFFFF, 0xFFFF, 0xFFFF, 0xFFFF, 0xFFFF, 0xFFFF, 0xFFFF, 0xFFFF, 0xFFFF, 0xFFFF, 0xFFFF, 0xFFFF,
    0xFFFF, 0xFFFF, 0xFFFF, 0xFFFF, 0xFFFF, 0xFFFF, 0xFFFF, 0xFFFF, 0xFFFF, 0xFFFF, 0xFFFF, 0xFFFF, 0xFFFF, 0xFFFF, 0xFFFF, 0xFFFF,
    0xFFFF, 0xFFFF, 0xFFFF, 0xFFFF, 0xFFFF, 0xFFFF, 0xFFFF, 0xFFFF, 0xFFFF, 0xFFFF, 0xFFFF, 0xFFFF, 0xFFFF, 0xFFFF, 0xFFFF, 0xFFFF,
    0xFFFF, 0xFFFF, 0xFFFF, 0xFFFF, 0xFFFF, 0xFFFF, 0xFFFF, 0xFFFF, 0xFFFF, 0xFFFF, 0xFFFF, 0xFFFF, 0xFFFF, 0xFFFF, 0xFFFF, 0xFFFF,
    0xFFFF, 0xFFFF, 0xFFFF, 0xFFFF, 0xFFFF, 0xFFFF, 0xFFFF, 0xFFFF, 0xFFFF, 0xFFFF, 0xFFFF, 0xFFFF, 0xFFFF, 0xFFFF, 0xFFFF, 0xFFFF,
    0xFFFF, 0xFFFF, 0xFFFF, 0xFFFF, 0xFFFF, 0xFFFF, 0xFFFF, 0xFFFF, 0xFFFF, 0xFFFF, 0xFFFF, 0xFFFF, 0xFFFF, 0xFFFF, 0xFFFF, 0xFFFF,
    0xFFFF, 0xFFFF, 0xFFFF, 0xFFFF, 0xFFFF, 0xFFFF, 0xFFFF, 0xFFFF, 0xFFFF, 0xFFFF, 0xFFFF, 0xFFFF, 0xFFFF, 0xFFFF, 0xFFFF, 0xFFFF,
    0xFFFF, 0xFFFF, 0xFFFF, 0xFFFF, 0xFFFF, 0xFFFF, 0xFFFF, 0xFFFF, 0xFFFF, 0xFFFF, 0xFFFF, 0xFFFF, 0xFFFF, 0xFFFF, 0xFFFF, 0xFFFF,
    0xFFFF, 0xFFFF, 0xFFFF, 0xFFFF, 0xFFFF, 0xFFFF, 0xFFFF, 0xFFFF, 0xFFFF, 0xFFFF, 0xFFFF, 0xFFFF, 0xFFFF, 0xFFFF, 0xFFFF, 0xFFFF,
    0xFFFF, 0xFFFF, 0xFFFF, 0xFFFF, 0xFFFF, 0xFFFF, 0xFFFF, 0xFFFF, 0xFFFF, 0xFFFF, 0xFFFF, 0xFFFF, 0xFFFF, 0xFFFF, 0xFFFF, 0xFFFF,
    0xFFFF, 0xFFFF, 0xFFFF, 0xFFFF, 0xFFFF, 0xFFFF, 0xFFFF, 0xFFFF, 0xFFFF, 0xFFFF, 0xFFFF, 0xFFFF, 0xFFFF, 0xFFFF, 0xFFFF, 0xFFFF,
    0xFFFF, 0xFFFF, 0xFFFF, 0xFFFF, 0xFFFF, 0xFFFF, 0xFFFF, 0xFFFF, 0xFFFF, 0xFFFF, 0xFFFF, 0xFFFF, 0xFFFF, 0xFFFF, 0xFFFF, 0xFFFF,
    0xFFFF, 0xFFFF, 0xFFFF, 0xFFFF, 0xFFFF, 0xFFFF, 0xFFFF, 0xFFFF, 0xFFFF, 0xFFFF, 0xFFFF, 0xFFFF, 0xFFFF, 0xFFFF, 0xFFFF, 0xFFFF,
    0xFFFF, 0xFFFF, 0xFFFF, 0xFFFF, 0xFFFF, 0xFFFF, 0xFFFF, 0xFFFF, 0xFFFF, 0xFFFF, 0xFFFF, 0xFFFF, 0xFFFF, 0xFFFF, 0xFFFF, 0xFFFF,
    0xFFFF, 0xFFFF, 0xFFFF, 0xFFFF, 0xFFFF, 0xFFFF, 0xFFFF, 0xFFFF, 0xFFFF, 0xFFFF, 0xFFFF, 0xFFFF, 0xFFFF, 0xFFFF, 0xFFFF, 0xFFFF,
    0xFFFF, 0xFFFF, 0xFFFF, 0xFFFF, 0xFFFF, 0xFFFF, 0xFFFF, 0xFFFF, 0xFFFF, 0xFFFF, 0xFFFF, 0xFFFF, 0xFFFF, 0xFFFF, 0xFFFF, 0xFFFF,
    0xFFFF, 0xFFFF, 0xFFFF, 0xFFFF, 0xFFFF, 0xFFFF, 0xFFFF, 0xFFFF, 0xFFFF, 0xFFFF, 0xFFFF, 0xFFFF, 0xFFFF, 0xFFFF, 0xFFFF, 0xFFFF,
    0xFFFF, 0xFFFF, 0xFFFF, 0xFFFF, 0xFFFF, 0xFFFF, 0xFFFF, 0xFFFF, 0xFFFF, 0xFFFF, 0xFFFF, 0xFFFF, 0xFFFF, 0xFFFF, 0xFFFF, 0xFFFF,
    0xFFFF, 0xFFFF, 0xFFFF, 0xFFFF, 0xFFFF, 0xFFFF, 0xFFFF, 0xFFFF, 0xFFFF, 0xFFFF, 0xFFFF, 0xFFFF, 0xFFFF, 0xFFFF, 0xFFFF, 0xFFFF,
    0xFFFF, 0xFFFF, 0xFFFF, 0xFFFF, 0xFFFF, 0xFFFF, 0xFFFF, 0xFFFF, 0xFFFF, 0xFFFF, 0xFFFF, 0xFFFF, 0xFFFF, 0xFFFF, 0xFFFF, 0xFFFF,
    0xFFFF, 0xF79E, 0xD69A, 0xE73C, 0xEF5D, 0xE73C, 0xE73C, 0xE73C, 0xE73C, 0xE73C, 0xE71C, 0xE71C, 0xE71C, 0xE71C, 0xDEFB, 0xDEFB,
    0xDEFB, 0xDEDB, 0xDEDB, 0xDEDA, 0xD6BA, 0xD6BA, 0xD6BA, 0xD6BA, 0xD6BA, 0xD6BA, 0xD6BA, 0xD6BA, 0xD6BA, 0xD6BA, 0xD6BA, 0xD6BA,
    0xD69A, 0xD6BA, 0xD6BA, 0xD6BA, 0xD6BA, 0xD69A, 0xD69A, 0xD69A, 0xD69A, 0xD6BA, 0xD6BA, 0xD6BA, 0xD6BA, 0xD6BA, 0xD6BA, 0xD69A,
    0xD69A, 0xD69A, 0xD69A, 0xD69A, 0xD69A, 0xD69A, 0xD69A, 0xD69A, 0xD69A, 0xD69A, 0xD69A, 0xD69A, 0xD69A, 0xD69A, 0xD69A, 0xD69A,
    0xD69A, 0xD6BA, 0xD6BA, 0xD6BA, 0xD6BA, 0xD6BA, 0xD6BA, 0xD6BA, 0xD6BA, 0xD6BA, 0xD6BA, 0xD6BA, 0xD6BA, 0xD6BA, 0xD6BA, 0xD6BA,
    0xD6BA, 0xD6BA, 0xD6BA, 0xD69A, 0xD6BA, 0xD6BA, 0xD6BA, 0xD6BA, 0xD69A, 0xD69A, 0xD69A, 0xD69A, 0xD69A, 0xD69A, 0xD69A, 0xD69A,
    0xD69A, 0xD69A, 0xD69A, 0xD69A, 0xD69A, 0xD69A, 0xD69A, 0xD69A, 0xD69A, 0xD69A, 0xD69A, 0xD69A, 0xD69A, 0xD69A, 0xD69A, 0xD69A,
    0xD69A, 0xD69A, 0xD69A, 0xD69A, 0xD69A, 0xD69A, 0xD69A, 0xD69A, 0xD69A, 0xD69A, 0xD69A, 0xD69A, 0xD69A, 0xD699, 0xD69A, 0xD69A,
    0xD69A, 0xD699, 0xD69A, 0xD69A, 0xD69A, 0xD69A, 0xD69A, 0xD69A, 0xD69A, 0xD69A, 0xCE79, 0xCE79, 0xCE79, 0xCE99, 0xD69A, 0xCE79,
    0xCE79, 0xCE79, 0xCE79, 0xCE79, 0xCE79, 0xCE79, 0xCE59, 0xCE59, 0xCE59, 0xCE59, 0xCE59, 0xCE59, 0xCE59, 0xCE59, 0xCE59, 0xCE59,
    0xCE59, 0xCE59, 0xCE59, 0xCE59, 0xCE59, 0xCE59, 0xCE59, 0xCE59, 0xCE59, 0xCE59, 0xCE59, 0xCE59, 0xCE59, 0xCE59, 0xCE59, 0xCE59,
    0xCE59, 0xCE59, 0xCE59, 0xCE59, 0xCE59, 0xCE59, 0xCE59, 0xCE59, 0xCE59, 0xCE59, 0xCE59, 0xC638, 0xC639, 0xCE59, 0xCE59, 0xC638,
    0xC638, 0xC638, 0xC638, 0xC638, 0xC618, 0xBDF7, 0xBDF7, 0xBDF7, 0xB5B7, 0xB5B6, 0xB596, 0xB596, 0xAD75, 0xAD55, 0xAD55, 0xAD55,
    0xAD55, 0xA534, 0xA534, 0xA534, 0xA534, 0xA534, 0xA534, 0xA534, 0xAD55, 0xB596, 0xCE79, 0xEF7D, 0xFFFF, 0xFFFF, 0xFFFF, 0xFFFF,
    0xFFFF, 0xFFFF, 0xFFFF, 0xFFFF, 0xFFFF, 0xFFFF, 0xFFFF, 0xFFFF, 0xFFFF, 0xFFFF, 0xFFFF, 0xFFFF, 0xFFFF, 0xFFFF, 0xFFFF, 0xFFFF,
    0xFFFF, 0xFFFF, 0xFFFF, 0xFFFF, 0xFFFF, 0xFFFF, 0xFFFF, 0xFFFF, 0xFFFF, 0xFFFF, 0xFFFF, 0xFFFF, 0xFFFF, 0xFFFF, 0xFFFF, 0xFFFF,
    0xFFFF, 0xFFFF, 0xFFFF, 0xFFFF, 0xFFFF, 0xFFFF, 0xFFFF, 0xFFFF, 0xFFFF, 0xFFFF, 0xFFFF, 0xFFFF, 0xFFFF, 0xFFFF, 0xFFFF, 0xFFFF,
    0xFFFF, 0xFFFF, 0xFFFF, 0xFFFF, 0xFFFF, 0xFFFF, 0xFFFF, 0xFFFF, 0xFFFF, 0xFFFF, 0xFFFF, 0xFFFF, 0xFFFF, 0xFFFF, 0xFFFF, 0xFFFF,
    0xFFFF, 0xFFFF, 0xFFFF, 0xFFFF, 0xFFFF, 0xFFFF, 0xFFFF, 0xFFFF, 0xFFFF, 0xFFFF, 0xFFFF, 0xFFFF, 0xFFFF, 0xFFFF, 0xFFFF, 0xFFFF,
    0xFFFF, 0xFFFF, 0xFFFF, 0xFFFF, 0xFFFF, 0xFFFF, 0xFFFF, 0xFFFF, 0xFFFF, 0xFFFF, 0xFFFF, 0xFFFF, 0xFFFF, 0xFFFF, 0xFFFF, 0xFFDF,
    0xFFFF, 0xB596, 0x4208, 0x528A, 0x4A69, 0x4A69, 0x52AA, 0x5ACB, 0x5ACB, 0x52AA, 0x528A, 0x4A69, 0x4A49, 0x4A69, 0x4A69, 0x4A49,
    0x4A69, 0x4207, 0x39E7, 0x39E7, 0x39C7, 0x39C7, 0x39E7, 0x39C7, 0x39C7, 0x39C7, 0x39C7, 0x39C7, 0x31A6, 0x31A6, 0x31A6, 0x31A6,
    0x39C7, 0x39C7, 0x31C6, 0x39C7, 0x31A6, 0x3186, 0x3186, 0x3186, 0x31A6, 0x31A6, 0x31A6, 0x31A6, 0x31A6, 0x31A6, 0x31A6, 0x3186,
    0x3186, 0x3186, 0x31A6, 0x31A6, 0x31A6, 0x31A6, 0x31A6, 0x31A6, 0x31A6, 0x31A6, 0x31A6, 0x31A6, 0x31A6, 0x31A6, 0x31A6, 0x31A6,
    0x3186, 0x31A6, 0x31A6, 0x3186, 0x3186, 0x3186, 0x3185, 0x3186, 0x3186, 0x2965, 0x2985, 0x2965, 0x2965, 0x2965, 0x2965, 0x2965,
    0x2965, 0x2965, 0x2965, 0x2986, 0x2965, 0x3186, 0x3186, 0x2965, 0x2965, 0x2945, 0x2945, 0x2965, 0x2965, 0x2965, 0x2965, 0x2965,
    0x2965, 0x2965, 0x2965, 0x2965, 0x2965, 0x2965, 0x2965, 0x2945, 0x2965, 0x2965, 0x2965, 0x2965, 0x2965, 0x2965, 0x2965, 0x2965,
    0x2945, 0x2945, 0x2965, 0x2965, 0x2965, 0x3185, 0x2965, 0x2965, 0x2965, 0x2965, 0x2945, 0x2945, 0x2945, 0x2945, 0x2945, 0x2945,
    0x2965, 0x2965, 0x2945, 0x2945, 0x2945, 0x2124, 0x2124, 0x2124, 0x2124, 0x2945, 0x2124, 0x2124, 0x2945, 0x2945, 0x2945, 0x2945,
    0x2944, 0x2945, 0x2944, 0x2124, 0x2124, 0x2124, 0x2945, 0x2124, 0x2124, 0x2124, 0x2945, 0x2965, 0x2945, 0x2945, 0x2965, 0x2965,
    0x2945, 0x2124, 0x2945, 0x2945, 0x2945, 0x2945, 0x2945, 0x2945, 0x2945, 0x2945, 0x2945, 0x2945, 0x2945, 0x2945, 0x2945, 0x2124,
    0x2945, 0x2945, 0x2945, 0x2945, 0x2965, 0x2965, 0x3186, 0x3186, 0x3186, 0x3186, 0x3186, 0x3186, 0x2965, 0x2965, 0x3186, 0x31A6,
    0x3186, 0x3186, 0x2945, 0x2965, 0x2965, 0x2945, 0x2945, 0x2124, 0x2124, 0x2104, 0x20E4, 0x18E3, 0x18C3, 0x18C3, 0x18C3, 0x18E3,
    0x18E3, 0x18E3, 0x18C3, 0x10A2, 0x10A2, 0x10A2, 0x10A2, 0x10A2, 0x18E3, 0x2945, 0x2945, 0x6B6D, 0xFFFF, 0xFFFF, 0xFFFF, 0xFFFF,
    0xFFFF, 0xFFFF, 0xFFFF, 0xFFFF, 0xFFFF, 0xFFFF, 0xFFFF, 0xFFFF, 0xFFFF, 0xFFFF, 0xFFFF, 0xFFFF, 0xFFFF, 0xFFFF, 0xFFFF, 0xFFFF,
    0xFFFF, 0xFFFF, 0xFFFF, 0xFFFF, 0xFFFF, 0xFFFF, 0xFFFF, 0xFFFF, 0xFFFF, 0xFFFF, 0xFFFF, 0xFFFF, 0xFFFF, 0xFFFF, 0xFFFF, 0xFFFF,
    0xFFFF, 0xFFFF, 0xFFFF, 0xFFFF, 0xFFFF, 0xFFFF, 0xFFFF, 0xFFFF, 0xFFFF, 0xFFFF, 0xFFFF, 0xFFFF, 0xFFFF, 0xFFFF, 0xFFFF, 0xFFFF,
    0xFFFF, 0xFFFF, 0xFFFF, 0xFFFF, 0xFFFF, 0xFFFF, 0xFFFF, 0xFFFF, 0xFFFF, 0xFFFF, 0xFFFF, 0xFFFF, 0xFFFF, 0xFFFF, 0xFFFF, 0xFFFF,
    0xFFFF, 0xFFFF, 0xFFFF, 0xFFFF, 0xFFFF, 0xFFFF, 0xFFFF, 0xFFFF, 0xFFFF, 0xFFFF, 0xFFFF, 0xFFFF, 0xFFFF, 0xFFFF, 0xFFFF, 0xFFFF,
    0xFFFF, 0xFFFF, 0xFFFF, 0xFFFF, 0xFFFF, 0xFFFF, 0xFFFF, 0xFFFF, 0xFFFF, 0xFFFF, 0xFFFF, 0xFFFF, 0xFFFF, 0xFFFF, 0xFFFF, 0xFFFF,
    0xFFDF, 0x630C, 0x7BCF, 0x8C51, 0x8C71, 0x94B2, 0xA534, 0xAD55, 0xAD55, 0xAD55, 0xA534, 0xA514, 0xA534, 0xAD35, 0xAD55, 0xAD55,
    0xA514, 0xA514, 0xA514, 0xA534, 0xAD55, 0xAD55, 0xAD55, 0xAD75, 0xB5B6, 0xBDD7, 0xB5B6, 0xBDD7, 0xBDD7, 0xBDD7, 0xBDD7, 0xBDD7,
    0xBDD7, 0xBDD7, 0xBDD7, 0xBDD7, 0xBDD6, 0xB5B6, 0xBDD7, 0xC618, 0xC618, 0xC618, 0xC618, 0xC5F7, 0xBDF7, 0xBDF7, 0xBDF7, 0xBDD7,
    0xB5B6, 0xB5B6, 0xBDD7, 0xBDF7, 0xC618, 0xBDF7, 0xC5F8, 0xC618, 0xC5F7, 0xBDF7, 0xC618, 0xC618, 0xC618, 0xBDF7, 0xC5F7, 0xBDF7,
    0xBDD7, 0xBDD7, 0xBDD7, 0xBDD7, 0xBDD7, 0xBDD7, 0xAD75, 0xAD55, 0xAD55, 0xAD55, 0xAD55, 0xAD55, 0xA534, 0xA534, 0xA534, 0xA534,
    0xA534, 0xA534, 0xAD55, 0xAD55, 0xAD55, 0xAD55, 0xAD55, 0xAD75, 0xAD75, 0xAD75, 0xAD75, 0xAD75, 0xAD55, 0xAD55, 0xAD55, 0xAD75,
    0xAD75, 0xAD75, 0xAD75, 0xAD75, 0xAD55, 0xAD55, 0xAD34, 0xA534, 0xA534, 0xA534, 0xAD34, 0xAD55, 0xAD55, 0xAD55, 0xAD55, 0xAD55,
    0xA534, 0xA534, 0xAD55, 0xAD55, 0xAD55, 0xAD55, 0xAD55, 0xAD55, 0xAD55, 0xAD55, 0xA534, 0xA534, 0xA534, 0xA514, 0xA534, 0xAD55,
    0xAD55, 0xAD55, 0xAD55, 0xAD55, 0xA534, 0xA534, 0xA534, 0xAD55, 0xAD55, 0xB596, 0xB596, 0xB596, 0xBDD7, 0xBDD7, 0xBDD6, 0xBDF7,
    0xBDD7, 0xBDD7, 0xBDD7, 0xBDD7, 0xB5B6, 0xB5B6, 0xC617, 0xC618, 0xBDF7, 0xC5F7, 0xC618, 0xBDD7, 0xB5B6, 0xB5B6, 0xBDD7, 0xBDF7,
    0xBDD7, 0xB596, 0xB5B6, 0xB5B6, 0xB5B6, 0xB5B6, 0xB5B6, 0xB596, 0xB596, 0xB596, 0xB596, 0xB596, 0xB596, 0xB596, 0xAD75, 0xAD55,
    0xA534, 0xA514, 0x9CF3, 0x9492, 0x8C71, 0x8C71, 0x8C51, 0x8C51, 0x8C51, 0x8430, 0x8C51, 0x8C51, 0x8430, 0x8430, 0x8430, 0x8C51,
    0x8C51, 0x8430, 0x8430, 0x8C51, 0x8C71, 0x94B2, 0xA514, 0xAD55, 0xAD75, 0xAD75, 0xB596, 0xB596, 0xAD75, 0xAD75, 0xB596, 0xB5B6,
    0xB596, 0xAD75, 0xAD75, 0xAD55, 0xAD55, 0xAD55, 0xA514, 0xA514, 0x9492, 0x7BEF, 0x7BEF, 0x738E, 0xEF5D, 0xFFFF, 0xFFFF, 0xFFFF,
    0xFFFF, 0xFFFF, 0xFFFF, 0xFFFF, 0xFFFF, 0xFFFF, 0xFFFF, 0xFFFF, 0xFFFF, 0xFFFF, 0xFFFF, 0xFFFF, 0xFFFF, 0xFFFF, 0xFFFF, 0xFFFF,
    0xFFFF, 0xFFFF, 0xFFFF, 0xFFFF, 0xFFFF, 0xFFFF, 0xFFFF, 0xFFFF, 0xFFFF, 0xFFFF, 0xFFFF, 0xFFFF, 0xFFFF, 0xFFFF, 0xFFFF, 0xFFFF,
    0xFFFF, 0xFFFF, 0xFFFF, 0xFFFF, 0xFFFF, 0xFFFF, 0xFFFF, 0xFFFF, 0xFFFF, 0xFFFF, 0xFFFF, 0xFFFF, 0xFFFF, 0xFFFF, 0xFFFF, 0xFFFF,
    0xFFFF, 0xFFFF, 0xFFFF, 0xFFFF, 0xFFFF, 0xFFFF, 0xFFFF, 0xFFFF, 0xFFFF, 0xFFFF, 0xFFFF, 0xFFFF, 0xFFFF, 0xFFFF, 0xFFFF, 0xFFFF,
    0xFFFF, 0xFFFF, 0xFFFF, 0xFFFF, 0xFFFF, 0xFFFF, 0xFFFF, 0xFFFF, 0xFFFF, 0xFFFF, 0xFFFF, 0xFFFF, 0xFFFF, 0xFFFF, 0xFFFF, 0xFFFF,
    0xFFFF, 0xFFFF, 0xFFFF, 0xFFFF, 0xFFFF, 0xFFFF, 0xFFFF, 0xFFFF, 0xFFFF, 0xFFFF, 0xFFFF, 0xFFFF, 0xFFFF, 0xFFFF, 0xFFFF, 0xFFFF,
    0xDEFB, 0x4228, 0x7BEF, 0x9CD3, 0xCE7A, 0xDEDB, 0xE73C, 0xE73C, 0xE73C, 0xEF5D, 0xEF5D, 0xE73C, 0xEF5D, 0xEF5D, 0xEF5D, 0xEF7D,
    0xEF7D, 0xEF7D, 0xEF7D, 0xF79E, 0xEF7D, 0xEF7D, 0xEF7D, 0xF79E, 0xF79E, 0xF79E, 0xF79E, 0xEF7D, 0xEF7D, 0xF7BE, 0xF7BE, 0xF79E,
    0xF79E, 0xF79E, 0xF79E, 0xF79E, 0xF79D, 0xF79E, 0xFFBE, 0xFFDF, 0xFFDF, 0xF7BE, 0xF79E, 0xF79E, 0xF7BE, 0xF7BE, 0xF7BE, 0xF7BE,
    0xF79E, 0xF7BE, 0xF7BE, 0xF7BE, 0xF7BE, 0xF79E, 0xF79E, 0xF79E, 0xF7BE, 0xF7BE, 0xF79E, 0xF79E, 0xF79E, 0xF7DE, 0xFFDF, 0xFFDF,
    0xFFDF, 0xFFDF, 0xFFDF, 0xFFFF, 0xFFDF, 0xF79E, 0xEF7D, 0xEF7D, 0xEF7D, 0xEF5D, 0xEF5D, 0xEF5D, 0xEF5D, 0xEF5D, 0xEF5D, 0xE73C,
    0xE71C, 0xE71C, 0xE73C, 0xE73C, 0xE71C, 0xE73C, 0xE71C, 0xE71C, 0xE71C, 0xDEFB, 0xE6FB, 0xDEFB, 0xDEFB, 0xDEFB, 0xDEFB, 0xDEFB,
    0xE71C, 0xE71C, 0xE71C, 0xE71C, 0xE71C, 0xE71C, 0xE71C, 0xE71C, 0xE71C, 0xE71C, 0xE71C, 0xE71C, 0xE71C, 0xE71C, 0xE71C, 0xE71C,
    0xE71C, 0xDF1B, 0xDEFB, 0xDEFB, 0xDEFB, 0xDEFB, 0xDEFB, 0xDEFB, 0xDEFB, 0xE6FB, 0xDEFB, 0xDEFB, 0xE71C, 0xDEFB, 0xDEFB, 0xE71B,
    0xE71C, 0xE73C, 0xE71C, 0xE73C, 0xE73C, 0xE73C, 0xEF5D, 0xF77D, 0xF79E, 0xF79E, 0xF7BE, 0xF7BE, 0xF7BE, 0xFFDF, 0xFFDF, 0xFFDF,
    0xFFDF, 0xFFFF, 0xFFDF, 0xFFDF, 0xFFDF, 0xFFDF, 0xFFDF, 0xFFBE, 0xF7BE, 0xF7BE, 0xF79E, 0xEF7D, 0xEF7D, 0xEF7D, 0xEF5D, 0xEF5D,
    0xEF7D, 0xEF7D, 0xEF5D, 0xEF7D, 0xE73C, 0xE73C, 0xE71C, 0xE73C, 0xE73C, 0xE73C, 0xE73C, 0xEF5D, 0xEF7D, 0xEF5D, 0xE73C, 0xE71C,
    0xE71C, 0xE71B, 0xD6BA, 0xC5F7, 0xB5B6, 0xAD75, 0x9CF3, 0x9CD3, 0x9492, 0x9492, 0x9492, 0x8C71, 0x9471, 0x8C71, 0x8C51, 0x9492,
    0x8C71, 0x8C71, 0x8C71, 0x94B2, 0xA514, 0xB596, 0xC618, 0xD6BA, 0xEF5D, 0xF79E, 0xF79E, 0xF79E, 0xF79E, 0xF79E, 0xF79E, 0xF77D,
    0xEF7D, 0xF77E, 0xEF5D, 0xEF5D, 0xEF5D, 0xEF5D, 0xEF5D, 0xE73C, 0xDEFB, 0xA514, 0x8410, 0x632C, 0xC638, 0xFFFF, 0xFFFF, 0xFFFF,
    0xFFFF, 0xFFFF, 0xFFFF, 0xFFFF, 0xFFFF, 0xFFFF, 0xFFFF, 0xFFFF, 0xFFFF, 0xFFFF, 0xFFFF, 0xFFFF, 0xFFFF, 0xFFFF, 0xFFFF, 0xFFFF,
    0xFFFF, 0xFFFF, 0xFFFF, 0xFFFF, 0xFFFF, 0xFFFF, 0xFFFF, 0xFFFF, 0xFFFF, 0xFFFF, 0xFFFF, 0xFFFF, 0xFFFF, 0xFFFF, 0xFFFF, 0xFFFF,
    0xFFFF, 0xFFFF, 0xFFFF, 0xFFFF, 0xFFFF, 0xFFFF, 0xFFFF, 0xFFFF, 0xFFFF, 0xFFFF, 0xFFFF, 0xFFFF, 0xFFFF, 0xFFFF, 0xFFFF, 0xFFFF,
    0xFFFF, 0xFFFF, 0xFFFF, 0xFFFF, 0xFFFF, 0xFFFF, 0xFFFF, 0xFFFF, 0xFFFF, 0xFFFF, 0xFFFF, 0xFFFF, 0xFFFF, 0xFFFF, 0xFFFF, 0xFFFF,
    0xFFFF, 0xFFFF, 0xFFFF, 0xFFFF, 0xFFFF, 0xFFFF, 0xFFFF, 0xFFFF, 0xFFFF, 0xFFFF, 0xFFFF, 0xFFFF, 0xFFFF, 0xFFFF, 0xFFFF, 0xFFFF,
    0xFFFF, 0xFFFF, 0xFFFF, 0xFFFF, 0xFFFF, 0xFFFF, 0xFFFF, 0xFFFF, 0xFFFF, 0xFFFF, 0xFFFF, 0xFFFF, 0xFFFF, 0xFFFF, 0xFFFF, 0xFFFF,
    0xBDF7, 0x4A49, 0x8430, 0xAD55, 0xB596, 0xAD75, 0xAD75, 0xAD55, 0xAD55, 0xA534, 0xAD75, 0xB596, 0xB596, 0xB596, 0xAD75, 0xAD55,
    0xB5B6, 0xAD55, 0xB596, 0xB596, 0xB596, 0xB596, 0xB596, 0xB596, 0xB596, 0xAD75, 0xA534, 0xAD55, 0xAD55, 0xAD75, 0xAD75, 0xAD55,
    0xAD55, 0xAD55, 0xA534, 0xA534, 0xA534, 0xAD55, 0xAD75, 0xB596, 0xAD75, 0xA534, 0xA514, 0xA534, 0xAD55, 0xAD75, 0xAD75, 0xAD75,
    0xA534, 0xAD55, 0xB596, 0xAD75, 0xAD75, 0xAD75, 0xAD55, 0xAD55, 0xAD55, 0xAD55, 0xAD55, 0xAD75, 0xB595, 0xB596, 0xB596, 0xB596,
    0xB576, 0xAD75, 0xAD75, 0xB596, 0xAD55, 0xA534, 0xAD55, 0xAD55, 0xAD55, 0xAD55, 0xA555, 0xAD55, 0xA554, 0xAD55, 0xA534, 0xA534,
    0xA514, 0xA514, 0xA534, 0xA534, 0xA514, 0xA514, 0xA514, 0x9CF3, 0x9CF3, 0x9CF3, 0x9CD3, 0x9CF3, 0x94D2, 0x9CD3, 0x9CF3, 0x9CD3,
    0x9CD3, 0x9CD3, 0x9CF3, 0x9CD3, 0x9CD3, 0x9CD3, 0x9CD3, 0x9CD3, 0x9CF3, 0x9CF3, 0x9CF3, 0x9CF3, 0x9CF3, 0x9CD3, 0x9CD3, 0x9CD3,
    0x9CD3, 0x9CD3, 0x9CD3, 0x9CB3, 0x9492, 0x9CD3, 0x94B2, 0x9492, 0x94B2, 0x94B2, 0x9492, 0x9492, 0x9492, 0x9492, 0x9492, 0x8C71,
    0x8C71, 0x9492, 0x8C71, 0x8C71, 0x8C71, 0x9492, 0x9492, 0x9492, 0x94B2, 0x94B2, 0x94B2, 0x94B2, 0x94B2, 0x94B2, 0x9CD3, 0x9CF3,
    0x9CF3, 0x9CF3, 0x9CD3, 0x9CF3, 0x9CD3, 0x9CD3, 0x94B2, 0x9492, 0x9492, 0x9492, 0x9492, 0x8C71, 0x8C71, 0x9492, 0x9492, 0x9492,
    0x9492, 0x94B2, 0x9CD3, 0x9CD3, 0x9CD3, 0x9CF3, 0x94B2, 0x9CF3, 0x9CF3, 0xA514, 0xA514, 0xA534, 0xA514, 0xA514, 0x9CF3, 0x9CF3,
    0xA514, 0x9CD3, 0x9CF3, 0xA534, 0xA534, 0xA534, 0xAD55, 0xAD55, 0xAD75, 0xAD75, 0xAD55, 0xAD75, 0xAD75, 0xAD75, 0xAD75, 0xAD55,
    0xAD55, 0xAD55, 0xAD75, 0xAD75, 0xAD75, 0xB596, 0xAD55, 0xAD55, 0xAD55, 0xB596, 0xAD75, 0xAD55, 0xAD55, 0xAD55, 0xAD75, 0xAD55,
    0xA514, 0xAD55, 0xAD55, 0xAD55, 0xAD55, 0xAD55, 0xAD55, 0xAD35, 0xB596, 0xB5B6, 0xC638, 0x73AE, 0x94B2, 0xFFFF, 0xFFFF, 0xFFFF,
    0xFFFF, 0xFFFF, 0xFFFF, 0xFFFF, 0xFFFF, 0xFFFF, 0xFFFF, 0xFFFF, 0xFFFF, 0xFFFF, 0xFFFF, 0xFFFF, 0xFFFF, 0xFFFF, 0xFFFF, 0xFFFF,
    0xFFFF, 0xFFFF, 0xFFFF, 0xFFFF, 0xFFFF, 0xFFFF, 0xFFFF, 0xFFFF, 0xFFFF, 0xFFFF, 0xFFFF, 0xFFFF, 0xFFFF, 0xFFFF, 0xFFFF, 0xFFFF,
    0xFFFF, 0xFFFF, 0xFFFF, 0xFFFF, 0xFFFF, 0xFFFF, 0xFFFF, 0xFFFF, 0xFFFF, 0xFFFF, 0xFFFF, 0xFFFF, 0xFFFF, 0xFFFF, 0xFFFF, 0xFFFF,
    0xFFFF, 0xFFFF, 0xFFFF, 0xFFFF, 0xFFFF, 0xFFFF, 0xFFFF, 0xFFFF, 0xFFFF, 0xFFFF, 0xFFFF, 0xFFFF, 0xFFFF, 0xFFFF, 0xFFFF, 0xFFFF,
    0xFFFF, 0xFFFF, 0xFFFF, 0xFFFF, 0xFFFF, 0xFFFF, 0xFFFF, 0xFFFF, 0xFFFF, 0xFFFF, 0xFFFF, 0xFFFF, 0xFFFF, 0xFFFF, 0xFFFF, 0xFFFF,
    0xFFFF, 0xFFFF, 0xFFFF, 0xFFFF, 0xFFFF, 0xFFFF, 0xFFFF, 0xFFFF, 0xFFFF, 0xFFFF, 0xFFFF, 0xFFFF, 0xFFFF, 0xFFFF, 0xFFDF, 0xFFFF,
    0x94B2, 0x52AA, 0x9CD3, 0xDEDB, 0xAD55, 0xAD75, 0xAD55, 0xAD55, 0xAD75, 0xB596, 0xB596, 0xB596, 0xB596, 0xAD75, 0xB596, 0xB596,
    0xB596, 0xAD75, 0xB596, 0xB596, 0xB576, 0xAD75, 0xB596, 0xB596, 0xB596, 0xB596, 0xB596, 0xAD75, 0xAD75, 0xAD75, 0xB596, 0xB596,
    0xAD75, 0xAD75, 0xAD55, 0xAD55, 0xAD55, 0xAD55, 0xAD75, 0xAD55, 0xAD55, 0xA534, 0xA534, 0xA534, 0xAD55, 0xAD55, 0xAD55, 0xA514,
    0xA534, 0xA534, 0xAD55, 0xAD54, 0xA534, 0xAD55, 0xAD55, 0xAD55, 0xAD55, 0xA534, 0xAD75, 0xAD55, 0xAD75, 0xAD35, 0xAD55, 0xAD75,
    0xAD75, 0xAD55, 0xAD75, 0xAD55, 0xAD55, 0xAD55, 0xAD55, 0xAD75, 0xAD55, 0xAD75, 0xAD55, 0xAD55, 0xAD55, 0xAD55, 0xAD55, 0xA534,
    0xAD55, 0xAD55, 0xAD55, 0xA534, 0xA534, 0xA534, 0xA534, 0xA514, 0xA534, 0xA514, 0xA514, 0xA513, 0x9CF3, 0xA514, 0xA514, 0xA514,
    0xA534, 0x9CF3, 0xA514, 0xA514, 0x9CF3, 0xA514, 0xA514, 0xA514, 0x9CF4, 0x9CF3, 0x9CF3, 0x9CD3, 0x9CF3, 0xA514, 0x9CF3, 0x9CF3,
    0xA514, 0x9CF3, 0x9CD3, 0x9CD3, 0x9CF3, 0x9CD3, 0x9CD3, 0x9CF3, 0x9CD3, 0x9CD3, 0x94B2, 0x94B2, 0x9CD3, 0x94B2, 0x94B2, 0x94B2,
    0x94B2, 0x94B2, 0x9492, 0x9492, 0x9492, 0x9492, 0x9492, 0x9492, 0x9492, 0x9492, 0x9492, 0x94B2, 0x9492, 0x9492, 0x94B2, 0x94B2,
    0x9492, 0x9492, 0x9492, 0x9492, 0x9492, 0x9492, 0x8C71, 0x8C71, 0x9492, 0x9492, 0x94B2, 0x9492, 0x9492, 0x94B2, 0x94B2, 0x94B2,
    0x9CD3, 0x9CD3, 0x9CF3, 0x9CF3, 0x9CF3, 0x9CF3, 0x9CF3, 0x9CF3, 0x9CD3, 0xA4F4, 0xA514, 0xA514, 0x9CF3, 0xA4F4, 0xA514, 0xA514,
    0xA514, 0x9CF3, 0xA514, 0xA534, 0xA534, 0xA534, 0xA534, 0xA534, 0xAD55, 0xAD55, 0xAD55, 0xAD75, 0xAD75, 0xAD75, 0xAD55, 0xA534,
    0xAD34, 0xA534, 0xAD55, 0xAD75, 0xAD75, 0xB596, 0xAD75, 0xAD75, 0xAD75, 0xB596, 0xAD75, 0xAD55, 0xAD55, 0xAD55, 0xAD34, 0xAD55,
    0xAD55, 0xAD75, 0xAD75, 0xA534, 0xAD55, 0xAD55, 0xA534, 0xA534, 0xAD55, 0xA514, 0xEF3C, 0xAD75, 0x73AE, 0xFFFF, 0xFFFF, 0xFFFF,
    0xFFFF, 0xFFFF, 0xFFFF, 0xFFFF, 0xFFFF, 0xFFFF, 0xFFFF, 0xFFFF, 0xFFFF, 0xFFFF, 0xFFFF, 0xFFFF, 0xFFFF, 0xFFFF, 0xFFFF, 0xFFFF,
    0xFFFF, 0xFFFF, 0xFFFF, 0xFFFF, 0xFFFF, 0xFFFF, 0xFFFF, 0xFFFF, 0xFFFF, 0xFFFF, 0xFFFF, 0xFFFF, 0xFFFF, 0xFFFF, 0xFFFF, 0xFFFF,
    0xFFFF, 0xFFFF, 0xFFFF, 0xFFFF, 0xFFFF, 0xFFFF, 0xFFFF, 0xFFFF, 0xFFFF, 0xFFFF, 0xFFFF, 0xFFFF, 0xFFFF, 0xFFFF, 0xFFFF, 0xFFFF,
    0xFFFF, 0xFFFF, 0xFFFF, 0xFFFF, 0xFFFF, 0xFFFF, 0xFFFF, 0xFFFF, 0xFFFF, 0xFFFF, 0xFFFF, 0xFFFF, 0xFFFF, 0xFFFF, 0xFFFF, 0xFFFF,
    0xFFFF, 0xFFFF, 0xFFFF, 0xFFFF, 0xFFFF, 0xFFFF, 0xFFFF, 0xFFFF, 0xFFFF, 0xFFFF, 0xFFFF, 0xFFFF, 0xFFFF, 0xFFFF, 0xFFFF, 0xFFFF,
    0xFFFF, 0xFFFF, 0xFFFF, 0xFFFF, 0xFFFF, 0xFFFF, 0xFFFF, 0xFFFF, 0xFFFF, 0xFFFF, 0xFFFF, 0xFFFF, 0xFFFF, 0xFFFF, 0xFFFF, 0xFFFF,
    0x632C, 0x630C, 0xBDF7, 0xE71C, 0xA534, 0xA534, 0xAD75, 0xAD55, 0xAD75, 0xB596, 0xB5B6, 0xB596, 0xAD75, 0xB596, 0xB5B6, 0xBDD7,
    0xBDD7, 0xB5B6, 0xB576, 0xB576, 0xAD75, 0xAD75, 0xAD75, 0xB596, 0xB596, 0xB596, 0xB5B6, 0xB596, 0xB596, 0xB596, 0xB596, 0xB596,
    0xAD55, 0xAD75, 0xAD55, 0xAD55, 0xAD75, 0xAD75, 0xAD75, 0xAD75, 0xB596, 0xAD75, 0xA534, 0xAD55, 0xAD55, 0xAD55, 0xAD55, 0xA534,
    0xAD55, 0xAD54, 0xAD34, 0xA534, 0xA514, 0xAD55, 0xAD55, 0xAD55, 0xAD55, 0xA514, 0xAD55, 0xAD55, 0xAD55, 0xAD75, 0xAD55, 0xAD75,
    0xAD75, 0xAD75, 0xAD75, 0xAD75, 0xAD55, 0xA534, 0xA534, 0xAD55, 0xAD75, 0xAD55, 0xAD55, 0xAD75, 0xAD55, 0xAD55, 0xAD75, 0xAD55,
    0xAD55, 0xAD55, 0xA534, 0xA534, 0xAD75, 0xAD55, 0xA514, 0xA534, 0xA514, 0xA514, 0xA514, 0x9CF3, 0x9CF3, 0x9CF3, 0x9CF3, 0xA514,
    0xA514, 0xA514, 0xA514, 0x9CF3, 0xA514, 0x9D14, 0x9CF3, 0xA514, 0x9CF3, 0x9CF3, 0x9CD3, 0x9CF3, 0x9CF3, 0x9CF3, 0x9CF3, 0x9CF3,
    0x9CF3, 0x9CD3, 0x9CB3, 0x9CD3, 0x9CD3, 0x94D2, 0x9CD3, 0x9CD3, 0x94B2, 0x94B2, 0x94B2, 0x94B2, 0x94B2, 0x94B2, 0x9492, 0x94B2,
    0x94B2, 0x94B2, 0x94B2, 0x9492, 0x9492, 0x9492, 0x9492, 0x9492, 0x9492, 0x9492, 0x9492, 0x94B2, 0x94B2, 0x9492, 0x94B2, 0x94B2,
    0x9CB2, 0x9492, 0x9492, 0x94B2, 0x94B2, 0x9492, 0x9492, 0x9492, 0x94B2, 0x9492, 0x9471, 0x9492, 0x9492, 0x9492, 0x94B2, 0x9CD3,
    0x94B2, 0x9CD3, 0x9CD3, 0xA513, 0x9CF3, 0x9CF3, 0xA514, 0xA4F4, 0x9CF3, 0x9CF3, 0x9CF3, 0x9CF3, 0x9CF3, 0xA514, 0xA514, 0xA514,
    0x9CD3, 0x9CF3, 0xA514, 0xA514, 0x9CF3, 0x9CD3, 0xA514, 0xA534, 0xAD55, 0xAD75, 0xAD75, 0xAD75, 0xAD55, 0xAD55, 0xAD55, 0xA514,
    0xA534, 0xAD55, 0xAD55, 0xAD75, 0xB596, 0xAD75, 0xB575, 0xB596, 0xB596, 0xB596, 0xB596, 0xB596, 0xAD75, 0xB596, 0xB576, 0xAD76,
    0xB596, 0xB596, 0xAD75, 0xAD55, 0xAD55, 0xAD55, 0xA534, 0xA534, 0xAD55, 0xA4F4, 0xCE59, 0xD6BA, 0x630C, 0xDEFC, 0xFFFF, 0xFFFF,
    0xFFFF, 0xFFFF, 0xFFFF, 0xFFFF, 0xFFFF, 0xFFFF, 0xFFFF, 0xFFFF, 0xFFFF, 0xFFFF, 0xFFFF, 0xFFFF, 0xFFFF, 0xFFFF, 0xFFFF, 0xFFFF,
    0xFFFF, 0xFFFF, 0xFFFF, 0xFFFF, 0xFFFF, 0xFFFF, 0xFFFF, 0xFFFF, 0xFFFF, 0xFFFF, 0xFFFF, 0xFFFF, 0xFFFF, 0xFFFF, 0xFFFF, 0xFFFF,
    0xFFFF, 0xFFFF, 0xFFFF, 0xFFFF, 0xFFFF, 0xFFFF, 0xFFFF, 0xFFFF, 0xFFFF, 0xFFFF, 0xFFFF, 0xFFFF, 0xFFFF, 0xFFFF, 0xFFFF, 0xFFFF,
    0xFFFF, 0xFFFF, 0xFFFF, 0xFFFF, 0xFFFF, 0xFFFF, 0xFFFF, 0xFFFF, 0xFFFF, 0xFFFF, 0xFFFF, 0xFFFF, 0xFFFF, 0xFFFF, 0xFFFF, 0xFFFF,
    0xFFFF, 0xFFFF, 0xFFFF, 0xFFFF, 0xFFFF, 0xFFFF, 0xFFFF, 0xFFFF, 0xFFFF, 0xFFFF, 0xFFFF, 0xFFFF, 0xFFFF, 0xFFFF, 0xFFFF, 0xFFFF,
    0xFFFF, 0xFFFF, 0xFFFF, 0xFFFF, 0xFFFF, 0xFFFF, 0xFFFF, 0xFFFF, 0xFFFF, 0xFFFF, 0xFFFF, 0xFFFF, 0xFFFF, 0xFFFF, 0xFFFF, 0xEF5D,
    0x4A49, 0x73AE, 0xDEFB, 0xD6BA, 0xAD55, 0xAD75, 0xAD75, 0xB596, 0xB596, 0xB5B6, 0xBDD7, 0xB596, 0xB596, 0xB596, 0xBDD7, 0xBDD7,
    0xB5B6, 0xB596, 0xB5B6, 0xB596, 0xB596, 0xAD75, 0xAD75, 0xB596, 0xB576, 0xB5B6, 0xBDD7, 0xB596, 0xAD75, 0xAD75, 0xAD75, 0xAD75,
    0xAD55, 0xAD55, 0xA534, 0xAD55, 0xAD75, 0xAD75, 0xAD55, 0xAD75, 0xAD75, 0xAD55, 0xAD55, 0xAD55, 0xAD55, 0xAD75, 0xAD55, 0xAD55,
    0xAD55, 0xAD75, 0xAD75, 0xAD75, 0xA534, 0xAD55, 0xAD55, 0xAD55, 0xAD55, 0xA534, 0xA534, 0xAD55, 0xAD55, 0xAD75, 0xAD55, 0xAD55,
    0xAD96, 0xAD75, 0xAD75, 0xB596, 0xAD55, 0xAD55, 0xAD55, 0xAD75, 0xA534, 0xAD75, 0xAD75, 0xAD55, 0xAD75, 0xAD55, 0xAD75, 0xAD75,
    0xAD55, 0xAD35, 0xA534, 0xA534, 0xAD55, 0xAD55, 0xA534, 0xA534, 0xA514, 0xA534, 0xA514, 0x9CF3, 0xA514, 0x9CF3, 0x9CF3, 0x9CF3,
    0xA514, 0xA514, 0x9CF3, 0x9CF3, 0x9CD3, 0x9CD3, 0x9CF3, 0x9CF3, 0x9CD3, 0x9CF3, 0x9CF3, 0x9CF3, 0x9CF3, 0xA514, 0x9CF3, 0x9CF3,
    0x9CF3, 0x9CD3, 0x9CD3, 0x9CF3, 0x9CB2, 0x9CD3, 0x94B2, 0x9CD3, 0x94B2, 0x94B2, 0x9492, 0x9492, 0x94B2, 0x94B2, 0x9492, 0x9492,
    0x9492, 0x94B2, 0x9492, 0x9492, 0x9492, 0x9492, 0x9471, 0x8C71, 0x8C71, 0x9492, 0x9492, 0x94B2, 0x94B2, 0x9492, 0x94B2, 0x9492,
    0x9CD3, 0x94B2, 0x9492, 0x94B2, 0x94B2, 0x94B2, 0x9492, 0x9492, 0x8C71, 0x9492, 0x9492, 0x9492, 0x9492, 0x8C71, 0x9492, 0x94B2,
    0x94B2, 0x94B2, 0x9CD3, 0x9CF3, 0x9CD3, 0x9CB3, 0xA514, 0x9CF3, 0x9CD3, 0x9CD3, 0x94B2, 0x9CF3, 0x9CF3, 0x9CF3, 0xA534, 0x9CF3,
    0x9CF3, 0x9CF3, 0x9CF3, 0xA514, 0x9CF3, 0x9CF3, 0xA514, 0xA514, 0xA534, 0xAD75, 0xAD55, 0xAD55, 0xA534, 0xAD55, 0xAD55, 0xA534,
    0xA534, 0xAD55, 0xAD55, 0xAD55, 0xAD75, 0xAD75, 0xB576, 0xB596, 0xB576, 0xB596, 0xB5B6, 0xB596, 0xB596, 0xB596, 0xAD76, 0xB575,
    0xB596, 0xB596, 0xAD75, 0xAD55, 0xAD55, 0xAD55, 0xAD55, 0xAD75, 0xAD75, 0xAD55, 0xB5B6, 0xF79E, 0x632D, 0xA534, 0xFFFF, 0xFFDF,
    0xFFFF, 0xFFFF, 0xFFFF, 0xFFFF, 0xFFFF, 0xFFFF, 0xFFFF, 0xFFFF, 0xFFFF, 0xFFFF, 0xFFFF, 0xFFFF, 0xFFFF, 0xFFFF, 0xFFFF, 0xFFFF,
    0xFFFF, 0xFFFF, 0xFFFF, 0xFFFF, 0xFFFF, 0xFFFF, 0xFFFF, 0xFFFF, 0xFFFF, 0xFFFF, 0xFFFF, 0xFFFF, 0xFFFF, 0xFFFF, 0xFFFF, 0xFFFF,
    0xFFFF, 0xFFFF, 0xFFFF, 0xFFFF, 0xFFFF, 0xFFFF, 0xFFFF, 0xFFFF, 0xFFFF, 0xFFFF, 0xFFFF, 0xFFFF, 0xFFFF, 0xFFFF, 0xFFFF, 0xFFFF,
    0xFFFF, 0xFFFF, 0xFFFF, 0xFFFF, 0xFFFF, 0xFFFF, 0xFFFF, 0xFFFF, 0xFFFF, 0xFFFF, 0xFFFF, 0xFFFF, 0xFFFF, 0xFFFF, 0xFFFF, 0xFFFF,
    0xFFFF, 0xFFFF, 0xFFFF, 0xFFFF, 0xFFFF, 0xFFFF, 0xFFFF, 0xFFFF, 0xFFFF, 0xFFFF, 0xFFFF, 0xFFFF, 0xFFFF, 0xFFFF, 0xFFFF, 0xFFFF,
    0xFFFF, 0xFFFF, 0xFFFF, 0xFFFF, 0xFFFF, 0xFFFF, 0xFFFF, 0xFFFF, 0xFFFF, 0xFFFF, 0xFFFF, 0xFFFF, 0xFFFF, 0xFFFF, 0xFFFF, 0xC638,
    0x4228, 0x8C71, 0xEF7D, 0xC638, 0xAD75, 0xB596, 0xAD76, 0xAD75, 0xAD75, 0xB596, 0xB5B6, 0xAD75, 0xAD75, 0xB596, 0xB5B6, 0xBDD7,
    0xBDD7, 0xB5B6, 0xB5B6, 0xB596, 0xB5B6, 0xAD75, 0xAD75, 0xB596, 0xB5B6, 0xB5B6, 0xB5B6, 0xAD75, 0xAD75, 0xAD75, 0xAD55, 0xAD75,
    0xAD75, 0xAD75, 0xAD55, 0xAD76, 0xAD75, 0xAD75, 0xAD55, 0xB575, 0xAD75, 0xAD55, 0xAD55, 0xAD55, 0xAD55, 0xAD55, 0xAD75, 0xAD55,
    0xAD55, 0xAD75, 0xAD55, 0xAD54, 0xA535, 0xAD35, 0xA534, 0xA534, 0xAD55, 0xAD55, 0xAD55, 0xAD75, 0xAD75, 0xAD75, 0xAD75, 0xAD55,
    0xAD55, 0xA534, 0xAD55, 0xAD55, 0xB596, 0xA534, 0xAD55, 0xAD75, 0xAD75, 0xAD75, 0xAD75, 0xAD55, 0xAD55, 0xAD75, 0xAD55, 0xAD55,
    0xAD55, 0xAD35, 0xAD55, 0xAD55, 0xAD55, 0xAD35, 0xAD54, 0xA534, 0xA534, 0xA514, 0xA514, 0xA4F4, 0x9CF3, 0x9CF3, 0xA514, 0xA514,
    0x9CD3, 0x9CF3, 0x9CF3, 0x9CF3, 0x9CD3, 0x9CF3, 0x9CD3, 0x9CD3, 0x9CD3, 0x9CD3, 0x9CD3, 0x9CF3, 0x9CD3, 0x9CF3, 0x9CF3, 0x9CF3,
    0x9CF3, 0x94B2, 0x94B2, 0x9CD3, 0x9492, 0x9CD3, 0x94B2, 0x94B2, 0x94B2, 0x94B2, 0x94B2, 0x94B2, 0x9492, 0x9492, 0x8C71, 0x9492,
    0x9492, 0x9492, 0x9492, 0x9492, 0x9471, 0x9471, 0x9492, 0x9492, 0x9492, 0x9492, 0x94B2, 0x9492, 0x9492, 0x8C71, 0x9492, 0x9492,
    0x9492, 0x94B2, 0x9492, 0x9492, 0x9471, 0x8C71, 0x9492, 0x9492, 0x9492, 0x9492, 0x9492, 0x9492, 0x9492, 0x8C71, 0x9492, 0x8C71,
    0x9492, 0x9492, 0x94B2, 0x9CD3, 0x9CD3, 0x9CB3, 0x9CB2, 0x9CD3, 0x94B2, 0x9CD3, 0x94B2, 0x9CD3, 0x9CF3, 0x9CF3, 0x9CF3, 0x9CD3,
    0x9CD3, 0x9CD3, 0x9CD3, 0x9CD3, 0xA514, 0xA514, 0xA534, 0x9CF3, 0xA514, 0xAD55, 0xA534, 0xAD35, 0xAD35, 0xAD55, 0xA534, 0xA535,
    0xAD55, 0xAD55, 0xB596, 0xAD75, 0xAD75, 0xAD75, 0xAD75, 0xB596, 0xAD55, 0xAD75, 0xB575, 0xAD75, 0xAD55, 0xB576, 0xB575, 0xB596,
    0xB596, 0xAD75, 0xAD75, 0xAD75, 0xAD75, 0xAD55, 0xAD55, 0xAD55, 0xAD55, 0xAD75, 0xAD75, 0xF79E, 0x9CD3, 0x8C51, 0xFFFF, 0xFFFF,
    0xFFFF, 0xFFFF, 0xFFFF, 0xFFFF, 0xFFFF, 0xFFFF, 0xFFFF, 0xFFFF, 0xFFFF, 0xFFFF, 0xFFFF, 0xFFFF, 0xFFFF, 0xFFFF, 0xFFFF, 0xFFFF,
    0xFFFF, 0xFFFF, 0xFFFF, 0xFFFF, 0xFFFF, 0xFFFF, 0xFFFF, 0xFFFF, 0xFFFF, 0xFFFF, 0xFFFF, 0xFFFF, 0xFFFF, 0xFFFF, 0xFFFF, 0xFFFF,
    0xFFFF, 0xFFFF, 0xFFFF, 0xFFFF, 0xFFFF, 0xFFFF, 0xFFFF, 0xFFFF, 0xFFFF, 0xFFFF, 0xFFFF, 0xFFFF, 0xFFFF, 0xFFFF, 0xFFFF, 0xFFFF,
    0xFFFF, 0xFFFF, 0xFFFF, 0xFFFF, 0xFFFF, 0xFFFF, 0xFFFF, 0xFFFF, 0xFFFF, 0xFFFF, 0xFFFF, 0xFFFF, 0xFFFF, 0xFFFF, 0xFFFF, 0xFFFF,
    0xFFFF, 0xFFFF, 0xFFFF, 0xFFFF, 0xFFFF, 0xFFFF, 0xFFFF, 0xFFFF, 0xFFFF, 0xFFFF, 0xFFFF, 0xFFFF, 0xFFFF, 0xFFFF, 0xFFFF, 0xFFFF,
    0xFFFF, 0xFFFF, 0xFFFF, 0xFFFF, 0xFFFF, 0xFFFF, 0xFFFF, 0xFFFF, 0xFFFF, 0xFFFF, 0xFFFF, 0xFFFF, 0xFFFF, 0xFFDF, 0xFFFF, 0xA514,
    0x528A, 0xA534, 0xF79E, 0xB576, 0xAD75, 0xAD75, 0xB596, 0xAD75, 0xAD75, 0xAD55, 0xB596, 0xB5B6, 0xB5B6, 0xB5B6, 0xB5B6, 0xB5B6,
    0xBDD7, 0xB5B6, 0xB596, 0xB596, 0xB596, 0xAD75, 0xB596, 0xB5B6, 0xBDD7, 0xB5B6, 0xB5B6, 0xB596, 0xB596, 0xB576, 0xAD75, 0xAD75,
    0xAD75, 0xAD75, 0xB596, 0xAD75, 0xAD75, 0xAD75, 0xAD75, 0xB576, 0xB596, 0xAD75, 0xAD55, 0xAD75, 0xAD55, 0xAD34, 0xAD55, 0xAD55,
    0xAD55, 0xAD55, 0xAD55, 0xAD55, 0xAD55, 0xA534, 0xA534, 0xA514, 0xA534, 0xA535, 0xA534, 0xA534, 0xA534, 0xAD55, 0xA534, 0xAD75,
    0xAD55, 0xA534, 0xA534, 0xAD35, 0xAD55, 0xAD55, 0xAD75, 0xAD55, 0xAD75, 0xAD75, 0xAD75, 0xB575, 0xAD55, 0xAD55, 0xAD75, 0xAD75,
    0xAD75, 0xAD55, 0xAD55, 0xAD55, 0xA534, 0xA534, 0xA534, 0xA514, 0xA514, 0xA4F3, 0x9CF3, 0xA514, 0x9CF3, 0x9CF3, 0x9CD3, 0x9CF3,
    0x9CF3, 0x9CD3, 0x9CD3, 0x9CD3, 0x9CD3, 0x9CD3, 0x9CD3, 0x9CD3, 0x9CF3, 0x9CD3, 0x9CD3, 0x9CD3, 0x9CD3, 0x9CD3, 0x9CF3, 0x9CF3,
    0x9CD3, 0x94B2, 0x94B2, 0x9CD3, 0x94B2, 0x9CD3, 0x9CD3, 0x94B2, 0x9492, 0x9492, 0x9492, 0x9492, 0x8C71, 0x8C71, 0x9492, 0x9492,
    0x9492, 0x9492, 0x9472, 0x9492, 0x9492, 0x8C71, 0x9491, 0x8C71, 0x8C91, 0x9492, 0x9492, 0x9492, 0x9492, 0x8C71, 0x9492, 0x9492,
    0x9471, 0x94B2, 0x9492, 0x9492, 0x9492, 0x8C71, 0x8C71, 0x9492, 0x9492, 0x9492, 0x8C71, 0x8C71, 0x94B2, 0x9492, 0x9492, 0x8C71,
    0x8C71, 0x9492, 0x9492, 0x94B2, 0x9CD3, 0x9CD3, 0x94B2, 0x9CD3, 0x9CD3, 0x94B2, 0x9492, 0x9CD3, 0x9CD3, 0x9CF3, 0x9CD3, 0x9CD3,
    0x9CD3, 0x9CF3, 0x9CD3, 0xA4F4, 0xA514, 0x9CF3, 0xA534, 0xA514, 0xA514, 0xAD55, 0xAD55, 0xA534, 0xAD55, 0xA514, 0xA534, 0xA534,
    0xA534, 0xAD54, 0xB596, 0xB575, 0xB596, 0xB596, 0xB596, 0xB596, 0xAD55, 0xAD55, 0xAD55, 0xAD75, 0xAD55, 0xAD55, 0xAD75, 0xB596,
    0xAD75, 0xAD55, 0xAD75, 0xAD75, 0xAD75, 0xAD55, 0xAD55, 0xAD55, 0xA534, 0xAD55, 0xA514, 0xDEFB, 0xCE59, 0x6B4D, 0xEF7D, 0xFFFF,
    0xFFFF, 0xFFFF, 0xFFFF, 0xFFFF, 0xFFFF, 0xFFFF, 0xFFFF, 0xFFFF, 0xFFFF, 0xFFFF, 0xFFFF, 0xFFFF, 0xFFFF, 0xFFFF, 0xFFFF, 0xFFFF,
    0xFFFF, 0xFFFF, 0xFFFF, 0xFFFF, 0xFFFF, 0xFFFF, 0xFFFF, 0xFFFF, 0xFFFF, 0xFFFF, 0xFFFF, 0xFFFF, 0xFFFF, 0xFFFF, 0xFFFF, 0xFFFF,
    0xFFFF, 0xFFFF, 0xFFFF, 0xFFFF, 0xFFFF, 0xFFFF, 0xFFFF, 0xFFFF, 0xFFFF, 0xFFFF, 0xFFFF, 0xFFFF, 0xFFFF, 0xFFFF, 0xFFFF, 0xFFFF,
    0xFFFF, 0xFFFF, 0xFFFF, 0xFFFF, 0xFFFF, 0xFFFF, 0xFFFF, 0xFFFF, 0xFFFF, 0xFFFF, 0xFFFF, 0xFFFF, 0xFFFF, 0xFFFF, 0xFFFF, 0xFFFF,
    0xFFFF, 0xFFFF, 0xFFFF, 0xFFFF, 0xFFFF, 0xFFFF, 0xFFFF, 0xFFFF, 0xFFFF, 0xFFFF, 0xFFFF, 0xFFFF, 0xFFFF, 0xFFFF, 0xFFFF, 0xFFFF,
    0xFFFF, 0xFFFF, 0xFFFF, 0xFFFF, 0xFFFF, 0xFFFF, 0xFFFF, 0xFFFF, 0xFFFF, 0xFFFF, 0xFFFF, 0xFFFF, 0xFFFF, 0xFFFF, 0xFFFF, 0x632C,
    0x5AEB, 0xC618, 0xE73C, 0xA534, 0xAD75, 0xAD55, 0xAD75, 0xB596, 0xAD75, 0xB596, 0xB5B6, 0xAD75, 0xBDD7, 0xB5B7, 0xB5B6, 0xB596,
    0xB5B6, 0xB5B6, 0xAD76, 0xB596, 0xB596, 0xAD75, 0xAD75, 0xB576, 0xB5B6, 0xB5B6, 0xBDB7, 0xB596, 0xB5B6, 0xB5B6, 0xB596, 0xB596,
    0xB596, 0xAD75, 0xB576, 0xAD76, 0xAD75, 0xB596, 0xAD55, 0xAD75, 0xAD75, 0xAD75, 0xAD75, 0xAD75, 0xAD75, 0xAD75, 0xAD75, 0xAD55,
    0xB596, 0xAD55, 0xA534, 0xA534, 0xA534, 0xA534, 0xAD55, 0xA534, 0xAD55, 0xAD55, 0xA514, 0xA4F3, 0xA514, 0xA534, 0xAD34, 0xAD55,
    0xAD55, 0xAD55, 0xA534, 0xA534, 0xAD34, 0xAD75, 0xAD75, 0xAD55, 0xAD55, 0xAD75, 0xAD75, 0xAD75, 0xAD55, 0xAD55, 0xAD55, 0xAD55,
    0xAD55, 0xAD55, 0xAD55, 0xAD54, 0xA514, 0xA514, 0xA514, 0xA514, 0xA514, 0xA514, 0xA514, 0xA514, 0x9CF3, 0x9CD3, 0x9CF3, 0x9CD3,
    0x9CF3, 0x9CD3, 0x9CD3, 0x9CD3, 0x9CD3, 0x9CD3, 0x9CD3, 0x9CD3, 0x9CD3, 0x9CD3, 0x94B2, 0x94B2, 0x9CD3, 0x9CD3, 0x9CD3, 0x9CD3,
    0x9CD3, 0x94B2, 0x94B2, 0x9CD3, 0x94B2, 0x94B2, 0x9492, 0x9492, 0x9492, 0x9492, 0x9492, 0x94B2, 0x9492, 0x8C51, 0x8C71, 0x8C71,
    0x8C71, 0x9492, 0x9492, 0x9492, 0x8C71, 0x8C71, 0x8C71, 0x9492, 0x9492, 0x9492, 0x9492, 0x9492, 0x9492, 0x9492, 0x9492, 0x9492,
    0x9492, 0x9492, 0x8C71, 0x9492, 0x8C71, 0x8C71, 0x8C71, 0x9491, 0x9471, 0x8C71, 0x8C71, 0x8C71, 0x8C71, 0x8C71, 0x9492, 0x9492,
    0x8C71, 0x8C71, 0x8C71, 0x9492, 0x9492, 0x94B2, 0x94B2, 0x9CD3, 0x94B2, 0x9492, 0x8C71, 0x9492, 0x9CD3, 0x94B2, 0x9CD3, 0x9CD3,
    0x9CF3, 0x9CD3, 0x9CD3, 0x9CF3, 0x9CF3, 0x9CD3, 0xA514, 0xA514, 0xA514, 0xA534, 0xAD55, 0xA534, 0xA514, 0x9CF3, 0xA514, 0xA534,
    0xA514, 0xA534, 0xAD55, 0xAD55, 0xAD75, 0xAD55, 0xAD75, 0xAD75, 0xAD75, 0xAD75, 0xAD55, 0xAD55, 0xAD55, 0xAD55, 0xAD75, 0xAD75,
    0xAD55, 0xAD75, 0xAD75, 0xAD75, 0xB596, 0xAD55, 0xAD55, 0xAD55, 0xAD55, 0xAD55, 0xA514, 0xC618, 0xEF5D, 0x62EC, 0xBDF7, 0xFFFF,
    0xFFDF, 0xFFFF, 0xFFFF, 0xFFFF, 0xFFFF, 0xFFFF, 0xFFFF, 0xFFFF, 0xFFFF, 0xFFFF, 0xFFFF, 0xFFFF, 0xFFFF, 0xFFFF, 0xFFFF, 0xFFFF,
    0xFFFF, 0xFFFF, 0xFFFF, 0xFFFF, 0xFFFF, 0xFFFF, 0xFFFF, 0xFFFF, 0xFFFF, 0xFFFF, 0xFFFF, 0xFFFF, 0xFFFF, 0xFFFF, 0xFFFF, 0xFFFF,
    0xFFFF, 0xFFFF, 0xFFFF, 0xFFFF, 0xFFFF, 0xFFFF, 0xFFFF, 0xFFFF, 0xFFFF, 0xFFFF, 0xFFFF, 0xFFFF, 0xFFFF, 0xFFFF, 0xFFFF, 0xFFFF,
    0xFFFF, 0xFFFF, 0xFFFF, 0xFFFF, 0xFFFF, 0xFFFF, 0xFFFF, 0xFFFF, 0xFFFF, 0xFFFF, 0xFFFF, 0xFFFF, 0xFFFF, 0xFFFF, 0xFFFF, 0xFFFF,
    0xFFFF, 0xFFFF, 0xFFFF, 0xFFFF, 0xFFFF, 0xFFFF, 0xFFFF, 0xFFFF, 0xFFFF, 0xFFFF, 0xFFFF, 0xFFFF, 0xFFFF, 0xFFFF, 0xFFFF, 0xFFFF,
    0xFFFF, 0xFFFF, 0xFFFF, 0xFFFF, 0xFFFF, 0xFFFF, 0xFFFF, 0xFFFF, 0xFFFF, 0xFFFF, 0xFFFF, 0xFFFF, 0xFFFF, 0xFFFF, 0xEF7D, 0x4208,
    0x738E, 0xDEDB, 0xDEFB, 0xA534, 0xAD75, 0xAD55, 0xAD55, 0xAD55, 0xAD75, 0xB5B6, 0xB5B6, 0xB596, 0xB5B6, 0xB5D7, 0xB596, 0xB5B6,
    0xB5B6, 0xB596, 0xAD75, 0xB596, 0xB596, 0xAD75, 0xAD75, 0xAD75, 0xB596, 0xB596, 0xB596, 0xB596, 0xB5B6, 0xB5B6, 0xB596, 0xB596,
    0xAD75, 0xB596, 0xAD75, 0xAD75, 0xAD75, 0xB596, 0xAD75, 0xAD55, 0xB575, 0xAD75, 0xAD75, 0xAD75, 0xAD55, 0xAD55, 0xAD55, 0xA534,
    0xAD55, 0xAD75, 0xAD75, 0xAD75, 0xAD55, 0xAD55, 0xAD34, 0xA534, 0xA534, 0xA534, 0xA534, 0xA534, 0xAD55, 0xAD55, 0xAD55, 0xAD34,
    0xAD55, 0xAD55, 0xAD55, 0xA534, 0xA534, 0xAD35, 0xAD55, 0xAD55, 0xAD55, 0xAD75, 0xB596, 0xAD75, 0xAD55, 0xA534, 0xAD55, 0xAD55,
    0xAD55, 0xAD75, 0xAD55, 0xA534, 0xAD55, 0xAD54, 0xA534, 0xA514, 0xA514, 0xA514, 0xA514, 0x9CF3, 0x9CD3, 0x9CD3, 0x9CD3, 0x9CD3,
    0x9CD3, 0x94B2, 0x9CD3, 0x9CF3, 0x9CD3, 0x9CD3, 0x9CD3, 0x9CD3, 0x9CD3, 0x9CD3, 0x9CF3, 0x9CD3, 0x9CB2, 0x9CF3, 0x9CD3, 0x94B2,
    0x9CD3, 0x9CD3, 0x94B2, 0x94B2, 0x94B2, 0x9492, 0x9492, 0x9492, 0x9492, 0x9492, 0x9492, 0x8C71, 0x9472, 0x9492, 0x8C71, 0x8C71,
    0x8C71, 0x9492, 0x9492, 0x9492, 0x8C71, 0x8C71, 0x8C71, 0x8C71, 0x8C71, 0x9492, 0x9491, 0x8C71, 0x8C71, 0x9471, 0x9492, 0x9492,
    0x8C71, 0x9492, 0x9472, 0x9471, 0x8C51, 0x8C51, 0x8C51, 0x8C71, 0x9492, 0x8C71, 0x8C71, 0x8C71, 0x8C51, 0x8C71, 0x8C71, 0x9492,
    0x9492, 0x8C71, 0x9472, 0x8C71, 0x8C71, 0x9492, 0x9492, 0x94B2, 0x9492, 0x9492, 0x9492, 0x94B2, 0x94B2, 0x9CD3, 0x9CD3, 0x9CD3,
    0x9CB2, 0x94B2, 0x94B2, 0x9CD3, 0x94B3, 0x9CD3, 0x9CD3, 0xA514, 0xA514, 0xA514, 0xA514, 0x9CF3, 0x9CF3, 0xA514, 0x9CF3, 0x9CF3,
    0xA514, 0xA514, 0xA534, 0xAD55, 0xAD55, 0xAD34, 0xA534, 0xAD55, 0xAD34, 0xA534, 0xA534, 0xAD55, 0xAD55, 0xAD55, 0xAD55, 0xB596,
    0xAD75, 0xAD75, 0xAD55, 0xAD55, 0xAD75, 0xAD55, 0xAD55, 0xAD55, 0xAD75, 0xAD55, 0xA534, 0xAD55, 0xEF7E, 0x8410, 0x9CD3, 0xFFFF,
    0xFFFF, 0xFFFF, 0xFFFF, 0xFFFF, 0xFFFF, 0xFFFF, 0xFFFF, 0xFFFF, 0xFFFF, 0xFFFF, 0xFFFF, 0xFFFF, 0xFFFF, 0xFFFF, 0xFFFF, 0xFFFF,
    0xFFFF, 0xFFFF, 0xFFFF, 0xFFFF, 0xFFFF, 0xFFFF, 0xFFFF, 0xFFFF, 0xFFFF, 0xFFFF, 0xFFFF, 0xFFFF, 0xFFFF, 0xFFFF, 0xFFFF, 0xFFFF,
    0xFFFF, 0xFFFF, 0xFFFF, 0xFFFF, 0xFFFF, 0xFFFF, 0xFFFF, 0xFFFF, 0xFFFF, 0xFFFF, 0xFFFF, 0xFFFF, 0xFFFF, 0xFFFF, 0xFFFF, 0xFFFF,
    0xFFFF, 0xFFFF, 0xFFFF, 0xFFFF, 0xFFFF, 0xFFFF, 0xFFFF, 0xFFFF, 0xFFFF, 0xFFFF, 0xFFFF, 0xFFFF, 0xFFFF, 0xFFFF, 0xFFFF, 0xFFFF,
    0xFFFF, 0xFFFF, 0xFFFF, 0xFFFF, 0xFFFF, 0xFFFF, 0xFFFF, 0xFFFF, 0xFFFF, 0xFFFF, 0xFFFF, 0xFFFF, 0xFFFF, 0xFFFF, 0xFFFF, 0xFFFF,
    0xFFFF, 0xFFFF, 0xFFFF, 0xFFFF, 0xFFFF, 0xFFFF, 0xFFFF, 0xFFFF, 0xFFFF, 0xFFFF, 0xFFFF, 0xFFFF, 0xFFFF, 0xFFFF, 0xCE59, 0x39E7,
    0x8C51, 0xEF7D, 0xCE59, 0xAD55, 0xB596, 0xAD75, 0xB596, 0xAD55, 0xAD75, 0xB596, 0xB5B6, 0xBDD7, 0xB5B6, 0xB5B6, 0xB5B6, 0xB5B6,
    0xBDB7, 0xB5B6, 0xAD75, 0xAD75, 0xAD75, 0xAD75, 0xAD75, 0xAD75, 0xB596, 0xB596, 0xAD96, 0xB5B7, 0xB5B6, 0xB596, 0xB596, 0xAD75,
    0xAD75, 0xAD75, 0xAD75, 0xAD75, 0xB576, 0xB596, 0xB596, 0xAD75, 0xAD55, 0xA534, 0xAD55, 0xA534, 0xA534, 0xA534, 0xA534, 0xA534,
    0xA535, 0xAD75, 0xAD75, 0xB596, 0xB596, 0xAD75, 0xAD55, 0xAD55, 0xA514, 0xA514, 0xA514, 0xA534, 0xAD55, 0xA534, 0xA534, 0xA534,
    0xA534, 0xAD55, 0xAD55, 0xAD55, 0xA514, 0xA534, 0xAD55, 0xAD34, 0xAD55, 0xAD55, 0xAD75, 0xB575, 0xAD55, 0xAD55, 0xAD55, 0xAD55,
    0xA534, 0xAD55, 0xAD55, 0xAD34, 0xA534, 0xA534, 0xA534, 0xA514, 0xA514, 0xA514, 0xA4F3, 0x9CF3, 0x9CF3, 0xA4F3, 0x9CD3, 0x9CF3,
    0x9CF3, 0x9CD3, 0x9CD3, 0x9CD3, 0x9CD3, 0x9CD3, 0x9CD3, 0x9CD3, 0x94B2, 0x9CD3, 0x9CD3, 0x9CD3, 0x9CD3, 0x9CD3, 0x9CD3, 0x9CD3,
    0x9CD3, 0x9CD3, 0x9CD3, 0x94B2, 0x8C71, 0x94B2, 0x9492, 0x8C71, 0x8C71, 0x8C72, 0x9492, 0x9492, 0x9471, 0x8C71, 0x8C71, 0x9492,
    0x9471, 0x9492, 0x9492, 0x9492, 0x9492, 0x9492, 0x8C71, 0x8C71, 0x8C71, 0x8C71, 0x9492, 0x8C71, 0x8C71, 0x9492, 0x8C71, 0x9492,
    0x9492, 0x94B2, 0x8C71, 0x8C51, 0x8C71, 0x8C71, 0x9491, 0x8C71, 0x8C71, 0x8C71, 0x8C51, 0x8C71, 0x8C51, 0x8C51, 0x8C51, 0x8C71,
    0x9492, 0x9492, 0x9492, 0x9492, 0x9492, 0x9492, 0x9492, 0x9492, 0x9492, 0x9492, 0x9492, 0x94B2, 0x94B2, 0x94B2, 0x9CD3, 0x94B2,
    0x9492, 0x9492, 0x94B2, 0x9492, 0x9492, 0x94B2, 0x9CD3, 0x9CF3, 0xA514, 0xA514, 0x9CF3, 0x9CD3, 0x9CF3, 0x9CF3, 0x9CD3, 0x9CF3,
    0x9CF3, 0xA514, 0xAD55, 0xAD55, 0xAD75, 0xAD55, 0xAD55, 0xAD75, 0xAD75, 0xA534, 0xA513, 0xA514, 0xA534, 0xA534, 0xA534, 0xAD55,
    0xAD55, 0xAD55, 0xA534, 0xAD55, 0xAD55, 0xAD55, 0xAD55, 0xAD55, 0xAD55, 0xAD55, 0xAD55, 0xA514, 0xE71C, 0xB596, 0x73AE, 0xFFFF,
    0xFFFF, 0xFFFF, 0xFFFF, 0xFFFF, 0xFFFF, 0xFFFF, 0xFFFF, 0xFFFF, 0xFFFF, 0xFFFF, 0xFFFF, 0xFFFF, 0xFFFF, 0xFFFF, 0xFFFF, 0xFFFF,
    0xFFFF, 0xFFFF, 0xFFFF, 0xFFFF, 0xFFFF, 0xFFFF, 0xFFFF, 0xFFFF, 0xFFFF, 0xFFFF, 0xFFFF, 0xFFFF, 0xFFFF, 0xFFFF, 0xFFFF, 0xFFFF,
    0xFFFF, 0xFFFF, 0xFFFF, 0xFFFF, 0xFFFF, 0xFFFF, 0xFFFF, 0xFFFF, 0xFFFF, 0xFFFF, 0xFFFF, 0xFFFF, 0xFFFF, 0xFFFF, 0xFFFF, 0xFFFF,
    0xFFFF, 0xFFFF, 0xFFFF, 0xFFFF, 0xFFFF, 0xFFFF, 0xFFFF, 0xFFFF, 0xFFFF, 0xFFFF, 0xFFFF, 0xFFFF, 0xFFFF, 0xFFFF, 0xFFFF, 0xFFFF,
    0xFFFF, 0xFFFF, 0xFFFF, 0xFFFF, 0xFFFF, 0xFFFF, 0xFFFF, 0xFFFF, 0xFFFF, 0xFFFF, 0xFFFF, 0xFFFF, 0xFFFF, 0xFFFF, 0xFFFF, 0xFFFF,
    0xFFFF, 0xFFFF, 0xFFFF, 0xFFFF, 0xFFFF, 0xFFFF, 0xFFFF, 0xFFFF, 0xFFFF, 0xFFFF, 0xFFFF, 0xFFFF, 0xFFDF, 0xFFFF, 0xA514, 0x4A49,
    0xA534, 0xF7BE, 0xB596, 0xA514, 0xAD55, 0xAD75, 0xAD75, 0xAD75, 0xAD55, 0xAD55, 0xAD75, 0xAD75, 0xAD75, 0xB596, 0xB5B6, 0xBDD7,
    0xB5B6, 0xB596, 0xB596, 0xAD75, 0xAD75, 0xAD55, 0xAD55, 0xAD75, 0xAD75, 0xB596, 0xAD75, 0xAD75, 0xB596, 0xAD96, 0xB596, 0xAD75,
    0xAD75, 0xAD75, 0xAD75, 0xAD75, 0xB596, 0xB596, 0xAD75, 0xAD75, 0xB596, 0xAD75, 0xAD55, 0xA534, 0xAD55, 0xAD55, 0xAD75, 0xAD55,
    0xAD55, 0xAD55, 0xAD75, 0xB576, 0xAD55, 0xAD75, 0xAD55, 0xA534, 0xAD55, 0xA534, 0xAD55, 0xA534, 0xA534, 0xA534, 0xAD75, 0xAD55,
    0xAD55, 0xAD34, 0xA534, 0xA534, 0xAD55, 0xA534, 0xA534, 0xA534, 0xAD34, 0xAD55, 0xA534, 0xA534, 0xAD75, 0xAD75, 0xAD34, 0xA534,
    0xA534, 0xAD34, 0xA534, 0xA534, 0xA534, 0xA534, 0xA534, 0xA514, 0xA514, 0xA514, 0x9CF3, 0xA514, 0x9CF3, 0x9CD3, 0x9CF3, 0x9CF3,
    0x9CF3, 0x9CF3, 0x9CF3, 0x9CD3, 0x94B2, 0x9CD3, 0x9CD3, 0x9CD3, 0x9CB2, 0x94B2, 0x94B2, 0x9CD3, 0x9CD3, 0x94B2, 0x9492, 0x9CD3,
    0x9CD3, 0x9CD3, 0x9CD3, 0x9CD3, 0x9492, 0x94B2, 0x94B2, 0x9492, 0x8C71, 0x9492, 0x8C71, 0x8C71, 0x8C71, 0x8C71, 0x8C51, 0x8C71,
    0x8C71, 0x9492, 0x9492, 0x8C71, 0x9492, 0x8C71, 0x8C71, 0x8C71, 0x8C71, 0x8C71, 0x8C71, 0x8C71, 0x8C71, 0x8C71, 0x8C71, 0x8C71,
    0x8C71, 0x9471, 0x8C71, 0x8C71, 0x9492, 0x9471, 0x8C71, 0x8C71, 0x8C71, 0x8C71, 0x8C71, 0x8C71, 0x8C71, 0x8C51, 0x8C71, 0x8C51,
    0x8C71, 0x9492, 0x9492, 0x9492, 0x94B2, 0x9492, 0x9492, 0x8C71, 0x8C71, 0x9492, 0x9492, 0x9492, 0x9492, 0x9492, 0x94B2, 0x9CD3,
    0x9492, 0x94B2, 0x94B2, 0x94D3, 0x94B2, 0x94B2, 0x9CD3, 0x9CD3, 0x9CF3, 0x9CF3, 0x9CF3, 0x9CD3, 0x9CD3, 0x9CD3, 0x9CF3, 0x9CF3,
    0x9CF3, 0xA534, 0xAD55, 0xAD55, 0xA534, 0xAD55, 0xAD75, 0xAD34, 0xAD34, 0xA534, 0xA514, 0xA534, 0xA534, 0xA534, 0xAD55, 0xAD55,
    0xAD55, 0xA534, 0xA534, 0xAD75, 0xAD75, 0xAD55, 0xAD55, 0xAD55, 0xAD35, 0xA534, 0xA514, 0xA4F4, 0xCE79, 0xE73C, 0x5AEB, 0xDEFB,
    0xFFFF, 0xFFFF, 0xFFFF, 0xFFFF, 0xFFFF, 0xFFFF, 0xFFFF, 0xFFFF, 0xFFFF, 0xFFFF, 0xFFFF, 0xFFFF, 0xFFFF, 0xFFFF, 0xFFFF, 0xFFFF,
    0xFFFF, 0xFFFF, 0xFFFF, 0xFFFF, 0xFFFF, 0xFFFF, 0xFFFF, 0xFFFF, 0xFFFF, 0xFFFF, 0xFFFF, 0xFFFF, 0xFFFF, 0xFFFF, 0xFFFF, 0xFFFF,
    0xFFFF, 0xFFFF, 0xFFFF, 0xFFFF, 0xFFFF, 0xFFFF, 0xFFFF, 0xFFFF, 0xFFFF, 0xFFFF, 0xFFFF, 0xFFFF, 0xFFFF, 0xFFFF, 0xFFFF, 0xFFFF,
    0xFFFF, 0xFFFF, 0xFFFF, 0xFFFF, 0xFFFF, 0xFFFF, 0xFFFF, 0xFFFF, 0xFFFF, 0xFFFF, 0xFFFF, 0xFFFF, 0xFFFF, 0xFFFF, 0xFFFF, 0xFFFF,
    0xFFFF, 0xFFFF, 0xFFFF, 0xFFFF, 0xFFFF, 0xFFFF, 0xFFFF, 0xFFFF, 0xFFFF, 0xFFFF, 0xFFFF, 0xFFFF, 0xFFFF, 0xFFFF, 0xFFFF, 0xFFFF,
    0xFFFF, 0xFFFF, 0xFFFF, 0xFFFF, 0xFFFF, 0xFFFF, 0xFFFF, 0xFFFF, 0xFFFF, 0xFFFF, 0xFFFF, 0xFFFF, 0xFFDF, 0xFFFF, 0x738E, 0x5AAA,
    0xBDF7, 0xEF7D, 0xAD55, 0xAD55, 0xAD55, 0xAD55, 0xAD55, 0xAD55, 0xAD75, 0xAD75, 0xAD55, 0xAD75, 0xB596, 0xB5B6, 0xB5B6, 0xBDD7,
    0xB596, 0xB596, 0xB596, 0xAD75, 0xAD75, 0xAD75, 0xAD75, 0xB596, 0xB5B6, 0xB596, 0xAD75, 0xAD75, 0xAD55, 0xAD55, 0xAD75, 0xAD55,
    0xAD35, 0xAD75, 0xAD75, 0xAD75, 0xB596, 0xB596, 0xAD75, 0xB596, 0xB596, 0xB576, 0xAD75, 0xAD75, 0xAD75, 0xAD75, 0xAD75, 0xAD55,
    0xAD55, 0xAD75, 0xAD75, 0xAD55, 0xA534, 0xAD75, 0xAD55, 0xAD55, 0xAD55, 0xAD35, 0xAD55, 0xAD55, 0xA514, 0xA534, 0xAD55, 0xAD55,
    0xA534, 0xAD55, 0xA534, 0xAD34, 0xAD55, 0xA534, 0xA534, 0xA514, 0xA534, 0xA534, 0xAD54, 0xAD55, 0xAD55, 0xAD54, 0xA534, 0xAD55,
    0xAD35, 0xA534, 0xA514, 0xA514, 0xA534, 0xA514, 0xAD55, 0xA534, 0xA514, 0xA514, 0x9CF3, 0x9CF3, 0xA514, 0x9CF3, 0xA4F3, 0x9CF3,
    0x9CD3, 0x9CD3, 0x9CD3, 0x9CD3, 0x94B2, 0x94B2, 0x9CD3, 0x94B2, 0x94B2, 0x9CD3, 0x9CD3, 0x9CB2, 0x9CD3, 0x9CD3, 0x9CD3, 0x94B2,
    0x94B2, 0x94B2, 0x94B2, 0x94B2, 0x94B2, 0x9CD2, 0x9492, 0x9492, 0x8C71, 0x8C71, 0x8C71, 0x8C71, 0x8C71, 0x9492, 0x8C71, 0x8C71,
    0x8C71, 0x9492, 0x8C71, 0x9492, 0x8C71, 0x8C51, 0x8C71, 0x8C72, 0x8C72, 0x9492, 0x9492, 0x9492, 0x8C71, 0x8C51, 0x8C71, 0x8C51,
    0x8C71, 0x9471, 0x8C71, 0x8C51, 0x8C71, 0x8C71, 0x8C71, 0x8C51, 0x8C51, 0x8C51, 0x8C71, 0x8C51, 0x8C51, 0x8C51, 0x8C71, 0x8C71,
    0x8C71, 0x9492, 0x9492, 0x94B2, 0x94B2, 0x9492, 0x9492, 0x9492, 0x9492, 0x9492, 0x9492, 0x9492, 0x9492, 0x9492, 0x9492, 0x94B2,
    0x94B2, 0x94B2, 0x94B2, 0x9CD3, 0x9CD3, 0x94B2, 0x9492, 0x94B2, 0x9CD3, 0x9CD3, 0x9CD3, 0x9CD3, 0x9CD3, 0x9CD3, 0xA4F4, 0x9CF3,
    0x9CF3, 0xA534, 0xA514, 0xA534, 0xA534, 0xA534, 0xA534, 0xA514, 0xA514, 0xA534, 0xA534, 0xA534, 0xA534, 0xAD34, 0xAD35, 0xA534,
    0xAD55, 0xA534, 0xAD55, 0xAD75, 0xAD55, 0xAD55, 0xAD75, 0xAD55, 0xAD55, 0xA514, 0xA514, 0xA514, 0xB5B6, 0xF7BE, 0x7BEF, 0xBDF7,
    0xFFFF, 0xFFFF, 0xFFFF, 0xFFFF, 0xFFFF, 0xFFFF, 0xFFFF, 0xFFFF, 0xFFFF, 0xFFFF, 0xFFFF, 0xFFFF, 0xFFFF, 0xFFFF, 0xFFFF, 0xFFFF,
    0xFFFF, 0xFFFF, 0xFFFF, 0xFFFF, 0xFFFF, 0xFFFF, 0xFFFF, 0xFFFF, 0xFFFF, 0xFFFF, 0xFFFF, 0xFFFF, 0xFFFF, 0xFFFF, 0xFFFF, 0xFFFF,
    0xFFFF, 0xFFFF, 0xFFFF, 0xFFFF, 0xFFFF, 0xFFFF, 0xFFFF, 0xFFFF, 0xFFFF, 0xFFFF, 0xFFFF, 0xFFFF, 0xFFFF, 0xFFFF, 0xFFFF, 0xFFFF,
    0xFFFF, 0xFFFF, 0xFFFF, 0xFFFF, 0xFFFF, 0xFFFF, 0xFFFF, 0xFFFF, 0xFFFF, 0xFFFF, 0xFFFF, 0xFFFF, 0xFFFF, 0xFFFF, 0xFFFF, 0xFFFF,
    0xFFFF, 0xFFFF, 0xFFFF, 0xFFFF, 0xFFFF, 0xFFFF, 0xFFFF, 0xFFFF, 0xFFFF, 0xFFFF, 0xFFFF, 0xFFFF, 0xFFFF, 0xFFFF, 0xFFFF, 0xFFFF,
    0xFFFF, 0xFFFF, 0xFFFF, 0xFFFF, 0xFFFF, 0xFFFF, 0xFFFF, 0xFFFF, 0xFFFF, 0xFFFF, 0xFFFF, 0xFFFF, 0xFFFF, 0xFFDF, 0x528A, 0x6B4D,
    0xD6BA, 0xDEFB, 0xAD55, 0xB596, 0xAD75, 0xAD75, 0xAD75, 0xAD75, 0xAD75, 0xB596, 0xAD75, 0xB596, 0xB596, 0xAD75, 0xAD75, 0xB5B6,
    0xAD75, 0xB576, 0xB596, 0xB596, 0xAD75, 0xAD75, 0xAD75, 0xB596, 0xB596, 0xAD75, 0xB596, 0xB596, 0xAD55, 0xAD75, 0xAD76, 0xAD55,
    0xA534, 0xA534, 0xAD55, 0xAD55, 0xAD75, 0xAD75, 0xAD55, 0xB596, 0xAD75, 0xAD75, 0xAD55, 0xAD55, 0xAD75, 0xAD55, 0xA534, 0xA534,
    0xAD55, 0xAD75, 0xAD75, 0xAD75, 0xAD55, 0xAD55, 0xAD55, 0xAD55, 0xA534, 0xA534, 0xAD55, 0xAD55, 0xA534, 0xA534, 0xA534, 0xA534,
    0xAD55, 0xA534, 0xAD34, 0xA534, 0xA514, 0xA534, 0xA514, 0xA4F3, 0xA534, 0xA534, 0xA514, 0xAD55, 0xAD55, 0xAD55, 0xA534, 0xAD55,
    0xAD35, 0xA534, 0xA514, 0xA534, 0xA534, 0xA514, 0xA534, 0xA514, 0xA514, 0xA4F3, 0x9CF3, 0xA514, 0xA514, 0xA514, 0x9CF3, 0x9CD3,
    0x9CD3, 0x9CF3, 0x9CD3, 0x9CD3, 0x94B2, 0x94B2, 0x94B2, 0x9CD3, 0x9CD3, 0x9CD3, 0x9CD3, 0x9CD3, 0x9CD3, 0x94B2, 0x94B2, 0x9CD3,
    0x9CD3, 0x94B2, 0x94B2, 0x94B2, 0x9492, 0x9492, 0x9492, 0x8C71, 0x8C51, 0x8C51, 0x9471, 0x9471, 0x8C71, 0x8C71, 0x8C71, 0x8C71,
    0x8C71, 0x8C71, 0x8C51, 0x8C71, 0x8C71, 0x8C71, 0x8C71, 0x8C71, 0x8C71, 0x8C71, 0x8C51, 0x8C71, 0x8C51, 0x8C51, 0x8C71, 0x8C51,
    0x8C71, 0x8C51, 0x8C51, 0x8C51, 0x8C71, 0x8C51, 0x8C71, 0x9492, 0x8C71, 0x8C51, 0x8C51, 0x8C51, 0x8C51, 0x8C51, 0x8C71, 0x8C71,
    0x8C51, 0x8C71, 0x8C51, 0x8C71, 0x8C71, 0x8C71, 0x8C71, 0x9472, 0x9492, 0x9492, 0x8C71, 0x9472, 0x8C71, 0x8C71, 0x8C71, 0x9471,
    0x9492, 0x9492, 0x9492, 0x9492, 0x94B2, 0x9CD3, 0x9492, 0x94B2, 0x94B2, 0x9CD3, 0x94B2, 0x94B2, 0x9CD3, 0x9CF3, 0xA514, 0x9CD3,
    0x9CF3, 0xAD55, 0x9CF3, 0xA534, 0xA514, 0x9CF3, 0x9CF3, 0x9CF3, 0xA534, 0xA534, 0xA534, 0xA534, 0xA534, 0xA534, 0xAD35, 0xA514,
    0xA534, 0xAD55, 0xA534, 0xA534, 0xAD75, 0xAD55, 0xAD55, 0xA534, 0xA535, 0xA534, 0xA534, 0xAD55, 0xA514, 0xEF7D, 0xA534, 0x8410,
    0xFFFF, 0xFFFF, 0xFFFF, 0xFFFF, 0xFFFF, 0xFFFF, 0xFFFF, 0xFFFF, 0xFFFF, 0xFFFF, 0xFFFF, 0xFFFF, 0xFFFF, 0xFFFF, 0xFFFF, 0xFFFF,
    0xFFFF, 0xFFFF, 0xFFFF, 0xFFFF, 0xFFFF, 0xFFFF, 0xFFFF, 0xFFFF, 0xFFFF, 0xFFFF, 0xFFFF, 0xFFFF, 0xFFFF, 0xFFFF, 0xFFFF, 0xFFFF,
    0xFFFF, 0xFFFF, 0xFFFF, 0xFFFF, 0xFFFF, 0xFFFF, 0xFFFF, 0xFFFF, 0xFFFF, 0xFFFF, 0xFFFF, 0xFFFF, 0xFFFF, 0xFFFF, 0xFFFF, 0xFFFF,
    0xFFFF, 0xFFFF, 0xFFFF, 0xFFFF, 0xFFFF, 0xFFFF, 0xFFFF, 0xFFFF, 0xFFFF, 0xFFFF, 0xFFFF, 0xFFFF, 0xFFFF, 0xFFFF, 0xFFFF, 0xFFFF,
    0xFFFF, 0xFFFF, 0xFFFF, 0xFFFF, 0xFFFF, 0xFFFF, 0xFFFF, 0xFFFF, 0xFFFF, 0xFFFF, 0xFFFF, 0xFFFF, 0xFFFF, 0xFFFF, 0xFFFF, 0xFFFF,
    0xFFFF, 0xFFFF, 0xFFFF, 0xFFFF, 0xFFFF, 0xFFFF, 0xFFFF, 0xFFFF, 0xFFFF, 0xFFFF, 0xFFFF, 0xFFFF, 0xFFFF, 0xDEFB, 0x4208, 0x8430,
    0xE73C, 0xCE79, 0xAD55, 0xB596, 0xB596, 0xB596, 0xB596, 0xAD75, 0xAD75, 0xB596, 0xB596, 0xB596, 0xB596, 0xB596, 0xAD75, 0xB596,
    0xAD55, 0xB575, 0xB596, 0xB596, 0xB596, 0xAD75, 0xAD75, 0xB596, 0xB596, 0xAD75, 0xB596, 0xAD75, 0xAD55, 0xAD55, 0xAD55, 0xAD75,
    0xAD75, 0xAD75, 0xAD55, 0xA534, 0xAD55, 0xAD75, 0xA534, 0xAD55, 0xA534, 0xAD55, 0xA535, 0xAD55, 0xA534, 0xA535, 0xA534, 0xA534,
    0xAD55, 0xA534, 0xA535, 0xA534, 0xAD75, 0xAD55, 0xAD55, 0xAD55, 0xA534, 0xAD55, 0xA534, 0xA534, 0xAD55, 0xAD54, 0xA534, 0xAD34,
    0xA534, 0xA534, 0xA534, 0xA514, 0xA514, 0x9CF3, 0xA514, 0xA514, 0xA514, 0xA534, 0xA534, 0xA534, 0xAD55, 0xAD34, 0xA534, 0xA534,
    0xA534, 0xAD54, 0xA534, 0xA534, 0xA534, 0xA534, 0xA514, 0xA514, 0xA514, 0xA4F3, 0xA4F3, 0x9CF3, 0xA514, 0x9CF3, 0x9CF3, 0xA513,
    0x9CF3, 0x94B2, 0x9CD3, 0x94B2, 0x9CD3, 0x94B2, 0x9CD3, 0x9CD3, 0x94B2, 0x9492, 0x94B2, 0x9492, 0x8C71, 0x8C71, 0x9492, 0x9492,
    0x94B2, 0x94B2, 0x94B2, 0x9CB2, 0x9472, 0x8C51, 0x8C71, 0x8C71, 0x9491, 0x8C71, 0x9491, 0x9492, 0x8C71, 0x8C51, 0x8C51, 0x8C71,
    0x8C71, 0x9492, 0x9472, 0x8C71, 0x8C71, 0x8C71, 0x8C71, 0x8C71, 0x9492, 0x8C71, 0x8C71, 0x8C51, 0x8410, 0x8430, 0x8430, 0x8410,
    0x8430, 0x8C51, 0x8C51, 0x8C30, 0x8C51, 0x8C51, 0x8C51, 0x8C71, 0x8C71, 0x8C51, 0x8C51, 0x8C51, 0x8C51, 0x8C51, 0x8C51, 0x8430,
    0x8C71, 0x8C51, 0x8C71, 0x8C51, 0x8C51, 0x8C71, 0x8C71, 0x9492, 0x9492, 0x8C71, 0x8C71, 0x8C71, 0x8C71, 0x8C71, 0x9492, 0x8C71,
    0x9492, 0x9492, 0x9492, 0x9492, 0x94B2, 0x9492, 0x94B2, 0x94B2, 0x94B2, 0x9CD3, 0x94B2, 0x94B2, 0x94B2, 0x9CF3, 0xA514, 0x9CF3,
    0x9CF3, 0xA514, 0x9CF3, 0xA4F3, 0x9CF3, 0x9CF3, 0xA514, 0xA514, 0xA534, 0xA514, 0xA534, 0xA534, 0xA534, 0xA534, 0xA534, 0xAD55,
    0xA534, 0xA534, 0xA534, 0xAD55, 0xAD75, 0xAD35, 0xA534, 0xA514, 0xA534, 0xAD55, 0xA534, 0xAD75, 0xA534, 0xDEDB, 0xD6BA, 0x52AA,
    0xE73C, 0xFFFF, 0xFFFF, 0xFFFF, 0xFFFF, 0xFFFF, 0xFFFF, 0xFFFF, 0xFFFF, 0xFFFF, 0xFFFF, 0xFFFF, 0xFFFF, 0xFFFF, 0xFFFF, 0xFFFF,
    0xFFFF, 0xFFFF, 0xFFFF, 0xFFFF, 0xFFFF, 0xFFFF, 0xFFFF, 0xFFFF, 0xFFFF, 0xFFFF, 0xFFFF, 0xFFFF, 0xFFFF, 0xFFFF, 0xFFFF, 0xFFFF,
    0xFFFF, 0xFFFF, 0xFFFF, 0xFFFF, 0xFFFF, 0xFFFF, 0xFFFF, 0xFFFF, 0xFFFF, 0xFFFF, 0xFFFF, 0xFFFF, 0xFFFF, 0xFFFF, 0xFFFF, 0xFFFF,
    0xFFFF, 0xFFFF, 0xFFFF, 0xFFFF, 0xFFFF, 0xFFFF, 0xFFFF, 0xFFFF, 0xFFFF, 0xFFFF, 0xFFFF, 0xFFFF, 0xFFFF, 0xFFFF, 0xFFFF, 0xFFFF,
    0xFFFF, 0xFFFF, 0xFFFF, 0xFFFF, 0xFFFF, 0xFFFF, 0xFFFF, 0xFFFF, 0xFFFF, 0xFFFF, 0xFFFF, 0xFFFF, 0xFFFF, 0xFFFF, 0xFFFF, 0xFFFF,
    0xFFFF, 0xFFFF, 0xFFFF, 0xFFFF, 0xFFFF, 0xFFFF, 0xFFFF, 0xFFFF, 0xFFFF, 0xFFFF, 0xFFFF, 0xFFDF, 0xFFFF, 0xB596, 0x41E7, 0xA514,
    0xF79E, 0xBDD7, 0xAD75, 0xB596, 0xAD75, 0xB575, 0xB596, 0xAD75, 0xAD75, 0xAD55, 0xB596, 0xB5B6, 0xB596, 0xB596, 0xAD75, 0xAD75,
    0xAD55, 0xAD55, 0xAD75, 0xB5B6, 0xB576, 0xAD75, 0xAD55, 0xAD75, 0xB596, 0xB596, 0xB596, 0xAD75, 0xAD75, 0xAD75, 0xA534, 0xA534,
    0xAD55, 0xAD55, 0xAD55, 0xAD55, 0xAD55, 0xAD75, 0xAD55, 0xAD55, 0xAD55, 0xAD75, 0xAD55, 0xAD55, 0xA534, 0xA534, 0xA534, 0xA514,
    0xA534, 0xA534, 0xA534, 0xAD54, 0xAD55, 0xAD55, 0xAD54, 0xAD55, 0xAD55, 0xA534, 0xA514, 0xA534, 0xA534, 0xA534, 0xA514, 0xA514,
    0xA534, 0xA534, 0xA534, 0x9CF3, 0xA534, 0xA514, 0xA534, 0xA534, 0xA534, 0xA514, 0xA514, 0xA514, 0xA534, 0xA534, 0xA534, 0xA534,
    0xA534, 0xA534, 0xAD34, 0xA514, 0xA534, 0xA534, 0xA534, 0xA534, 0xA534, 0xA514, 0x9CF3, 0x9CF3, 0xA4F3, 0x9CF3, 0x9CF3, 0xA514,
    0x9CF3, 0x9CD3, 0x9CF3, 0x9CF3, 0x9CF3, 0x9CD3, 0x9CF3, 0x9CD3, 0x94B2, 0x94B2, 0x9492, 0x9492, 0x9492, 0x9492, 0x94B2, 0x9492,
    0x9492, 0x9CD3, 0x94B2, 0x9492, 0x9492, 0x9471, 0x9492, 0x8C71, 0x8C71, 0x8C51, 0x8C71, 0x8C51, 0x8C51, 0x8C51, 0x8C51, 0x8C51,
    0x8C51, 0x8C51, 0x8C51, 0x8C71, 0x8C71, 0x8C71, 0x8C71, 0x8C71, 0x8C71, 0x8C51, 0x8430, 0x8C51, 0x8430, 0x8C51, 0x8430, 0x8430,
    0x8C51, 0x8C51, 0x8C51, 0x8C30, 0x8C51, 0x8C51, 0x8C71, 0x8C71, 0x8C71, 0x8C51, 0x8C51, 0x8C51, 0x8C51, 0x8C71, 0x8C71, 0x8C51,
    0x8C71, 0x8430, 0x8C71, 0x8C71, 0x8C51, 0x8C51, 0x8C51, 0x8C71, 0x8C71, 0x8C71, 0x8C71, 0x8C71, 0x8C71, 0x9492, 0x94B2, 0x9492,
    0x9491, 0x9492, 0x94B2, 0x9492, 0x94B2, 0x9492, 0x94B2, 0x94B2, 0x94B2, 0x9492, 0x9492, 0x94B2, 0x9CD3, 0x9CD3, 0x9CF3, 0xA514,
    0x9CF3, 0xA514, 0x9CF3, 0xA534, 0xA514, 0x9CF3, 0xA514, 0xA534, 0xA514, 0xA514, 0xA534, 0xA514, 0xA514, 0xA534, 0xA514, 0xA534,
    0xA514, 0xA534, 0xAD35, 0xA534, 0xAD55, 0xA514, 0xA534, 0xA534, 0xAD34, 0xAD55, 0xA534, 0xAD55, 0xAD55, 0xC618, 0xF79E, 0x6B6D,
    0xCE59, 0xFFFF, 0xFFFF, 0xFFFF, 0xFFFF, 0xFFFF, 0xFFFF, 0xFFFF, 0xFFFF, 0xFFFF, 0xFFFF, 0xFFFF, 0xFFFF, 0xFFFF, 0xFFFF, 0xFFFF,
    0xFFFF, 0xFFFF, 0xFFFF, 0xFFFF, 0xFFFF, 0xFFFF, 0xFFFF, 0xFFFF, 0xFFFF, 0xFFFF, 0xFFFF, 0xFFFF, 0xFFFF, 0xFFFF, 0xFFFF, 0xFFFF,
    0xFFFF, 0xFFFF, 0xFFFF, 0xFFFF, 0xFFFF, 0xFFFF, 0xFFFF, 0xFFFF, 0xFFFF, 0xFFFF, 0xFFFF, 0xFFFF, 0xFFFF, 0xFFFF, 0xFFFF, 0xFFFF,
    0xFFFF, 0xFFFF, 0xFFFF, 0xFFFF, 0xFFFF, 0xFFFF, 0xFFFF, 0xFFFF, 0xFFFF, 0xFFFF, 0xFFFF, 0xFFFF, 0xFFFF, 0xFFFF, 0xFFFF, 0xFFFF,
    0xFFFF, 0xFFFF, 0xFFFF, 0xFFFF, 0xFFFF, 0xFFFF, 0xFFFF, 0xFFFF, 0xFFFF, 0xFFFF, 0xFFFF, 0xFFFF, 0xFFFF, 0xFFFF, 0xFFFF, 0xFFFF,
    0xFFFF, 0xFFFF, 0xFFFF, 0xFFFF, 0xFFFF, 0xFFFF, 0xFFFF, 0xFFFF, 0xFFFF, 0xFFFF, 0xFFFF, 0xFFDF, 0xFFFF, 0x8430, 0x4A69, 0xB5B6,
    0xEF7D, 0xA534, 0xAD55, 0xAD75, 0xAD75, 0xB596, 0xAD75, 0xB596, 0xB596, 0xB596, 0xB5B6, 0xB596, 0xB596, 0xB596, 0xAD75, 0xAD75,
    0xAD75, 0xB596, 0xB596, 0xB596, 0xAD75, 0xB576, 0xAD75, 0xB596, 0xAD75, 0xAD75, 0xB596, 0xAD76, 0xAD75, 0xB596, 0xAD55, 0xAD55,
    0xA534, 0xA534, 0xA534, 0xA534, 0xAD34, 0xAD55, 0xAD55, 0xAD55, 0xAD75, 0xAD75, 0xA535, 0xA534, 0xA534, 0xA534, 0xA514, 0xA534,
    0xAD55, 0xAD55, 0xAD55, 0xAD55, 0xAD55, 0xA534, 0xA534, 0xAD55, 0xA534, 0xA534, 0xA514, 0xAD55, 0xAD55, 0xAD55, 0xAD75, 0xAD55,
    0xAD34, 0xA514, 0xA534, 0xA514, 0xA534, 0xAD54, 0xA534, 0xA514, 0xA534, 0xA514, 0xA4F3, 0x9CF3, 0xA514, 0xA534, 0xAD55, 0xA534,
    0xA534, 0xA514, 0xA514, 0xA514, 0xA514, 0xA514, 0xA534, 0x9CF3, 0xA514, 0xA514, 0x9CF3, 0xA514, 0x9CF3, 0x9CF3, 0x9CF3, 0x9CD3,
    0x9CD3, 0x9CF3, 0x9CD3, 0x9CD3, 0x9CD3, 0x9CF3, 0x9CF3, 0x94B2, 0x94B2, 0x94B2, 0x94B2, 0x9492, 0x94B2, 0x94B2, 0x94B2, 0x9CD3,
    0x9492, 0x9492, 0x9492, 0x9492, 0x9492, 0x9492, 0x9492, 0x9492, 0x9492, 0x9471, 0x8C71, 0x8C71, 0x8C51, 0x8C51, 0x8430, 0x8C51,
    0x8430, 0x8C51, 0x8C51, 0x8C51, 0x8C71, 0x8C71, 0x8C71, 0x8C51, 0x8C71, 0x8C51, 0x8430, 0x8C51, 0x8C51, 0x8C71, 0x8C51, 0x8C51,
    0x8C51, 0x8C51, 0x8C51, 0x8C51, 0x8C71, 0x8C71, 0x8C71, 0x8C51, 0x8C51, 0x8C51, 0x8C51, 0x8C51, 0x8C51, 0x8C51, 0x8C51, 0x8C51,
    0x8C51, 0x8C51, 0x8C71, 0x8C51, 0x8C71, 0x8C71, 0x8C71, 0x8C51, 0x8C71, 0x8C71, 0x8C71, 0x8C51, 0x8C51, 0x8C71, 0x9492, 0x9492,
    0x8C71, 0x9492, 0x9492, 0x9492, 0x9492, 0x9471, 0x9492, 0x9492, 0x9492, 0x8C71, 0x9492, 0x94B2, 0x9CD3, 0x9CD3, 0x9CD3, 0x9CD3,
    0x9CF3, 0x9CD3, 0x9CD3, 0x9CF3, 0xA514, 0x9CD3, 0x9CD3, 0x9CD3, 0x9CF3, 0x9CF3, 0xA514, 0xA514, 0xA514, 0xA514, 0xA514, 0xA514,
    0x9CF3, 0xA514, 0xA534, 0xA534, 0xA4F3, 0xA514, 0xA534, 0xA514, 0xA534, 0xA534, 0xA514, 0xA534, 0xA514, 0xAD35, 0xF7BE, 0x9472,
    0x8410, 0xFFFF, 0xFFFF, 0xFFFF, 0xFFFF, 0xFFFF, 0xFFFF, 0xFFFF, 0xFFFF, 0xFFFF, 0xFFFF, 0xFFFF, 0xFFFF, 0xFFFF, 0xFFFF, 0xFFFF,
    0xFFFF, 0xFFFF, 0xFFFF, 0xFFFF, 0xFFFF, 0xFFFF, 0xFFFF, 0xFFFF, 0xFFFF, 0xFFFF, 0xFFFF, 0xFFFF, 0xFFFF, 0xFFFF, 0xFFFF, 0xFFFF,
    0xFFFF, 0xFFFF, 0xFFFF, 0xFFFF, 0xFFFF, 0xFFFF, 0xFFFF, 0xFFFF, 0xFFFF, 0xFFFF, 0xFFFF, 0xFFFF, 0xFFFF, 0xFFFF, 0xFFFF, 0xFFFF,
    0xFFFF, 0xFFFF, 0xFFFF, 0xFFFF, 0xFFFF, 0xFFFF, 0xFFFF, 0xFFFF, 0xFFFF, 0xFFFF, 0xFFFF, 0xFFFF, 0xFFFF, 0xFFFF, 0xFFFF, 0xFFFF,
    0xFFFF, 0xFFFF, 0xFFFF, 0xFFFF, 0xFFFF, 0xFFFF, 0xFFFF, 0xFFFF, 0xFFFF, 0xFFFF, 0xFFFF, 0xFFFF, 0xFFFF, 0xFFFF, 0xFFFF, 0xFFFF,
    0xFFFF, 0xFFFF, 0xFFFF, 0xFFFF, 0xFFFF, 0xFFFF, 0xFFFF, 0xFFFF, 0xFFFF, 0xFFFF, 0xFFFF, 0xFFFF, 0xFFFF, 0x632C, 0x6B4D, 0xD69A,
    0xE71C, 0xA514, 0xAD55, 0xB596, 0xB596, 0xB596, 0xB596, 0xB596, 0xB596, 0xB596, 0xB596, 0xB596, 0xAD75, 0xB596, 0xB596, 0xB596,
    0xAD75, 0xB596, 0xB596, 0xB596, 0xB596, 0xAD75, 0xAD75, 0xAD75, 0xAD75, 0xA534, 0xAD55, 0xB596, 0xAD75, 0xAD35, 0xAD55, 0xAD55,
    0xA534, 0xA534, 0xA534, 0xAD55, 0xAD55, 0xAD55, 0xAD55, 0xAD75, 0xAD55, 0xA534, 0xA514, 0xA534, 0xA534, 0xA534, 0xA514, 0xAD35,
    0xAD55, 0xAD55, 0xAD55, 0xA534, 0xA514, 0xA534, 0xA534, 0xA534, 0xA534, 0xAD55, 0xA534, 0xA514, 0xA514, 0xA534, 0xA534, 0xA514,
    0xA514, 0xA4F3, 0xA514, 0xA514, 0xA534, 0xA514, 0xA514, 0xA514, 0x9CF3, 0x9CF3, 0xA534, 0xA534, 0xA534, 0xA514, 0xAD35, 0xA534,
    0xA534, 0xA534, 0xA514, 0xA514, 0xA514, 0xA534, 0xA534, 0xA514, 0x9CF3, 0x9CF3, 0x9CF3, 0x9CF3, 0x9CF3, 0x9CF3, 0x9CF3, 0x9CF3,
    0x9CD3, 0x9CF3, 0x9CD3, 0x9CD3, 0x9CD3, 0x9CD3, 0x9CB2, 0x94B2, 0x9CD3, 0x94B2, 0x9492, 0x9492, 0x9492, 0x94B2, 0x9492, 0x9492,
    0x9492, 0x9471, 0x94B2, 0x94B2, 0x9492, 0x9492, 0x8C71, 0x8C71, 0x8C71, 0x9492, 0x9492, 0x8C71, 0x8C71, 0x8C51, 0x8C51, 0x8C30,
    0x8430, 0x8C51, 0x8C51, 0x8C51, 0x8C51, 0x8C51, 0x8C71, 0x8C71, 0x8C51, 0x8C51, 0x8C51, 0x8C51, 0x8C71, 0x8C51, 0x8C51, 0x8430,
    0x8C51, 0x8C30, 0x8C30, 0x8430, 0x8C51, 0x8C51, 0x8430, 0x8430, 0x8430, 0x8C51, 0x8C51, 0x8C71, 0x8C51, 0x8430, 0x8C51, 0x8C51,
    0x8C51, 0x8C51, 0x8C51, 0x8C51, 0x8C71, 0x8C71, 0x8C51, 0x8C51, 0x8C71, 0x8C71, 0x8C71, 0x8C71, 0x8C51, 0x8C51, 0x8C51, 0x8C51,
    0x8C51, 0x8C71, 0x8C71, 0x8C71, 0x8C71, 0x8C71, 0x8C71, 0x9471, 0x8C71, 0x9492, 0x9492, 0x8C71, 0x9492, 0x9CD3, 0x9CD3, 0x94B2,
    0x94B2, 0x94B2, 0x9CF3, 0x9CD3, 0x9CD3, 0x9CD3, 0x9CD3, 0x9CD3, 0x9CD3, 0x9CD3, 0x9CF3, 0x9CF3, 0xA514, 0xA514, 0xA514, 0xA514,
    0x9CF3, 0xA534, 0xA514, 0xA534, 0xA514, 0xA534, 0xAD34, 0x9CF3, 0xA554, 0xAD75, 0xA534, 0xA534, 0xA534, 0xA534, 0xE73C, 0xBDF7,
    0x4A69, 0xEF7D, 0xFFFF, 0xFFFF, 0xFFFF, 0xFFFF, 0xFFFF, 0xFFFF, 0xFFFF, 0xFFFF, 0xFFFF, 0xFFFF, 0xFFFF, 0xFFFF, 0xFFFF, 0xFFFF,
    0xFFFF, 0xFFFF, 0xFFFF, 0xFFFF, 0xFFFF, 0xFFFF, 0xFFFF, 0xFFFF, 0xFFFF, 0xFFFF, 0xFFFF, 0xFFFF, 0xFFFF, 0xFFFF, 0xFFFF, 0xFFFF,
    0xFFFF, 0xFFFF, 0xFFFF, 0xFFFF, 0xFFFF, 0xFFFF, 0xFFFF, 0xFFFF, 0xFFFF, 0xFFFF, 0xFFFF, 0xFFFF, 0xFFFF, 0xFFFF, 0xFFFF, 0xFFFF,
    0xFFFF, 0xFFFF, 0xFFFF, 0xFFFF, 0xFFFF, 0xFFFF, 0xFFFF, 0xFFFF, 0xFFFF, 0xFFFF, 0xFFFF, 0xFFFF, 0xFFFF, 0xFFFF, 0xFFFF, 0xFFFF,
    0xFFFF, 0xFFFF, 0xFFFF, 0xFFFF, 0xFFFF, 0xFFFF, 0xFFFF, 0xFFFF, 0xFFFF, 0xFFFF, 0xFFFF, 0xFFFF, 0xFFFF, 0xFFFF, 0xFFFF, 0xFFFF,
    0xFFFF, 0xFFFF, 0xFFFF, 0xFFFF, 0xFFFF, 0xFFFF, 0xFFFF, 0xFFFF, 0xFFFF, 0xFFFF, 0xFFFF, 0xFFFF, 0xEF5D, 0x4A49, 0x8410, 0xEF5D,
    0xCE59, 0xA514, 0xAD55, 0xAD75, 0xB596, 0xB5B6, 0xB596, 0xB596, 0xB575, 0xAD75, 0xAD75, 0xB596, 0xAD75, 0xB596, 0xB5B6, 0xB596,
    0xB596, 0xB596, 0xAD75, 0xB596, 0xB596, 0xAD55, 0xAD55, 0xAD75, 0xAD75, 0xAD75, 0xAD55, 0xAD35, 0xA534, 0xAD75, 0xAD75, 0xAD75,
    0xAD75, 0xAD55, 0xA514, 0xA514, 0xA514, 0xA534, 0xA534, 0xA534, 0xA534, 0xAD55, 0xA534, 0xAD55, 0xAD55, 0xA534, 0xA514, 0xA534,
    0xAD55, 0xAD55, 0xA534, 0xA534, 0xA534, 0xAD34, 0xA534, 0xA514, 0xA514, 0xA534, 0xAD34, 0xAD55, 0xA514, 0x9CF3, 0x9CF3, 0x9CF3,
    0xA513, 0xA514, 0xA514, 0xA534, 0xAD34, 0xA534, 0xA534, 0xA514, 0xA514, 0xA4F3, 0xA534, 0xA514, 0xA514, 0x9CF3, 0xA514, 0xA534,
    0xAD55, 0xA534, 0xA514, 0x9CF3, 0x9CF3, 0xA514, 0x9CF3, 0xA514, 0x9CF3, 0x9CF3, 0x9CD3, 0x9CD3, 0x9CF3, 0x9CF3, 0xA4F4, 0xA514,
    0x9CF3, 0x9CD3, 0x9CD3, 0x9CD3, 0x9CD3, 0x9CF3, 0x9CD3, 0x94B2, 0x94B2, 0x9CD3, 0x94B2, 0x9492, 0x9492, 0x9492, 0x9492, 0x94B2,
    0x94B2, 0x9492, 0x9492, 0x8C71, 0x9492, 0x8C72, 0x9492, 0x8C71, 0x8C71, 0x8C51, 0x8C71, 0x8C51, 0x8C51, 0x8430, 0x8C51, 0x8C51,
    0x8C51, 0x8C51, 0x8C50, 0x8430, 0x8C30, 0x8C30, 0x8C51, 0x8C51, 0x8C51, 0x8C51, 0x8C51, 0x8C51, 0x8C51, 0x8430, 0x8430, 0x8430,
    0x8C51, 0x8C30, 0x8C51, 0x8C51, 0x8430, 0x8430, 0x8C30, 0x8C51, 0x8C51, 0x8C51, 0x8C51, 0x8C51, 0x8C51, 0x8C51, 0x8C51, 0x8C51,
    0x8C51, 0x8C51, 0x8C30, 0x8C51, 0x8C51, 0x8C51, 0x8C51, 0x8C51, 0x8C51, 0x8C71, 0x8C71, 0x8C51, 0x8C51, 0x8C51, 0x8C51, 0x8C71,
    0x8C71, 0x8C71, 0x8C51, 0x8C71, 0x8C71, 0x8C71, 0x8C51, 0x9492, 0x9492, 0x9492, 0x9492, 0x9492, 0x9492, 0x9492, 0x94B2, 0x9492,
    0x9492, 0x94B2, 0x9CD3, 0x9CD3, 0x9CD3, 0x9CF3, 0xA4F3, 0x9CF3, 0x9CD2, 0x9CD2, 0x94B2, 0x9CD3, 0xA514, 0xA514, 0xA514, 0x9CF3,
    0xA4F3, 0xA514, 0xAD35, 0xA534, 0xA514, 0xA534, 0xA534, 0xA534, 0xA514, 0xA534, 0xAD55, 0xA534, 0xA514, 0x9CF4, 0xBDF7, 0xEF5D,
    0x528A, 0xBDF7, 0xFFFF, 0xFFFF, 0xFFFF, 0xFFFF, 0xFFFF, 0xFFFF, 0xFFFF, 0xFFFF, 0xFFFF, 0xFFFF, 0xFFFF, 0xFFFF, 0xFFFF, 0xFFFF,
    0xFFFF, 0xFFFF, 0xFFFF, 0xFFFF, 0xFFFF, 0xFFFF, 0xFFFF, 0xFFFF, 0xFFFF, 0xFFFF, 0xFFFF, 0xFFFF, 0xFFFF, 0xFFFF, 0xFFFF, 0xFFFF,
    0xFFFF, 0xFFFF, 0xFFFF, 0xFFFF, 0xFFFF, 0xFFFF, 0xFFFF, 0xFFFF, 0xFFFF, 0xFFFF, 0xFFFF, 0xFFFF, 0xFFFF, 0xFFFF, 0xFFFF, 0xFFFF,
    0xFFFF, 0xFFFF, 0xFFFF, 0xFFFF, 0xFFFF, 0xFFFF, 0xFFFF, 0xFFFF, 0xFFFF, 0xFFFF, 0xFFFF, 0xFFFF, 0xFFFF, 0xFFFF, 0xFFFF, 0xFFFF,
    0xFFFF, 0xFFFF, 0xFFFF, 0xFFFF, 0xFFFF, 0xFFFF, 0xFFFF, 0xFFFF, 0xFFFF, 0xFFFF, 0xFFFF, 0xFFFF, 0xFFFF, 0xFFFF, 0xFFFF, 0xFFFF,
    0xFFFF, 0xFFFF, 0xFFFF, 0xFFFF, 0xFFFF, 0xFFFF, 0xFFFF, 0xFFFF, 0xFFFF, 0xFFFF, 0xFFDF, 0xFFFF, 0xBDF7, 0x39C7, 0x94B2, 0xF79E,
    0xBDD7, 0xAD55, 0xAD55, 0xAD55, 0xAD75, 0xB596, 0xB596, 0xAD75, 0xAD75, 0xAD75, 0xB596, 0xB596, 0xB596, 0xB596, 0xB5B6, 0xB5B6,
    0xB596, 0xB596, 0xB596, 0xB596, 0xAD75, 0xAD75, 0xAD55, 0xAD55, 0xAD55, 0xB596, 0xB596, 0xAD55, 0xAD35, 0xAD75, 0xAD55, 0xA534,
    0xAD34, 0xA534, 0xA534, 0xA514, 0xA514, 0xA534, 0xA514, 0xA514, 0xA514, 0xA534, 0xA534, 0xAD55, 0xA534, 0xA534, 0xA514, 0xA534,
    0xA534, 0xA534, 0xA534, 0xA534, 0xA534, 0xA534, 0xA514, 0xA534, 0xA514, 0xA534, 0xA534, 0xA534, 0xA534, 0xA514, 0xA514, 0xA534,
    0xA4F3, 0xA514, 0xA514, 0xA4F3, 0xA534, 0xA534, 0xA514, 0xA514, 0xA534, 0xA514, 0xA4F3, 0xA514, 0xA534, 0xA514, 0xA514, 0xA514,
    0xA514, 0xA514, 0xA514, 0xA514, 0xA513, 0x9CF3, 0xA514, 0x9CF3, 0x9CF3, 0x9CF3, 0x9CF3, 0x9CD3, 0x9CD3, 0x9CF3, 0x9CF3, 0x9CF3,
    0x9CD3, 0x9CD3, 0x9CD3, 0x9CB2, 0x9CD3, 0x9CD3, 0x9CD3, 0x9CD3, 0x94B2, 0x9492, 0x9492, 0x8C71, 0x9492, 0x9492, 0x9492, 0x94B2,
    0x9CD3, 0x9492, 0x9492, 0x8C71, 0x8C51, 0x8C51, 0x9492, 0x8C71, 0x8C71, 0x8C71, 0x8C71, 0x8C51, 0x8C51, 0x8C51, 0x8C51, 0x8C51,
    0x8C51, 0x8C51, 0x8C51, 0x8C30, 0x8430, 0x8451, 0x8430, 0x8C51, 0x8430, 0x8C50, 0x8C51, 0x8430, 0x8430, 0x8430, 0x8C51, 0x8C51,
    0x8C51, 0x8C51, 0x8430, 0x8430, 0x8C30, 0x8430, 0x8430, 0x8430, 0x8C50, 0x8C30, 0x8430, 0x8C50, 0x8C51, 0x8C51, 0x8C51, 0x8C50,
    0x8430, 0x8C51, 0x8C51, 0x8C51, 0x8C51, 0x8C51, 0x8C51, 0x8C51, 0x8C71, 0x8C51, 0x8C51, 0x8C51, 0x8C51, 0x8C51, 0x8C51, 0x8C71,
    0x8C71, 0x8C71, 0x8C51, 0x8C51, 0x8C71, 0x8C51, 0x8C51, 0x8C71, 0x9492, 0x9492, 0x9492, 0x94B2, 0x9492, 0x9492, 0x9492, 0x9492,
    0x9492, 0x94B2, 0x94B2, 0x9CD3, 0x9CD3, 0x9CF3, 0x9CD3, 0x9CD3, 0x9CD3, 0x9CD3, 0x9CD3, 0x9CD3, 0xA514, 0x9CF3, 0xA514, 0x9CF3,
    0xA514, 0xA514, 0xA514, 0xA514, 0x9CF3, 0xA534, 0xA534, 0xA514, 0x9CF3, 0xA514, 0xA514, 0xA534, 0xA514, 0xA514, 0xA534, 0xEF7D,
    0x6B4D, 0x7BF0, 0xFFFF, 0xFFDF, 0xFFFF, 0xFFFF, 0xFFFF, 0xFFFF, 0xFFFF, 0xFFFF, 0xFFFF, 0xFFFF, 0xFFFF, 0xFFFF, 0xFFFF, 0xFFFF,
    0xFFFF, 0xFFFF, 0xFFFF, 0xFFFF, 0xFFFF, 0xFFFF, 0xFFFF, 0xFFFF, 0xFFFF, 0xFFFF, 0xFFFF, 0xFFFF, 0xFFFF, 0xFFFF, 0xFFFF, 0xFFFF,
    0xFFFF, 0xFFFF, 0xFFFF, 0xFFFF, 0xFFFF, 0xFFFF, 0xFFFF, 0xFFFF, 0xFFFF, 0xFFFF, 0xFFFF, 0xFFFF, 0xFFFF, 0xFFFF, 0xFFFF, 0xFFFF,
    0xFFFF, 0xFFFF, 0xFFFF, 0xFFFF, 0xFFFF, 0xFFFF, 0xFFFF, 0xFFFF, 0xFFFF, 0xFFFF, 0xFFFF, 0xFFFF, 0xFFFF, 0xFFFF, 0xFFFF, 0xFFFF,
    0xFFFF, 0xFFFF, 0xFFFF, 0xFFFF, 0xFFFF, 0xFFFF, 0xFFFF, 0xFFFF, 0xFFFF, 0xFFFF, 0xFFFF, 0xFFFF, 0xFFFF, 0xFFFF, 0xFFFF, 0xFFFF,
    0xFFFF, 0xFFFF, 0xFFFF, 0xFFFF, 0xFFFF, 0xFFFF, 0xFFFF, 0xFFFF, 0xFFFF, 0xFFFF, 0xFFDF, 0xFFFF, 0x9492, 0x39E7, 0xAD75, 0xF79E,
    0xAD55, 0xAD75, 0xAD75, 0xB595, 0xAD75, 0xAD75, 0xAD75, 0xAD75, 0xAD75, 0xAD55, 0xAD75, 0xAD75, 0xB575, 0xB596, 0xB596, 0xB596,
    0xB596, 0xB596, 0xB5B6, 0xB596, 0xAD55, 0xAD75, 0xAD75, 0xA534, 0xA534, 0xAD55, 0xAD75, 0xAD55, 0xAD55, 0xB596, 0xAD55, 0xA534,
    0xA514, 0xA534, 0xA534, 0xA514, 0xA514, 0xA514, 0xA534, 0xA514, 0xA534, 0xA514, 0xA534, 0xAD34, 0xA534, 0xA534, 0xAD55, 0xA534,
    0xA514, 0xA514, 0xA534, 0xA514, 0xA514, 0xA514, 0xA514, 0xA514, 0xA514, 0xA514, 0xA514, 0xA534, 0xA514, 0xA514, 0xA534, 0xA514,
    0x9CF3, 0xA514, 0xA514, 0xA514, 0xA4F3, 0x9CF3, 0xA4F3, 0xA514, 0xA4F3, 0xA514, 0x9CF3, 0xA514, 0xAD34, 0xAD55, 0xA534, 0xA534,
    0xA514, 0x9CF3, 0x9CF3, 0xA513, 0xA4F3, 0xA514, 0x9CF3, 0x9CF3, 0x9CD3, 0x9CD3, 0x9CF3, 0x9CF3, 0x9CF3, 0x9CF3, 0x9CF3, 0x9CD3,
    0x9CD3, 0x94B2, 0x9CD3, 0x9CD3, 0x9CD3, 0x9CD3, 0x9CD3, 0x9CF3, 0x9CD3, 0x94B2, 0x9492, 0x9492, 0x94B2, 0x94B2, 0x94B2, 0x9492,
    0x9492, 0x9492, 0x9492, 0x8C71, 0x8C71, 0x8C71, 0x8C71, 0x8C71, 0x8C51, 0x8C71, 0x8C71, 0x8C51, 0x8C51, 0x8C51, 0x8C51, 0x8430,
    0x8C51, 0x8C51, 0x8C51, 0x8C51, 0x8430, 0x8430, 0x8430, 0x8410, 0x8410, 0x8430, 0x8C51, 0x8430, 0x8410, 0x8430, 0x8430, 0x8430,
    0x8430, 0x8430, 0x8430, 0x8430, 0x8430, 0x8430, 0x8430, 0x8430, 0x8430, 0x8430, 0x8C51, 0x8C51, 0x8C51, 0x8C51, 0x8C51, 0x8C51,
    0x8C30, 0x8C51, 0x8C51, 0x8C51, 0x8C51, 0x8C51, 0x8C71, 0x8C71, 0x8C51, 0x8C51, 0x8C71, 0x8C71, 0x8C51, 0x8430, 0x8C51, 0x8C71,
    0x8C71, 0x8C71, 0x8C51, 0x8C51, 0x8C71, 0x8C51, 0x8430, 0x8C71, 0x9492, 0x9492, 0x9492, 0x9492, 0x9492, 0x9492, 0x9492, 0x8C71,
    0x9492, 0x94B2, 0x94B2, 0x9CD3, 0x9CB3, 0x9CF3, 0x94B2, 0x94B2, 0x9CD3, 0x9CD3, 0x9CF3, 0xA514, 0xA514, 0xA4F4, 0x9CF3, 0xA514,
    0x9CF3, 0x9CF3, 0xA514, 0xA514, 0xA514, 0xA534, 0xA534, 0xA534, 0xA514, 0xA534, 0xA514, 0xA534, 0xA514, 0xA534, 0x9CF3, 0xDEFB,
    0x9471, 0x4A69, 0xFFFF, 0xFFFF, 0xFFFF, 0xFFFF, 0xFFFF, 0xFFFF, 0xFFFF, 0xFFFF, 0xFFFF, 0xFFFF, 0xFFFF, 0xFFFF, 0xFFFF, 0xFFFF,
    0xFFFF, 0xFFFF, 0xFFFF, 0xFFFF, 0xFFFF, 0xFFFF, 0xFFFF, 0xFFFF, 0xFFFF, 0xFFFF, 0xFFFF, 0xFFFF, 0xFFFF, 0xFFFF, 0xFFFF, 0xFFFF,
    0xFFFF, 0xFFFF, 0xFFFF, 0xFFFF, 0xFFFF, 0xFFFF, 0xFFFF, 0xFFFF, 0xFFFF, 0xFFFF, 0xFFFF, 0xFFFF, 0xFFFF, 0xFFFF, 0xFFFF, 0xFFFF,
    0xFFFF, 0xFFFF, 0xFFFF, 0xFFFF, 0xFFFF, 0xFFFF, 0xFFFF, 0xFFFF, 0xFFFF, 0xFFFF, 0xFFFF, 0xFFFF, 0xFFFF, 0xFFFF, 0xFFFF, 0xFFFF,
    0xFFFF, 0xFFFF, 0xFFFF, 0xFFFF, 0xFFFF, 0xFFFF, 0xFFFF, 0xFFFF, 0xFFFF, 0xFFFF, 0xFFFF, 0xFFFF, 0xFFFF, 0xFFFF, 0xFFFF, 0xFFFF,
    0xFFFF, 0xFFFF, 0xFFFF, 0xFFFF, 0xFFFF, 0xFFFF, 0xFFFF, 0xFFFF, 0xFFFF, 0xFFFF, 0xFFFF, 0xFFFF, 0x736D, 0x5ACB, 0xC618, 0xE73C,
    0xA534, 0xAD55, 0xAD55, 0xAD55, 0xAD75, 0xAD75, 0xAD75, 0xB596, 0xB575, 0xB596, 0xB596, 0xB596, 0xAD75, 0xAD75, 0xB596, 0xAD75,
    0xAD75, 0xB596, 0xB596, 0xB596, 0xAD75, 0xB596, 0xB596, 0xAD55, 0xAD55, 0xAD55, 0xAD55, 0xAD55, 0xAD75, 0xAD75, 0xAD55, 0xA534,
    0xA514, 0xA514, 0xA534, 0xA534, 0xA514, 0xA514, 0xA534, 0xA514, 0xA514, 0xA534, 0xA534, 0xAD34, 0xA514, 0xA534, 0xA534, 0xA534,
    0xA514, 0xA514, 0xA514, 0xA534, 0xA534, 0xA514, 0xA513, 0xA534, 0xA514, 0xA514, 0xA514, 0xA514, 0xA514, 0xA4F3, 0xA514, 0x9CF3,
    0x9CD3, 0x9CF3, 0xA514, 0xA514, 0xA514, 0x9CF3, 0xA514, 0x9CF3, 0xA514, 0xA514, 0xA514, 0xA514, 0x9CF3, 0xA514, 0xA514, 0xA514,
    0xA514, 0xA514, 0xA514, 0xA514, 0x9CD3, 0x9CF3, 0x9CF3, 0x9CF3, 0x9CD3, 0x9CF3, 0x9CF3, 0x9CF3, 0xA514, 0x9CF3, 0x9CD3, 0x9CD3,
    0x9CD3, 0x9CB2, 0x94B2, 0x94B2, 0x9CD3, 0x9CF3, 0x9CD3, 0x9CD3, 0x9CD3, 0x9CD3, 0x9CD3, 0x9CD3, 0x94B2, 0x9CD3, 0x9CB3, 0x94B2,
    0x9492, 0x8C71, 0x8C51, 0x8C71, 0x8C71, 0x8C71, 0x8C71, 0x8C71, 0x8C51, 0x8C71, 0x8C71, 0x8C71, 0x8C51, 0x8C51, 0x8C30, 0x8430,
    0x8C30, 0x8C51, 0x8C51, 0x8C51, 0x8430, 0x8430, 0x8430, 0x8410, 0x8410, 0x8410, 0x8430, 0x8410, 0x8410, 0x8410, 0x8430, 0x8430,
    0x8430, 0x8430, 0x8430, 0x8430, 0x8430, 0x8430, 0x8430, 0x8430, 0x8430, 0x8430, 0x8430, 0x8430, 0x8430, 0x8430, 0x8430, 0x8410,
    0x8410, 0x8C51, 0x8C30, 0x8C51, 0x8C51, 0x8C51, 0x8C51, 0x8C71, 0x8C51, 0x8C51, 0x8C71, 0x8C51, 0x8C51, 0x8430, 0x8430, 0x8C51,
    0x8C51, 0x8C51, 0x8C51, 0x8C51, 0x8C51, 0x8C51, 0x8C51, 0x9492, 0x94B2, 0x94B2, 0x9492, 0x8C71, 0x8C71, 0x8C71, 0x8C71, 0x8C71,
    0x9492, 0x9492, 0x94B2, 0x9CB2, 0x94B2, 0x9CF3, 0x9CD3, 0x9CD3, 0x9CD3, 0x9CD3, 0x9CD3, 0x9CD3, 0x9CD3, 0x9CF3, 0xA514, 0xA514,
    0x9CF3, 0x9CF3, 0xA514, 0xA514, 0xA534, 0xA534, 0xA534, 0xA534, 0xA514, 0xA534, 0xA534, 0xA514, 0xA514, 0xA534, 0x94B2, 0xC618,
    0xC618, 0x39C7, 0xD6BA, 0xFFFF, 0xFFFF, 0xFFFF, 0xFFFF, 0xFFFF, 0xFFFF, 0xFFFF, 0xFFFF, 0xFFFF, 0xFFFF, 0xFFFF, 0xFFFF, 0xFFFF,
    0xFFFF, 0xFFFF, 0xFFFF, 0xFFFF, 0xFFFF, 0xFFFF, 0xFFFF, 0xFFFF, 0xFFFF, 0xFFFF, 0xFFFF, 0xFFFF, 0xFFFF, 0xFFFF, 0xFFFF, 0xFFFF,
    0xFFFF, 0xFFFF, 0xFFFF, 0xFFFF, 0xFFFF, 0xFFFF, 0xFFFF, 0xFFFF, 0xFFFF, 0xFFFF, 0xFFFF, 0xFFFF, 0xFFFF, 0xFFFF, 0xFFFF, 0xFFFF,
    0xFFFF, 0xFFFF, 0xFFFF, 0xFFFF, 0xFFFF, 0xFFFF, 0xFFFF, 0xFFFF, 0xFFFF, 0xFFFF, 0xFFFF, 0xFFFF, 0xFFFF, 0xFFFF, 0xFFFF, 0xFFFF,
    0xFFFF, 0xFFFF, 0xFFFF, 0xFFFF, 0xFFFF, 0xFFFF, 0xFFFF, 0xFFFF, 0xFFFF, 0xFFFF, 0xFFFF, 0xFFFF, 0xFFFF, 0xFFFF, 0xFFFF, 0xFFFF,
    0xFFFF, 0xFFFF, 0xFFFF, 0xFFFF, 0xFFFF, 0xFFFF, 0xFFFF, 0xFFFF, 0xFFFF, 0xFFFF, 0xFFFF, 0xF7BE, 0x4A49, 0x73AE, 0xDEDB, 0xCE79,
    0xA534, 0xAD75, 0xAD75, 0xAD55, 0xAD55, 0xAD75, 0xAD55, 0xAD75, 0xAD75, 0xAD75, 0xB596, 0xB596, 0xB596, 0xB596, 0xB596, 0xB596,
    0xB596, 0xAD55, 0xAD75, 0xAD75, 0xAD75, 0xB596, 0xB596, 0xB596, 0xB596, 0xAD75, 0xAD55, 0xA535, 0xA534, 0xAD75, 0xAD55, 0xA534,
    0xA534, 0xA534, 0xA514, 0xA534, 0xA534, 0xAD35, 0xA514, 0xA534, 0xA514, 0xA514, 0xA534, 0xA534, 0xA514, 0xA534, 0xAD55, 0xAD55,
    0xAD55, 0xA514, 0xA534, 0xA514, 0xA514, 0xA534, 0xA514, 0xA4F3, 0xA514, 0xA513, 0xA514, 0x9CF3, 0xA513, 0x9CF3, 0x9CF3, 0x9CF3,
    0x9CF3, 0xA514, 0xA514, 0xA514, 0xA514, 0xA534, 0xA514, 0xA514, 0xA514, 0x9CF3, 0xA514, 0xA514, 0xA513, 0xA514, 0xA514, 0x9CF3,
    0x9CF3, 0xA4F3, 0xA514, 0xA514, 0x9CF3, 0x9CF3, 0xA514, 0xA4F3, 0x9CF3, 0x9CF3, 0x9CF3, 0x9CF3, 0x9CF3, 0x9CD3, 0x9CF3, 0x9CF3,
    0x9CD3, 0x9CD3, 0x9CD3, 0x9CD3, 0x94B2, 0x9CD3, 0x94B2, 0x9CB3, 0x9CD3, 0x9CD3, 0x94B2, 0x94B2, 0x94B2, 0x9CD3, 0x94B2, 0x9492,
    0x9492, 0x8C71, 0x8C71, 0x8C51, 0x8C71, 0x8C71, 0x8C51, 0x8C51, 0x8C51, 0x8C51, 0x8C51, 0x8C51, 0x8430, 0x8430, 0x8C51, 0x8430,
    0x8430, 0x8C51, 0x8C51, 0x8C51, 0x8430, 0x8430, 0x8430, 0x8430, 0x8410, 0x8430, 0x8410, 0x8410, 0x8410, 0x8430, 0x8410, 0x8410,
    0x8410, 0x8410, 0x8430, 0x8430, 0x8410, 0x8410, 0x8430, 0x8430, 0x8410, 0x8410, 0x8430, 0x8430, 0x8410, 0x8430, 0x8430, 0x8430,
    0x8430, 0x8430, 0x8430, 0x8430, 0x8C51, 0x8C51, 0x8C51, 0x8C71, 0x8C51, 0x8C51, 0x8C51, 0x8430, 0x8430, 0x8430, 0x8430, 0x8430,
    0x8C30, 0x8C51, 0x8C71, 0x8C71, 0x8C51, 0x8C51, 0x8C51, 0x9492, 0x9492, 0x9492, 0x9492, 0x9492, 0x8C71, 0x9471, 0x8C71, 0x8C71,
    0x9492, 0x9492, 0x9492, 0x94B2, 0x9CB3, 0x9CB2, 0x9CF3, 0x9CF3, 0x9CD3, 0x94B2, 0x94B2, 0x9CD3, 0x9CD3, 0x9CD3, 0xA514, 0xA514,
    0x9CF3, 0x9CD3, 0x9CF3, 0xA514, 0xA514, 0xA514, 0xA534, 0xAD55, 0xA534, 0xA534, 0xA514, 0xA534, 0xA514, 0xA514, 0x94B2, 0xAD55,
    0xDEFB, 0x4A69, 0x9CD3, 0xFFFF, 0xFFDF, 0xFFFF, 0xFFFF, 0xFFFF, 0xFFFF, 0xFFFF, 0xFFFF, 0xFFFF, 0xFFFF, 0xFFFF, 0xFFFF, 0xFFFF,
    0xFFFF, 0xFFFF, 0xFFFF, 0xFFFF, 0xFFFF, 0xFFFF, 0xFFFF, 0xFFFF, 0xFFFF, 0xFFFF, 0xFFFF, 0xFFFF, 0xFFFF, 0xFFFF, 0xFFFF, 0xFFFF,
    0xFFFF, 0xFFFF, 0xFFFF, 0xFFFF, 0xFFFF, 0xFFFF, 0xFFFF, 0xFFFF, 0xFFFF, 0xFFFF, 0xFFFF, 0xFFFF, 0xFFFF, 0xFFFF, 0xFFFF, 0xFFFF,
    0xFFFF, 0xFFFF, 0xFFFF, 0xFFFF, 0xFFFF, 0xFFFF, 0xFFFF, 0xFFFF, 0xFFFF, 0xFFFF, 0xFFFF, 0xFFFF, 0xFFFF, 0xFFFF, 0xFFFF, 0xFFFF,
    0xFFFF, 0xFFFF, 0xFFFF, 0xFFFF, 0xFFFF, 0xFFFF, 0xFFFF, 0xFFFF, 0xFFFF, 0xFFFF, 0xFFFF, 0xFFFF, 0xFFFF, 0xFFFF, 0xFFFF, 0xFFFF,
    0xFFFF, 0xFFFF, 0xFFFF, 0xFFFF, 0xFFFF, 0xFFFF, 0xFFFF, 0xFFFF, 0xFFFF, 0xFFFF, 0xFFFF, 0xCE59, 0x31A6, 0x9471, 0xEF5D, 0xBDF7,
    0xA534, 0xAD55, 0xB596, 0xB596, 0xB596, 0xAD55, 0xAD55, 0xB575, 0xAD75, 0xAD75, 0xAD75, 0xB596, 0xB5B6, 0xB596, 0xB596, 0xB596,
    0xB596, 0xAD75, 0xAD75, 0xAD55, 0xAD75, 0xAD75, 0xAD75, 0xAD75, 0xB596, 0xB596, 0xAD75, 0xAD55, 0xAD55, 0xAD55, 0xAD55, 0xAD75,
    0xAD55, 0xAD55, 0xAD55, 0xA514, 0xA514, 0xA4F4, 0xA534, 0xA514, 0xA514, 0x9CF3, 0x9CF3, 0xA514, 0xA514, 0xA534, 0xA534, 0xA534,
    0xA534, 0x9CF3, 0xA514, 0xA514, 0xA4F3, 0xA514, 0xA514, 0x9CF3, 0xA514, 0xA514, 0xA514, 0xA514, 0xA514, 0xA514, 0xA514, 0x9CF3,
    0xA514, 0xA514, 0xA514, 0xA514, 0xA534, 0xA514, 0xA4F3, 0xA534, 0x9CD3, 0x9CF3, 0xA514, 0xA514, 0xA514, 0x9CF3, 0xA514, 0xA514,
    0xA514, 0xA514, 0xA514, 0x9CF3, 0xA4F3, 0xA514, 0x9CF3, 0xA514, 0xA514, 0xA514, 0x9CD3, 0x9CD3, 0x9CF3, 0x9CD3, 0x9CF3, 0x9CF3,
    0x9CF3, 0x9CD3, 0x9CD3, 0x9CD3, 0x9CD3, 0x94B2, 0x94B2, 0x94B2, 0x9CB2, 0x9CD3, 0x94B2, 0x94B2, 0x9492, 0x94B2, 0x94B2, 0x9492,
    0x9492, 0x9492, 0x8C71, 0x8C51, 0x8C51, 0x8C51, 0x8C71, 0x8C51, 0x8C51, 0x8C51, 0x8C51, 0x8C30, 0x8430, 0x8C30, 0x8C51, 0x8C51,
    0x8C51, 0x8C51, 0x8C51, 0x8C30, 0x8C51, 0x8430, 0x8430, 0x8430, 0x8430, 0x8410, 0x8430, 0x8410, 0x8410, 0x8410, 0x8430, 0x8410,
    0x8410, 0x8410, 0x8430, 0x8410, 0x8410, 0x8410, 0x8430, 0x8430, 0x8410, 0x8410, 0x8430, 0x8410, 0x8410, 0x8430, 0x8C50, 0x8430,
    0x8430, 0x8410, 0x8430, 0x8430, 0x8410, 0x8430, 0x8410, 0x8430, 0x8C51, 0x8C51, 0x8C51, 0x8430, 0x8430, 0x8430, 0x8C51, 0x8C31,
    0x8430, 0x8C51, 0x8C71, 0x8C71, 0x8C51, 0x8C51, 0x8430, 0x8C51, 0x8C71, 0x9492, 0x9471, 0x8C71, 0x8C71, 0x9492, 0x9492, 0x8C71,
    0x8C71, 0x9491, 0x8C71, 0x8C71, 0x8C71, 0x9492, 0x94B2, 0x94B2, 0x94B2, 0x9CD3, 0x9CD3, 0x94B2, 0x9CD3, 0x94B2, 0x9CF3, 0x9CD3,
    0x9CD3, 0x9CD3, 0x9CD3, 0x9CF3, 0xA514, 0xA514, 0x9CF3, 0xA514, 0xAD55, 0xA514, 0xA514, 0xA514, 0xA534, 0xA514, 0xA534, 0x9CF3,
    0xDEDB, 0x7BCF, 0x5ACB, 0xFFFF, 0xFFFF, 0xFFFF, 0xFFFF, 0xFFFF, 0xFFFF, 0xFFFF, 0xFFFF, 0xFFFF, 0xFFFF, 0xFFFF, 0xFFFF, 0xFFFF,
    0xFFFF, 0xFFFF, 0xFFFF, 0xFFFF, 0xFFFF, 0xFFFF, 0xFFFF, 0xFFFF, 0xFFFF, 0xFFFF, 0xFFFF, 0xFFFF, 0xFFFF, 0xFFFF, 0xFFFF, 0xFFFF,
    0xFFFF, 0xFFFF, 0xFFFF, 0xFFFF, 0xFFFF, 0xFFFF, 0xFFFF, 0xFFFF, 0xFFFF, 0xFFFF, 0xFFFF, 0xFFFF, 0xFFFF, 0xFFFF, 0xFFFF, 0xFFFF,
    0xFFFF, 0xFFFF, 0xFFFF, 0xFFFF, 0xFFFF, 0xFFFF, 0xFFFF, 0xFFFF, 0xFFFF, 0xFFFF, 0xFFFF, 0xFFFF, 0xFFFF, 0xFFFF, 0xFFFF, 0xFFFF,
    0xFFFF, 0xFFFF, 0xFFFF, 0xFFFF, 0xFFFF, 0xFFFF, 0xFFFF, 0xFFFF, 0xFFFF, 0xFFFF, 0xFFFF, 0xFFFF, 0xFFFF, 0xFFFF, 0xFFFF, 0xFFFF,
    0xFFFF, 0xFFFF, 0xFFFF, 0xFFFF, 0xFFFF, 0xFFFF, 0xFFFF, 0xFFFF, 0xFFFF, 0xFFDF, 0xFFFF, 0x9CD3, 0x4208, 0xAD55, 0xEF7D, 0xAD55,
    0xA514, 0xA534, 0xAD55, 0xB596, 0xAD75, 0xAD75, 0xAD75, 0xAD75, 0xAD75, 0xB596, 0xAD75, 0xAD75, 0xB596, 0xB596, 0xB596, 0xB596,
    0xB5B6, 0xAD75, 0xAD75, 0xAD75, 0xAD75, 0xAD55, 0xAD55, 0xA534, 0xAD75, 0xAD75, 0xAD75, 0xAD75, 0xAD75, 0xAD55, 0xA534, 0xAD75,
    0xAD75, 0xAD55, 0xAD55, 0xA534, 0xA514, 0xA4F4, 0xA534, 0xA514, 0x9CF3, 0x9CF3, 0xA514, 0xA534, 0xA514, 0xA514, 0xA514, 0xA514,
    0xA514, 0xA514, 0xA514, 0x9CF3, 0xA4F4, 0xA514, 0x9CF3, 0x9CF3, 0xA514, 0xA514, 0xA514, 0xA514, 0xA4F3, 0xA4F3, 0x9CF3, 0xA514,
    0x9CF3, 0x9CF3, 0xA514, 0xA4F3, 0xA4F3, 0xA514, 0xA514, 0xA514, 0x9CF3, 0x9CF3, 0x9CD3, 0x9CF3, 0x9CF3, 0x9CF3, 0x9CF3, 0x9CF3,
    0xA514, 0xA514, 0x9CF3, 0xA514, 0xA4F3, 0xA4F4, 0x9CD3, 0x9CF3, 0x9CF3, 0xA534, 0x9CF3, 0x9CF3, 0x9CF3, 0x9CD3, 0x9CD3, 0x9CF3,
    0x9CF3, 0x9CD3, 0x9CD3, 0x9CD3, 0x9CD3, 0x9CD3, 0x9CD3, 0x94B2, 0x94B2, 0x9CB3, 0x9CD3, 0x9CD2, 0x9CD3, 0x94B2, 0x9492, 0x9492,
    0x9492, 0x9492, 0x8C51, 0x8C51, 0x8C51, 0x8C71, 0x8C51, 0x8430, 0x8430, 0x8430, 0x8C51, 0x8C51, 0x8C30, 0x8C51, 0x8C30, 0x8430,
    0x8C71, 0x8C71, 0x8C71, 0x8C51, 0x8C71, 0x8C51, 0x8C51, 0x8430, 0x8410, 0x8410, 0x8430, 0x8430, 0x8410, 0x8430, 0x8410, 0x8430,
    0x8410, 0x8410, 0x8410, 0x8410, 0x8430, 0x8430, 0x8430, 0x8410, 0x83EF, 0x8410, 0x8410, 0x8430, 0x8410, 0x8430, 0x8430, 0x8430,
    0x8430, 0x8430, 0x8410, 0x8430, 0x8410, 0x8410, 0x8430, 0x8430, 0x8430, 0x8C51, 0x8C51, 0x8C51, 0x8C51, 0x8C51, 0x8C51, 0x8430,
    0x8430, 0x8430, 0x8C51, 0x8C51, 0x8C30, 0x8C51, 0x8C51, 0x8C51, 0x8C71, 0x8C71, 0x8C71, 0x8C51, 0x8C71, 0x8C71, 0x9492, 0x8C71,
    0x8C71, 0x9492, 0x9492, 0x8C71, 0x8C51, 0x8C71, 0x9492, 0x9492, 0x9492, 0x94B2, 0x9CD3, 0x9CD3, 0x9492, 0x94B2, 0x9CD3, 0x9CD3,
    0x9CF3, 0x9CF3, 0x9CF3, 0xA514, 0xA514, 0xA514, 0xA514, 0xA514, 0xA534, 0xA514, 0x9CF3, 0xA514, 0xA514, 0xA514, 0x9CF3, 0x94B2,
    0xC638, 0xAD55, 0x2965, 0xE71C, 0xFFFF, 0xFFFF, 0xFFFF, 0xFFFF, 0xFFFF, 0xFFFF, 0xFFFF, 0xFFFF, 0xFFFF, 0xFFFF, 0xFFFF, 0xFFFF,
    0xFFFF, 0xFFFF, 0xFFFF, 0xFFFF, 0xFFFF, 0xFFFF, 0xFFFF, 0xFFFF, 0xFFFF, 0xFFFF, 0xFFFF, 0xFFFF, 0xFFFF, 0xFFFF, 0xFFFF, 0xFFFF,
    0xFFFF, 0xFFFF, 0xFFFF, 0xFFFF, 0xFFFF, 0xFFFF, 0xFFFF, 0xFFFF, 0xFFFF, 0xFFFF, 0xFFFF, 0xFFFF, 0xFFFF, 0xFFFF, 0xFFFF, 0xFFFF,
    0xFFFF, 0xFFFF, 0xFFFF, 0xFFFF, 0xFFFF, 0xFFFF, 0xFFFF, 0xFFFF, 0xFFFF, 0xFFFF, 0xFFFF, 0xFFFF, 0xFFFF, 0xFFFF, 0xFFFF, 0xFFFF,
    0xFFFF, 0xFFFF, 0xFFFF, 0xFFFF, 0xFFFF, 0xFFFF, 0xFFFF, 0xFFFF, 0xFFFF, 0xFFFF, 0xFFFF, 0xFFFF, 0xFFFF, 0xFFFF, 0xFFFF, 0xFFFF,
    0xFFFF, 0xFFFF, 0xFFFF, 0xFFFF, 0xFFFF, 0xFFFF, 0xFFFF, 0xFFFF, 0xFFFF, 0xFFDF, 0xFFFF, 0x73AE, 0x52AA, 0xC618, 0xE73C, 0x9CF3,
    0xA514, 0xA514, 0xA514, 0xAD55, 0xAD75, 0xAD75, 0xAD75, 0xAD75, 0xAD75, 0xB575, 0xAD55, 0xAD75, 0xAD75, 0xB596, 0xB596, 0xB596,
    0xB596, 0xB596, 0xB596, 0xB596, 0xB576, 0xAD75, 0xAD55, 0xA534, 0xAD75, 0xAD55, 0xAD55, 0xAD55, 0xA534, 0xA534, 0xAD55, 0xAD55,
    0xAD55, 0xAD55, 0xAD55, 0xA535, 0xA514, 0xA514, 0xA534, 0xA514, 0xA514, 0xA514, 0xA534, 0xA534, 0xA514, 0x9CF3, 0xA4F4, 0xA514,
    0xA4F3, 0xA514, 0xA514, 0x9CF3, 0x9CF3, 0x9CF3, 0xA4F3, 0xA514, 0x9CF3, 0xA4F4, 0xA514, 0x9CF3, 0xA514, 0xA513, 0x9CF3, 0xA534,
    0xA513, 0xA514, 0xA4F3, 0xA514, 0xA4F3, 0xA514, 0xA514, 0x9CF4, 0x9CD3, 0xA514, 0x9CF3, 0xA4F3, 0x9CF3, 0x9CF3, 0x9CF3, 0x9CF3,
    0xA514, 0xA514, 0xA514, 0x9CF3, 0xA514, 0xA514, 0x9CF3, 0x9CD3, 0x9CF3, 0x9CF3, 0x9CD3, 0xA514, 0x9CF3, 0x9CF3, 0x9CF3, 0x9CF3,
    0x9CF3, 0x9CF3, 0x9CF3, 0x9CD3, 0x9CF3, 0x9CF3, 0x94B2, 0x9CD3, 0x9CD3, 0x9CD3, 0x9CD3, 0x9CD3, 0x9CD3, 0x9CD3, 0x9CD3, 0x94B2,
    0x94B2, 0x94D2, 0x9492, 0x9492, 0x8C71, 0x8C71, 0x8C71, 0x8C51, 0x8C51, 0x8C51, 0x8C71, 0x8C51, 0x8C51, 0x8C51, 0x8C51, 0x8C51,
    0x8C51, 0x8C51, 0x8430, 0x8C51, 0x8C51, 0x8C51, 0x8430, 0x8C50, 0x8430, 0x8430, 0x8430, 0x8430, 0x8430, 0x8430, 0x8430, 0x8430,
    0x8410, 0x8410, 0x8410, 0x8430, 0x8430, 0x8430, 0x8410, 0x8410, 0x8410, 0x83EF, 0x8410, 0x8410, 0x8410, 0x8410, 0x8410, 0x8410,
    0x8430, 0x8430, 0x8430, 0x8410, 0x8410, 0x8410, 0x8410, 0x8430, 0x8430, 0x8430, 0x8C51, 0x8C30, 0x8C51, 0x8C51, 0x8C51, 0x8430,
    0x8430, 0x8430, 0x8C30, 0x8430, 0x8C51, 0x8430, 0x8410, 0x8430, 0x8430, 0x8C51, 0x8C71, 0x8C51, 0x8C71, 0x8C71, 0x8C71, 0x8C71,
    0x8C71, 0x9472, 0x8C71, 0x8C71, 0x8C71, 0x8C71, 0x9492, 0x8C71, 0x9492, 0x9492, 0x9492, 0x9CD3, 0x9CD3, 0x94B2, 0x9CD3, 0x9CD3,
    0x9CD3, 0x94B2, 0x9CF3, 0xA514, 0xA514, 0xA514, 0x9CF3, 0x9CF3, 0x9CF3, 0xA514, 0x9CD3, 0xA514, 0xA514, 0x9CF3, 0x9CF3, 0x94B2,
    0xB596, 0xCE79, 0x39C7, 0xAD75, 0xFFFF, 0xFFDF, 0xFFFF, 0xFFFF, 0xFFFF, 0xFFFF, 0xFFFF, 0xFFFF, 0xFFFF, 0xFFFF, 0xFFFF, 0xFFFF,
    0xFFFF, 0xFFFF, 0xFFFF, 0xFFFF, 0xFFFF, 0xFFFF, 0xFFFF, 0xFFFF, 0xFFFF, 0xFFFF, 0xFFFF, 0xFFFF, 0xFFFF, 0xFFFF, 0xFFFF, 0xFFFF,
    0xFFFF, 0xFFFF, 0xFFFF, 0xFFFF, 0xFFFF, 0xFFFF, 0xFFFF, 0xFFFF, 0xFFFF, 0xFFFF, 0xFFFF, 0xFFFF, 0xFFFF, 0xFFFF, 0xFFFF, 0xFFFF,
    0xFFFF, 0xFFFF, 0xFFFF, 0xFFFF, 0xFFFF, 0xFFFF, 0xFFFF, 0xFFFF, 0xFFFF, 0xFFFF, 0xFFFF, 0xFFFF, 0xFFFF, 0xFFFF, 0xFFFF, 0xFFFF,
    0xFFFF, 0xFFFF, 0xFFFF, 0xFFFF, 0xFFFF, 0xFFFF, 0xFFFF, 0xFFFF, 0xFFFF, 0xFFFF, 0xFFFF, 0xFFFF, 0xFFFF, 0xFFFF, 0xFFFF, 0xFFFF,
    0xFFFF, 0xFFFF, 0xFFFF, 0xFFFF, 0xFFFF, 0xFFFF, 0xFFFF, 0xFFFF, 0xFFFF, 0xFFFF, 0xFFDF, 0x528A, 0x73AE, 0xDEDB, 0xDEFB, 0x9CF3,
    0xA534, 0xAD54, 0xA534, 0xAD75, 0xAD55, 0xAD55, 0xB596, 0xB596, 0xAD75, 0xAD75, 0xAD55, 0xAD75, 0xAD75, 0xAD75, 0xAD75, 0xAD75,
    0xAD75, 0xAD75, 0xAD55, 0xB596, 0xB5B6, 0xB5B6, 0xB596, 0xB596, 0xB596, 0xAD75, 0xAD75, 0xAD55, 0xA534, 0xA534, 0xA534, 0xA534,
    0xA534, 0xAD75, 0xAD75, 0xAD55, 0xA534, 0xAD55, 0xA534, 0xA534, 0xA514, 0x9CF3, 0xA514, 0xA514, 0xA514, 0xA514, 0xA514, 0xA514,
    0x9CF3, 0xA534, 0xA514, 0xA513, 0xA514, 0xA534, 0xA514, 0x9CF3, 0xA514, 0xA514, 0xA4F4, 0xA514, 0xA514, 0xA514, 0xA514, 0x9CF3,
    0xA4F3, 0xA514, 0x9CF3, 0xA4F3, 0x9CD3, 0x9CF3, 0xA514, 0xA514, 0x9CF3, 0x9CF3, 0x9CD3, 0x9CD3, 0x9CF3, 0x9CF3, 0xA514, 0x9CD3,
    0x9CF3, 0x9CF3, 0x9CF3, 0x9CF3, 0x9CF3, 0x9CF3, 0x9CF3, 0x9CF3, 0xA514, 0xA514, 0xA514, 0x9CF3, 0x9CF3, 0x9CF3, 0x9CF3, 0x9CF3,
    0x9CD3, 0x9CD3, 0x9CF3, 0x9CD3, 0x9CD3, 0x9CD3, 0x9CD3, 0x9CD3, 0x9CB2, 0x9CF3, 0x9CD3, 0x9CD3, 0x9CD3, 0x9CD3, 0x9CD3, 0x94B2,
    0x9CD3, 0x94B2, 0x94B2, 0x9492, 0x8C71, 0x8C51, 0x8C71, 0x8C51, 0x8C71, 0x8C71, 0x8C71, 0x8C51, 0x8C51, 0x8C51, 0x8C51, 0x8C31,
    0x8C30, 0x8430, 0x8451, 0x8C51, 0x8C51, 0x8430, 0x8C50, 0x8430, 0x8C30, 0x8430, 0x8C30, 0x8430, 0x8430, 0x8430, 0x8C30, 0x8430,
    0x8430, 0x8430, 0x8410, 0x8410, 0x8430, 0x8430, 0x8410, 0x8410, 0x8410, 0x8410, 0x8410, 0x8410, 0x840F, 0x7BEF, 0x8410, 0x8410,
    0x8410, 0x8410, 0x8410, 0x8410, 0x8430, 0x8410, 0x8410, 0x8410, 0x8430, 0x8430, 0x8C30, 0x8C50, 0x8430, 0x8C51, 0x8C51, 0x8C51,
    0x8C31, 0x8C30, 0x8430, 0x8C51, 0x8C51, 0x8C51, 0x8430, 0x8C51, 0x8C51, 0x8C51, 0x8C51, 0x8C51, 0x8C51, 0x8C51, 0x8C51, 0x8C51,
    0x8C51, 0x8C71, 0x8C71, 0x8C71, 0x8C71, 0x8C71, 0x8C71, 0x9492, 0x9492, 0x94B2, 0x9492, 0x94B2, 0x9CD3, 0x9CD3, 0x94B2, 0x9492,
    0x9492, 0x94B2, 0x9CF3, 0x9CF3, 0xA514, 0x9CF3, 0x9CF3, 0x9CF3, 0xA514, 0x9CF4, 0xA514, 0xA514, 0xA534, 0xA514, 0x9CF3, 0x9CF3,
    0x9CD3, 0xCE79, 0x630C, 0x6B4D, 0xFFFF, 0xFFDF, 0xFFFF, 0xFFFF, 0xFFFF, 0xFFFF, 0xFFFF, 0xFFFF, 0xFFFF, 0xFFFF, 0xFFFF, 0xFFFF,
    0xFFFF, 0xFFFF, 0xFFFF, 0xFFFF, 0xFFFF, 0xFFFF, 0xFFFF, 0xFFFF, 0xFFFF, 0xFFFF, 0xFFFF, 0xFFFF, 0xFFFF, 0xFFFF, 0xFFFF, 0xFFFF,
    0xFFFF, 0xFFFF, 0xFFFF, 0xFFFF, 0xFFFF, 0xFFFF, 0xFFFF, 0xFFFF, 0xFFFF, 0xFFFF, 0xFFFF, 0xFFFF, 0xFFFF, 0xFFFF, 0xFFFF, 0xFFFF,
    0xFFFF, 0xFFFF, 0xFFFF, 0xFFFF, 0xFFFF, 0xFFFF, 0xFFFF, 0xFFFF, 0xFFFF, 0xFFFF, 0xFFFF, 0xFFFF, 0xFFFF, 0xFFFF, 0xFFFF, 0xFFFF,
    0xFFFF, 0xFFFF, 0xFFFF, 0xFFFF, 0xFFFF, 0xFFFF, 0xFFFF, 0xFFFF, 0xFFFF, 0xFFFF, 0xFFFF, 0xFFFF, 0xFFFF, 0xFFFF, 0xFFFF, 0xFFFF,
    0xFFFF, 0xFFFF, 0xFFFF, 0xFFFF, 0xFFFF, 0xFFFF, 0xFFFF, 0xFFFF, 0xFFFF, 0xFFFF, 0xCE79, 0x39C7, 0x8C51, 0xE73C, 0xCE38, 0xAD35,
    0xAD55, 0xAD55, 0xAD75, 0xAD75, 0xAD55, 0xAD75, 0xB596, 0xAD55, 0xAD75, 0xAD75, 0xAD55, 0xB595, 0xB596, 0xAD75, 0xB596, 0xB596,
    0xAD75, 0xAD75, 0xAD55, 0xAD75, 0xAD75, 0xB596, 0xB5B6, 0xB596, 0xB596, 0xAD75, 0xAD55, 0xA534, 0xAD75, 0xA534, 0xAD55, 0xA534,
    0xAD35, 0xAD75, 0xAD55, 0xA534, 0xAD55, 0xAD75, 0xA534, 0xAD55, 0xA534, 0xA514, 0xA534, 0xA534, 0xA514, 0x9CF3, 0xA514, 0x9CF3,
    0xA4F3, 0xA514, 0x9CF3, 0xA4F3, 0xA514, 0xA514, 0x9CF3, 0xA514, 0xA514, 0xA514, 0xA4F3, 0xA514, 0xA514, 0xA4F3, 0xA514, 0xA514,
    0xA514, 0x9CF3, 0x9CF3, 0xA514, 0xA514, 0x9CF3, 0xA4F3, 0x9CF3, 0xA4F3, 0x9CD3, 0x9CD3, 0x9CD3, 0x9CF3, 0x9CF3, 0x9CD3, 0x9CD3,
    0x9CD3, 0x9CD3, 0x9CD3, 0x9CD3, 0x9CD3, 0x9CD3, 0x9CD3, 0x9CF3, 0x9CF3, 0xA514, 0xA514, 0xA514, 0x9CF3, 0x9CF3, 0x9CD3, 0x9CD3,
    0x9CD3, 0x9CD3, 0x9CF3, 0x9CF3, 0x9CD3, 0x9CD3, 0x9CB2, 0x94B2, 0x94B2, 0x94B2, 0x9CD3, 0x9CF3, 0x9CD3, 0x9CD3, 0x9CD3, 0x94B2,
    0x94B2, 0x9492, 0x9492, 0x9491, 0x8C71, 0x8C71, 0x8C30, 0x8C50, 0x8C71, 0x8C71, 0x8C51, 0x8C51, 0x8C51, 0x8C51, 0x8C51, 0x8C51,
    0x8C51, 0x8C51, 0x8430, 0x8430, 0x8430, 0x8430, 0x8430, 0x8430, 0x8430, 0x8430, 0x8C50, 0x8430, 0x8430, 0x8430, 0x8430, 0x8430,
    0x8410, 0x8410, 0x8430, 0x8430, 0x8430, 0x8430, 0x8430, 0x8410, 0x8410, 0x8410, 0x8430, 0x8410, 0x8410, 0x8410, 0x8410, 0x8410,
    0x8410, 0x8410, 0x8410, 0x8410, 0x8410, 0x8410, 0x8430, 0x8410, 0x8430, 0x8430, 0x8430, 0x8430, 0x8430, 0x8C30, 0x8C30, 0x8430,
    0x8430, 0x8C30, 0x8C30, 0x8C51, 0x8430, 0x8C51, 0x8430, 0x8C51, 0x8451, 0x8C51, 0x8C51, 0x8C51, 0x8C51, 0x8C51, 0x8C71, 0x8C51,
    0x8C71, 0x8C71, 0x8C71, 0x9492, 0x8C71, 0x8C71, 0x8C71, 0x8C71, 0x8C71, 0x8C71, 0x8C51, 0x9492, 0x9492, 0x94B2, 0x94B2, 0x9471,
    0x94B2, 0x9CD3, 0x9CD3, 0x9CD3, 0x9CD3, 0x9CD3, 0x9CF3, 0xA514, 0x9CF3, 0x9CF3, 0x9CF3, 0xA514, 0xA514, 0x9CF3, 0x9CD3, 0xA514,
    0x94B2, 0xBDD7, 0x8C71, 0x39C7, 0xF7BE, 0xFFFF, 0xFFFF, 0xFFFF, 0xFFFF, 0xFFFF, 0xFFFF, 0xFFFF, 0xFFFF, 0xFFFF, 0xFFFF, 0xFFFF,
    0xFFFF, 0xFFFF, 0xFFFF, 0xFFFF, 0xFFFF, 0xFFFF, 0xFFFF, 0xFFFF, 0xFFFF, 0xFFFF, 0xFFFF, 0xFFFF, 0xFFFF, 0xFFFF, 0xFFFF, 0xFFFF,
    0xFFFF, 0xFFFF, 0xFFFF, 0xFFFF, 0xFFFF, 0xFFFF, 0xFFFF, 0xFFFF, 0xFFFF, 0xFFFF, 0xFFFF, 0xFFFF, 0xFFFF, 0xFFFF, 0xFFFF, 0xFFFF,
    0xFFFF, 0xFFFF, 0xFFFF, 0xFFFF, 0xFFFF, 0xFFFF, 0xFFFF, 0xFFFF, 0xFFFF, 0xFFFF, 0xFFFF, 0xFFFF, 0xFFFF, 0xFFFF, 0xFFFF, 0xFFFF,
    0xFFFF, 0xFFFF, 0xFFFF, 0xFFFF, 0xFFFF, 0xFFFF, 0xFFFF, 0xFFFF, 0xFFFF, 0xFFFF, 0xFFFF, 0xFFFF, 0xFFFF, 0xFFFF, 0xFFFF, 0xFFFF,
    0xFFFF, 0xFFFF, 0xFFFF, 0xFFFF, 0xFFFF, 0xFFFF, 0xFFFF, 0xFFFF, 0xFFDF, 0xFFFF, 0xA534, 0x39C7, 0x9CD3, 0xEF7D, 0xB576, 0xAD34,
    0xAD75, 0xAD55, 0xAD55, 0xAD55, 0xAD75, 0xB575, 0xAD75, 0xAD75, 0xAD75, 0xAD75, 0xAD55, 0xAD55, 0xAD75, 0xAD75, 0xB596, 0xB596,
    0xAD75, 0xB596, 0xB596, 0xAD55, 0xAD55, 0xAD75, 0xAD75, 0xB596, 0xAD75, 0xAD55, 0xA534, 0xAD55, 0xAD75, 0xA534, 0xAD55, 0xAD55,
    0xAD55, 0xAD75, 0xAD75, 0xAD55, 0xAD55, 0xA534, 0xA514, 0xA534, 0xA534, 0xA534, 0xA514, 0xA514, 0x9CF3, 0x9CF3, 0x9CF3, 0x9CD3,
    0x9CF3, 0x9CD3, 0x9CF3, 0xA514, 0xA4F4, 0xA514, 0x9CF3, 0xA514, 0xA514, 0xA514, 0xA514, 0xA514, 0xA514, 0xA514, 0xA514, 0x9CF3,
    0xA514, 0xA514, 0xA514, 0xA514, 0x9CF3, 0xA514, 0x9CD3, 0x9CD3, 0x9CF3, 0x9CF3, 0x9CF3, 0xA4F3, 0x9CF3, 0x9CF3, 0x9CD3, 0x9CF3,
    0x9CF3, 0x9CD3, 0x9CD3, 0x9CD3, 0x9CD3, 0x9CD3, 0x9CF3, 0x9CF3, 0xA514, 0xA514, 0x9CF3, 0x9CF3, 0x9CD3, 0x9CF3, 0x9CD3, 0x9CD3,
    0x9CF3, 0x9CD3, 0x9CD3, 0x94B2, 0x9CD3, 0x9CD3, 0x9CD3, 0x9CF3, 0x9CD3, 0x9CB2, 0x9CD3, 0x94B2, 0x9492, 0x9CD2, 0x94B2, 0x94B2,
    0x94B2, 0x9492, 0x8C71, 0x8C71, 0x8C71, 0x8C71, 0x8C51, 0x8C51, 0x8C51, 0x8C71, 0x8C71, 0x8430, 0x8C51, 0x8C51, 0x8C51, 0x8C51,
    0x8C51, 0x8C51, 0x8C51, 0x8430, 0x8430, 0x8C30, 0x8430, 0x8430, 0x8430, 0x8430, 0x8430, 0x8430, 0x8430, 0x8430, 0x8430, 0x8430,
    0x8430, 0x8430, 0x8430, 0x8430, 0x8430, 0x8430, 0x8430, 0x8410, 0x8430, 0x8410, 0x8410, 0x8410, 0x8410, 0x8410, 0x8410, 0x8410,
    0x8410, 0x8410, 0x8410, 0x8410, 0x8410, 0x8410, 0x8410, 0x8410, 0x8410, 0x8410, 0x8410, 0x8430, 0x8430, 0x8430, 0x8430, 0x8430,
    0x8430, 0x8430, 0x8C31, 0x8C51, 0x8C51, 0x8C51, 0x8430, 0x8430, 0x8C51, 0x8C51, 0x8C51, 0x8C51, 0x8C30, 0x8C51, 0x8C51, 0x8C51,
    0x8C71, 0x9492, 0x9492, 0x9492, 0x9472, 0x8C51, 0x8C71, 0x8C71, 0x8C71, 0x9492, 0x9492, 0x9492, 0x9492, 0x9CD3, 0x94B2, 0x94B2,
    0x9CD3, 0x9CD3, 0x9CD3, 0x9CF3, 0x9CD3, 0x9CD3, 0x9CF3, 0x9CF3, 0x9CD3, 0x9CD3, 0x9CF3, 0x9CD3, 0x9CF3, 0x9CF3, 0x9CF3, 0xA514,
    0x9CF3, 0xB5B6, 0xBDD7, 0x2965, 0xC618, 0xFFFF, 0xFFFF, 0xFFFF, 0xFFFF, 0xFFFF, 0xFFFF, 0xFFFF, 0xFFFF, 0xFFFF, 0xFFFF, 0xFFFF,
    0xFFFF, 0xFFFF, 0xFFFF, 0xFFFF, 0xFFFF, 0xFFFF, 0xFFFF, 0xFFFF, 0xFFFF, 0xFFFF, 0xFFFF, 0xFFFF, 0xFFFF, 0xFFFF, 0xFFFF, 0xFFFF,
    0xFFFF, 0xFFFF, 0xFFFF, 0xFFFF, 0xFFFF, 0xFFFF, 0xFFFF, 0xFFFF, 0xFFFF, 0xFFFF, 0xFFFF, 0xFFFF, 0xFFFF, 0xFFFF, 0xFFFF, 0xFFFF,
    0xFFFF, 0xFFFF, 0xFFFF, 0xFFFF, 0xFFFF, 0xFFFF, 0xFFFF, 0xFFFF, 0xFFFF, 0xFFFF, 0xFFFF, 0xFFFF, 0xFFFF, 0xFFFF, 0xFFFF, 0xFFFF,
    0xFFFF, 0xFFFF, 0xFFFF, 0xFFFF, 0xFFFF, 0xFFFF, 0xFFFF, 0xFFFF, 0xFFFF, 0xFFFF, 0xFFFF, 0xFFFF, 0xFFFF, 0xFFFF, 0xFFFF, 0xFFFF,
    0xFFFF, 0xFFFF, 0xFFFF, 0xFFFF, 0xFFFF, 0xFFFF, 0xFFFF, 0xFFFF, 0xFFDF, 0xFFFF, 0x73AE, 0x4A69, 0xB596, 0xEF5D, 0xAD55, 0xAD75,
    0xAD75, 0xAD55, 0xAD76, 0xAD55, 0xAD75, 0xB596, 0xB596, 0xB576, 0xB596, 0xAD75, 0xAD75, 0xAD55, 0xAD55, 0xAD55, 0xAD75, 0xAD75,
    0xAD55, 0xB575, 0xAD55, 0xAD55, 0xAD75, 0xAD55, 0xAD75, 0xAD55, 0xAD55, 0xAD55, 0xA534, 0xAD55, 0xAD55, 0xA534, 0xAD55, 0xA534,
    0xA534, 0xAD55, 0xAD55, 0xA534, 0xA514, 0xA514, 0xA514, 0xA514, 0xA534, 0xA534, 0xA534, 0xA534, 0xA514, 0xA514, 0xA514, 0x9CF3,
    0x9CF3, 0xA514, 0xA514, 0xA4F4, 0xA514, 0xA514, 0xA514, 0x9CF3, 0xA514, 0xA514, 0xA514, 0xA534, 0xA514, 0x9CF3, 0x9CF3, 0x9CF3,
    0x9CF3, 0x9CF3, 0xA4F3, 0xA514, 0x9CF3, 0x9CF3, 0xA514, 0x9CF3, 0xA514, 0xA514, 0x9CF3, 0x9CF3, 0x9CF3, 0x9CF3, 0x9CD3, 0x9CD3,
    0x9CF3, 0x9CD3, 0x9CD3, 0x9CD3, 0x9CF3, 0x9CD3, 0x9CF3, 0x9CD3, 0x9CF3, 0xA514, 0x9CF3, 0x9CF3, 0x9CD3, 0x9CB2, 0x9CD3, 0x9CD3,
    0x9CF3, 0x9CD3, 0x9CD3, 0x9CD3, 0x9CD3, 0x9CD3, 0x9CD3, 0x9CD3, 0x9CD3, 0x9CD3, 0x94B2, 0x94B2, 0x9492, 0x94B2, 0x9492, 0x94B2,
    0x9492, 0x9492, 0x8C71, 0x9492, 0x8C71, 0x8C71, 0x8C71, 0x8C71, 0x8C51, 0x8C51, 0x8C51, 0x8430, 0x8C51, 0x8C71, 0x8C51, 0x8C71,
    0x8C51, 0x8C51, 0x8C51, 0x8C50, 0x8430, 0x8430, 0x8C51, 0x8430, 0x8430, 0x8430, 0x8430, 0x8430, 0x8C30, 0x8C51, 0x8430, 0x8430,
    0x8410, 0x8430, 0x8430, 0x8410, 0x8430, 0x8410, 0x8430, 0x8430, 0x8410, 0x8410, 0x8410, 0x8410, 0x8410, 0x8410, 0x8410, 0x8410,
    0x8410, 0x8410, 0x8410, 0x8410, 0x8410, 0x8410, 0x8410, 0x8430, 0x8410, 0x8410, 0x8410, 0x8410, 0x8430, 0x8430, 0x8430, 0x8430,
    0x8430, 0x8430, 0x8430, 0x8C31, 0x8C51, 0x8C30, 0x8430, 0x8C30, 0x8C51, 0x8C51, 0x8C51, 0x8C51, 0x8430, 0x8C51, 0x8C51, 0x8C71,
    0x8C71, 0x8C71, 0x8C71, 0x9492, 0x8C71, 0x8C71, 0x8C71, 0x9492, 0x9492, 0x94B2, 0x9492, 0x9492, 0x9492, 0x94B2, 0x9492, 0x94B2,
    0x9CD3, 0x9CD3, 0x9CD3, 0x9CF3, 0x9CD3, 0x9CD3, 0x9CD3, 0x9CD3, 0x9CB3, 0x9CD3, 0x9CD3, 0x9CB3, 0x9CD3, 0x9CF3, 0xA513, 0xA514,
    0x9CF3, 0xA514, 0xCE59, 0x4228, 0x83F0, 0xFFFF, 0xFFDF, 0xFFFF, 0xFFFF, 0xFFFF, 0xFFFF, 0xFFFF, 0xFFFF, 0xFFFF, 0xFFFF, 0xFFFF,
    0xFFFF, 0xFFFF, 0xFFFF, 0xFFFF, 0xFFFF, 0xFFFF, 0xFFFF, 0xFFFF, 0xFFFF, 0xFFFF, 0xFFFF, 0xFFFF, 0xFFFF, 0xFFFF, 0xFFFF, 0xFFFF,
    0xFFFF, 0xFFFF, 0xFFFF, 0xFFFF, 0xFFFF, 0xFFFF, 0xFFFF, 0xFFFF, 0xFFFF, 0xFFFF, 0xFFFF, 0xFFFF, 0xFFFF, 0xFFFF, 0xFFFF, 0xFFFF,
    0xFFFF, 0xFFFF, 0xFFFF, 0xFFFF, 0xFFFF, 0xFFFF, 0xFFFF, 0xFFFF, 0xFFFF, 0xFFFF, 0xFFFF, 0xFFFF, 0xFFFF, 0xFFFF, 0xFFFF, 0xFFFF,
    0xFFFF, 0xFFFF, 0xFFFF, 0xFFFF, 0xFFFF, 0xFFFF, 0xFFFF, 0xFFFF, 0xFFFF, 0xFFFF, 0xFFFF, 0xFFFF, 0xFFFF, 0xFFFF, 0xFFFF, 0xFFFF,
    0xFFFF, 0xFFFF, 0xFFFF, 0xFFFF, 0xFFFF, 0xFFFF, 0xFFFF, 0xFFFF, 0xFFFF, 0xFFFF, 0x528A, 0x630C, 0xC638, 0xD6BA, 0xA514, 0xAD75,
    0xB595, 0xB575, 0xAD75, 0xAD75, 0xAD75, 0xB596, 0xAD55, 0xAD55, 0xAD76, 0xAD75, 0xAD75, 0xAD75, 0xAD55, 0xAD34, 0xAD34, 0xAD75,
    0xAD55, 0xAD55, 0xAD55, 0xAD75, 0xA534, 0xA534, 0xAD55, 0xA534, 0xAD55, 0xAD55, 0xA534, 0xAD55, 0xA534, 0xA534, 0xA514, 0xA514,
    0xA534, 0xA534, 0xA514, 0xA514, 0xA514, 0xA514, 0xA514, 0xA514, 0xA514, 0xA534, 0xA514, 0xA514, 0xA534, 0xA514, 0xA514, 0xA514,
    0xA514, 0xA514, 0xA514, 0x9CF3, 0xA514, 0xA514, 0xA4F3, 0xA514, 0x9CF3, 0xA514, 0xA534, 0xA514, 0xA514, 0x9CF3, 0x9CF3, 0x9CF3,
    0x9CF3, 0x9CF3, 0x9CF3, 0xA4F3, 0xA514, 0xA514, 0xA4F3, 0x9CF3, 0x9CF3, 0x9CF3, 0xA4F3, 0x9CF3, 0x9CD3, 0x9CD3, 0x9CD3, 0x9CD3,
    0x9CD3, 0x9CB2, 0x94B2, 0x94B2, 0x94B2, 0x94B2, 0x94B2, 0x9CD3, 0x9CD3, 0x9CF3, 0x9CD3, 0xA514, 0x9CF3, 0x9CF3, 0x9CF3, 0x9CD3,
    0x9CD3, 0x9CD3, 0x9CD3, 0x9CD3, 0x9CF3, 0x9CF3, 0x9CF3, 0x9CD3, 0x94B2, 0x9CB2, 0x9CD2, 0x9CB2, 0x94B2, 0x94B2, 0x94B2, 0x94B2,
    0x9492, 0x94B2, 0x94B2, 0x9492, 0x8C51, 0x8C51, 0x8C71, 0x8C71, 0x8C51, 0x8C71, 0x8C51, 0x8C51, 0x8C51, 0x8C71, 0x8C51, 0x8C51,
    0x8C51, 0x8C51, 0x8C51, 0x8430, 0x8430, 0x8430, 0x8430, 0x8430, 0x8430, 0x8430, 0x8C51, 0x8430, 0x8430, 0x8C30, 0x8430, 0x8430,
    0x8430, 0x8430, 0x8430, 0x8430, 0x8430, 0x8430, 0x8430, 0x8430, 0x8430, 0x8410, 0x8410, 0x8410, 0x8410, 0x8410, 0x8410, 0x8410,
    0x8410, 0x8410, 0x8410, 0x8410, 0x8410, 0x8410, 0x8410, 0x8410, 0x8410, 0x8410, 0x8410, 0x8410, 0x8410, 0x8430, 0x8430, 0x8430,
    0x8430, 0x8410, 0x8430, 0x8C51, 0x8C50, 0x8C51, 0x8C50, 0x8C51, 0x8C51, 0x8C51, 0x8C51, 0x8430, 0x8C51, 0x8C51, 0x8C51, 0x8C51,
    0x8C51, 0x8C51, 0x8C51, 0x8C71, 0x8C51, 0x8C71, 0x8C71, 0x8C71, 0x8C71, 0x8C71, 0x8C71, 0x8C71, 0x9492, 0x9492, 0x9492, 0x9CB2,
    0x9CD3, 0x94B2, 0x9492, 0x9CD3, 0x94B3, 0x94B2, 0x94B2, 0x9CD3, 0x9CF3, 0x94B2, 0x94B2, 0x94B2, 0x9CD3, 0xA514, 0xA534, 0x9CF3,
    0x9CF3, 0x9CF3, 0xBDF7, 0x738E, 0x4A69, 0xFFFF, 0xFFFF, 0xFFFF, 0xFFFF, 0xFFFF, 0xFFFF, 0xFFFF, 0xFFFF, 0xFFFF, 0xFFFF, 0xFFFF,
    0xFFFF, 0xFFFF, 0xFFFF, 0xFFFF, 0xFFFF, 0xFFFF, 0xFFFF, 0xFFFF, 0xFFFF, 0xFFFF, 0xFFFF, 0xFFFF, 0xFFFF, 0xFFFF, 0xFFFF, 0xFFFF,
    0xFFFF, 0xFFFF, 0xFFFF, 0xFFFF, 0xFFFF, 0xFFFF, 0xFFFF, 0xFFFF, 0xFFFF, 0xFFFF, 0xFFFF, 0xFFFF, 0xFFFF, 0xFFFF, 0xFFFF, 0xFFFF,
    0xFFFF, 0xFFFF, 0xFFFF, 0xFFFF, 0xFFFF, 0xFFFF, 0xFFFF, 0xFFFF, 0xFFFF, 0xFFFF, 0xFFFF, 0xFFFF, 0xFFFF, 0xFFFF, 0xFFFF, 0xFFFF,
    0xFFFF, 0xFFFF, 0xFFFF, 0xFFFF, 0xFFFF, 0xFFFF, 0xFFFF, 0xFFFF, 0xFFFF, 0xFFFF, 0xFFFF, 0xFFFF, 0xFFFF, 0xFFFF, 0xFFFF, 0xFFFF,
    0xFFFF, 0xFFFF, 0xFFFF, 0xFFFF, 0xFFFF, 0xFFFF, 0xFFFF, 0xFFFF, 0xFFFF, 0xDEFB, 0x39C7, 0x7BCF, 0xDEFB, 0xC638, 0xA514, 0xAD55,
    0xAD55, 0xAD55, 0xAD55, 0xAD55, 0xA534, 0xA534, 0xAD75, 0xAD75, 0xB596, 0xAD75, 0xAD75, 0xAD55, 0xAD55, 0xAD55, 0xA534, 0xAD35,
    0xA534, 0xA534, 0xA534, 0xAD55, 0xAD55, 0xAD55, 0xAD55, 0xAD75, 0xAD75, 0xA534, 0xA514, 0xA514, 0x9CF3, 0xA514, 0xA514, 0xA514,
    0xAD55, 0xA534, 0xA514, 0x9CF3, 0x9CF3, 0xA514, 0x9CF3, 0x9CD3, 0x9CF3, 0xA514, 0xA514, 0xA514, 0x9CF3, 0x9CF3, 0xA514, 0xA514,
    0xA514, 0xA534, 0xA514, 0x9CF3, 0xA514, 0xA534, 0xA514, 0xA514, 0xA514, 0xA534, 0xA534, 0xA514, 0x9CF3, 0xA514, 0xA4F3, 0x9CF3,
    0xA4F3, 0xA4F3, 0x9CF3, 0x9CD3, 0x9CF3, 0xA514, 0xA514, 0xA514, 0xA514, 0x9CD3, 0x9CD3, 0x9CF3, 0xA514, 0x9CF3, 0x9CF3, 0x9CF3,
    0x9CD3, 0x9CF3, 0x94B2, 0x94B2, 0x9CB2, 0x9CD3, 0x9CD2, 0x9CD3, 0x9CD3, 0x9CD3, 0x9CD3, 0x9CF3, 0x9CF3, 0x9CF3, 0x9CD3, 0x9CD3,
    0x9CD2, 0x94B2, 0x9CD3, 0x9CD3, 0x9CD3, 0x9CD3, 0x9CD3, 0x9CD3, 0x94B2, 0x9492, 0x9492, 0x94B2, 0x94B2, 0x94B2, 0x94B2, 0x9492,
    0x9492, 0x9492, 0x9472, 0x9492, 0x8C71, 0x8C51, 0x8C71, 0x8C51, 0x8C51, 0x8C71, 0x8C71, 0x9492, 0x8C71, 0x8C51, 0x8C51, 0x8C71,
    0x8C71, 0x8C51, 0x8C51, 0x8C30, 0x8430, 0x8430, 0x8430, 0x8410, 0x8410, 0x8430, 0x8430, 0x8430, 0x8430, 0x8430, 0x8430, 0x8430,
    0x8430, 0x8430, 0x8410, 0x8430, 0x8430, 0x8430, 0x8430, 0x8430, 0x8430, 0x8430, 0x8430, 0x8410, 0x8410, 0x8430, 0x8410, 0x8410,
    0x8410, 0x8410, 0x8410, 0x8410, 0x8410, 0x8410, 0x8410, 0x8410, 0x8410, 0x8410, 0x8430, 0x8430, 0x8430, 0x8430, 0x8430, 0x8430,
    0x8430, 0x8430, 0x8430, 0x8C51, 0x8C51, 0x8C51, 0x8C51, 0x8C51, 0x8430, 0x8C50, 0x8C51, 0x8C50, 0x8C51, 0x8430, 0x8430, 0x8C51,
    0x8430, 0x8C51, 0x8450, 0x8C51, 0x8C51, 0x8C51, 0x8C51, 0x8C51, 0x8C71, 0x8C51, 0x8C51, 0x8C71, 0x9492, 0x8C71, 0x9492, 0x8C71,
    0x9492, 0x94B2, 0x9492, 0x94B2, 0x9CD2, 0x9492, 0x94B2, 0x9CD3, 0x9CD3, 0x94B2, 0x94B2, 0x94B2, 0x9CD3, 0x9CD3, 0x9CF3, 0x9CF3,
    0x9CF3, 0x94B2, 0xB596, 0x9CF3, 0x3186, 0xDEFB, 0xFFFF, 0xFFFF, 0xFFFF, 0xFFFF, 0xFFFF, 0xFFFF, 0xFFFF, 0xFFFF, 0xFFFF, 0xFFFF,
    0xFFFF, 0xFFFF, 0xFFFF, 0xFFFF, 0xFFFF, 0xFFFF, 0xFFFF, 0xFFFF, 0xFFFF, 0xFFFF, 0xFFFF, 0xFFFF, 0xFFFF, 0xFFFF, 0xFFFF, 0xFFFF,
    0xFFFF, 0xFFFF, 0xFFFF, 0xFFFF, 0xFFFF, 0xFFFF, 0xFFFF, 0xFFFF, 0xFFFF, 0xFFFF, 0xFFFF, 0xFFFF, 0xFFFF, 0xFFFF, 0xFFFF, 0xFFFF,
    0xFFFF, 0xFFFF, 0xFFFF, 0xFFFF, 0xFFFF, 0xFFFF, 0xFFFF, 0xFFFF, 0xFFFF, 0xFFFF, 0xFFFF, 0xFFFF, 0xFFFF, 0xFFFF, 0xFFFF, 0xFFFF,
    0xFFFF, 0xFFFF, 0xFFFF, 0xFFFF, 0xFFFF, 0xFFFF, 0xFFFF, 0xFFFF, 0xFFFF, 0xFFFF, 0xFFFF, 0xFFFF, 0xFFFF, 0xFFFF, 0xFFFF, 0xFFFF,
    0xFFFF, 0xFFFF, 0xFFFF, 0xFFFF, 0xFFFF, 0xFFFF, 0xFFFF, 0xFFDF, 0xFFFF, 0xB596, 0x31A6, 0x9492, 0xEF7D, 0xBDD7, 0xA534, 0xA534,
    0xAD35, 0xAD75, 0xAD55, 0xAD75, 0xAD55, 0xAD55, 0xAD55, 0xB596, 0xB596, 0xAD55, 0xAD55, 0xAD75, 0xAD55, 0xAD55, 0xAD34, 0xA534,
    0xA534, 0xA534, 0xA534, 0xAD55, 0xA554, 0xA534, 0xAD55, 0xAD55, 0xAD75, 0xAD55, 0xA534, 0x9CD3, 0xA4F3, 0xA534, 0xA514, 0xA514,
    0xA534, 0xA514, 0xA534, 0xA514, 0x9CF4, 0x9CF3, 0x9CD3, 0x9CD3, 0x9CF3, 0x9CF3, 0x9CF3, 0xA514, 0x9CF3, 0x9CF3, 0xA534, 0xA534,
    0xA514, 0xA534, 0x9CF3, 0xA514, 0xA514, 0xA514, 0xA534, 0xA514, 0xA534, 0xA534, 0xA534, 0x9CF3, 0xA514, 0xA514, 0xA514, 0xA514,
    0xA514, 0x9CF3, 0xA4F3, 0xA514, 0x9CF3, 0xA514, 0x9CF3, 0x9CF3, 0xA4F3, 0xA514, 0xA514, 0x9CF3, 0x9CD3, 0x94B2, 0x9CD3, 0x9CD3,
    0x9CD3, 0x9CD3, 0x94B2, 0x94B2, 0x94B2, 0x94B2, 0x9CB2, 0x9CF3, 0x9CD3, 0x9CD2, 0x9CD3, 0x9CD3, 0x9CF3, 0x9CD3, 0x9CD3, 0x9CF3,
    0x9CD3, 0x94B2, 0x94B2, 0x9CB2, 0x9CD3, 0x9CD3, 0x9CD3, 0x9CF3, 0xA4F3, 0x9CF3, 0x9CF3, 0xA514, 0xA514, 0xA534, 0xA534, 0xA514,
    0x9CF3, 0x9CD3, 0x9CD3, 0x9CD3, 0x94B2, 0x9492, 0x9492, 0x8C71, 0x8C51, 0x8C51, 0x8C71, 0x8C71, 0x8C51, 0x8C51, 0x8C71, 0x8C71,
    0x8C51, 0x8C51, 0x8430, 0x8C50, 0x8430, 0x8430, 0x8430, 0x8430, 0x8410, 0x8430, 0x8430, 0x8430, 0x8430, 0x8430, 0x8430, 0x8430,
    0x8430, 0x8430, 0x8430, 0x8430, 0x8430, 0x8430, 0x8430, 0x8430, 0x8430, 0x8430, 0x8430, 0x8430, 0x8430, 0x8410, 0x8410, 0x8410,
    0x8410, 0x8410, 0x8410, 0x8410, 0x8410, 0x8410, 0x8410, 0x8410, 0x8410, 0x8410, 0x8410, 0x8410, 0x8410, 0x8410, 0x8410, 0x8430,
    0x8C51, 0x8C51, 0x8430, 0x8430, 0x8430, 0x8430, 0x8430, 0x8430, 0x8430, 0x8430, 0x8C51, 0x8C50, 0x8C51, 0x8C50, 0x8430, 0x8430,
    0x8430, 0x8430, 0x8430, 0x8430, 0x8C51, 0x8C51, 0x8C71, 0x8C51, 0x8C71, 0x8C51, 0x8C71, 0x9492, 0x8C71, 0x8C71, 0x8C71, 0x8C51,
    0x9471, 0x94B2, 0x9492, 0x94B2, 0x9492, 0x9492, 0x94B2, 0x94B2, 0x94B2, 0x94B2, 0x94B2, 0x94B2, 0x9CD3, 0x94B2, 0x9492, 0x9CB2,
    0x9CD3, 0x9CD3, 0x9D13, 0xB596, 0x31A6, 0xA514, 0xFFFF, 0xFFDF, 0xFFFF, 0xFFFF, 0xFFFF, 0xFFFF, 0xFFFF, 0xFFFF, 0xFFFF, 0xFFFF,
    0xFFFF, 0xFFFF, 0xFFFF, 0xFFFF, 0xFFFF, 0xFFFF, 0xFFFF, 0xFFFF, 0xFFFF, 0xFFFF, 0xFFFF, 0xFFFF, 0xFFFF, 0xFFFF, 0xFFFF, 0xFFFF,
    0xFFFF, 0xFFFF, 0xFFFF, 0xFFFF, 0xFFFF, 0xFFFF, 0xFFFF, 0xFFFF, 0xFFFF, 0xFFFF, 0xFFFF, 0xFFFF, 0xFFFF, 0xFFFF, 0xFFFF, 0xFFFF,
    0xFFFF, 0xFFFF, 0xFFFF, 0xFFFF, 0xFFFF, 0xFFFF, 0xFFFF, 0xFFFF, 0xFFFF, 0xFFFF, 0xFFFF, 0xFFFF, 0xFFFF, 0xFFFF, 0xFFFF, 0xFFFF,
    0xFFFF, 0xFFFF, 0xFFFF, 0xFFFF, 0xFFFF, 0xFFFF, 0xFFFF, 0xFFFF, 0xFFFF, 0xFFFF, 0xFFFF, 0xFFFF, 0xFFFF, 0xFFFF, 0xFFFF, 0xFFFF,
    0xFFFF, 0xFFFF, 0xFFFF, 0xFFFF, 0xFFFF, 0xFFFF, 0xFFFF, 0xFFDF, 0xFFFF, 0x7BEF, 0x4228, 0xAD75, 0xE71C, 0xA4F4, 0xA534, 0xAD55,
    0xAD75, 0xAD75, 0xAD55, 0xAD55, 0xAD55, 0xAD75, 0xAD75, 0xAD75, 0xB596, 0xAD75, 0xAD75, 0xAD55, 0xA514, 0xA534, 0xAD55, 0xAD55,
    0xA514, 0xA514, 0xAD55, 0xAD55, 0xA534, 0xA534, 0xA534, 0xA514, 0xAD55, 0xA535, 0xA534, 0xA514, 0xA534, 0x9CF3, 0x9CF3, 0x9CF3,
    0xA514, 0xA514, 0xA534, 0xA514, 0x9CF3, 0xA514, 0xA514, 0x9CF3, 0x9CD3, 0x9CD3, 0x94B2, 0x9CF3, 0xA514, 0x9CF3, 0x9CF3, 0x9CF3,
    0xA514, 0x9CF3, 0x9CF3, 0xA514, 0xA514, 0xA534, 0xA514, 0x9CF3, 0xA514, 0xA514, 0xA534, 0x9CF3, 0xA514, 0xA514, 0xA514, 0xA514,
    0xA514, 0xA514, 0xA4F3, 0x9CF3, 0x9CF3, 0x9CF3, 0x9CF3, 0xA4F3, 0x9CF3, 0x9CD3, 0x9CD3, 0x9CF3, 0x9CF3, 0x94B2, 0x9CF3, 0xA514,
    0x9CD3, 0x94B2, 0x9492, 0x94B2, 0x94B2, 0x9CB2, 0x94B2, 0x94B2, 0x94B2, 0x9CD3, 0x9CD3, 0x9CD3, 0x9CD3, 0x9CD3, 0x9492, 0x9CD3,
    0x9CF3, 0x9CF3, 0x9CF3, 0xA514, 0xA513, 0x9CD3, 0x94B2, 0x8430, 0x7BCF, 0x738E, 0x6B4D, 0x5AEB, 0x52AA, 0x528A, 0x528A, 0x5ACB,
    0x5ACB, 0x5ACB, 0x5AEB, 0x632C, 0x6B6D, 0x7BEF, 0x8C51, 0x94B2, 0x9CD3, 0x94B2, 0x9492, 0x8C71, 0x8C51, 0x8430, 0x8C51, 0x8430,
    0x8430, 0x8C51, 0x8430, 0x8C51, 0x8430, 0x8430, 0x8430, 0x8430, 0x8410, 0x8430, 0x8430, 0x8410, 0x8410, 0x8410, 0x8430, 0x8430,
    0x8430, 0x8430, 0x8430, 0x8430, 0x8410, 0x8410, 0x8410, 0x8430, 0x8430, 0x8430, 0x8430, 0x8430, 0x8430, 0x8430, 0x8430, 0x8410,
    0x8410, 0x8410, 0x8410, 0x8410, 0x8410, 0x8410, 0x8410, 0x8410, 0x8410, 0x8410, 0x8410, 0x8410, 0x8430, 0x8430, 0x8430, 0x8430,
    0x8430, 0x8430, 0x8430, 0x8430, 0x8410, 0x8410, 0x8430, 0x8430, 0x8430, 0x8430, 0x8430, 0x8430, 0x8C51, 0x8C51, 0x8C51, 0x8C30,
    0x8430, 0x8430, 0x8C51, 0x8C51, 0x8C51, 0x8C51, 0x8C71, 0x8C51, 0x8C51, 0x8C51, 0x8C71, 0x9492, 0x8C71, 0x8C71, 0x8C71, 0x9492,
    0x9492, 0x9492, 0x8C71, 0x8C71, 0x8C71, 0x8C71, 0x9472, 0x8C71, 0x94B2, 0x94B2, 0x94B2, 0x9CD3, 0x9CD3, 0x94B2, 0x94B2, 0x94B2,
    0x94B2, 0x9CF3, 0x9CD3, 0xAD55, 0x5ACB, 0x6B4D, 0xFFFF, 0xFFDF, 0xFFFF, 0xFFFF, 0xFFFF, 0xFFFF, 0xFFFF, 0xFFFF, 0xFFFF, 0xFFFF,
    0xFFFF, 0xFFFF, 0xFFFF, 0xFFFF, 0xFFFF, 0xFFFF, 0xFFFF, 0xFFFF, 0xFFFF, 0xFFFF, 0xFFFF, 0xFFFF, 0xFFFF, 0xFFFF, 0xFFFF, 0xFFFF,
    0xFFFF, 0xFFFF, 0xFFFF, 0xFFFF, 0xFFFF, 0xFFFF, 0xFFFF, 0xFFFF, 0xFFFF, 0xFFFF, 0xFFFF, 0xFFFF, 0xFFFF, 0xFFFF, 0xFFFF, 0xFFFF,
    0xFFFF, 0xFFFF, 0xFFFF, 0xFFFF, 0xFFFF, 0xFFFF, 0xFFFF, 0xFFFF, 0xFFFF, 0xFFFF, 0xFFFF, 0xFFFF, 0xFFFF, 0xFFFF, 0xFFFF, 0xFFFF,
    0xFFFF, 0xFFFF, 0xFFFF, 0xFFFF, 0xFFFF, 0xFFFF, 0xFFFF, 0xFFFF, 0xFFFF, 0xFFFF, 0xFFFF, 0xFFFF, 0xFFFF, 0xFFFF, 0xFFFF, 0xFFFF,
    0xFFFF, 0xFFFF, 0xFFFF, 0xFFFF, 0xFFFF, 0xFFFF, 0xFFFF, 0xFFFF, 0xFFFF, 0x52AA, 0x5ACB, 0xC618, 0xDEDB, 0x9CF3, 0xAD75, 0xAD75,
    0xAD75, 0xAD75, 0xAD75, 0xAD55, 0xAD55, 0xAD75, 0xAD75, 0xAD55, 0xAD55, 0xAD34, 0xA534, 0xA534, 0xA534, 0xA534, 0xA514, 0xA514,
    0x9CF3, 0xA514, 0xA534, 0xA534, 0xA514, 0xA534, 0xAD55, 0xAD55, 0xAD34, 0xA514, 0xA514, 0xA534, 0xA4F3, 0xA513, 0xA4F3, 0xA514,
    0x9CF3, 0xA514, 0xA514, 0xA514, 0xA514, 0xA514, 0xA514, 0xA514, 0x9CF3, 0xA514, 0x9CD3, 0x9CD3, 0x9CF3, 0x9CF3, 0x9CF3, 0xA4F4,
    0xA514, 0xA514, 0xA514, 0xA534, 0xA514, 0xA534, 0xA514, 0xA514, 0xA534, 0xA514, 0xA514, 0xA514, 0xA514, 0xA534, 0xA514, 0xA514,
    0xA514, 0x9CF3, 0x9CF3, 0x9CD3, 0x9CF3, 0x9CF3, 0x9CD3, 0x9CF3, 0x9CD3, 0x9CF3, 0x9CD3, 0x9CD3, 0x9CD3, 0x9CD3, 0x9CD3, 0x9CD3,
    0x9CD3, 0x9CD3, 0x9CF3, 0x9CD3, 0x94B2, 0x9CD3, 0x9CD3, 0x94B2, 0x94B2, 0x94B2, 0x9CD3, 0x9CD3, 0x9CF3, 0x9CF3, 0x9CF3, 0x9CD3,
    0x8C71, 0x7BEF, 0x630C, 0x4228, 0x2965, 0x2104, 0x18C3, 0x10A2, 0x18C3, 0x18E3, 0x2104, 0x2124, 0x2124, 0x2124, 0x2124, 0x2124,
    0x2945, 0x2124, 0x2104, 0x18E3, 0x18C2, 0x10A2, 0x18E3, 0x2945, 0x3186, 0x4208, 0x52AA, 0x6B4D, 0x8410, 0x8C71, 0x9492, 0x9492,
    0x8C51, 0x8430, 0x8C51, 0x8C51, 0x8C51, 0x8430, 0x8430, 0x8430, 0x8430, 0x8430, 0x8430, 0x8430, 0x8430, 0x8430, 0x8430, 0x8430,
    0x8430, 0x8430, 0x8430, 0x8430, 0x8410, 0x8410, 0x8410, 0x8430, 0x8430, 0x8430, 0x8430, 0x8410, 0x8430, 0x8430, 0x8430, 0x8430,
    0x8410, 0x840F, 0x8410, 0x8430, 0x8430, 0x8430, 0x8410, 0x8430, 0x8430, 0x8430, 0x8430, 0x8430, 0x8430, 0x8430, 0x8430, 0x8430,
    0x8410, 0x8430, 0x8430, 0x8430, 0x8C51, 0x8430, 0x8430, 0x8430, 0x8430, 0x8430, 0x8C51, 0x8C51, 0x8C51, 0x8430, 0x8C51, 0x8C51,
    0x8430, 0x8430, 0x8430, 0x8C51, 0x8C51, 0x8430, 0x8C51, 0x8C51, 0x8C71, 0x8C51, 0x8C51, 0x8C71, 0x8C71, 0x9492, 0x8C71, 0x8C71,
    0x8C71, 0x9492, 0x8C71, 0x9471, 0x8C71, 0x8C71, 0x8C71, 0x8C71, 0x9492, 0x9492, 0x9492, 0x94B2, 0x94B2, 0x9CB3, 0x9CD3, 0x9CD3,
    0x9CD3, 0x9CD3, 0x9CD3, 0xAD75, 0x8410, 0x39E7, 0xF79E, 0xFFFF, 0xFFFF, 0xFFFF, 0xFFFF, 0xFFFF, 0xFFFF, 0xFFFF, 0xFFFF, 0xFFFF,
    0xFFFF, 0xFFFF, 0xFFFF, 0xFFFF, 0xFFFF, 0xFFFF, 0xFFFF, 0xFFFF, 0xFFFF, 0xFFFF, 0xFFFF, 0xFFFF, 0xFFFF, 0xFFFF, 0xFFFF, 0xFFFF,
    0xFFFF, 0xFFFF, 0xFFFF, 0xFFFF, 0xFFFF, 0xFFFF, 0xFFFF, 0xFFFF, 0xFFFF, 0xFFFF, 0xFFFF, 0xFFFF, 0xFFFF, 0xFFFF, 0xFFFF, 0xFFFF,
    0xFFFF, 0xFFFF, 0xFFFF, 0xFFFF, 0xFFFF, 0xFFFF, 0xFFFF, 0xFFFF, 0xFFFF, 0xFFFF, 0xFFFF, 0xFFFF, 0xFFFF, 0xFFFF, 0xFFFF, 0xFFFF,
    0xFFFF, 0xFFFF, 0xFFFF, 0xFFFF, 0xFFFF, 0xFFFF, 0xFFFF, 0xFFFF, 0xFFFF, 0xFFFF, 0xFFFF, 0xFFFF, 0xFFFF, 0xFFFF, 0xFFFF, 0xFFFF,
    0xFFFF, 0xFFFF, 0xFFFF, 0xFFFF, 0xFFFF, 0xFFFF, 0xFFFF, 0xFFFF, 0xEF5D, 0x39C7, 0x738E, 0xD69A, 0xC638, 0xA514, 0xAD55, 0xAD55,
    0xAD55, 0xAD75, 0xAD55, 0xAD75, 0xAD75, 0xAD75, 0xAD55, 0xAD55, 0xAD75, 0xAD55, 0xA514, 0xA534, 0xA514, 0xA514, 0x9CF3, 0xA4F3,
    0x9CF3, 0xA514, 0xA534, 0xA534, 0xA514, 0xA514, 0xAD55, 0xA534, 0xA534, 0xA534, 0xA514, 0xA514, 0xA514, 0xA534, 0xA4F4, 0x9CF3,
    0x9CF3, 0x9CF3, 0x9CF3, 0xA514, 0xA514, 0xA514, 0x9CF3, 0x9CD3, 0x9CD3, 0xA514, 0x9CF3, 0x9CD3, 0x9CF3, 0x9CF3, 0x9CF3, 0x9CF3,
    0x9CF3, 0x9CD3, 0x9CF3, 0xA514, 0x9D13, 0xA514, 0xA514, 0xA514, 0xA534, 0x9CF3, 0xA4F3, 0xA514, 0xA514, 0xA514, 0xA514, 0x9CF3,
    0x9CF3, 0x9CD3, 0x9CF3, 0x9CF3, 0x9CF3, 0x9CD3, 0x9CD3, 0x9CD3, 0x9CD3, 0x9CD3, 0x9CB2, 0x9CD3, 0x9CD3, 0x94B2, 0x9CD3, 0x9CF3,
    0x9CD3, 0x9CD3, 0x9CD3, 0x9CD3, 0x94B2, 0x94B2, 0x94B2, 0x9492, 0x9492, 0x9CD3, 0xA4F4, 0xA514, 0x94B2, 0x73AE, 0x4A69, 0x2945,
    0x10A2, 0x10A2, 0x2104, 0x3186, 0x4228, 0x5ACB, 0x6B4D, 0x73AE, 0x7BEF, 0x8410, 0x8430, 0x8C71, 0x9492, 0x9492, 0x8C71, 0x8C51,
    0x8C51, 0x8C51, 0x8C51, 0x8C71, 0x8450, 0x8410, 0x738E, 0x630C, 0x4A69, 0x39E7, 0x2965, 0x18E3, 0x10A2, 0x2124, 0x39E7, 0x632C,
    0x8410, 0x9492, 0x94B2, 0x8C71, 0x8430, 0x8430, 0x8430, 0x8430, 0x8C51, 0x8430, 0x8430, 0x8430, 0x8430, 0x8430, 0x8410, 0x8410,
    0x8410, 0x8410, 0x8410, 0x8410, 0x8410, 0x8410, 0x8410, 0x8430, 0x8410, 0x8430, 0x8410, 0x8430, 0x8430, 0x8430, 0x8430, 0x8410,
    0x8410, 0x8430, 0x8430, 0x8430, 0x8430, 0x8430, 0x8430, 0x8430, 0x8430, 0x8410, 0x8430, 0x8430, 0x8410, 0x8410, 0x8410, 0x8410,
    0x8410, 0x8430, 0x8430, 0x8430, 0x8430, 0x8430, 0x8430, 0x8430, 0x8C30, 0x8430, 0x8C51, 0x8C51, 0x8C51, 0x8C51, 0x8C51, 0x8C51,
    0x8430, 0x8430, 0x8430, 0x8430, 0x8430, 0x8430, 0x8430, 0x8C51, 0x8C71, 0x8C51, 0x8C51, 0x8C51, 0x8C51, 0x8C51, 0x8C71, 0x8C71,
    0x8C71, 0x8C71, 0x8C51, 0x8C71, 0x9492, 0x9471, 0x9492, 0x9492, 0x9492, 0x9492, 0x8C71, 0x9492, 0x94B2, 0x9492, 0x94B2, 0x9CD3,
    0x9CD3, 0x9CD3, 0x9CD3, 0x9CD3, 0x9CF3, 0x3186, 0xC618, 0xFFFF, 0xFFFF, 0xFFFF, 0xFFFF, 0xFFFF, 0xFFFF, 0xFFFF, 0xFFFF, 0xFFFF,
    0xFFFF, 0xFFFF, 0xFFFF, 0xFFFF, 0xFFFF, 0xFFFF, 0xFFFF, 0xFFFF, 0xFFFF, 0xFFFF, 0xFFFF, 0xFFFF, 0xFFFF, 0xFFFF, 0xFFFF, 0xFFFF,
    0xFFFF, 0xFFFF, 0xFFFF, 0xFFFF, 0xFFFF, 0xFFFF, 0xFFFF, 0xFFFF, 0xFFFF, 0xFFFF, 0xFFFF, 0xFFFF, 0xFFFF, 0xFFFF, 0xFFFF, 0xFFFF,
    0xFFFF, 0xFFFF, 0xFFFF, 0xFFFF, 0xFFFF, 0xFFFF, 0xFFFF, 0xFFFF, 0xFFFF, 0xFFFF, 0xFFFF, 0xFFFF, 0xFFFF, 0xFFFF, 0xFFFF, 0xFFFF,
    0xFFFF, 0xFFFF, 0xFFFF, 0xFFFF, 0xFFFF, 0xFFFF, 0xFFFF, 0xFFFF, 0xFFFF, 0xFFFF, 0xFFFF, 0xFFFF, 0xFFFF, 0xFFFF, 0xFFFF, 0xFFFF,
    0xFFFF, 0xFFFF, 0xFFFF, 0xFFFF, 0xFFFF, 0xFFFF, 0xFFFF, 0xFFFF, 0xC638, 0x39A6, 0x8C71, 0xE71C, 0xB5B6, 0xAD54, 0xAD55, 0xAD55,
    0xAD55, 0xAD75, 0xAD55, 0xAD55, 0xAD75, 0xAD75, 0xAD55, 0xAD55, 0xAD55, 0xAD55, 0xAD55, 0xAD55, 0xA534, 0xA534, 0xA514, 0xA514,
    0xA514, 0xA534, 0xA534, 0xA514, 0xA514, 0xA534, 0xA534, 0xA514, 0xA534, 0xAD55, 0xA534, 0xA534, 0xA514, 0xA514, 0xA514, 0xA514,
    0xA4F3, 0xA514, 0xA514, 0xA4F3, 0x9CD3, 0x9CF3, 0x9CF3, 0x9CF3, 0x9CF3, 0x9CD3, 0xA4F3, 0x9CF3, 0x9CF3, 0x9CF3, 0x9CF3, 0x9CF3,
    0x9CF3, 0x9CF3, 0x9CF3, 0xA514, 0x9CF3, 0x9CF3, 0xA4F3, 0x9CF3, 0xA534, 0x9CD3, 0x9CF3, 0xA4F3, 0xA513, 0xA514, 0xA514, 0x9CF3,
    0x9CF3, 0xA4F4, 0x9CF3, 0x9CF3, 0x9CF3, 0x9CD3, 0x9CD3, 0x9CF3, 0x9CD3, 0x9CD2, 0x94B2, 0x9CD3, 0x9CD3, 0x9CD3, 0x9CD3, 0x9CD3,
    0x9CD3, 0x9CD3, 0x9CD3, 0x9CD3, 0x9CB2, 0x94B2, 0x9CD3, 0x9CF3, 0x9CD3, 0x8C51, 0x5ACB, 0x2965, 0x18A2, 0x18C3, 0x3186, 0x4A69,
    0x632C, 0x73AE, 0x8410, 0x8C51, 0x8C71, 0x8C71, 0x8C71, 0x8C71, 0x8C71, 0x9492, 0x9492, 0x9491, 0x9492, 0x94B2, 0x9CD2, 0x9CD2,
    0x94B2, 0x94B2, 0x94B2, 0x94B2, 0x94B2, 0x9492, 0x8C71, 0x8C51, 0x8C51, 0x8C71, 0x8C51, 0x8410, 0x738E, 0x5ACB, 0x4207, 0x2124,
    0x20E3, 0x2945, 0x4228, 0x738E, 0x8C71, 0x9492, 0x8C51, 0x8430, 0x8430, 0x8430, 0x8430, 0x8430, 0x8430, 0x8430, 0x8430, 0x8410,
    0x8410, 0x8410, 0x8410, 0x8410, 0x8410, 0x8410, 0x8410, 0x8410, 0x8410, 0x8410, 0x8410, 0x8430, 0x8C50, 0x8430, 0x8430, 0x8410,
    0x8410, 0x8430, 0x8430, 0x8430, 0x8410, 0x8410, 0x8410, 0x8430, 0x8430, 0x8410, 0x8410, 0x8410, 0x8410, 0x8410, 0x8410, 0x8410,
    0x8410, 0x8430, 0x8430, 0x8C51, 0x8430, 0x8430, 0x8430, 0x8C51, 0x8C71, 0x8C51, 0x8C30, 0x8C51, 0x8C51, 0x8C71, 0x8C51, 0x8C51,
    0x8430, 0x8430, 0x8C51, 0x8C51, 0x8430, 0x8C71, 0x8C51, 0x8C51, 0x8C51, 0x8C51, 0x8C51, 0x8C51, 0x8C51, 0x8C51, 0x8C71, 0x8C71,
    0x8C71, 0x8C71, 0x9471, 0x8C71, 0x94B2, 0x9492, 0x9472, 0x9492, 0x9492, 0x9492, 0x9492, 0x94B2, 0x9CD3, 0x9492, 0x9492, 0x94B2,
    0x9CB2, 0x9CB2, 0x9CD3, 0x94B2, 0xA534, 0x4A69, 0x8410, 0xFFFF, 0xFFDF, 0xFFFF, 0xFFFF, 0xFFFF, 0xFFFF, 0xFFFF, 0xFFFF, 0xFFFF,
    0xFFFF, 0xFFFF, 0xFFFF, 0xFFFF, 0xFFFF, 0xFFFF, 0xFFFF, 0xFFFF, 0xFFFF, 0xFFFF, 0xFFFF, 0xFFFF, 0xFFFF, 0xFFFF, 0xFFFF, 0xFFFF,
    0xFFFF, 0xFFFF, 0xFFFF, 0xFFFF, 0xFFFF, 0xFFFF, 0xFFFF, 0xFFFF, 0xFFFF, 0xFFFF, 0xFFFF, 0xFFFF, 0xFFFF, 0xFFFF, 0xFFFF, 0xFFFF,
    0xFFFF, 0xFFFF, 0xFFFF, 0xFFFF, 0xFFFF, 0xFFFF, 0xFFFF, 0xFFFF, 0xFFFF, 0xFFFF, 0xFFFF, 0xFFFF, 0xFFFF, 0xFFFF, 0xFFFF, 0xFFFF,
    0xFFFF, 0xFFFF, 0xFFFF, 0xFFFF, 0xFFFF, 0xFFFF, 0xFFFF, 0xFFFF, 0xFFFF, 0xFFFF, 0xFFFF, 0xFFFF, 0xFFFF, 0xFFFF, 0xFFFF, 0xFFFF,
    0xFFFF, 0xFFFF, 0xFFFF, 0xFFFF, 0xFFFF, 0xFFFF, 0xFFDF, 0xFFFF, 0x9CD3, 0x4228, 0xA534, 0xDEFB, 0xA534, 0xAD55, 0xAD55, 0xAD75,
    0xAD75, 0xAD75, 0xAD55, 0xAD75, 0xAD75, 0xAD55, 0xAD75, 0xAD75, 0xAD55, 0xAD55, 0xAD55, 0xAD55, 0xAD35, 0xAD35, 0xA534, 0xA514,
    0xA514, 0xA514, 0xA514, 0x9CF3, 0xA514, 0xA514, 0xA514, 0xA534, 0xA534, 0xA534, 0xA534, 0xA534, 0xA534, 0x9CF3, 0x9CF3, 0x9CF3,
    0x9CF3, 0x9CF3, 0x9CF3, 0x9CF3, 0x9CD3, 0x9CD3, 0x9CF3, 0x9CD3, 0x9CF3, 0x9CD3, 0x9CF3, 0x9CF3, 0x9CF3, 0x9CF3, 0xA514, 0x9CD3,
    0x9CF3, 0xA514, 0xA514, 0x9CF3, 0x9CF3, 0x9CF3, 0xA514, 0x9CF3, 0x9CF3, 0x9CD3, 0x9CF4, 0xA514, 0x9CF3, 0x9CD3, 0xA4F3, 0xA514,
    0x9CF3, 0x9CF3, 0x9CD3, 0x9CF3, 0x94B2, 0x9CD3, 0x9CD3, 0x9CD3, 0x9CD3, 0x9CD3, 0x94B2, 0x9CD3, 0x94B2, 0x94B2, 0x94B2, 0x9CD3,
    0x9CD3, 0x94B2, 0x94B2, 0x94B3, 0xA514, 0xA514, 0x8C51, 0x52CA, 0x2945, 0x10A2, 0x2104, 0x4228, 0x6B4D, 0x8410, 0x8C71, 0x8C71,
    0x8C71, 0x8C71, 0x8430, 0x8410, 0x7BCE, 0x6B6D, 0x630C, 0x52AA, 0x528A, 0x4A49, 0x4228, 0x4207, 0x39C7, 0x39C7, 0x4228, 0x4A69,
    0x5ACA, 0x5AEB, 0x632C, 0x6B6D, 0x7BAE, 0x8410, 0x9471, 0x94B2, 0x9CD3, 0x94B2, 0x9492, 0x8C71, 0x8C51, 0x8C51, 0x8C71, 0x8C51,
    0x7BCF, 0x5ACB, 0x3185, 0x18E3, 0x2144, 0x528A, 0x7BEF, 0x9492, 0x8C51, 0x8430, 0x8410, 0x8430, 0x8430, 0x8430, 0x8430, 0x8410,
    0x8410, 0x8410, 0x8410, 0x8410, 0x8410, 0x8410, 0x8410, 0x8410, 0x8410, 0x8410, 0x8410, 0x8410, 0x8410, 0x8430, 0x8410, 0x8410,
    0x8410, 0x8430, 0x8410, 0x8430, 0x8430, 0x8430, 0x8430, 0x8410, 0x8410, 0x8410, 0x8410, 0x8410, 0x8410, 0x8430, 0x8430, 0x8430,
    0x8C51, 0x8C51, 0x8430, 0x8C51, 0x8410, 0x8430, 0x8430, 0x8C51, 0x8C51, 0x8C50, 0x8C51, 0x8C51, 0x8C51, 0x8C51, 0x8C51, 0x8C51,
    0x8C51, 0x8C30, 0x8C51, 0x8430, 0x8430, 0x8C71, 0x8C51, 0x8C71, 0x8C51, 0x8C71, 0x8C71, 0x8C51, 0x8C51, 0x8C51, 0x8C51, 0x8C51,
    0x8C71, 0x8C71, 0x8C71, 0x9492, 0x9492, 0x9492, 0x9492, 0x94B2, 0x9492, 0x9492, 0x94B2, 0x9492, 0x94B2, 0x9492, 0x9492, 0x94B2,
    0x9492, 0x9CD3, 0x9CF3, 0x9CF3, 0x9CD3, 0x6B6D, 0x39E8, 0xFFDF, 0xFFFF, 0xFFFF, 0xFFFF, 0xFFFF, 0xFFFF, 0xFFFF, 0xFFFF, 0xFFFF,
    0xFFFF, 0xFFFF, 0xFFFF, 0xFFFF, 0xFFFF, 0xFFFF, 0xFFFF, 0xFFFF, 0xFFFF, 0xFFFF, 0xFFFF, 0xFFFF, 0xFFFF, 0xFFFF, 0xFFFF, 0xFFFF,
    0xFFFF, 0xFFFF, 0xFFFF, 0xFFFF, 0xFFFF, 0xFFFF, 0xFFFF, 0xFFFF, 0xFFFF, 0xFFFF, 0xFFFF, 0xFFFF, 0xFFFF, 0xFFFF, 0xFFFF, 0xFFFF,
    0xFFFF, 0xFFFF, 0xFFFF, 0xFFFF, 0xFFFF, 0xFFFF, 0xFFFF, 0xFFFF, 0xFFFF, 0xFFFF, 0xFFFF, 0xFFFF, 0xFFFF, 0xFFFF, 0xFFFF, 0xFFFF,
    0xFFFF, 0xFFFF, 0xFFFF, 0xFFFF, 0xFFFF, 0xFFFF, 0xFFFF, 0xFFFF, 0xFFFF, 0xFFFF, 0xFFFF, 0xFFFF, 0xFFFF, 0xFFFF, 0xFFFF, 0xFFFF,
    0xFFFF, 0xFFFF, 0xFFFF, 0xFFFF, 0xFFFF, 0xFFFF, 0xFFFF, 0xFFFF, 0x632C, 0x52AA, 0xBDD7, 0xD69A, 0x9CF3, 0xAD55, 0xAD75, 0xAD55,
    0xAD55, 0xAD55, 0xAD55, 0xB596, 0xB596, 0xAD55, 0xAD55, 0xA534, 0xA534, 0xA534, 0xAD55, 0xAD55, 0xAD55, 0xA534, 0xAD55, 0xAD55,
    0xA534, 0xA514, 0xA514, 0xA534, 0xA534, 0xA534, 0xA534, 0xA514, 0xA514, 0xA514, 0xA514, 0xA534, 0xA513, 0x9CF3, 0x9CF3, 0x9CF3,
    0x9CF3, 0x9CF3, 0x9CF3, 0x9CF3, 0x9CF3, 0x9CD3, 0x9CF3, 0x9CD3, 0x9CF3, 0x9CD3, 0x94B2, 0x94B2, 0x9CD3, 0x9CD3, 0x9CF3, 0x9CD3,
    0x9CD3, 0x9CF3, 0x9CF3, 0x9CF3, 0x9CF3, 0x9CF3, 0x9CF3, 0x9CF3, 0x9CF3, 0x9CF3, 0xA4F3, 0xA514, 0x9CF3, 0x9CF3, 0x9CF3, 0x9CF3,
    0x9CF3, 0x9CF3, 0x9CD3, 0x9CD3, 0x9CD3, 0x9CF3, 0x9CD3, 0x94B2, 0x94B2, 0x94B2, 0x94B2, 0x94B2, 0x94B2, 0x94B2, 0x94B2, 0x9CD3,
    0x94B2, 0x9CD3, 0xA514, 0xA514, 0x73AE, 0x31A6, 0x1082, 0x2124, 0x528A, 0x7BCF, 0x8C50, 0x8C51, 0x8C71, 0x8C71, 0x8430, 0x7BCF,
    0x632C, 0x528A, 0x39C7, 0x2104, 0x1082, 0x0841, 0x0020, 0x0000, 0x0000, 0x0000, 0x0000, 0x0020, 0x0020, 0x0020, 0x0020, 0x0020,
    0x0020, 0x0020, 0x0020, 0x0020, 0x0841, 0x0861, 0x10A2, 0x2104, 0x31A6, 0x528A, 0x738E, 0x94B2, 0xAD55, 0xAD55, 0xA514, 0x9471,
    0x8430, 0x8C30, 0x8C71, 0x8430, 0x630C, 0x2965, 0x18E3, 0x39A6, 0x6B6D, 0x8C71, 0x8C51, 0x8410, 0x8410, 0x8430, 0x8430, 0x8410,
    0x8410, 0x8410, 0x8410, 0x8410, 0x8410, 0x8410, 0x8410, 0x8410, 0x8410, 0x8410, 0x8410, 0x8410, 0x8410, 0x8430, 0x8410, 0x8410,
    0x8410, 0x8410, 0x8410, 0x8410, 0x8430, 0x8430, 0x8430, 0x8430, 0x8410, 0x8410, 0x8410, 0x8410, 0x8410, 0x8410, 0x8430, 0x8430,
    0x8430, 0x8430, 0x8430, 0x8430, 0x8410, 0x8410, 0x8430, 0x8430, 0x8430, 0x8430, 0x8C50, 0x8C51, 0x8C51, 0x8430, 0x8430, 0x8C30,
    0x8C51, 0x8C51, 0x8C51, 0x8C51, 0x8C51, 0x8C71, 0x8C71, 0x8C71, 0x8C51, 0x8C51, 0x8C51, 0x8C51, 0x8C51, 0x8C51, 0x8C51, 0x8C51,
    0x8C71, 0x8C51, 0x8C51, 0x8C71, 0x8C71, 0x8C71, 0x9492, 0x94B2, 0x94B2, 0x9492, 0x9492, 0x9492, 0x9492, 0x9492, 0x94B2, 0x94B2,
    0x9492, 0x94B2, 0x94B2, 0x94B2, 0x9492, 0x8410, 0x2965, 0xDEFB, 0xFFFF, 0xFFFF, 0xFFFF, 0xFFFF, 0xFFFF, 0xFFFF, 0xFFFF, 0xFFFF,
    0xFFFF, 0xFFFF, 0xFFFF, 0xFFFF, 0xFFFF, 0xFFFF, 0xFFFF, 0xFFFF, 0xFFFF, 0xFFFF, 0xFFFF, 0xFFFF, 0xFFFF, 0xFFFF, 0xFFFF, 0xFFFF,
    0xFFFF, 0xFFFF, 0xFFFF, 0xFFFF, 0xFFFF, 0xFFFF, 0xFFFF, 0xFFFF, 0xFFFF, 0xFFFF, 0xFFFF, 0xFFFF, 0xFFFF, 0xFFFF, 0xFFFF, 0xFFFF,
    0xFFFF, 0xFFFF, 0xFFFF, 0xFFFF, 0xFFFF, 0xFFFF, 0xFFFF, 0xFFFF, 0xFFFF, 0xFFFF, 0xFFFF, 0xFFFF, 0xFFFF, 0xFFFF, 0xFFFF, 0xFFFF,
    0xFFFF, 0xFFFF, 0xFFFF, 0xFFFF, 0xFFFF, 0xFFFF, 0xFFFF, 0xFFFF, 0xFFFF, 0xFFFF, 0xFFFF, 0xFFFF, 0xFFFF, 0xFFFF, 0xFFFF, 0xFFFF,
    0xFFFF, 0xFFFF, 0xFFFF, 0xFFFF, 0xFFFF, 0xFFFF, 0xFFFF, 0xF7BE, 0x39E7, 0x6B6D, 0xCE59, 0xC638, 0xA514, 0xAD55, 0xAD75, 0xAD54,
    0xAD55, 0xA534, 0xAD55, 0xAD75, 0xAD75, 0xAD75, 0xA534, 0xA534, 0xAD55, 0xAD55, 0xAD75, 0xAD75, 0xAD55, 0xAD55, 0xA534, 0xA534,
    0xA534, 0xA534, 0xA534, 0xA514, 0xA514, 0xA514, 0xA514, 0xA514, 0xA514, 0xA534, 0x9CF3, 0x9CF3, 0x9CF3, 0x9CD3, 0x9CF3, 0x9CF3,
    0x9CF3, 0x9CF3, 0x9CF3, 0x9CF3, 0x9CD3, 0x9CD3, 0x9CF3, 0x9CF3, 0x9CF3, 0x9CD3, 0x94B2, 0x94B2, 0x9CF3, 0x9CD3, 0x9CD3, 0x9CD3,
    0x9CD3, 0x9CF3, 0xA514, 0x9CD3, 0x9CD3, 0x9CD3, 0x9CF3, 0x9CF3, 0x9CF3, 0x9CF3, 0xA514, 0xA4F3, 0x9CF3, 0x9CF3, 0x9CF3, 0x9CD3,
    0x9CF3, 0x9CD3, 0x9CD3, 0x9CF3, 0x9CF3, 0x9CF3, 0x9CD3, 0x9CD3, 0x9CD3, 0x9CD3, 0x9CB2, 0x9CD3, 0x9CD3, 0x9CD2, 0x9CD3, 0x9CD3,
    0xAD55, 0x9CD3, 0x632C, 0x2124, 0x1082, 0x39C6, 0x738D, 0x8C51, 0x8430, 0x8410, 0x9492, 0x9CD3, 0x8410, 0x528A, 0x2945, 0x10A2,
    0x0020, 0x0020, 0x0020, 0x0841, 0x0881, 0x1082, 0x10A2, 0x10A2, 0x10A2, 0x10A2, 0x10A2, 0x10A2, 0x10A2, 0x10A2, 0x10A2, 0x10A2,
    0x10A2, 0x10A2, 0x10A2, 0x10A2, 0x10A2, 0x10A2, 0x1082, 0x0861, 0x0861, 0x0841, 0x0841, 0x0861, 0x2104, 0x4208, 0x6B6D, 0x9492,
    0xAD55, 0xAD75, 0x9CF3, 0x8C51, 0x8C31, 0x8C71, 0x7BEF, 0x4A28, 0x18E3, 0x2124, 0x5AEB, 0x8C51, 0x8C51, 0x8410, 0x8410, 0x8410,
    0x8410, 0x8410, 0x8410, 0x8410, 0x8410, 0x8410, 0x8410, 0x8430, 0x8410, 0x8410, 0x8410, 0x8430, 0x8410, 0x8410, 0x8410, 0x8410,
    0x8410, 0x8410, 0x8410, 0x8410, 0x8430, 0x8430, 0x8430, 0x8410, 0x8430, 0x8410, 0x7BEF, 0x8410, 0x8410, 0x8410, 0x8430, 0x8430,
    0x8430, 0x8430, 0x8430, 0x8430, 0x8430, 0x8430, 0x8C51, 0x8C51, 0x8C51, 0x8C51, 0x8430, 0x8C31, 0x8C51, 0x8430, 0x8430, 0x8430,
    0x8430, 0x8C51, 0x8C51, 0x8C51, 0x8C51, 0x8C51, 0x8C71, 0x8C71, 0x8C51, 0x8C51, 0x8C51, 0x8C51, 0x8C51, 0x8C51, 0x8C51, 0x8C51,
    0x8C51, 0x8C51, 0x8C51, 0x8C51, 0x8C71, 0x8C71, 0x8C71, 0x8C71, 0x8C71, 0x9492, 0x8C51, 0x8C71, 0x9492, 0x9492, 0x94B2, 0x94B2,
    0x94B2, 0x9CD3, 0x9CB2, 0x9CB2, 0x9492, 0x8C71, 0x39C7, 0x9CF3, 0xFFFF, 0xFFDF, 0xFFFF, 0xFFFF, 0xFFFF, 0xFFFF, 0xFFFF, 0xFFFF,
    0xFFFF, 0xFFFF, 0xFFFF, 0xFFFF, 0xFFFF, 0xFFFF, 0xFFFF, 0xFFFF, 0xFFFF, 0xFFFF, 0xFFFF, 0xFFFF, 0xFFFF, 0xFFFF, 0xFFFF, 0xFFFF,
    0xFFFF, 0xFFFF, 0xFFFF, 0xFFFF, 0xFFFF, 0xFFFF, 0xFFFF, 0xFFFF, 0xFFFF, 0xFFFF, 0xFFFF, 0xFFFF, 0xFFFF, 0xFFFF, 0xFFFF, 0xFFFF,
    0xFFFF, 0xFFFF, 0xFFFF, 0xFFFF, 0xFFFF, 0xFFFF, 0xFFFF, 0xFFFF, 0xFFFF, 0xFFFF, 0xFFFF, 0xFFFF, 0xFFFF, 0xFFFF, 0xFFFF, 0xFFFF,
    0xFFFF, 0xFFFF, 0xFFFF, 0xFFFF, 0xFFFF, 0xFFFF, 0xFFFF, 0xFFFF, 0xFFFF, 0xFFFF, 0xFFFF, 0xFFFF, 0xFFFF, 0xFFFF, 0xFFFF, 0xFFFF,
    0xFFFF, 0xFFFF, 0xFFFF, 0xFFFF, 0xFFFF, 0xFFFF, 0xFFFF, 0xD69A, 0x39C7, 0x8430, 0xDEDB, 0xB5B6, 0xA514, 0xA514, 0xA534, 0xA534,
    0xA534, 0xA534, 0xAD55, 0xAD75, 0xAD75, 0xAD55, 0xA534, 0xAD55, 0xAD55, 0xAD55, 0xAD55, 0xAD55, 0xAD75, 0xAD75, 0xAD55, 0xAD75,
    0xAD55, 0xAD55, 0x9CF3, 0xA514, 0xA514, 0xA514, 0xA534, 0xA514, 0xA514, 0xA514, 0x9CD3, 0xA514, 0x9CF3, 0x9CF3, 0xA4F3, 0xA514,
    0x9CF3, 0xA514, 0xA534, 0xA514, 0x9CD3, 0x9CD3, 0x9CD3, 0x9CD3, 0x9CF3, 0x9CF3, 0x9CD3, 0x9CD3, 0x9CF3, 0x9CF3, 0x94B3, 0x94B2,
    0x9CD3, 0x9CD3, 0x9CD3, 0x94B2, 0x94B2, 0x9CD3, 0x9CF3, 0x9CF3, 0x9CD3, 0x9CF3, 0x9CF3, 0x9CD3, 0x9CF3, 0x9CD3, 0x9CF3, 0x9CF3,
    0x9CF3, 0x9CD3, 0x9CD3, 0x9CD3, 0x9CD3, 0x9CD3, 0x9CB2, 0x94B2, 0x9CD3, 0x9CB2, 0x94B2, 0x94B2, 0x9CD3, 0x9CD3, 0xA514, 0xA4F3,
    0x632C, 0x18C3, 0x10A2, 0x4A69, 0x7BCF, 0x8C30, 0x8C30, 0x8C71, 0x9CD2, 0x9CD2, 0x738E, 0x4208, 0x18C3, 0x0841, 0x0841, 0x1082,
    0x1082, 0x10A2, 0x10A2, 0x10A2, 0x10A2, 0x10A2, 0x1082, 0x1082, 0x1082, 0x1082, 0x1082, 0x1082, 0x1082, 0x1082, 0x1082, 0x1082,
    0x1082, 0x1082, 0x1082, 0x1082, 0x1082, 0x1082, 0x10A2, 0x10A2, 0x10A2, 0x10A2, 0x10A2, 0x10A2, 0x1082, 0x0841, 0x0020, 0x1082,
    0x2965, 0x5AAA, 0x8C71, 0xB575, 0xB575, 0x9492, 0x8410, 0x8C51, 0x8410, 0x528A, 0x18E3, 0x2104, 0x630C, 0x8C71, 0x8C51, 0x8410,
    0x8410, 0x8410, 0x8410, 0x8410, 0x8410, 0x8410, 0x8410, 0x8410, 0x8410, 0x8410, 0x8410, 0x8410, 0x8410, 0x840F, 0x8410, 0x8410,
    0x840F, 0x7BEF, 0x8410, 0x8410, 0x8410, 0x8410, 0x8410, 0x8410, 0x8410, 0x8410, 0x8410, 0x8410, 0x8410, 0x8410, 0x8410, 0x8430,
    0x8410, 0x8430, 0x8430, 0x8430, 0x8430, 0x8410, 0x8430, 0x8C51, 0x8C51, 0x8C51, 0x8430, 0x8430, 0x8C30, 0x8430, 0x8410, 0x8430,
    0x8430, 0x8430, 0x8C51, 0x8C51, 0x8C51, 0x8C71, 0x8C51, 0x8C71, 0x8C51, 0x8C51, 0x8C71, 0x8C71, 0x8C71, 0x8C51, 0x8C51, 0x8C71,
    0x8C51, 0x8C51, 0x8C71, 0x8C71, 0x8C71, 0x9471, 0x8C71, 0x8C71, 0x9492, 0x9492, 0x9492, 0x9492, 0x94B2, 0x9CD3, 0x94B2, 0x94B2,
    0x94B2, 0x9CD3, 0x9CD3, 0x9CD3, 0x9492, 0x9492, 0x52AA, 0x52AA, 0xFFFF, 0xFFFF, 0xFFFF, 0xFFFF, 0xFFFF, 0xFFFF, 0xFFFF, 0xFFFF,
    0xFFFF, 0xFFFF, 0xFFFF, 0xFFFF, 0xFFFF, 0xFFFF, 0xFFFF, 0xFFFF, 0xFFFF, 0xFFFF, 0xFFFF, 0xFFFF, 0xFFFF, 0xFFFF, 0xFFFF, 0xFFFF,
    0xFFFF, 0xFFFF, 0xFFFF, 0xFFFF, 0xFFFF, 0xFFFF, 0xFFFF, 0xFFFF, 0xFFFF, 0xFFFF, 0xFFFF, 0xFFFF, 0xFFFF, 0xFFFF, 0xFFFF, 0xFFFF,
    0xFFFF, 0xFFFF, 0xFFFF, 0xFFFF, 0xFFFF, 0xFFFF, 0xFFFF, 0xFFFF, 0xFFFF, 0xFFFF, 0xFFFF, 0xFFFF, 0xFFFF, 0xFFFF, 0xFFFF, 0xFFFF,
    0xFFFF, 0xFFFF, 0xFFFF, 0xFFFF, 0xFFFF, 0xFFFF, 0xFFFF, 0xFFFF, 0xFFFF, 0xFFFF, 0xFFFF, 0xFFFF, 0xFFFF, 0xFFFF, 0xFFFF, 0xFFFF,
    0xFFFF, 0xFFFF, 0xFFFF, 0xFFFF, 0xFFFF, 0xFFDF, 0xFFFF, 0xB5B6, 0x4208, 0x9CD3, 0xE71C, 0xAD75, 0xA514, 0x9CF3, 0xA514, 0xA534,
    0xA514, 0xA514, 0xA534, 0xA534, 0xA534, 0xA534, 0xAD55, 0xAD75, 0xAD55, 0xAD55, 0xAD55, 0xAD75, 0xAD55, 0xAD75, 0xAD55, 0xAD75,
    0xAD75, 0xAD55, 0xA534, 0xA534, 0xA534, 0xAD55, 0xAD55, 0xA534, 0xA534, 0xA534, 0xA514, 0xA514, 0xA514, 0xA514, 0xA514, 0xA514,
    0xA514, 0xA534, 0xA514, 0x9CF3, 0x9CD3, 0x9CF3, 0x9CF3, 0x9CD3, 0x9CF3, 0xA514, 0xA514, 0x9CF3, 0x9CD3, 0x9CF3, 0x94B2, 0x9CD3,
    0x9CF3, 0x94B2, 0x94B2, 0x94B2, 0x94B2, 0x9CD3, 0x9CF3, 0x9CD3, 0x9CD3, 0x9CD3, 0x9CF3, 0x9CF3, 0x9CF3, 0x9CD3, 0x9CF3, 0x9CD3,
    0x9CF3, 0x9CF3, 0x9CD3, 0x9CF3, 0x9CD3, 0x9CF3, 0x94B2, 0x9CB2, 0x94B2, 0x9CD3, 0x9CD3, 0x94B2, 0xA514, 0xA534, 0x738E, 0x2104,
    0x18C3, 0x52AA, 0x8410, 0x8C30, 0x8430, 0x9492, 0x9CD3, 0x7BCF, 0x4228, 0x18E3, 0x0841, 0x0841, 0x1082, 0x10A2, 0x10A2, 0x10A2,
    0x10A2, 0x1082, 0x1082, 0x1082, 0x10A2, 0x10A2, 0x10A1, 0x08A1, 0x08C1, 0x08C1, 0x08C1, 0x00C0, 0x00C0, 0x00C0, 0x00E0, 0x00E0,
    0x00C0, 0x00E0, 0x08C0, 0x08C1, 0x08E1, 0x08C1, 0x08A1, 0x10A2, 0x1082, 0x1082, 0x1082, 0x1082, 0x1082, 0x10A2, 0x10A2, 0x10A2,
    0x1082, 0x0841, 0x0841, 0x2124, 0x62EB, 0x9CF3, 0xB5B6, 0x9CD3, 0x7BEF, 0x8430, 0x8430, 0x5ACB, 0x18E3, 0x2945, 0x6B4D, 0x8C71,
    0x8430, 0x8410, 0x8430, 0x8410, 0x8410, 0x8410, 0x8410, 0x8410, 0x8410, 0x8410, 0x8410, 0x8410, 0x8410, 0x8410, 0x8430, 0x8410,
    0x8410, 0x8410, 0x8410, 0x8410, 0x8410, 0x8410, 0x8410, 0x8410, 0x8410, 0x8410, 0x8410, 0x8410, 0x8410, 0x8410, 0x8410, 0x8430,
    0x8430, 0x8430, 0x8430, 0x8430, 0x8430, 0x8410, 0x8410, 0x8410, 0x8430, 0x8430, 0x8430, 0x8C51, 0x8C30, 0x8430, 0x8430, 0x8430,
    0x8C51, 0x8C51, 0x8C50, 0x8C30, 0x8C51, 0x8C71, 0x8C71, 0x8C71, 0x8C71, 0x8C71, 0x8C71, 0x8C71, 0x8C51, 0x8C51, 0x8C51, 0x8C71,
    0x8C71, 0x8C71, 0x9492, 0x9492, 0x9492, 0x8C71, 0x8C71, 0x9492, 0x9492, 0x9492, 0x94B2, 0x94B2, 0x9492, 0x94B2, 0x94B2, 0x94B2,
    0x9492, 0x94B2, 0x9CB2, 0x94B2, 0x94B2, 0x9492, 0x73AE, 0x3185, 0xEF7D, 0xFFFF, 0xFFFF, 0xFFFF, 0xFFFF, 0xFFFF, 0xFFFF, 0xFFFF,
    0xFFFF, 0xFFFF, 0xFFFF, 0xFFFF, 0xFFFF, 0xFFFF, 0xFFFF, 0xFFFF, 0xFFFF, 0xFFFF, 0xFFFF, 0xFFFF, 0xFFFF, 0xFFFF, 0xFFFF, 0xFFFF,
    0xFFFF, 0xFFFF, 0xFFFF, 0xFFFF, 0xFFFF, 0xFFFF, 0xFFFF, 0xFFFF, 0xFFFF, 0xFFFF, 0xFFFF, 0xFFFF, 0xFFFF, 0xFFFF, 0xFFFF, 0xFFFF,
    0xFFFF, 0xFFFF, 0xFFFF, 0xFFFF, 0xFFFF, 0xFFFF, 0xFFFF, 0xFFFF, 0xFFFF, 0xFFFF, 0xFFFF, 0xFFFF, 0xFFFF, 0xFFFF, 0xFFFF, 0xFFFF,
    0xFFFF, 0xFFFF, 0xFFFF, 0xFFFF, 0xFFFF, 0xFFFF, 0xFFFF, 0xFFFF, 0xFFFF, 0xFFFF, 0xFFFF, 0xFFFF, 0xFFFF, 0xFFFF, 0xFFFF, 0xFFFF,
    0xFFFF, 0xFFFF, 0xFFFF, 0xFFFF, 0xFFFF, 0xFFDF, 0xFFFF, 0x7BEF, 0x4A69, 0xAD75, 0xDEDB, 0xA4F4, 0xA4F3, 0xA534, 0xA534, 0xA534,
    0xA514, 0xAD55, 0xA534, 0xA534, 0xA534, 0xA534, 0xA534, 0xAD55, 0xAD75, 0xAD55, 0xAD55, 0xAD55, 0xA534, 0xAD55, 0xA534, 0xAD55,
    0xAD55, 0xA534, 0xAD34, 0xA534, 0xAD34, 0xAD55, 0xAD55, 0xA534, 0xA534, 0xA534, 0x9CF3, 0x9CF3, 0x9CF3, 0x9CF3, 0xA514, 0x9CF3,
    0x9CF3, 0xA514, 0xA514, 0x9CF3, 0x9CF3, 0x9CD3, 0x9CF3, 0x9CF3, 0x9CD3, 0x9CD3, 0x9CD3, 0x9CD3, 0x94B2, 0x9CD3, 0x9CD3, 0x9CD3,
    0x9CD3, 0x94B2, 0x9CD3, 0x94B2, 0x9CB2, 0x9CD3, 0x9CF3, 0x9CD3, 0x9CD3, 0x9CD3, 0x9CF3, 0x9CF3, 0x9CF3, 0x9CF3, 0x9CD3, 0x9CF3,
    0x9CD3, 0x9CD3, 0x9CF3, 0x9CD3, 0x9CD2, 0x9CD3, 0x9CD2, 0x94B2, 0x9CD3, 0x94B2, 0x9CB2, 0xA534, 0x8C51, 0x31A6, 0x1082, 0x4A49,
    0x8430, 0x8C51, 0x8430, 0x8C30, 0x8410, 0x5ACB, 0x2945, 0x0841, 0x0841, 0x1082, 0x18C3, 0x10A2, 0x10A2, 0x10A2, 0x10A2, 0x10A2,
    0x10A2, 0x10A1, 0x08C1, 0x0900, 0x0120, 0x0160, 0x01C0, 0x01E0, 0x0220, 0x0240, 0x0260, 0x0260, 0x0260, 0x0280, 0x0280, 0x0280,
    0x0280, 0x0260, 0x0240, 0x0240, 0x0220, 0x0200, 0x01E0, 0x01A0, 0x0140, 0x0120, 0x08C1, 0x08A1, 0x0881, 0x10A2, 0x10A2, 0x10A2,
    0x10A2, 0x10A2, 0x18C2, 0x1082, 0x0841, 0x0861, 0x39C6, 0x7BEF, 0xA514, 0x94B2, 0x8410, 0x8430, 0x8410, 0x4A49, 0x1082, 0x31A6,
    0x7BEF, 0x8C71, 0x8410, 0x8410, 0x8430, 0x8410, 0x8410, 0x8410, 0x8410, 0x8410, 0x8410, 0x8430, 0x8430, 0x8410, 0x8430, 0x8430,
    0x8410, 0x8430, 0x8410, 0x8430, 0x8410, 0x8410, 0x8410, 0x8410, 0x8410, 0x8410, 0x8410, 0x8410, 0x8410, 0x8410, 0x8410, 0x8430,
    0x8430, 0x8430, 0x8430, 0x8430, 0x8430, 0x8430, 0x8430, 0x8430, 0x8430, 0x8C50, 0x8C51, 0x8C51, 0x8430, 0x8430, 0x8C51, 0x8C50,
    0x8C51, 0x8C51, 0x8C51, 0x8C51, 0x8C51, 0x8C51, 0x8C51, 0x8C71, 0x9492, 0x9492, 0x8C71, 0x8C51, 0x8C51, 0x8C51, 0x8C51, 0x8C51,
    0x8C51, 0x8C51, 0x8C71, 0x9492, 0x9492, 0x8C71, 0x8C71, 0x9492, 0x8C71, 0x9492, 0x9492, 0x9492, 0x9492, 0x8C71, 0x8C71, 0x9492,
    0x9492, 0x9492, 0x94B2, 0x9CD2, 0x9CD3, 0x9492, 0x8C51, 0x2124, 0xB5B6, 0xFFFF, 0xFFDF, 0xFFFF, 0xFFFF, 0xFFFF, 0xFFFF, 0xFFFF,
    0xFFFF, 0xFFFF, 0xFFFF, 0xFFFF, 0xFFFF, 0xFFFF, 0xFFFF, 0xFFFF, 0xFFFF, 0xFFFF, 0xFFFF, 0xFFFF, 0xFFFF, 0xFFFF, 0xFFFF, 0xFFFF,
    0xFFFF, 0xFFFF, 0xFFFF, 0xFFFF, 0xFFFF, 0xFFFF, 0xFFFF, 0xFFFF, 0xFFFF, 0xFFFF, 0xFFFF, 0xFFFF, 0xFFFF, 0xFFFF, 0xFFFF, 0xFFFF,
    0xFFFF, 0xFFFF, 0xFFFF, 0xFFFF, 0xFFFF, 0xFFFF, 0xFFFF, 0xFFFF, 0xFFFF, 0xFFFF, 0xFFFF, 0xFFFF, 0xFFFF, 0xFFFF, 0xFFFF, 0xFFFF,
    0xFFFF, 0xFFFF, 0xFFFF, 0xFFFF, 0xFFFF, 0xFFFF, 0xFFFF, 0xFFFF, 0xFFFF, 0xFFFF, 0xFFFF, 0xFFFF, 0xFFFF, 0xFFFF, 0xFFFF, 0xFFFF,
    0xFFFF, 0xFFFF, 0xFFFF, 0xFFFF, 0xFFFF, 0xFFFF, 0xFFFF, 0x52AA, 0x632C, 0xC618, 0xC638, 0x9CF3, 0xA534, 0xAD55, 0xAD55, 0xAD55,
    0xAD55, 0xA534, 0xA534, 0xA534, 0xAD35, 0xAD54, 0xAD55, 0xA534, 0xAD55, 0xA514, 0xA534, 0xAD55, 0xAD55, 0xA534, 0xA534, 0xAD55,
    0xA534, 0xAD55, 0xAD55, 0xA514, 0xA514, 0xA534, 0xA534, 0xA514, 0xA514, 0xA514, 0x9CF3, 0x9CF3, 0x9CD3, 0x9CD3, 0xA514, 0xA534,
    0xA514, 0x9CF3, 0x9CF3, 0x9CF3, 0x9CF3, 0x9CF3, 0x9CF3, 0x9CF3, 0x9CF3, 0x9CD3, 0x9CD3, 0x9CD3, 0x9CD3, 0x9CD3, 0x9CD3, 0x9CF3,
    0x9CD3, 0x9CD3, 0x9CF3, 0x94B3, 0x9CD3, 0x9CD3, 0x9CD3, 0x94B2, 0x94B2, 0x9CD3, 0x9CF3, 0x9CF3, 0x9CD3, 0x9CD3, 0x9CD3, 0x9CD3,
    0x94B2, 0x94B2, 0x9CD3, 0x94B2, 0x94B2, 0x94B2, 0x94B2, 0x9CD3, 0x94B2, 0x9CD3, 0x9CD3, 0x4A69, 0x0861, 0x31A6, 0x73AE, 0x8430,
    0x8C50, 0x8410, 0x5AEB, 0x31A6, 0x18C3, 0x0841, 0x1082, 0x10A2, 0x18A2, 0x10A2, 0x10A2, 0x10A2, 0x10A2, 0x08A1, 0x08E1, 0x0120,
    0x01A0, 0x0200, 0x0280, 0x02C0, 0x0B20, 0x1B82, 0x2BE4, 0x3C26, 0x4467, 0x4CC8, 0x5D0A, 0x652B, 0x654B, 0x652B, 0x652B, 0x654B,
    0x654B, 0x5D0A, 0x54C9, 0x4C88, 0x3C46, 0x2BE4, 0x1B82, 0x0B40, 0x02E0, 0x02A0, 0x0260, 0x0200, 0x01A0, 0x0160, 0x0900, 0x08C1,
    0x10A2, 0x10A2, 0x10A2, 0x10A2, 0x10A2, 0x10A2, 0x0841, 0x0020, 0x2104, 0x5AEB, 0x9CD3, 0x9CD3, 0x7BEF, 0x8410, 0x7BCF, 0x3186,
    0x10A2, 0x5AAA, 0x8C71, 0x8430, 0x8410, 0x8430, 0x8410, 0x8410, 0x8410, 0x8410, 0x8410, 0x8410, 0x8410, 0x8430, 0x8430, 0x8430,
    0x8430, 0x8410, 0x8430, 0x8430, 0x8430, 0x8410, 0x8430, 0x8430, 0x8410, 0x8430, 0x8430, 0x8430, 0x8410, 0x8410, 0x8410, 0x8410,
    0x8410, 0x8430, 0x8410, 0x8410, 0x8410, 0x8430, 0x8430, 0x8430, 0x8430, 0x8C51, 0x8430, 0x8430, 0x8C51, 0x8C51, 0x8C51, 0x8C51,
    0x8C51, 0x8C51, 0x8C51, 0x8C51, 0x8C51, 0x8C51, 0x8C71, 0x8C71, 0x8C71, 0x8C71, 0x8C51, 0x8C51, 0x8C51, 0x8C71, 0x8C51, 0x8C51,
    0x8C51, 0x8C51, 0x8C51, 0x8C71, 0x8C71, 0x8C71, 0x8C71, 0x8C71, 0x8C71, 0x9491, 0x8C71, 0x8C71, 0x8C71, 0x8C71, 0x9492, 0x8C71,
    0x9471, 0x9492, 0x94B2, 0x94B2, 0x94B2, 0x8C71, 0x8C71, 0x39E7, 0x6B6D, 0xFFFF, 0xFFDF, 0xFFFF, 0xFFFF, 0xFFFF, 0xFFFF, 0xFFFF,
    0xFFFF, 0xFFFF, 0xFFFF, 0xFFFF, 0xFFFF, 0xFFFF, 0xFFFF, 0xFFFF, 0xFFFF, 0xFFFF, 0xFFFF, 0xFFFF, 0xFFFF, 0xFFFF, 0xFFFF, 0xFFFF,
    0xFFFF, 0xFFFF, 0xFFFF, 0xFFFF, 0xFFFF, 0xFFFF, 0xFFFF, 0xFFFF, 0xFFFF, 0xFFFF, 0xFFFF, 0xFFFF, 0xFFFF, 0xFFFF, 0xFFFF, 0xFFFF,
    0xFFFF, 0xFFFF, 0xFFFF, 0xFFFF, 0xFFFF, 0xFFFF, 0xFFFF, 0xFFFF, 0xFFFF, 0xFFFF, 0xFFFF, 0xFFFF, 0xFFFF, 0xFFFF, 0xFFFF, 0xFFFF,
    0xFFFF, 0xFFFF, 0xFFFF, 0xFFFF, 0xFFFF, 0xFFFF, 0xFFFF, 0xFFFF, 0xFFFF, 0xFFFF, 0xFFFF, 0xFFFF, 0xFFFF, 0xFFFF, 0xFFFF, 0xFFFF,
    0xFFFF, 0xFFFF, 0xFFFF, 0xFFFF, 0xFFFF, 0xFFFF, 0xEF5D, 0x4208, 0x7BCF, 0xCE79, 0xB5B6, 0xA514, 0xAD55, 0xAD75, 0xAD54, 0xA534,
    0xA534, 0xA534, 0xAD55, 0xAD55, 0xAD55, 0xAD55, 0xAD55, 0xAD55, 0xAD55, 0xAD55, 0xAD75, 0xAD75, 0xAD55, 0xA514, 0xA534, 0xAD75,
    0xAD55, 0xAD75, 0xAD55, 0xA514, 0xA514, 0xA514, 0xA514, 0x9CF3, 0xA514, 0xA514, 0x9CF3, 0x9CF3, 0x9CD3, 0x9492, 0x94B2, 0x9CF3,
    0x9CF3, 0x9CF3, 0x9CF4, 0x9CF3, 0x9CF3, 0x9CF4, 0x9CF3, 0x9CF3, 0x9CF3, 0x9CD3, 0x9CF3, 0x9CB3, 0x94B2, 0x9CD3, 0x9CF3, 0x9CD3,
    0x9CD3, 0x9CD3, 0x9CD3, 0x94B2, 0x9CD3, 0x9CD3, 0x9CD3, 0x94B2, 0x94B2, 0x94B2, 0x9CD2, 0x9CD3, 0x9CD3, 0x9CD3, 0x9CD3, 0x9CD3,
    0x94B2, 0x9CB2, 0x9CD3, 0x9CB2, 0x9CD3, 0x9CD3, 0x94B2, 0x94B2, 0xA514, 0x8430, 0x2104, 0x18C3, 0x632C, 0x8430, 0x8430, 0x8410,
    0x5AEB, 0x2124, 0x0020, 0x0841, 0x10A2, 0x18C3, 0x10A2, 0x10A2, 0x18A2, 0x10A2, 0x10C2, 0x0921, 0x0180, 0x0200, 0x0280, 0x0B40,
    0x1C02, 0x3CA6, 0x5D49, 0x75AD, 0x85EF, 0x860F, 0x85EF, 0x7DCE, 0x75AD, 0x658B, 0x5569, 0x4D48, 0x4D27, 0x4527, 0x4506, 0x4506,
    0x4507, 0x4D28, 0x5529, 0x5D4A, 0x656B, 0x6D8C, 0x758D, 0x756D, 0x6D4C, 0x54E9, 0x3C46, 0x1BE2, 0x0B60, 0x0320, 0x02C0, 0x0240,
    0x01A0, 0x0920, 0x08A1, 0x10A2, 0x1082, 0x1082, 0x10A2, 0x18C2, 0x1081, 0x0020, 0x18C3, 0x62EB, 0x94B2, 0x8C51, 0x7BEF, 0x8C51,
    0x630C, 0x10A2, 0x2965, 0x8410, 0x8C51, 0x7C0F, 0x8410, 0x8410, 0x8410, 0x8410, 0x8410, 0x8410, 0x8430, 0x8430, 0x8430, 0x8430,
    0x8430, 0x8410, 0x8410, 0x8430, 0x8410, 0x8410, 0x8430, 0x8410, 0x8410, 0x8410, 0x8410, 0x8410, 0x8410, 0x8410, 0x8410, 0x8410,
    0x8410, 0x8410, 0x8410, 0x8410, 0x8410, 0x8430, 0x8430, 0x8430, 0x8430, 0x8430, 0x8430, 0x8430, 0x8C51, 0x8C51, 0x8C51, 0x8C51,
    0x8C50, 0x8C51, 0x8C51, 0x8C51, 0x8C50, 0x8C51, 0x8C51, 0x8C71, 0x8C71, 0x8C71, 0x8C71, 0x8C71, 0x9492, 0x9492, 0x8C71, 0x8C51,
    0x8C51, 0x8C51, 0x8C71, 0x8C71, 0x9492, 0x8C71, 0x8C71, 0x8C71, 0x8C71, 0x8C71, 0x8C71, 0x8C71, 0x8C71, 0x8C71, 0x9492, 0x8C71,
    0x9492, 0x9492, 0x9492, 0x9492, 0x9492, 0x8C71, 0x8C71, 0x5AEB, 0x39C7, 0xFFDF, 0xFFFF, 0xFFFF, 0xFFFF, 0xFFFF, 0xFFFF, 0xFFFF,
    0xFFFF, 0xFFFF, 0xFFFF, 0xFFFF, 0xFFFF, 0xFFFF, 0xFFFF, 0xFFFF, 0xFFFF, 0xFFFF, 0xFFFF, 0xFFFF, 0xFFFF, 0xFFFF, 0xFFFF, 0xFFFF,
    0xFFFF, 0xFFFF, 0xFFFF, 0xFFFF, 0xFFFF, 0xFFFF, 0xFFFF, 0xFFFF, 0xFFFF, 0xFFFF, 0xFFFF, 0xFFFF, 0xFFFF, 0xFFFF, 0xFFFF, 0xFFFF,
    0xFFFF, 0xFFFF, 0xFFFF, 0xFFFF, 0xFFFF, 0xFFFF, 0xFFFF, 0xFFFF, 0xFFFF, 0xFFFF, 0xFFFF, 0xFFFF, 0xFFFF, 0xFFFF, 0xFFFF, 0xFFFF,
    0xFFFF, 0xFFFF, 0xFFFF, 0xFFFF, 0xFFFF, 0xFFFF, 0xFFFF, 0xFFFF, 0xFFFF, 0xFFFF, 0xFFFF, 0xFFFF, 0xFFFF, 0xFFFF, 0xFFFF, 0xFFFF,
    0xFFFF, 0xFFFF, 0xFFFF, 0xFFFF, 0xFFFF, 0xFFFF, 0xC618, 0x39E7, 0x9492, 0xD69A, 0xA534, 0xA514, 0xA534, 0xAD55, 0xA534, 0xA514,
    0xA514, 0xA514, 0xAD55, 0xAD55, 0xAD55, 0xAD55, 0xAD55, 0xA534, 0xA534, 0xA534, 0xA534, 0xAD55, 0xA514, 0x9CF3, 0xA514, 0xA534,
    0xA534, 0xAD55, 0xA534, 0xA514, 0xA4F3, 0xA4F3, 0x9CD3, 0x9CD3, 0x9CF3, 0xA514, 0xA514, 0x9CD3, 0x9CD3, 0x9CD3, 0x94B2, 0x94B2,
    0x9CD3, 0x9CF3, 0x9CF3, 0xA514, 0x9CF3, 0xA514, 0xA514, 0x9CF3, 0x9CF3, 0x9CF3, 0x9CF3, 0x9CD3, 0x94B2, 0x9CB3, 0x9CD3, 0x94B2,
    0x9492, 0x94B2, 0x94B2, 0x94B2, 0x9CB2, 0x94B2, 0x9CB2, 0x94B2, 0x9CD3, 0x9CD3, 0x9CD3, 0x94B2, 0x9CD2, 0x9CB2, 0x9CD3, 0x9CD3,
    0x94B2, 0x9CB2, 0x9CD3, 0x9CD3, 0x9CB3, 0x9CD3, 0x9CD3, 0xA514, 0x62EB, 0x0841, 0x39E7, 0x8410, 0x8430, 0x8410, 0x6B4D, 0x2124,
    0x0020, 0x0861, 0x10A2, 0x18C2, 0x10A2, 0x10A2, 0x18A2, 0x10A2, 0x08E1, 0x0180, 0x0240, 0x0300, 0x13A1, 0x3C85, 0x5D6A, 0x7DED,
    0x862E, 0x862E, 0x65CB, 0x4D48, 0x3505, 0x24A2, 0x1481, 0x0C60, 0x0C60, 0x0C40, 0x0C40, 0x0C40, 0x0C40, 0x0C60, 0x0C40, 0x0C40,
    0x0C20, 0x0C20, 0x0C20, 0x0420, 0x0C40, 0x0C40, 0x1461, 0x2483, 0x34E5, 0x4D48, 0x658B, 0x6D8C, 0x656C, 0x54E9, 0x2C44, 0x13A1,
    0x0340, 0x02C0, 0x0220, 0x0160, 0x08E1, 0x10A2, 0x10A2, 0x1082, 0x10A2, 0x10A2, 0x1082, 0x0020, 0x18E3, 0x6B4D, 0x9492, 0x8410,
    0x8430, 0x8410, 0x31A6, 0x10A2, 0x6B4D, 0x8C71, 0x7BEF, 0x8410, 0x8410, 0x8410, 0x8430, 0x8430, 0x8430, 0x8430, 0x8430, 0x8430,
    0x8410, 0x8430, 0x8430, 0x8430, 0x8430, 0x8C30, 0x8C50, 0x8410, 0x8410, 0x8430, 0x8410, 0x8430, 0x8430, 0x8410, 0x8410, 0x8410,
    0x8410, 0x8430, 0x8410, 0x8430, 0x8430, 0x8430, 0x8430, 0x8430, 0x8C50, 0x8430, 0x8430, 0x8430, 0x8C30, 0x8430, 0x8C51, 0x8430,
    0x8C50, 0x8C51, 0x8C51, 0x8C51, 0x8C50, 0x8451, 0x8C71, 0x8C71, 0x9471, 0x8C71, 0x8C71, 0x8C51, 0x8C71, 0x8C51, 0x8C51, 0x8C51,
    0x8C51, 0x8C51, 0x8C71, 0x8C51, 0x8C51, 0x8C71, 0x8C51, 0x8C51, 0x8C71, 0x8C71, 0x8C71, 0x8C71, 0x9471, 0x8C71, 0x8C71, 0x8C71,
    0x94B2, 0x9492, 0x8C71, 0x9492, 0x9492, 0x8C71, 0x8C51, 0x7BCF, 0x2104, 0xD6BA, 0xFFFF, 0xFFFF, 0xFFFF, 0xFFFF, 0xFFFF, 0xFFFF,
    0xFFFF, 0xFFFF, 0xFFFF, 0xFFFF, 0xFFFF, 0xFFFF, 0xFFFF, 0xFFFF, 0xFFFF, 0xFFFF, 0xFFFF, 0xFFFF, 0xFFFF, 0xFFFF, 0xFFFF, 0xFFFF,
    0xFFFF, 0xFFFF, 0xFFFF, 0xFFFF, 0xFFFF, 0xFFFF, 0xFFFF, 0xFFFF, 0xFFFF, 0xFFFF, 0xFFFF, 0xFFFF, 0xFFFF, 0xFFFF, 0xFFFF, 0xFFFF,
    0xFFFF, 0xFFFF, 0xFFFF, 0xFFFF, 0xFFFF, 0xFFFF, 0xFFFF, 0xFFFF, 0xFFFF, 0xFFFF, 0xFFFF, 0xFFFF, 0xFFFF, 0xFFFF, 0xFFFF, 0xFFFF,
    0xFFFF, 0xFFFF, 0xFFFF, 0xFFFF, 0xFFFF, 0xFFFF, 0xFFFF, 0xFFFF, 0xFFFF, 0xFFFF, 0xFFFF, 0xFFFF, 0xFFFF, 0xFFFF, 0xFFFF, 0xFFFF,
    0xFFFF, 0xFFFF, 0xFFFF, 0xFFFF, 0xFFDF, 0xFFFF, 0x8C71, 0x4A49, 0xA534, 0xCE79, 0x9CD3, 0xA534, 0xA514, 0xA534, 0xA514, 0x9CF3,
    0xA514, 0xAD34, 0xA534, 0xA534, 0xA534, 0xA534, 0xA534, 0xA514, 0xA534, 0xA534, 0xAD35, 0xAD75, 0xA514, 0xA514, 0xA514, 0xA514,
    0x9CF3, 0xA514, 0xA534, 0xA514, 0xA514, 0x9CF3, 0x9CF3, 0x9CF3, 0x9CF3, 0x9CF3, 0xA514, 0x9CF3, 0x9CF3, 0x9CD3, 0x9CF3, 0x9CD3,
    0x9CD3, 0x9CF3, 0x9CD3, 0x9CF4, 0xA514, 0x9CF3, 0xA514, 0xA514, 0x9CD3, 0x9CF3, 0x9CF3, 0x9CD3, 0x9CD3, 0x9CD3, 0x9CD3, 0x94B2,
    0x94B2, 0x94B2, 0x94B2, 0x94B2, 0x94B2, 0x94B2, 0x94B2, 0x94B2, 0x94B2, 0x94B2, 0x94B2, 0x94B2, 0x94B2, 0x94B2, 0x94B2, 0x9CD3,
    0x9CD3, 0x9CD3, 0x94B2, 0x94B2, 0x94B2, 0x9CB3, 0x9CF3, 0x4208, 0x0861, 0x632C, 0x8C51, 0x8430, 0x7BCF, 0x39E7, 0x0020, 0x0041,
    0x10A2, 0x10A2, 0x10A2, 0x10A2, 0x10A2, 0x10A2, 0x0901, 0x01C0, 0x02A0, 0x0B80, 0x3485, 0x65AB, 0x864F, 0x864E, 0x65EB, 0x4587,
    0x2D03, 0x1CA1, 0x0CA0, 0x0CA0, 0x14A0, 0x14A0, 0x14C1, 0x14C1, 0x14C1, 0x14C1, 0x14C1, 0x1CC1, 0x1CC1, 0x1CC1, 0x1CC1, 0x1CA1,
    0x14A1, 0x14A1, 0x14A1, 0x1CA1, 0x1CA1, 0x1C81, 0x1481, 0x1460, 0x0C60, 0x0C40, 0x0C40, 0x1C81, 0x2CC4, 0x4527, 0x5D6A, 0x656B,
    0x5509, 0x2C44, 0x0BA0, 0x0320, 0x0260, 0x01A0, 0x0901, 0x10A2, 0x1082, 0x1082, 0x1082, 0x10A2, 0x0841, 0x0020, 0x2965, 0x738E,
    0x8C51, 0x8410, 0x8C50, 0x52AA, 0x0861, 0x4A69, 0x8C51, 0x7BEF, 0x83F0, 0x8410, 0x8410, 0x8410, 0x8410, 0x8430, 0x8410, 0x8430,
    0x8410, 0x8410, 0x8430, 0x8410, 0x8410, 0x8430, 0x8430, 0x8C50, 0x8410, 0x8430, 0x8430, 0x8430, 0x8430, 0x8430, 0x8430, 0x8410,
    0x8410, 0x8410, 0x8410, 0x8430, 0x8C51, 0x8C51, 0x8430, 0x8C51, 0x8C51, 0x8C51, 0x8C51, 0x8C51, 0x8C51, 0x8451, 0x8430, 0x8430,
    0x8430, 0x8430, 0x8C51, 0x8C51, 0x8C51, 0x8C51, 0x8C71, 0x8C71, 0x8C51, 0x8C51, 0x8C51, 0x8C51, 0x8C51, 0x8C71, 0x8C51, 0x8C51,
    0x8C51, 0x8C51, 0x8C71, 0x8430, 0x8430, 0x8C51, 0x8C51, 0x8C51, 0x8C51, 0x8C71, 0x8C71, 0x8C51, 0x8C51, 0x9492, 0x8C71, 0x9492,
    0x9492, 0x94B2, 0x8C71, 0x8C51, 0x8C71, 0x8C71, 0x8C51, 0x8C71, 0x3165, 0x94B2, 0xFFFF, 0xFFDF, 0xFFFF, 0xFFFF, 0xFFFF, 0xFFFF,
    0xFFFF, 0xFFFF, 0xFFFF, 0xFFFF, 0xFFFF, 0xFFFF, 0xFFFF, 0xFFFF, 0xFFFF, 0xFFFF, 0xFFFF, 0xFFFF, 0xFFFF, 0xFFFF, 0xFFFF, 0xFFFF,
    0xFFFF, 0xFFFF, 0xFFFF, 0xFFFF, 0xFFFF, 0xFFFF, 0xFFFF, 0xFFFF, 0xFFFF, 0xFFFF, 0xFFFF, 0xFFFF, 0xFFFF, 0xFFFF, 0xFFFF, 0xFFFF,
    0xFFFF, 0xFFFF, 0xFFFF, 0xFFFF, 0xFFFF, 0xFFFF, 0xFFFF, 0xFFFF, 0xFFFF, 0xFFFF, 0xFFFF, 0xFFFF, 0xFFFF, 0xFFFF, 0xFFFF, 0xFFFF,
    0xFFFF, 0xFFFF, 0xFFFF, 0xFFFF, 0xFFFF, 0xFFFF, 0xFFFF, 0xFFFF, 0xFFFF, 0xFFFF, 0xFFFF, 0xFFFF, 0xFFFF, 0xFFFF, 0xFFFF, 0xFFFF,
    0xFFFF, 0xFFFF, 0xFFFF, 0xFFFF, 0xFFFF, 0xFFFF, 0x630C, 0x630C, 0xB5B6, 0xC618, 0x9CF3, 0xA514, 0xA514, 0xAD34, 0xA534, 0xA534,
    0xAD55, 0xA534, 0xA534, 0xAD55, 0xA534, 0xA514, 0xA514, 0xA514, 0xA534, 0xAD55, 0xAD75, 0xAD55, 0xAD34, 0xA534, 0xA514, 0xA514,
    0xA4F3, 0x9CF3, 0xA514, 0xA514, 0xA514, 0x9CF3, 0x9CF3, 0xA514, 0x9CF3, 0x9D14, 0xAD34, 0x9CF3, 0x9CF3, 0x9CB3, 0x9CD3, 0x9CD3,
    0x94B2, 0x9CD3, 0x9CD3, 0x9CD3, 0x9CD3, 0x9CD3, 0x9CF3, 0x9CF3, 0x9CF3, 0x9CD3, 0x9CD3, 0x9CD3, 0x9CF3, 0x9CF3, 0x94B3, 0x94B2,
    0x94B2, 0x94B2, 0x94B2, 0x94B2, 0x94B2, 0x9492, 0x94B2, 0x94B2, 0x94B2, 0x94B2, 0x94B2, 0x9492, 0x9492, 0x94B2, 0x94B2, 0x94B2,
    0x94B2, 0x9CD3, 0x9CD3, 0x9492, 0x94B2, 0x9492, 0x2945, 0x18C3, 0x7BEF, 0x8C51, 0x8430, 0x630C, 0x18C3, 0x0000, 0x1082, 0x10A2,
    0x10A2, 0x1082, 0x10A2, 0x10A2, 0x0921, 0x0200, 0x0300, 0x1C22, 0x5549, 0x866F, 0x868F, 0x5E0A, 0x3565, 0x1CE1, 0x0CC0, 0x14C0,
    0x14E1, 0x1D01, 0x1CE1, 0x1D01, 0x1D01, 0x1D01, 0x1D01, 0x1CE1, 0x1CE1, 0x1CE1, 0x1CE1, 0x1CE1, 0x1CE1, 0x1CE1, 0x1CE1, 0x1CE1,
    0x1CE1, 0x1CC1, 0x1CC1, 0x1CC1, 0x1CC1, 0x1CC1, 0x14C1, 0x14C1, 0x1CA1, 0x1CC1, 0x1CA2, 0x1CA1, 0x14A0, 0x0C80, 0x0C80, 0x1CA2,
    0x3D06, 0x5569, 0x5D4A, 0x44A6, 0x13C1, 0x0320, 0x02A0, 0x01C0, 0x0901, 0x08A1, 0x1082, 0x1061, 0x1082, 0x1082, 0x0020, 0x0841,
    0x4228, 0x8410, 0x83EF, 0x8410, 0x6B6D, 0x10A2, 0x39C7, 0x8C31, 0x8410, 0x83EF, 0x8410, 0x8410, 0x8410, 0x8410, 0x8410, 0x8410,
    0x8410, 0x8430, 0x8430, 0x8430, 0x8410, 0x8410, 0x8430, 0x8430, 0x8430, 0x8430, 0x8C51, 0x8430, 0x8430, 0x8430, 0x8410, 0x8410,
    0x8410, 0x8410, 0x8410, 0x8430, 0x8430, 0x8430, 0x8430, 0x8450, 0x8C51, 0x8C51, 0x8C51, 0x8C51, 0x8C71, 0x8C51, 0x8430, 0x8430,
    0x8C51, 0x8C51, 0x8C51, 0x8430, 0x8430, 0x8C51, 0x8C71, 0x8C51, 0x8C51, 0x8C71, 0x8C71, 0x8C51, 0x8C51, 0x8C51, 0x8C71, 0x8C51,
    0x8C51, 0x8C30, 0x8C71, 0x8C51, 0x8430, 0x8C50, 0x8C51, 0x8C51, 0x8C71, 0x8C71, 0x8C51, 0x8C51, 0x8C51, 0x8C71, 0x8C51, 0x8C51,
    0x9471, 0x94B2, 0x8C71, 0x8C71, 0x8C71, 0x8C71, 0x8430, 0x8C51, 0x4A49, 0x5ACB, 0xFFFF, 0xFFDF, 0xFFFF, 0xFFFF, 0xFFFF, 0xFFFF,
    0xFFFF, 0xFFFF, 0xFFFF, 0xFFFF, 0xFFFF, 0xFFFF, 0xFFFF, 0xFFFF, 0xFFFF, 0xFFFF, 0xFFFF, 0xFFFF, 0xFFFF, 0xFFFF, 0xFFFF, 0xFFFF,
    0xFFFF, 0xFFFF, 0xFFFF, 0xFFFF, 0xFFFF, 0xFFFF, 0xFFFF, 0xFFFF, 0xFFFF, 0xFFFF, 0xFFFF, 0xFFFF, 0xFFFF, 0xFFFF, 0xFFFF, 0xFFFF,
    0xFFFF, 0xFFFF, 0xFFFF, 0xFFFF, 0xFFFF, 0xFFFF, 0xFFFF, 0xFFFF, 0xFFFF, 0xFFFF, 0xFFFF, 0xFFFF, 0xFFFF, 0xFFFF, 0xFFFF, 0xFFFF,
    0xFFFF, 0xFFFF, 0xFFFF, 0xFFFF, 0xFFFF, 0xFFFF, 0xFFFF, 0xFFFF, 0xFFFF, 0xFFFF, 0xFFFF, 0xFFFF, 0xFFFF, 0xFFFF, 0xFFFF, 0xFFFF,
    0xFFFF, 0xFFFF, 0xFFFF, 0xFFFF, 0xFFFF, 0xF79E, 0x4228, 0x73AE, 0xC618, 0xAD75, 0x9CD3, 0xA514, 0x9CF3, 0xA514, 0xAD55, 0xAD55,
    0xAD55, 0xA534, 0xA534, 0xA534, 0xAD55, 0xAD55, 0xAD55, 0xA514, 0xA534, 0xAD55, 0xAD55, 0xAD55, 0xA514, 0xA534, 0x9CF3, 0x9CF3,
    0xA514, 0xA514, 0xA514, 0xA514, 0x9CF3, 0x9CD3, 0x9CF3, 0x9CF3, 0x9CF3, 0xA514, 0xA4F3, 0x9CF3, 0x9CF3, 0xA514, 0x9CF3, 0x9CD3,
    0x9CD3, 0x9CD3, 0x9CD3, 0x94B2, 0x9492, 0x9492, 0x9CD3, 0x9CD3, 0x9CF3, 0x9CD3, 0x9CD3, 0x9CD3, 0x9CD3, 0x9CF3, 0x9CD3, 0x9CD3,
    0x94B2, 0x94B2, 0x9492, 0x94B2, 0x94B2, 0x9492, 0x9492, 0x94B2, 0x94B2, 0x94B2, 0x94B2, 0x9492, 0x94B2, 0x9CD3, 0x9492, 0x94B2,
    0x94B2, 0x94B2, 0x94B2, 0x9CF3, 0x9492, 0x18E3, 0x2965, 0x8430, 0x8430, 0x8430, 0x4A49, 0x0020, 0x0841, 0x10A2, 0x10A2, 0x10A2,
    0x10A2, 0x10A2, 0x0901, 0x0200, 0x02E0, 0x2422, 0x65AA, 0x8EAF, 0x768D, 0x3DA6, 0x1D21, 0x0CE0, 0x1500, 0x1D21, 0x1D21, 0x1D21,
    0x1D21, 0x1D21, 0x1D21, 0x1D21, 0x1D01, 0x1D01, 0x1D01, 0x1D01, 0x1D01, 0x1D01, 0x1D01, 0x1D01, 0x1D01, 0x1D01, 0x1D01, 0x1D01,
    0x1CE1, 0x1CE1, 0x1CE1, 0x1CE1, 0x1CE1, 0x1CE1, 0x1CE1, 0x1CE1, 0x1CE1, 0x1CE1, 0x1CE1, 0x1CE1, 0x1CE1, 0x1CE2, 0x1CC1, 0x14A1,
    0x0C80, 0x0C80, 0x24C2, 0x4527, 0x5549, 0x3C85, 0x13C1, 0x0340, 0x02A0, 0x0180, 0x08C1, 0x1081, 0x0861, 0x0861, 0x1081, 0x0861,
    0x0000, 0x2104, 0x736D, 0x83EF, 0x8410, 0x7BEF, 0x2104, 0x3186, 0x8430, 0x8410, 0x8410, 0x8430, 0x8430, 0x8410, 0x8410, 0x8410,
    0x8410, 0x8430, 0x8430, 0x8410, 0x8410, 0x8410, 0x8410, 0x8410, 0x8410, 0x8410, 0x8430, 0x8430, 0x8430, 0x8430, 0x8410, 0x8410,
    0x8410, 0x8410, 0x8410, 0x8430, 0x8430, 0x8430, 0x8410, 0x8430, 0x8430, 0x8430, 0x8430, 0x8C50, 0x8C51, 0x8430, 0x8C50, 0x8C51,
    0x8C51, 0x8C51, 0x8C51, 0x8C51, 0x8C51, 0x8C51, 0x8C51, 0x8C51, 0x8C51, 0x8C51, 0x8C71, 0x8C51, 0x8C51, 0x8C51, 0x8430, 0x8C51,
    0x8C51, 0x8C30, 0x8C51, 0x8C51, 0x8C51, 0x8C51, 0x8C51, 0x8C71, 0x8C51, 0x8C71, 0x8C71, 0x8430, 0x8C51, 0x8C51, 0x8C51, 0x8C71,
    0x8C51, 0x8C71, 0x8C71, 0x8C71, 0x8C51, 0x8C51, 0x8450, 0x8C51, 0x6B6D, 0x3165, 0xEF7D, 0xFFFF, 0xFFFF, 0xFFFF, 0xFFFF, 0xFFFF,
    0xFFFF, 0xFFFF, 0xFFFF, 0xFFFF, 0xFFFF, 0xFFFF, 0xFFFF, 0xFFFF, 0xFFFF, 0xFFFF, 0xFFFF, 0xFFFF, 0xFFFF, 0xFFFF, 0xFFFF, 0xFFFF,
    0xFFFF, 0xFFFF, 0xFFFF, 0xFFFF, 0xFFFF, 0xFFFF, 0xFFFF, 0xFFFF, 0xFFFF, 0xFFFF, 0xFFFF, 0xFFFF, 0xFFFF, 0xFFFF, 0xFFFF, 0xFFFF,
    0xFFFF, 0xFFFF, 0xFFFF, 0xFFFF, 0xFFFF, 0xFFFF, 0xFFFF, 0xFFFF, 0xFFFF, 0xFFFF, 0xFFFF, 0xFFFF, 0xFFFF, 0xFFFF, 0xFFFF, 0xFFFF,
    0xFFFF, 0xFFFF, 0xFFFF, 0xFFFF, 0xFFFF, 0xFFFF, 0xFFFF, 0xFFFF, 0xFFFF, 0xFFFF, 0xFFFF, 0xFFFF, 0xFFFF, 0xFFFF, 0xFFFF, 0xFFFF,
    0xFFFF, 0xFFFF, 0xFFFF, 0xFFFF, 0xFFFF, 0xCE59, 0x31A6, 0x8C51, 0xCE59, 0xA514, 0x9CF3, 0xA514, 0xA513, 0xA514, 0xAD55, 0xA534,
    0xA534, 0xA534, 0xA534, 0xA514, 0xA514, 0xA534, 0xAD55, 0xAD55, 0xA514, 0xA514, 0xAD55, 0xA534, 0xA534, 0xAD55, 0xA514, 0x9CF3,
    0x9CD3, 0x9CF3, 0x9CF3, 0x9CF3, 0x9CD3, 0x94B2, 0x9CD3, 0x9CD3, 0x9CF3, 0x9CF3, 0x9CF3, 0x9CF3, 0x9CF3, 0x9CD3, 0x9CD3, 0x9CF3,
    0x9CD3, 0x9CD3, 0x9CF3, 0x9CD3, 0x94B2, 0x94B2, 0x9CD3, 0x94B2, 0x9CD3, 0x94B2, 0x94D3, 0x9CD3, 0x94B2, 0x9CD3, 0x9CD3, 0x9CD3,
    0x9CD3, 0x94B2, 0x9CD3, 0x94B2, 0x94B2, 0x94B2, 0x94B2, 0x9492, 0x9492, 0x94B2, 0x94B2, 0x9492, 0x9492, 0x94B2, 0x94B2, 0x9492,
    0x9492, 0x9492, 0x94B2, 0x8C71, 0x18E3, 0x39C6, 0x8430, 0x8410, 0x7BCF, 0x3186, 0x0000, 0x1082, 0x10A2, 0x10A2, 0x10A2, 0x1082,
    0x08C1, 0x0180, 0x02E0, 0x1C01, 0x5D69, 0x868F, 0x6E6B, 0x3584, 0x1520, 0x1520, 0x1D41, 0x1D41, 0x1D41, 0x1D41, 0x1D41, 0x1D21,
    0x1D21, 0x1D21, 0x1D21, 0x1D21, 0x1D21, 0x1D21, 0x1D21, 0x1D21, 0x1D22, 0x1D22, 0x1D22, 0x1D22, 0x1D22, 0x1D22, 0x1D02, 0x1D02,
    0x1D02, 0x1D02, 0x1D02, 0x1D02, 0x1CE2, 0x1CE2, 0x1CE2, 0x1CE2, 0x1CE2, 0x1CE1, 0x1CE1, 0x1CE1, 0x1CE1, 0x1CE1, 0x14E1, 0x14E1,
    0x1CE1, 0x1CC1, 0x14A0, 0x0C80, 0x1CA1, 0x3D05, 0x4D08, 0x2C64, 0x0BA0, 0x0B40, 0x0240, 0x0120, 0x0881, 0x1061, 0x0861, 0x0861,
    0x0861, 0x0020, 0x0820, 0x4A69, 0x8410, 0x7BEF, 0x8410, 0x2945, 0x2124, 0x8430, 0x8430, 0x8410, 0x8410, 0x8410, 0x8410, 0x8410,
    0x8410, 0x8410, 0x8410, 0x8410, 0x8430, 0x8430, 0x8410, 0x8410, 0x8410, 0x8430, 0x8430, 0x8430, 0x8430, 0x8430, 0x8430, 0x8430,
    0x8410, 0x8410, 0x8430, 0x8C30, 0x8430, 0x8430, 0x8430, 0x8430, 0x8410, 0x8410, 0x8430, 0x8C51, 0x8430, 0x8430, 0x8430, 0x8C51,
    0x8C51, 0x8C51, 0x8C71, 0x8C51, 0x8C51, 0x8C51, 0x8C71, 0x8C71, 0x8C51, 0x8C51, 0x8C51, 0x8C51, 0x8C51, 0x8C51, 0x8C51, 0x8C51,
    0x8C51, 0x8C51, 0x8C51, 0x8C51, 0x8C51, 0x8C51, 0x8C71, 0x8C51, 0x8C51, 0x8C51, 0x8C51, 0x8C51, 0x8C51, 0x8C51, 0x8C71, 0x8C71,
    0x8C71, 0x8C51, 0x8C71, 0x8C71, 0x8C71, 0x8C51, 0x8C51, 0x8430, 0x8430, 0x2104, 0xB5B6, 0xFFFF, 0xFFFF, 0xFFFF, 0xFFFF, 0xFFFF,
    0xFFFF, 0xFFFF, 0xFFFF, 0xFFFF, 0xFFFF, 0xFFFF, 0xFFFF, 0xFFFF, 0xFFFF, 0xFFFF, 0xFFFF, 0xFFFF, 0xFFFF, 0xFFFF, 0xFFFF, 0xFFFF,
    0xFFFF, 0xFFFF, 0xFFFF, 0xFFFF, 0xFFFF, 0xFFFF, 0xFFFF, 0xFFFF, 0xFFFF, 0xFFFF, 0xFFFF, 0xFFFF, 0xFFFF, 0xFFFF, 0xFFFF, 0xFFFF,
    0xFFFF, 0xFFFF, 0xFFFF, 0xFFFF, 0xFFFF, 0xFFFF, 0xFFFF, 0xFFFF, 0xFFFF, 0xFFFF, 0xFFFF, 0xFFFF, 0xFFFF, 0xFFFF, 0xFFFF, 0xFFFF,
    0xFFFF, 0xFFFF, 0xFFFF, 0xFFFF, 0xFFFF, 0xFFFF, 0xFFFF, 0xFFFF, 0xFFFF, 0xFFFF, 0xFFFF, 0xFFFF, 0xFFFF, 0xFFFF, 0xFFFF, 0xFFFF,
    0xFFFF, 0xFFFF, 0xFFFF, 0xFFDF, 0xFFFF, 0x94B2, 0x39E7, 0x94B2, 0xC638, 0x9CF3, 0x9CF3, 0x9CF3, 0xA514, 0xA514, 0xA514, 0xA514,
    0xAD55, 0xAD55, 0xAD55, 0xAD55, 0xA534, 0xA534, 0xA534, 0xA534, 0xA514, 0xA514, 0xA514, 0xA514, 0xA514, 0xA514, 0xA514, 0x9CF3,
    0x9CF3, 0x9CF3, 0x9CF3, 0x9CD3, 0x9CD3, 0x9CF3, 0x9CD3, 0x9CD3, 0x9CD3, 0x9CF3, 0xA513, 0x9CF3, 0x9CF3, 0x9CF3, 0x9CD3, 0x9CD3,
    0x9CD3, 0x94B2, 0xA4F4, 0x9CD3, 0x94B2, 0x94B3, 0x94B2, 0x9492, 0x94B2, 0x94B2, 0x94B2, 0x9CD3, 0x94B2, 0x94B2, 0x9CD3, 0x94B2,
    0x94B2, 0x9CD3, 0x9CD3, 0x9CD3, 0x9CD3, 0x94B2, 0x94B2, 0x94B2, 0x9492, 0x9492, 0x94B2, 0x94B2, 0x9492, 0x9492, 0x9492, 0x9492,
    0x8C71, 0x9492, 0x8C51, 0x18C3, 0x39C7, 0x8C51, 0x8410, 0x738E, 0x18E3, 0x0000, 0x1082, 0x10A2, 0x1082, 0x10A2, 0x1082, 0x0901,
    0x0280, 0x0BC0, 0x4D47, 0x868E, 0x6E6B, 0x35A3, 0x1540, 0x1D60, 0x2581, 0x2561, 0x1D61, 0x1D61, 0x2562, 0x2562, 0x1D41, 0x1D21,
    0x1D21, 0x1D21, 0x1D21, 0x1D21, 0x1D21, 0x1D21, 0x1D42, 0x2542, 0x2542, 0x2542, 0x2542, 0x2542, 0x2542, 0x2542, 0x2542, 0x2522,
    0x2522, 0x2522, 0x2522, 0x2522, 0x1D02, 0x1D02, 0x1D02, 0x1D02, 0x1D02, 0x1D02, 0x1CE2, 0x1CE2, 0x1D01, 0x1D01, 0x1CE1, 0x1CE1,
    0x1CE1, 0x1CE1, 0x1CE1, 0x1CE1, 0x1CC1, 0x14A0, 0x1CC1, 0x3505, 0x3CC5, 0x1C01, 0x0BA0, 0x0B00, 0x01A0, 0x08A1, 0x0861, 0x0841,
    0x0841, 0x0841, 0x0020, 0x0000, 0x39E7, 0x83EF, 0x7BEF, 0x8430, 0x2945, 0x2945, 0x8430, 0x8410, 0x8410, 0x8410, 0x8430, 0x8430,
    0x8410, 0x8410, 0x8410, 0x8430, 0x8430, 0x8410, 0x8430, 0x8410, 0x8410, 0x8410, 0x8410, 0x8430, 0x8430, 0x8430, 0x8430, 0x8410,
    0x8430, 0x8430, 0x8430, 0x8C51, 0x8C51, 0x8430, 0x8430, 0x8430, 0x8430, 0x8410, 0x8C51, 0x8C51, 0x8430, 0x8430, 0x8C51, 0x8C31,
    0x8431, 0x8C51, 0x8C51, 0x8430, 0x8C50, 0x8C71, 0x8C71, 0x8C71, 0x8C50, 0x8C51, 0x8430, 0x8C51, 0x8C51, 0x8C51, 0x8C51, 0x8C50,
    0x8C51, 0x8C51, 0x8C51, 0x8C51, 0x8C51, 0x8C71, 0x8C71, 0x8430, 0x8450, 0x8C51, 0x8C51, 0x8C51, 0x8C51, 0x8C71, 0x8C71, 0x8C71,
    0x8C71, 0x8C51, 0x8C51, 0x8C51, 0x8C51, 0x8C71, 0x8C71, 0x8430, 0x8C30, 0x39E7, 0x7BAE, 0xFFFF, 0xFFDF, 0xFFFF, 0xFFFF, 0xFFFF,
    0xFFFF, 0xFFFF, 0xFFFF, 0xFFFF, 0xFFFF, 0xFFFF, 0xFFFF, 0xFFFF, 0xFFFF, 0xFFFF, 0xFFFF, 0xFFFF, 0xFFFF, 0xFFFF, 0xFFFF, 0xFFFF,
    0xFFFF, 0xFFFF, 0xFFFF, 0xFFFF, 0xFFFF, 0xFFFF, 0xFFFF, 0xFFFF, 0xFFFF, 0xFFFF, 0xFFFF, 0xFFFF, 0xFFFF, 0xFFFF, 0xFFFF, 0xFFFF,
    0xFFFF, 0xFFFF, 0xFFFF, 0xFFFF, 0xFFFF, 0xFFFF, 0xFFFF, 0xFFFF, 0xFFFF, 0xFFFF, 0xFFFF, 0xFFFF, 0xFFFF, 0xFFFF, 0xFFFF, 0xFFFF,
    0xFFFF, 0xFFFF, 0xFFFF, 0xFFFF, 0xFFFF, 0xFFFF, 0xFFFF, 0xFFFF, 0xFFFF, 0xFFFF, 0xFFFF, 0xFFFF, 0xFFFF, 0xFFFF, 0xFFFF, 0xFFFF,
    0xFFFF, 0xFFFF, 0xFFFF, 0xFFDF, 0xFFFF, 0x6B6D, 0x528A, 0xA514, 0xB596, 0x9CD3, 0xA514, 0x9CF3, 0x9CF3, 0x9CF3, 0xA534, 0x9CF3,
    0xA514, 0xA534, 0xA534, 0xAD55, 0xA534, 0xA514, 0xA534, 0xA514, 0x9CF3, 0xA514, 0x9CF3, 0x9CD3, 0x9CD3, 0x9CD3, 0x9CD3, 0x9CF3,
    0xA514, 0x9CF3, 0xA514, 0x9CD3, 0xA514, 0x9CF3, 0x9CF3, 0x9CD3, 0x9CD3, 0x9CD3, 0x9CF3, 0x9CF3, 0x9CF3, 0x9CF3, 0x9CD3, 0x94B2,
    0x94B2, 0x94B2, 0x9CD3, 0x9CF3, 0x9CD3, 0x94B2, 0x94B2, 0x9492, 0x94B2, 0x94B2, 0x9492, 0x94B2, 0x9CB3, 0x94D3, 0x94B2, 0x9CD3,
    0x94B2, 0x9CD3, 0x94B2, 0x94B2, 0x94B2, 0x94B2, 0x94B2, 0x94B2, 0x94B2, 0x94B2, 0x94B2, 0x9492, 0x94B2, 0x8C71, 0x9492, 0x8C71,
    0x9492, 0x94B2, 0x18E3, 0x3165, 0x8C50, 0x8430, 0x738E, 0x10A2, 0x0000, 0x1082, 0x1082, 0x1082, 0x10A2, 0x10A1, 0x01A0, 0x0B80,
    0x24C2, 0x762C, 0x7EAD, 0x3DC5, 0x1560, 0x1D80, 0x2581, 0x2582, 0x2581, 0x2582, 0x2581, 0x1D61, 0x1D61, 0x1D41, 0x1D21, 0x1D21,
    0x1D21, 0x1D21, 0x1D41, 0x1D42, 0x2542, 0x2542, 0x2542, 0x2562, 0x2563, 0x2562, 0x2562, 0x2563, 0x2563, 0x2563, 0x2563, 0x2543,
    0x2542, 0x2543, 0x2543, 0x2543, 0x2522, 0x2522, 0x2522, 0x2522, 0x1D22, 0x1D02, 0x1D02, 0x1D02, 0x1D02, 0x1D01, 0x1D01, 0x1D01,
    0x1D01, 0x1D01, 0x1D01, 0x1D02, 0x1CE1, 0x1CE1, 0x14E1, 0x14A0, 0x1CC2, 0x2CC3, 0x1C21, 0x0BC0, 0x0B80, 0x0240, 0x00E0, 0x0841,
    0x0841, 0x0841, 0x0840, 0x0820, 0x0000, 0x31A6, 0x840F, 0x7BCF, 0x840F, 0x2104, 0x31A6, 0x8C51, 0x8410, 0x8410, 0x8430, 0x8410,
    0x8430, 0x8430, 0x8430, 0x8C51, 0x8430, 0x8430, 0x8410, 0x8430, 0x8430, 0x8410, 0x8410, 0x8410, 0x8430, 0x8430, 0x8430, 0x8430,
    0x8430, 0x8C51, 0x8430, 0x8430, 0x8430, 0x8430, 0x8430, 0x8430, 0x8430, 0x8410, 0x8430, 0x8C51, 0x8C51, 0x8430, 0x8C51, 0x8C51,
    0x8C51, 0x8C51, 0x8C51, 0x8C51, 0x8C51, 0x8C51, 0x8C51, 0x8C51, 0x8C51, 0x8C51, 0x8C51, 0x8C51, 0x8C51, 0x8C51, 0x8C50, 0x8430,
    0x8C51, 0x8C51, 0x8C51, 0x8C30, 0x8430, 0x8C71, 0x8C71, 0x8C51, 0x8C51, 0x8C51, 0x8C51, 0x8C71, 0x8C51, 0x8C51, 0x8C51, 0x8C71,
    0x8C71, 0x8C71, 0x8C51, 0x8C51, 0x8C71, 0x8C51, 0x8C51, 0x8C51, 0x8430, 0x630C, 0x39C7, 0xFFDF, 0xFFFF, 0xFFFF, 0xFFFF, 0xFFFF,
    0xFFFF, 0xFFFF, 0xFFFF, 0xFFFF, 0xFFFF, 0xFFFF, 0xFFFF, 0xFFFF, 0xFFFF, 0xFFFF, 0xFFFF, 0xFFFF, 0xFFFF, 0xFFFF, 0xFFFF, 0xFFFF,
    0xFFFF, 0xFFFF, 0xFFFF, 0xFFFF, 0xFFFF, 0xFFFF, 0xFFFF, 0xFFFF, 0xFFFF, 0xFFFF, 0xFFFF, 0xFFFF, 0xFFFF, 0xFFFF, 0xFFFF, 0xFFFF,
    0xFFFF, 0xFFFF, 0xFFFF, 0xFFFF, 0xFFFF, 0xFFFF, 0xFFFF, 0xFFFF, 0xFFFF, 0xFFFF, 0xFFFF, 0xFFFF, 0xFFFF, 0xFFFF, 0xFFFF, 0xFFFF,
    0xFFFF, 0xFFFF, 0xFFFF, 0xFFFF, 0xFFFF, 0xFFFF, 0xFFFF, 0xFFFF, 0xFFFF, 0xFFFF, 0xFFFF, 0xFFFF, 0xFFFF, 0xFFFF, 0xFFFF, 0xFFFF,
    0xFFFF, 0xFFFF, 0xFFFF, 0xFFFF, 0xFFDF, 0x4A49, 0x6B6D, 0xAD75, 0xA534, 0x9CF3, 0xA534, 0xA534, 0xAD55, 0xA534, 0xAD55, 0xA514,
    0x9CF3, 0xA514, 0xA514, 0xA534, 0xA534, 0xA534, 0xA514, 0xA514, 0xA534, 0xA534, 0xA534, 0xA514, 0x9CF3, 0x9CD3, 0x9CD3, 0x9CD3,
    0x9CF3, 0x9CD3, 0x9CF3, 0x9CD3, 0x9CF3, 0x9CF3, 0x9CD3, 0x9CF3, 0x9CF3, 0xA514, 0x9CF3, 0x9CF3, 0x9CF3, 0x9CD3, 0x9CD3, 0x94B2,
    0x94B2, 0x94B2, 0x94B2, 0x9492, 0x94B2, 0x94B2, 0x94B2, 0x94B2, 0x94B2, 0x94B2, 0x8C71, 0x94B2, 0x94B2, 0x94B2, 0x94B2, 0x94B2,
    0x94B2, 0x94B2, 0x94B2, 0x94B2, 0x94B2, 0x9492, 0x94B2, 0x94B2, 0x94B2, 0x9492, 0x9492, 0x9492, 0x94B2, 0x9492, 0x9492, 0x8C71,
    0x9CD3, 0x2965, 0x31A6, 0x8C71, 0x8430, 0x738E, 0x1082, 0x0020, 0x1082, 0x1082, 0x1082, 0x1082, 0x08A1, 0x0A41, 0x1C42, 0x4506,
    0x7E6E, 0x5E29, 0x1D61, 0x1D80, 0x25A1, 0x25A2, 0x25A2, 0x25A2, 0x25A2, 0x2582, 0x1D61, 0x1D41, 0x1D21, 0x1D41, 0x1D41, 0x1D42,
    0x1D42, 0x1D42, 0x2542, 0x2562, 0x2562, 0x2562, 0x2563, 0x2563, 0x2563, 0x2563, 0x2563, 0x2563, 0x2563, 0x2D83, 0x2583, 0x2583,
    0x2583, 0x2563, 0x2563, 0x2543, 0x2543, 0x2543, 0x2542, 0x2542, 0x2522, 0x2522, 0x2522, 0x1D22, 0x1D22, 0x1D22, 0x1D22, 0x1D02,
    0x1D02, 0x1D01, 0x1D01, 0x1D01, 0x1D01, 0x1D01, 0x1CE1, 0x1CE1, 0x14C1, 0x14C1, 0x1CA1, 0x1440, 0x0BE0, 0x0BA0, 0x0AA0, 0x0140,
    0x0860, 0x0821, 0x0020, 0x0020, 0x0841, 0x0000, 0x31A6, 0x7BEF, 0x7BCF, 0x7BEF, 0x2104, 0x4208, 0x8C71, 0x840F, 0x8410, 0x8410,
    0x8410, 0x8430, 0x8430, 0x8430, 0x8430, 0x8430, 0x8430, 0x8430, 0x8430, 0x8410, 0x8410, 0x8430, 0x8430, 0x8430, 0x8C30, 0x8C51,
    0x8430, 0x8430, 0x8410, 0x8430, 0x8430, 0x8430, 0x8430, 0x8430, 0x8430, 0x8430, 0x8C51, 0x8430, 0x8C51, 0x8C51, 0x8C51, 0x8C31,
    0x8C51, 0x8C51, 0x8C51, 0x8C71, 0x8C71, 0x8C51, 0x8C71, 0x8C51, 0x8C71, 0x8C51, 0x8C30, 0x8C50, 0x8C51, 0x8430, 0x8C51, 0x8C51,
    0x8C51, 0x8C51, 0x8430, 0x8C51, 0x8430, 0x8C51, 0x8C71, 0x8C51, 0x8C51, 0x8C51, 0x8C51, 0x8C51, 0x8C51, 0x8C51, 0x8C51, 0x8C71,
    0x8C51, 0x8C71, 0x8C71, 0x8C51, 0x8C51, 0x8C51, 0x8C51, 0x8450, 0x8430, 0x83EF, 0x18C3, 0xCE59, 0xFFFF, 0xFFFF, 0xFFFF, 0xFFFF,
    0xFFFF, 0xFFFF, 0xFFFF, 0xFFFF, 0xFFFF, 0xFFFF, 0xFFFF, 0xFFFF, 0xFFFF, 0xFFFF, 0xFFFF, 0xFFFF, 0xFFFF, 0xFFFF, 0xFFFF, 0xFFFF,
    0xFFFF, 0xFFFF, 0xFFFF, 0xFFFF, 0xFFFF, 0xFFFF, 0xFFFF, 0xFFFF, 0xFFFF, 0xFFFF, 0xFFFF, 0xFFFF, 0xFFFF, 0xFFFF, 0xFFFF, 0xFFFF,
    0xFFFF, 0xFFFF, 0xFFFF, 0xFFFF, 0xFFFF, 0xFFFF, 0xFFFF, 0xFFFF, 0xFFFF, 0xFFFF, 0xFFFF, 0xFFFF, 0xFFFF, 0xFFFF, 0xFFFF, 0xFFFF,
    0xFFFF, 0xFFFF, 0xFFFF, 0xFFFF, 0xFFFF, 0xFFFF, 0xFFFF, 0xFFFF, 0xFFFF, 0xFFFF, 0xFFFF, 0xFFFF, 0xFFFF, 0xFFFF, 0xFFFF, 0xFFFF,
    0xFFFF, 0xFFFF, 0xFFFF, 0xFFFF, 0xD69A, 0x3185, 0x8430, 0xB5B6, 0xA534, 0xA514, 0xA514, 0xAD55, 0xAD55, 0xA534, 0xA534, 0xA514,
    0x9CF3, 0xA514, 0xA534, 0xA514, 0xA534, 0xA514, 0xA513, 0xA534, 0xA514, 0xA514, 0xA514, 0x9CF3, 0x9CD3, 0x9CD3, 0x9CD3, 0x9CD3,
    0x9CD3, 0x94B2, 0x94B2, 0x94B2, 0x9CD3, 0x9CD3, 0x9492, 0x9492, 0x9CD3, 0x9CD3, 0x9CD3, 0x9CF3, 0x9CF3, 0x94B2, 0x94B2, 0x94B2,
    0x94B2, 0x94B2, 0x94B2, 0x94B2, 0x94B2, 0x94B2, 0x94B2, 0x9492, 0x9492, 0x9492, 0x9492, 0x9492, 0x94B2, 0x9492, 0x9492, 0x8C71,
    0x8C71, 0x9492, 0x9492, 0x9492, 0x9492, 0x9492, 0x9492, 0x94B2, 0x9CD2, 0x94B2, 0x94B2, 0x94B2, 0x94B2, 0x94B2, 0x8C71, 0x9CD3,
    0x39E7, 0x2124, 0x94B2, 0x8C51, 0x7BEF, 0x10A2, 0x0020, 0x1082, 0x0861, 0x1082, 0x1082, 0x00C0, 0x12C2, 0x3D05, 0x658A, 0x7E4D,
    0x3DA4, 0x1D60, 0x2581, 0x25A1, 0x25A1, 0x25A2, 0x25C2, 0x25A2, 0x1D81, 0x1D61, 0x1D41, 0x1D41, 0x1D41, 0x1D41, 0x1D62, 0x1D62,
    0x2562, 0x2562, 0x2563, 0x2563, 0x2563, 0x2583, 0x2D83, 0x2583, 0x2583, 0x2D83, 0x2D83, 0x2D83, 0x2D83, 0x2D83, 0x2D83, 0x2D83,
    0x2D83, 0x2D83, 0x2D83, 0x2563, 0x2563, 0x2563, 0x2563, 0x2563, 0x2543, 0x2543, 0x2542, 0x2542, 0x2542, 0x2522, 0x1D42, 0x1D42,
    0x1D22, 0x1D22, 0x1D21, 0x1D01, 0x1D01, 0x1D01, 0x1D01, 0x1CE1, 0x1CE1, 0x1CE1, 0x14C1, 0x14C1, 0x1461, 0x13C0, 0x13A1, 0x0B00,
    0x0160, 0x0060, 0x0020, 0x0020, 0x0020, 0x0020, 0x0000, 0x39C7, 0x7BEF, 0x7BEF, 0x7BAF, 0x1082, 0x5ACB, 0x8C71, 0x83EF, 0x8410,
    0x8430, 0x8410, 0x8410, 0x83EF, 0x8410, 0x8430, 0x8430, 0x8430, 0x8430, 0x8410, 0x8410, 0x8430, 0x8430, 0x8430, 0x8430, 0x8430,
    0x8430, 0x8430, 0x8410, 0x8430, 0x8430, 0x8C51, 0x8C30, 0x8430, 0x8C30, 0x8430, 0x8431, 0x8C51, 0x8430, 0x8410, 0x8430, 0x8430,
    0x8C51, 0x8C51, 0x8C71, 0x8C71, 0x8C71, 0x8C71, 0x8C51, 0x8C51, 0x8C71, 0x8C30, 0x8430, 0x8430, 0x8430, 0x8430, 0x8430, 0x8430,
    0x8431, 0x8C51, 0x8C51, 0x8C51, 0x8C51, 0x8C51, 0x8C51, 0x8C51, 0x8C71, 0x8C51, 0x8C51, 0x8C51, 0x8C51, 0x8C51, 0x8C51, 0x8C30,
    0x8430, 0x8C51, 0x8C71, 0x8C71, 0x8C71, 0x8C51, 0x8430, 0x8C51, 0x8C51, 0x8C51, 0x2124, 0x8C71, 0xFFFF, 0xFFDF, 0xFFFF, 0xFFFF,
    0xFFFF, 0xFFFF, 0xFFFF, 0xFFFF, 0xFFFF, 0xFFFF, 0xFFFF, 0xFFFF, 0xFFFF, 0xFFFF, 0xFFFF, 0xFFFF, 0xFFFF, 0xFFFF, 0xFFFF, 0xFFFF,
    0xFFFF, 0xFFFF, 0xFFFF, 0xFFFF, 0xFFFF, 0xFFFF, 0xFFFF, 0xFFFF, 0xFFFF, 0xFFFF, 0xFFFF, 0xFFFF, 0xFFFF, 0xFFFF, 0xFFFF, 0xFFFF,
    0xFFFF, 0xFFFF, 0xFFFF, 0xFFFF, 0xFFFF, 0xFFFF, 0xFFFF, 0xFFFF, 0xFFFF, 0xFFFF, 0xFFFF, 0xFFFF, 0xFFFF, 0xFFFF, 0xFFFF, 0xFFFF,
    0xFFFF, 0xFFFF, 0xFFFF, 0xFFFF, 0xFFFF, 0xFFFF, 0xFFFF, 0xFFFF, 0xFFFF, 0xFFFF, 0xFFFF, 0xFFFF, 0xFFFF, 0xFFFF, 0xFFFF, 0xFFFF,
    0xFFFF, 0xFFFF, 0xFFDF, 0xFFFF, 0xA534, 0x31A6, 0x8C71, 0xB5B6, 0xA514, 0x9CF3, 0xA514, 0xA534, 0xA514, 0xA514, 0xA514, 0xA514,
    0xA514, 0xA514, 0xA514, 0xA514, 0xA514, 0xA514, 0x9CF3, 0x9CF3, 0xA4F4, 0xA514, 0xA514, 0xA514, 0xA4F3, 0x9CD3, 0x9CF3, 0x9CD3,
    0x94B2, 0x9CD3, 0x9CD3, 0x9CD3, 0x9CF3, 0x94B2, 0x94B2, 0x94B2, 0x94B2, 0x9CD3, 0x9CD3, 0x9CF3, 0x9CD3, 0x94B2, 0x94B2, 0x94B2,
    0x94B2, 0x9CD2, 0x9CB3, 0x94B2, 0x9492, 0x94B2, 0x94B2, 0x9CB2, 0x9CD3, 0x9492, 0x94B2, 0x9492, 0x9492, 0x9492, 0x9492, 0x9492,
    0x9492, 0x8C71, 0x9492, 0x9492, 0x8C71, 0x9492, 0x9492, 0x9492, 0x94B2, 0x94B2, 0x94B2, 0x94B2, 0x94B2, 0x9492, 0x9CF3, 0x632C,
    0x1082, 0x9492, 0x8410, 0x8430, 0x2945, 0x0000, 0x1082, 0x0861, 0x0861, 0x1082, 0x00C0, 0x12E2, 0x4D47, 0x6DCC, 0x65EA, 0x2562,
    0x1D80, 0x25A1, 0x25A1, 0x25C1, 0x25C2, 0x25C2, 0x2581, 0x1D61, 0x1D61, 0x1D61, 0x1D61, 0x1D61, 0x1D62, 0x2562, 0x2582, 0x2583,
    0x2582, 0x2582, 0x2583, 0x2583, 0x2D83, 0x2D83, 0x2DA3, 0x2DA3, 0x2DA3, 0x2DA3, 0x2DA4, 0x2DA4, 0x2DA4, 0x2DA4, 0x2DA4, 0x2DA4,
    0x2DA4, 0x2DA4, 0x2D84, 0x2D83, 0x2D83, 0x2D83, 0x2D83, 0x2D63, 0x2563, 0x2563, 0x2563, 0x2563, 0x2563, 0x2543, 0x2542, 0x2542,
    0x1D42, 0x1D22, 0x1D22, 0x1D02, 0x1D01, 0x1D01, 0x1D01, 0x1D01, 0x1D01, 0x1CE1, 0x14E1, 0x14C1, 0x14C1, 0x1461, 0x13E0, 0x13A0,
    0x0B20, 0x0160, 0x0040, 0x0000, 0x0000, 0x0000, 0x0020, 0x0000, 0x4A49, 0x7BEF, 0x7BEF, 0x5AEB, 0x0861, 0x73AE, 0x8C51, 0x8410,
    0x8430, 0x8430, 0x8430, 0x8430, 0x8430, 0x8410, 0x8430, 0x8C30, 0x8430, 0x8C30, 0x8430, 0x8430, 0x8430, 0x8410, 0x8430, 0x8430,
    0x8430, 0x8430, 0x8430, 0x8430, 0x8430, 0x8430, 0x8C31, 0x8C30, 0x8430, 0x8430, 0x8430, 0x8C51, 0x8C51, 0x8430, 0x8430, 0x8430,
    0x8410, 0x8C51, 0x8C71, 0x8C71, 0x8C71, 0x8C71, 0x8C51, 0x8C51, 0x8C51, 0x8C51, 0x8C51, 0x8C51, 0x8C51, 0x8C71, 0x8C51, 0x8C51,
    0x8C51, 0x8431, 0x8C51, 0x8C51, 0x8C51, 0x8C51, 0x8C51, 0x8C51, 0x8C71, 0x8C51, 0x8C51, 0x8C51, 0x8C30, 0x8C51, 0x8C51, 0x8430,
    0x8C51, 0x8C51, 0x8C51, 0x8C51, 0x8C71, 0x8C51, 0x8C51, 0x8C51, 0x8430, 0x8C51, 0x4228, 0x4A69, 0xFFFF, 0xFFFF, 0xFFFF, 0xFFFF,
    0xFFFF, 0xFFFF, 0xFFFF, 0xFFFF, 0xFFFF, 0xFFFF, 0xFFFF, 0xFFFF, 0xFFFF, 0xFFFF, 0xFFFF, 0xFFFF, 0xFFFF, 0xFFFF, 0xFFFF, 0xFFFF,
    0xFFFF, 0xFFFF, 0xFFFF, 0xFFFF, 0xFFFF, 0xFFFF, 0xFFFF, 0xFFFF, 0xFFFF, 0xFFFF, 0xFFFF, 0xFFFF, 0xFFFF, 0xFFFF, 0xFFFF, 0xFFFF,
    0xFFFF, 0xFFFF, 0xFFFF, 0xFFFF, 0xFFFF, 0xFFFF, 0xFFFF, 0xFFFF, 0xFFFF, 0xFFFF, 0xFFFF, 0xFFFF, 0xFFFF, 0xFFFF, 0xFFFF, 0xFFFF,
    0xFFFF, 0xFFFF, 0xFFFF, 0xFFFF, 0xFFFF, 0xFFFF, 0xFFFF, 0xFFFF, 0xFFFF, 0xFFFF, 0xFFFF, 0xFFFF, 0xFFFF, 0xFFFF, 0xFFFF, 0xFFFF,
    0xFFFF, 0xFFFF, 0xFFDF, 0xFFFF, 0x7BEF, 0x4A69, 0x9CB2, 0xAD75, 0x9CF3, 0x9CF3, 0x9CF3, 0x9CF3, 0xA514, 0xA514, 0x9CF4, 0xA534,
    0xA514, 0xA514, 0x9CF3, 0xA4F3, 0xAD34, 0xA514, 0xA514, 0x9CF3, 0xA514, 0x9CF3, 0x9CF3, 0x9CF3, 0xA514, 0xA514, 0xA514, 0x9CF3,
    0x9CD3, 0x9CF3, 0x9CD3, 0x94B2, 0x9CD3, 0x9CD3, 0x9CD3, 0x94B2, 0x94B2, 0x94B2, 0x94B2, 0x9CD3, 0x94B2, 0x94B2, 0x9CD3, 0x94B2,
    0x9CB2, 0x9CD3, 0x94B2, 0x94B2, 0x94B2, 0x9CD3, 0x9492, 0x94B2, 0x9CD3, 0x9CD3, 0x94B2, 0x94B2, 0x9492, 0x9492, 0x9492, 0x9492,
    0x9492, 0x9492, 0x9492, 0x9492, 0x94B2, 0x94B2, 0x9492, 0x9492, 0x9492, 0x94B2, 0x9492, 0x94B2, 0x9492, 0x94B2, 0x8C51, 0x1082,
    0x7BEF, 0x9471, 0x8430, 0x39C7, 0x0000, 0x1082, 0x0861, 0x0881, 0x1082, 0x00E0, 0x1B03, 0x5569, 0x6DCC, 0x4D87, 0x1D40, 0x25A1,
    0x25A1, 0x25C1, 0x25C2, 0x25C2, 0x25C1, 0x2581, 0x1D61, 0x1D61, 0x1D61, 0x1D82, 0x1D82, 0x2582, 0x2582, 0x2582, 0x2583, 0x2583,
    0x25A3, 0x25A3, 0x2DA3, 0x2DA3, 0x2DA3, 0x2DA3, 0x2DA3, 0x2DA4, 0x2DA4, 0x2DA4, 0x2DA4, 0x2DC4, 0x2DC4, 0x2DC4, 0x2DA4, 0x2DA4,
    0x2DA4, 0x2DA4, 0x2DA4, 0x2DA4, 0x2DA4, 0x2DA4, 0x2D84, 0x2D84, 0x2D83, 0x2D83, 0x2D84, 0x2D63, 0x2563, 0x2563, 0x2563, 0x2543,
    0x2543, 0x1D42, 0x1D42, 0x1D22, 0x1D02, 0x1D01, 0x1D01, 0x1D01, 0x1D01, 0x1D01, 0x14E1, 0x14C1, 0x14C1, 0x14C1, 0x1440, 0x13E0,
    0x13A0, 0x0B20, 0x0180, 0x0040, 0x0000, 0x0000, 0x0000, 0x0000, 0x0020, 0x62EB, 0x7BCF, 0x840F, 0x39C7, 0x2104, 0x8C51, 0x7BEF,
    0x8410, 0x8430, 0x8C51, 0x8C51, 0x8410, 0x840F, 0x8410, 0x8430, 0x8430, 0x8430, 0x8430, 0x8410, 0x8410, 0x8430, 0x8430, 0x8C51,
    0x8430, 0x8430, 0x8430, 0x8430, 0x8430, 0x8430, 0x8430, 0x8C51, 0x8430, 0x8410, 0x8430, 0x8430, 0x8430, 0x8C30, 0x8430, 0x8C51,
    0x8C51, 0x8C31, 0x8C71, 0x8C71, 0x9492, 0x8C71, 0x8C51, 0x8C51, 0x8C51, 0x8C51, 0x8C71, 0x8C51, 0x8C71, 0x8C71, 0x8C51, 0x8C51,
    0x8C51, 0x8430, 0x8C51, 0x8C51, 0x8C51, 0x8C51, 0x8C51, 0x8C51, 0x8C71, 0x8C71, 0x8C51, 0x8450, 0x8C51, 0x8C51, 0x8C50, 0x8C51,
    0x8C51, 0x8C51, 0x8C51, 0x8C51, 0x8C51, 0x8C51, 0x8C51, 0x8C51, 0x8C51, 0x8430, 0x6B4D, 0x1903, 0xE73C, 0xFFFF, 0xFFFF, 0xFFFF,
    0xFFFF, 0xFFFF, 0xFFFF, 0xFFFF, 0xFFFF, 0xFFFF, 0xFFFF, 0xFFFF, 0xFFFF, 0xFFFF, 0xFFFF, 0xFFFF, 0xFFFF, 0xFFFF, 0xFFFF, 0xFFFF,
    0xFFFF, 0xFFFF, 0xFFFF, 0xFFFF, 0xFFFF, 0xFFFF, 0xFFFF, 0xFFFF, 0xFFFF, 0xFFFF, 0xFFFF, 0xFFFF, 0xFFFF, 0xFFFF, 0xFFFF, 0xFFFF,
    0xFFFF, 0xFFFF, 0xFFFF, 0xFFFF, 0xFFFF, 0xFFFF, 0xFFFF, 0xFFFF, 0xFFFF, 0xFFFF, 0xFFFF, 0xFFFF, 0xFFFF, 0xFFFF, 0xFFFF, 0xFFFF,
    0xFFFF, 0xFFFF, 0xFFFF, 0xFFFF, 0xFFFF, 0xFFFF, 0xFFFF, 0xFFFF, 0xFFFF, 0xFFFF, 0xFFFF, 0xFFFF, 0xFFFF, 0xFFFF, 0xFFFF, 0xFFFF,
    0xFFFF, 0xFFFF, 0xFFFF, 0xFFFF, 0x5ACB, 0x6B4D, 0xA514, 0xAD55, 0x9CB2, 0x9CF3, 0x9CF3, 0x9CF3, 0xA534, 0xAD55, 0xAD55, 0xAD55,
    0x9CF3, 0x9D13, 0xA514, 0xA514, 0xA514, 0xA514, 0x9CF3, 0xA514, 0xA514, 0x9CF3, 0x9CD3, 0x9CD3, 0x9CD3, 0x9CF3, 0x9CF3, 0x9CD3,
    0x9CD3, 0x9CB2, 0x94B2, 0x94B2, 0x9CD3, 0x9CF3, 0x9CD3, 0x94B2, 0x94B2, 0x9CD3, 0x9CD3, 0x9CD3, 0x94B2, 0x9492, 0x94B2, 0x94B2,
    0x9CD3, 0x9CD3, 0x9CB2, 0x9CB2, 0x94B2, 0x94B2, 0x9492, 0x9492, 0x8C71, 0x8C71, 0x9492, 0x94B2, 0x94B2, 0x9492, 0x9492, 0x8C71,
    0x9492, 0x9492, 0x9492, 0x9492, 0x9492, 0x9492, 0x9492, 0x9492, 0x9492, 0x9492, 0x9471, 0x94B2, 0x9492, 0x9CD3, 0x2124, 0x4A69,
    0x9CF3, 0x8430, 0x5ACB, 0x0000, 0x0861, 0x0861, 0x0861, 0x1082, 0x08C0, 0x1AE2, 0x658B, 0x6D8B, 0x3D45, 0x1D20, 0x25A1, 0x25A1,
    0x25C1, 0x25C2, 0x25C2, 0x25C1, 0x1DA1, 0x1D81, 0x1D81, 0x2581, 0x1D82, 0x2582, 0x25A2, 0x2582, 0x2582, 0x25A3, 0x25A3, 0x2DA3,
    0x2DA3, 0x2DA3, 0x2DA3, 0x2DA4, 0x2DA4, 0x2DA4, 0x2DC4, 0x2DC4, 0x2DC4, 0x2DC4, 0x35C4, 0x35C4, 0x35C4, 0x35C4, 0x35C4, 0x35C4,
    0x35C4, 0x35C4, 0x35C4, 0x35C4, 0x35C4, 0x35C4, 0x2DA4, 0x2DA4, 0x2DA4, 0x2D84, 0x2D84, 0x2D84, 0x2D84, 0x2D83, 0x2583, 0x2563,
    0x2563, 0x2543, 0x2542, 0x1D22, 0x1D22, 0x1D22, 0x1D22, 0x1D21, 0x1D01, 0x1D01, 0x1D01, 0x1CE1, 0x1CE1, 0x14E1, 0x14A1, 0x1420,
    0x13E0, 0x0BC0, 0x0B00, 0x0160, 0x0020, 0x0000, 0x0000, 0x0000, 0x0000, 0x1082, 0x738E, 0x7BCF, 0x7BEF, 0x18C3, 0x4A49, 0x8C51,
    0x7BEF, 0x8410, 0x8410, 0x8410, 0x8410, 0x8410, 0x8410, 0x8410, 0x8410, 0x8410, 0x8430, 0x8410, 0x8430, 0x8C30, 0x8430, 0x8430,
    0x8410, 0x8430, 0x8C50, 0x8430, 0x8430, 0x8430, 0x8430, 0x8C30, 0x8430, 0x8410, 0x8410, 0x8430, 0x8410, 0x8C51, 0x8C51, 0x8C51,
    0x8C51, 0x8C51, 0x8C71, 0x8C51, 0x8C51, 0x8C51, 0x8C51, 0x8C51, 0x8C51, 0x8C71, 0x8C51, 0x8C71, 0x8C71, 0x8C51, 0x8C51, 0x8C51,
    0x8C51, 0x8430, 0x8C51, 0x8C51, 0x8C51, 0x8C51, 0x8C51, 0x8C71, 0x8C71, 0x8C51, 0x8C71, 0x8430, 0x8C51, 0x8430, 0x8C51, 0x8C51,
    0x8C51, 0x8C51, 0x8C51, 0x8430, 0x8C30, 0x8C51, 0x8C51, 0x8C51, 0x8C51, 0x8410, 0x7BEF, 0x18E3, 0xB596, 0xFFFF, 0xFFDF, 0xFFFF,
    0xFFFF, 0xFFFF, 0xFFFF, 0xFFFF, 0xFFFF, 0xFFFF, 0xFFFF, 0xFFFF, 0xFFFF, 0xFFFF, 0xFFFF, 0xFFFF, 0xFFFF, 0xFFFF, 0xFFFF, 0xFFFF,
    0xFFFF, 0xFFFF, 0xFFFF, 0xFFFF, 0xFFFF, 0xFFFF, 0xFFFF, 0xFFFF, 0xFFFF, 0xFFFF, 0xFFFF, 0xFFFF, 0xFFFF, 0xFFFF, 0xFFFF, 0xFFFF,
    0xFFFF, 0xFFFF, 0xFFFF, 0xFFFF, 0xFFFF, 0xFFFF, 0xFFFF, 0xFFFF, 0xFFFF, 0xFFFF, 0xFFFF, 0xFFFF, 0xFFFF, 0xFFFF, 0xFFFF, 0xFFFF,
    0xFFFF, 0xFFFF, 0xFFFF, 0xFFFF, 0xFFFF, 0xFFFF, 0xFFFF, 0xFFFF, 0xFFFF, 0xFFFF, 0xFFFF, 0xFFFF, 0xFFFF, 0xFFFF, 0xFFFF, 0xFFFF,
    0xFFFF, 0xFFFF, 0xFFFF, 0xE71C, 0x39C7, 0x7BEF, 0xA534, 0xAD55, 0x9CD3, 0x9CD3, 0xA514, 0xA514, 0xA534, 0xAD55, 0xAD75, 0xA534,
    0xA534, 0xA534, 0xA514, 0xA514, 0x9CF3, 0xA514, 0xA514, 0xA514, 0xA514, 0x9CD3, 0x9CF3, 0x9CD3, 0x9CD3, 0x9CD3, 0x9CD3, 0x94B2,
    0x9CD3, 0x9CD3, 0x94B2, 0x94B2, 0x9CD3, 0x9CF3, 0x94B2, 0x94B2, 0x94B2, 0x9CD2, 0x9CD3, 0x9CD3, 0x9CD3, 0x94B2, 0x94B2, 0x94B2,
    0x94B2, 0x94B2, 0x9CD3, 0x9CD2, 0x9492, 0x8C71, 0x9492, 0x9492, 0x9492, 0x9492, 0x9492, 0x94B2, 0x94B2, 0x9492, 0x8C71, 0x8C71,
    0x9472, 0x8C71, 0x9492, 0x8C71, 0x9492, 0x9492, 0x9492, 0x9492, 0x9492, 0x9471, 0x9492, 0x9492, 0x9CF3, 0x5AEB, 0x18C3, 0x9CB2,
    0x7BEF, 0x73AE, 0x1061, 0x0000, 0x0841, 0x0861, 0x0861, 0x0881, 0x0A41, 0x656B, 0x6D8C, 0x3504, 0x1D40, 0x25A1, 0x25A1, 0x25C1,
    0x25C2, 0x25C1, 0x25A1, 0x1DA1, 0x1DA1, 0x1DA1, 0x2581, 0x25A2, 0x25A2, 0x25A2, 0x25A2, 0x25A2, 0x2583, 0x25A3, 0x2DA3, 0x2DA3,
    0x2DC4, 0x2DC4, 0x2DC4, 0x35C4, 0x35C4, 0x35C4, 0x35C4, 0x35C4, 0x35E4, 0x35E4, 0x35E4, 0x35E5, 0x35E5, 0x35E5, 0x35E5, 0x35E5,
    0x35E5, 0x35E5, 0x35E5, 0x35E5, 0x35E5, 0x35E4, 0x35C4, 0x35C4, 0x35A4, 0x2DA4, 0x2DA4, 0x2DA4, 0x2D84, 0x2D84, 0x2D83, 0x2583,
    0x2563, 0x2563, 0x2543, 0x2542, 0x1D42, 0x1D22, 0x1D22, 0x1D21, 0x1D21, 0x1D01, 0x1D01, 0x1D01, 0x1D01, 0x14E1, 0x14C1, 0x1480,
    0x1440, 0x13E0, 0x0BA0, 0x0AC0, 0x0100, 0x0000, 0x0000, 0x0000, 0x0000, 0x0000, 0x31A6, 0x7BEF, 0x7BEF, 0x632C, 0x1082, 0x738E,
    0x8410, 0x8410, 0x83EF, 0x8410, 0x8410, 0x8410, 0x8430, 0x8430, 0x8410, 0x8410, 0x8410, 0x8410, 0x8430, 0x8430, 0x8430, 0x8430,
    0x8410, 0x8430, 0x8C30, 0x8430, 0x8430, 0x8430, 0x8430, 0x8430, 0x8430, 0x8410, 0x8410, 0x8430, 0x8430, 0x8430, 0x8430, 0x8C51,
    0x8C51, 0x8C71, 0x8C71, 0x8C51, 0x8430, 0x8C51, 0x8C51, 0x8C51, 0x8C50, 0x8C51, 0x8C51, 0x8C71, 0x8C71, 0x8430, 0x8C71, 0x8C51,
    0x8C51, 0x8C51, 0x8C51, 0x8C71, 0x8C71, 0x8C51, 0x8C51, 0x8430, 0x8C51, 0x8C51, 0x8C51, 0x8C51, 0x8C51, 0x8C50, 0x8C51, 0x8C51,
    0x8C51, 0x8430, 0x8C51, 0x8C51, 0x8C51, 0x8C51, 0x8C30, 0x8430, 0x8430, 0x8410, 0x8430, 0x3186, 0x73AE, 0xFFFF, 0xFFDF, 0xFFFF,
    0xFFFF, 0xFFFF, 0xFFFF, 0xFFFF, 0xFFFF, 0xFFFF, 0xFFFF, 0xFFFF, 0xFFFF, 0xFFFF, 0xFFFF, 0xFFFF, 0xFFFF, 0xFFFF, 0xFFFF, 0xFFFF,
    0xFFFF, 0xFFFF, 0xFFFF, 0xFFFF, 0xFFFF, 0xFFFF, 0xFFFF, 0xFFFF, 0xFFFF, 0xFFFF, 0xFFFF, 0xFFFF, 0xFFFF, 0xFFFF, 0xFFFF, 0xFFFF,
    0xFFFF, 0xFFFF, 0xFFFF, 0xFFFF, 0xFFFF, 0xFFFF, 0xFFFF, 0xFFFF, 0xFFFF, 0xFFFF, 0xFFFF, 0xFFFF, 0xFFFF, 0xFFFF, 0xFFFF, 0xFFFF,
    0xFFFF, 0xFFFF, 0xFFFF, 0xFFFF, 0xFFFF, 0xFFFF, 0xFFFF, 0xFFFF, 0xFFFF, 0xFFFF, 0xFFFF, 0xFFFF, 0xFFFF, 0xFFFF, 0xFFFF, 0xFFFF,
    0xFFFF, 0xFFFF, 0xFFFF, 0xC618, 0x39E7, 0x8C51, 0x9CD3, 0x9CF3, 0x9CF3, 0x9CF3, 0x9CF3, 0xA514, 0xA534, 0xA534, 0xA534, 0xA514,
    0xA514, 0xA534, 0xA514, 0xA534, 0xA514, 0xA514, 0xA514, 0xA514, 0xA514, 0xA4F3, 0x9CF3, 0x9CF3, 0x9CF3, 0x9CF3, 0x9CD3, 0x9CB2,
    0x9CD3, 0x9CF3, 0x94B2, 0x9CD3, 0x9CF3, 0x9CF3, 0x9492, 0x94B2, 0x94B2, 0x94B2, 0x9CD3, 0x9CF3, 0x9CD3, 0x94B2, 0x9CD3, 0x94B2,
    0x94B2, 0x94B2, 0x9CD3, 0x94B2, 0x9492, 0x8C71, 0x9492, 0x9CD3, 0x9CD2, 0x94B2, 0x94B2, 0x9492, 0x9492, 0x94B2, 0x9492, 0x8C71,
    0x9492, 0x8C71, 0x9492, 0x8C71, 0x9492, 0x9472, 0x8C71, 0x8C71, 0x8C71, 0x8C71, 0x8C51, 0x9492, 0x8C71, 0x10A2, 0x7BCF, 0x8C71,
    0x7BCF, 0x2965, 0x0000, 0x0000, 0x0000, 0x0841, 0x1062, 0x0180, 0x4CC8, 0x6DAC, 0x2CC3, 0x1520, 0x25A1, 0x25C1, 0x25C1, 0x25C1,
    0x25C1, 0x1DA1, 0x1DA1, 0x1DA1, 0x25A1, 0x25A1, 0x25A2, 0x25A2, 0x25A2, 0x25A2, 0x25A2, 0x25A3, 0x2DA3, 0x2DA3, 0x2DA3, 0x2DC4,
    0x2DE4, 0x35E4, 0x35E4, 0x35C4, 0x35C4, 0x35E5, 0x35E5, 0x35E5, 0x35E5, 0x3605, 0x3605, 0x3605, 0x3605, 0x3E05, 0x3E05, 0x3E05,
    0x3E05, 0x3E05, 0x3E05, 0x3DE5, 0x35E5, 0x35E5, 0x35E5, 0x35E5, 0x35C4, 0x35C4, 0x35C4, 0x2DA4, 0x2DA4, 0x2DA4, 0x2DA4, 0x2D83,
    0x2D63, 0x2583, 0x2563, 0x2543, 0x2542, 0x2542, 0x1D42, 0x1D21, 0x1D21, 0x1D21, 0x1D01, 0x1D01, 0x1D01, 0x1D01, 0x14E1, 0x14A1,
    0x1460, 0x1420, 0x13C0, 0x13A0, 0x0A60, 0x00A0, 0x0000, 0x0000, 0x0000, 0x0000, 0x0000, 0x5ACB, 0x7BEF, 0x8410, 0x31A6, 0x2965,
    0x8C51, 0x83EF, 0x8410, 0x7BEF, 0x8410, 0x8410, 0x8430, 0x8C51, 0x8410, 0x8430, 0x8430, 0x8410, 0x8430, 0x8430, 0x8430, 0x8430,
    0x8430, 0x8430, 0x8C50, 0x8410, 0x8430, 0x8430, 0x8430, 0x8430, 0x8430, 0x8430, 0x8430, 0x8430, 0x8430, 0x8410, 0x8430, 0x8430,
    0x8C51, 0x8C51, 0x8C51, 0x8C51, 0x8C71, 0x8C71, 0x8C71, 0x8C51, 0x8C51, 0x8C51, 0x8C51, 0x8C71, 0x8C51, 0x8C51, 0x8C71, 0x8C51,
    0x8C51, 0x8C51, 0x8C51, 0x8C71, 0x94B2, 0x9492, 0x8C71, 0x8C51, 0x8C50, 0x8C51, 0x8C51, 0x8C51, 0x8C51, 0x8430, 0x8430, 0x8C51,
    0x8C51, 0x8C51, 0x8C51, 0x8430, 0x8C51, 0x8C51, 0x8C31, 0x8430, 0x8430, 0x8430, 0x8430, 0x52AA, 0x39E7, 0xFFDF, 0xFFFF, 0xFFFF,
    0xFFFF, 0xFFFF, 0xFFFF, 0xFFFF, 0xFFFF, 0xFFFF, 0xFFFF, 0xFFFF, 0xFFFF, 0xFFFF, 0xFFFF, 0xFFFF, 0xFFFF, 0xFFFF, 0xFFFF, 0xFFFF,
    0xFFFF, 0xFFFF, 0xFFFF, 0xFFFF, 0xFFFF, 0xFFFF, 0xFFFF, 0xFFFF, 0xFFFF, 0xFFFF, 0xFFFF, 0xFFFF, 0xFFFF, 0xFFFF, 0xFFFF, 0xFFFF,
    0xFFFF, 0xFFFF, 0xFFFF, 0xFFFF, 0xFFFF, 0xFFFF, 0xFFFF, 0xFFFF, 0xFFFF, 0xFFFF, 0xFFFF, 0xFFFF, 0xFFFF, 0xFFFF, 0xFFFF, 0xFFFF,
    0xFFFF, 0xFFFF, 0xFFFF, 0xFFFF, 0xFFFF, 0xFFFF, 0xFFFF, 0xFFFF, 0xFFFF, 0xFFFF, 0xFFFF, 0xFFFF, 0xFFFF, 0xFFFF, 0xFFFF, 0xFFFF,
    0xFFFF, 0xFFDF, 0xFFFF, 0x94B2, 0x4A69, 0x8C71, 0x9CD3, 0x9CD3, 0x9CD3, 0xA514, 0xA514, 0xAD54, 0xA534, 0xA514, 0xA514, 0x9CF3,
    0xA514, 0xA514, 0x9CF3, 0xA534, 0xA534, 0xA514, 0x9CF3, 0x9CF3, 0x9CF3, 0x9CF3, 0x9CD3, 0x9CD3, 0x9CF3, 0x9CF3, 0x9CF3, 0x9CD3,
    0x9CF3, 0x9CF3, 0x9CF3, 0x9CD3, 0x9CF3, 0x9CD3, 0x9CF3, 0x9CF3, 0x9CD3, 0x9CD3, 0x9CD3, 0x9CD3, 0x9CD3, 0x94B3, 0x94B2, 0x9CD3,
    0x9492, 0x9492, 0x94B2, 0x94B2, 0x94B2, 0x94B2, 0x94B2, 0x94B2, 0x9CB2, 0x9492, 0x94B2, 0x9492, 0x9492, 0x9492, 0x8C71, 0x9492,
    0x9492, 0x9492, 0x9492, 0x9492, 0x8C51, 0x8C51, 0x8C51, 0x8C51, 0x8C51, 0x8C71, 0x8C51, 0x94B2, 0x4228, 0x2965, 0x9CD3, 0x8410,
    0x5AEB, 0x0000, 0x0000, 0x0000, 0x0000, 0x0000, 0x00E0, 0x23E4, 0x75CD, 0x34C4, 0x1500, 0x2581, 0x25A1, 0x25C1, 0x25C1, 0x25C1,
    0x1DA1, 0x1DA1, 0x1DA1, 0x25A1, 0x25A2, 0x25A2, 0x25A2, 0x25A2, 0x25C3, 0x25A3, 0x25A3, 0x25A3, 0x2DC3, 0x2DC3, 0x2DC4, 0x35C4,
    0x35E4, 0x35E4, 0x35E4, 0x35E5, 0x35E5, 0x3605, 0x3605, 0x3605, 0x3E05, 0x3E25, 0x3E25, 0x3E25, 0x3E26, 0x3E26, 0x3E26, 0x3E26,
    0x3E26, 0x3E26, 0x3E26, 0x3E26, 0x3E25, 0x3E05, 0x3E05, 0x3605, 0x35E5, 0x35E5, 0x35E5, 0x35C5, 0x2DC4, 0x2DC4, 0x2DA4, 0x2DA4,
    0x2DA4, 0x2D83, 0x2563, 0x2563, 0x2563, 0x2542, 0x2542, 0x1D22, 0x1D22, 0x1D21, 0x1D21, 0x1D21, 0x1D01, 0x1D01, 0x1CE1, 0x14C1,
    0x1480, 0x1460, 0x1400, 0x13E0, 0x0BA0, 0x01E0, 0x0040, 0x0000, 0x0000, 0x0000, 0x0000, 0x18E3, 0x7BCF, 0x7BCF, 0x738E, 0x1082,
    0x6B2C, 0x8C51, 0x8410, 0x8410, 0x8410, 0x8430, 0x8410, 0x8430, 0x8430, 0x8410, 0x8C51, 0x8430, 0x8410, 0x8430, 0x8C51, 0x8C51,
    0x8410, 0x8430, 0x8430, 0x8410, 0x8410, 0x8430, 0x8430, 0x8410, 0x8430, 0x8C50, 0x8C51, 0x8430, 0x8430, 0x8C51, 0x8C51, 0x8430,
    0x8430, 0x8430, 0x8C51, 0x8C51, 0x8C51, 0x8C71, 0x8C51, 0x8C71, 0x8C71, 0x8C71, 0x8C71, 0x8C51, 0x8C51, 0x8430, 0x8C51, 0x8C71,
    0x8C71, 0x8C51, 0x8C71, 0x8C71, 0x9492, 0x9492, 0x8C71, 0x8C71, 0x8C71, 0x8C51, 0x8C51, 0x8C51, 0x8C51, 0x8C51, 0x8C51, 0x8C51,
    0x8C51, 0x8C51, 0x8C51, 0x8C51, 0x8430, 0x8430, 0x8430, 0x8C51, 0x8C51, 0x8430, 0x8410, 0x7BCF, 0x2104, 0xD69A, 0xFFFF, 0xFFFF,
    0xFFFF, 0xFFFF, 0xFFFF, 0xFFFF, 0xFFFF, 0xFFFF, 0xFFFF, 0xFFFF, 0xFFFF, 0xFFFF, 0xFFFF, 0xFFFF, 0xFFFF, 0xFFFF, 0xFFFF, 0xFFFF,
    0xFFFF, 0xFFFF, 0xFFFF, 0xFFFF, 0xFFFF, 0xFFFF, 0xFFFF, 0xFFFF, 0xFFFF, 0xFFFF, 0xFFFF, 0xFFFF, 0xFFFF, 0xFFFF, 0xFFFF, 0xFFFF,
    0xFFFF, 0xFFFF, 0xFFFF, 0xFFFF, 0xFFFF, 0xFFFF, 0xFFFF, 0xFFFF, 0xFFFF, 0xFFFF, 0xFFFF, 0xFFFF, 0xFFFF, 0xFFFF, 0xFFFF, 0xFFFF,
    0xFFFF, 0xFFFF, 0xFFFF, 0xFFFF, 0xFFFF, 0xFFFF, 0xFFFF, 0xFFFF, 0xFFFF, 0xFFFF, 0xFFFF, 0xFFFF, 0xFFFF, 0xFFFF, 0xFFFF, 0xFFFF,
    0xFFFF, 0xFFFF, 0xFFFF, 0x632C, 0x632C, 0x9492, 0xA4F3, 0xA514, 0x9CF3, 0xA534, 0xA514, 0x9CF3, 0xA514, 0xA514, 0xA534, 0xA514,
    0xA514, 0xA514, 0x9CF3, 0xA514, 0xA534, 0xA514, 0x9CF3, 0x9CF3, 0x9CD3, 0x9CF3, 0x9CD3, 0x9CD3, 0x9CD3, 0x9CF3, 0x9CD3, 0x9CD3,
    0x9CD3, 0x9CF3, 0x9CD3, 0x9CD3, 0x9CF3, 0x94B2, 0x9CD3, 0x9CF3, 0x9CD3, 0x9CD3, 0x94B2, 0x9CD3, 0x9CF3, 0x94B2, 0x94B2, 0x9CB2,
    0x94B2, 0x9492, 0x9492, 0x9492, 0x94B2, 0x9492, 0x9492, 0x9492, 0x9492, 0x94B2, 0x9492, 0x9492, 0x9492, 0x8C91, 0x8C71, 0x8C71,
    0x8C71, 0x8C51, 0x8C51, 0x8C51, 0x8C51, 0x9472, 0x8C71, 0x8C71, 0x8C71, 0x8C51, 0x9492, 0x8410, 0x0861, 0x738E, 0x8C30, 0x8430,
    0x2124, 0x0000, 0x0000, 0x0000, 0x0000, 0x0040, 0x0260, 0x5DAA, 0x4507, 0x14C0, 0x2561, 0x25A1, 0x25A1, 0x25C1, 0x25C1, 0x1DA1,
    0x1DA1, 0x1DA1, 0x25A1, 0x25A2, 0x25A2, 0x25A2, 0x25A2, 0x25C3, 0x25C3, 0x25A3, 0x25A3, 0x2DA3, 0x2DC3, 0x2DC3, 0x2DC4, 0x35E4,
    0x35E4, 0x35E4, 0x35E5, 0x3605, 0x3E05, 0x3E25, 0x3E25, 0x3E26, 0x3E26, 0x3E26, 0x3E26, 0x4626, 0x4626, 0x4646, 0x4646, 0x4626,
    0x4646, 0x4646, 0x4626, 0x4626, 0x4646, 0x3E26, 0x3E26, 0x3E06, 0x3E05, 0x3E05, 0x3605, 0x35E5, 0x35E5, 0x35C4, 0x2DC4, 0x2DC4,
    0x2DA4, 0x2DA4, 0x2D83, 0x2563, 0x2563, 0x2543, 0x2542, 0x1D42, 0x1D42, 0x1D22, 0x1D22, 0x1D21, 0x1D01, 0x1D01, 0x1D01, 0x1CE1,
    0x14C1, 0x1481, 0x1440, 0x1400, 0x13C0, 0x0B40, 0x0120, 0x0000, 0x0000, 0x0000, 0x0000, 0x0000, 0x5269, 0x7BEF, 0x8410, 0x39E7,
    0x2924, 0x8C71, 0x8410, 0x8430, 0x8430, 0x8430, 0x8C30, 0x8430, 0x8430, 0x8430, 0x8430, 0x8430, 0x8C30, 0x8C51, 0x8C51, 0x8430,
    0x8410, 0x8410, 0x8410, 0x8430, 0x8430, 0x8C30, 0x8430, 0x8C50, 0x8430, 0x8C51, 0x8C51, 0x8C51, 0x8430, 0x8C50, 0x8C51, 0x8C51,
    0x8430, 0x8C30, 0x8C51, 0x8C51, 0x8C51, 0x8C71, 0x8430, 0x8430, 0x8C51, 0x8C71, 0x8C71, 0x8C71, 0x8C71, 0x8C71, 0x8C51, 0x8C71,
    0x8C71, 0x8C51, 0x8C71, 0x8C51, 0x8C71, 0x8C71, 0x9492, 0x9471, 0x8C71, 0x8C71, 0x8C51, 0x8C51, 0x8C51, 0x8C51, 0x8C51, 0x8C71,
    0x8C51, 0x8C51, 0x8C71, 0x8C51, 0x8C51, 0x8C51, 0x8C71, 0x8C51, 0x8C71, 0x8C51, 0x8430, 0x8C71, 0x2124, 0x8C71, 0xFFFF, 0xFFDF,
    0xFFFF, 0xFFFF, 0xFFFF, 0xFFFF, 0xFFFF, 0xFFFF, 0xFFFF, 0xFFFF, 0xFFFF, 0xFFFF, 0xFFFF, 0xFFFF, 0xFFFF, 0xFFFF, 0xFFFF, 0xFFFF,
    0xFFFF, 0xFFFF, 0xFFFF, 0xFFFF, 0xFFFF, 0xFFFF, 0xFFFF, 0xFFFF, 0xFFFF, 0xFFFF, 0xFFFF, 0xFFFF, 0xFFFF, 0xFFFF, 0xFFFF, 0xFFFF,
    0xFFFF, 0xFFFF, 0xFFFF, 0xFFFF, 0xFFFF, 0xFFFF, 0xFFFF, 0xFFFF, 0xFFFF, 0xFFFF, 0xFFFF, 0xFFFF, 0xFFFF, 0xFFFF, 0xFFFF, 0xFFFF,
    0xFFFF, 0xFFFF, 0xFFFF, 0xFFFF, 0xFFFF, 0xFFFF, 0xFFFF, 0xFFFF, 0xFFFF, 0xFFFF, 0xFFFF, 0xFFFF, 0xFFFF, 0xFFFF, 0xFFFF, 0xFFFF,
    0xFFFF, 0xFFFF, 0xF79E, 0x4A48, 0x7BEF, 0x9CB3, 0xA534, 0xA514, 0xA514, 0xA514, 0x9CF3, 0xA514, 0xA514, 0xA514, 0xA534, 0xA534,
    0xA514, 0xAD55, 0xA534, 0xA514, 0xA514, 0xA534, 0xA514, 0xA514, 0x9D13, 0x9CF3, 0x9CF3, 0x9CF3, 0x9CD3, 0x9CD3, 0x9CF3, 0x9CD3,
    0x9CD3, 0x9CF3, 0x9CF3, 0x9CD3, 0x9CF3, 0x94B2, 0x94B2, 0x94B2, 0x94B2, 0x9CD3, 0x9CD2, 0x94B2, 0x9CD3, 0x9492, 0x9CD3, 0x9CD3,
    0x94B2, 0x94B2, 0x9CD3, 0x9CD3, 0x94B2, 0x9492, 0x9492, 0x9492, 0x9492, 0x9492, 0x9492, 0x8C72, 0x8C71, 0x94B2, 0x9492, 0x8C71,
    0x8C71, 0x8C71, 0x8C71, 0x8C51, 0x8C71, 0x9472, 0x8C71, 0x9492, 0x8C71, 0x8C71, 0x9CD3, 0x4228, 0x2986, 0x8C51, 0x7BF0, 0x630C,
    0x0000, 0x0000, 0x0000, 0x0000, 0x0000, 0x0120, 0x3465, 0x5D89, 0x1460, 0x1D21, 0x2581, 0x25A1, 0x25A1, 0x25A1, 0x1DA1, 0x1DA1,
    0x1DA1, 0x25A1, 0x25A2, 0x25A2, 0x25A2, 0x25C2, 0x25C3, 0x25C3, 0x2DC3, 0x2DC3, 0x2DC3, 0x2DC3, 0x2DC4, 0x2DE4, 0x35C4, 0x35E4,
    0x3605, 0x3605, 0x3E05, 0x3E05, 0x3E25, 0x3E46, 0x4646, 0x4646, 0x4646, 0x4646, 0x4666, 0x4667, 0x4647, 0x4647, 0x4647, 0x4667,
    0x4667, 0x4667, 0x4667, 0x4667, 0x4646, 0x4646, 0x4646, 0x3E26, 0x3E26, 0x3E26, 0x3E05, 0x3605, 0x3605, 0x35E4, 0x35E4, 0x35C4,
    0x2DC4, 0x2DA4, 0x2D84, 0x2583, 0x2563, 0x2563, 0x2543, 0x2542, 0x1D42, 0x1D42, 0x1D22, 0x1D22, 0x1D21, 0x1501, 0x1501, 0x1D01,
    0x1CC1, 0x1481, 0x1460, 0x1420, 0x13E0, 0x13E0, 0x0A80, 0x0060, 0x0000, 0x0000, 0x0000, 0x0000, 0x18C3, 0x7BCF, 0x7BCF, 0x738E,
    0x10A2, 0x738E, 0x8C51, 0x8430, 0x8430, 0x8430, 0x8430, 0x8C51, 0x8C51, 0x8C51, 0x8430, 0x8C51, 0x8430, 0x8C51, 0x8430, 0x8430,
    0x8410, 0x8430, 0x8430, 0x8430, 0x8430, 0x8C51, 0x8C51, 0x8C51, 0x8C51, 0x8430, 0x8430, 0x8C50, 0x8430, 0x8430, 0x8430, 0x8430,
    0x8C51, 0x8C51, 0x8C51, 0x8C71, 0x9491, 0x8C71, 0x8430, 0x8430, 0x8C51, 0x8C71, 0x8C51, 0x8C51, 0x8C71, 0x8C51, 0x8C51, 0x8C71,
    0x8C71, 0x8C71, 0x8C71, 0x8C71, 0x8C71, 0x8C71, 0x8C71, 0x8C71, 0x9492, 0x8C71, 0x8C71, 0x8C71, 0x8C71, 0x8C71, 0x8C71, 0x8C71,
    0x8C71, 0x8C51, 0x8C71, 0x8C71, 0x8C71, 0x8C71, 0x8C71, 0x8C51, 0x8C51, 0x8C51, 0x8430, 0x8C51, 0x4A49, 0x4A69, 0xFFFF, 0xFFFF,
    0xFFFF, 0xFFFF, 0xFFFF, 0xFFFF, 0xFFFF, 0xFFFF, 0xFFFF, 0xFFFF, 0xFFFF, 0xFFFF, 0xFFFF, 0xFFFF, 0xFFFF, 0xFFFF, 0xFFFF, 0xFFFF,
    0xFFFF, 0xFFFF, 0xFFFF, 0xFFFF, 0xFFFF, 0xFFFF, 0xFFFF, 0xFFFF, 0xFFFF, 0xFFFF, 0xFFFF, 0xFFFF, 0xFFFF, 0xFFFF, 0xFFFF, 0xFFFF,
    0xFFFF, 0xFFFF, 0xFFFF, 0xFFFF, 0xFFFF, 0xFFFF, 0xFFFF, 0xFFFF, 0xFFFF, 0xFFFF, 0xFFFF, 0xFFFF, 0xFFFF, 0xFFFF, 0xFFFF, 0xFFFF,
    0xFFFF, 0xFFFF, 0xFFFF, 0xFFFF, 0xFFFF, 0xFFFF, 0xFFFF, 0xFFFF, 0xFFFF, 0xFFFF, 0xFFFF, 0xFFFF, 0xFFFF, 0xFFFF, 0xFFFF, 0xFFFF,
    0xFFFF, 0xFFFF, 0xCE79, 0x39E7, 0x9492, 0x9CD3, 0xA514, 0xA514, 0xA4F3, 0xA4F3, 0x9CF3, 0xA514, 0xA514, 0xA514, 0xA534, 0xA534,
    0xAD55, 0xAD55, 0xAD55, 0xA514, 0xA514, 0xA514, 0xA4F3, 0xA514, 0x9CF3, 0x9CD3, 0x9CF3, 0x9CF3, 0x9CF3, 0x9CD3, 0x9CD3, 0x9CD3,
    0x9CD3, 0x9CD3, 0x9CF3, 0x9CF3, 0x9CD3, 0x9CD3, 0x94B2, 0x94B2, 0x9CD3, 0x9CD3, 0x9CD3, 0x9CD3, 0x9CD3, 0x9CD3, 0x9CD3, 0x9CF3,
    0x9CD3, 0x94B2, 0x94B2, 0x9CD3, 0x94B2, 0x9492, 0x94B2, 0x9492, 0x9492, 0x94B2, 0x94B2, 0x9492, 0x9492, 0x9492, 0x94B2, 0x8C71,
    0x9492, 0x9492, 0x9492, 0x9492, 0x8C71, 0x8C71, 0x8C71, 0x8C71, 0x8C71, 0x8C71, 0x8430, 0x10A2, 0x6B4D, 0x8410, 0x8410, 0x2945,
    0x0000, 0x0000, 0x0000, 0x0000, 0x0040, 0x0A80, 0x5569, 0x2482, 0x14C0, 0x2561, 0x2581, 0x25A1, 0x25A1, 0x1DA1, 0x1DA1, 0x1DA1,
    0x25A1, 0x25A2, 0x25A2, 0x25A2, 0x25A2, 0x25C2, 0x25C3, 0x2DC3, 0x2DC3, 0x2DC3, 0x2DC4, 0x2DE4, 0x2DC4, 0x35E4, 0x35E4, 0x35E4,
    0x3E05, 0x3E05, 0x3E25, 0x3E25, 0x3E26, 0x4646, 0x4666, 0x4666, 0x4667, 0x4E67, 0x4687, 0x4E87, 0x4E87, 0x4E87, 0x4E87, 0x4E87,
    0x4E87, 0x4E87, 0x4E67, 0x4E87, 0x4667, 0x4667, 0x4667, 0x4646, 0x3E46, 0x3E46, 0x3E26, 0x3E26, 0x3E05, 0x3605, 0x35E5, 0x35E4,
    0x35C4, 0x2DC4, 0x2DA4, 0x2D83, 0x2583, 0x2563, 0x2563, 0x2563, 0x2542, 0x2542, 0x1D22, 0x1D22, 0x1D22, 0x1D01, 0x1D01, 0x1D01,
    0x1CE1, 0x14A0, 0x1480, 0x1440, 0x1400, 0x1400, 0x0BA0, 0x0140, 0x0000, 0x0000, 0x0000, 0x0000, 0x0000, 0x52AA, 0x7BEF, 0x8410,
    0x39C7, 0x39C7, 0x9492, 0x8430, 0x8410, 0x8410, 0x8430, 0x8430, 0x8C51, 0x8430, 0x8430, 0x8430, 0x8430, 0x8430, 0x8430, 0x8430,
    0x8C30, 0x8C51, 0x8C51, 0x8430, 0x8430, 0x8430, 0x8C51, 0x8C51, 0x8C51, 0x8C51, 0x8C51, 0x8C51, 0x8C51, 0x8C30, 0x8C51, 0x8C51,
    0x8C51, 0x8C51, 0x8C51, 0x9492, 0x8C71, 0x8C71, 0x8C51, 0x8C51, 0x8C51, 0x8C71, 0x8C51, 0x8C51, 0x8C71, 0x8C51, 0x8C51, 0x8C51,
    0x8C51, 0x8C51, 0x8C51, 0x8C51, 0x8C51, 0x8C51, 0x8C51, 0x8C51, 0x8C71, 0x8C71, 0x8C51, 0x8C51, 0x8C51, 0x8C51, 0x8C51, 0x8C71,
    0x8C51, 0x8C71, 0x8C51, 0x8C51, 0x8C51, 0x8C51, 0x8C51, 0x8430, 0x8C51, 0x8C51, 0x8430, 0x8430, 0x738E, 0x2924, 0xEF5D, 0xFFFF,
    0xFFFF, 0xFFFF, 0xFFFF, 0xFFFF, 0xFFFF, 0xFFFF, 0xFFFF, 0xFFFF, 0xFFFF, 0xFFFF, 0xFFFF, 0xFFFF, 0xFFFF, 0xFFFF, 0xFFFF, 0xFFFF,
    0xFFFF, 0xFFFF, 0xFFFF, 0xFFFF, 0xFFFF, 0xFFFF, 0xFFFF, 0xFFFF, 0xFFFF, 0xFFFF, 0xFFFF, 0xFFFF, 0xFFFF, 0xFFFF, 0xFFFF, 0xFFFF,
    0xFFFF, 0xFFFF, 0xFFFF, 0xFFFF, 0xFFFF, 0xFFFF, 0xFFFF, 0xFFFF, 0xFFFF, 0xFFFF, 0xFFFF, 0xFFFF, 0xFFFF, 0xFFFF, 0xFFFF, 0xFFFF,
    0xFFFF, 0xFFFF, 0xFFFF, 0xFFFF, 0xFFFF, 0xFFFF, 0xFFFF, 0xFFFF, 0xFFFF, 0xFFFF, 0xFFFF, 0xFFFF, 0xFFFF, 0xFFFF, 0xFFFF, 0xFFFF,
    0xFFDF, 0xFFFF, 0x9CD3, 0x4228, 0x9492, 0x9CD2, 0xA514, 0xA514, 0xA514, 0x9CF3, 0x9CF3, 0x9CF3, 0xA514, 0xA514, 0xA534, 0xA514,
    0x9CF3, 0xA514, 0xA514, 0xA514, 0xA514, 0xA514, 0xA514, 0xA514, 0x9CD3, 0x9CF3, 0x9CF3, 0x9CF3, 0x9CF3, 0x9CF3, 0x9CD3, 0x94B2,
    0x9CD3, 0x9CD3, 0x9CD3, 0x94B2, 0x94B2, 0x9CD3, 0x94B2, 0x94B2, 0x9CF3, 0x9CF3, 0x9CD3, 0x9CF3, 0x9CD3, 0x9CF3, 0x9CF3, 0x9CD3,
    0x9CD3, 0x94B2, 0x94B2, 0x94B2, 0x9492, 0x94B2, 0x9492, 0x94B2, 0x9492, 0x94B2, 0x94B2, 0x94B2, 0x9492, 0x94B2, 0x94B2, 0x9492,
    0x9492, 0x9492, 0x9492, 0x8C71, 0x8C71, 0x8C71, 0x8C51, 0x8C51, 0x8C51, 0x94B2, 0x52AA, 0x2104, 0x8430, 0x8410, 0x6B4D, 0x0020,
    0x0000, 0x0000, 0x0000, 0x0000, 0x00E0, 0x3424, 0x4506, 0x1460, 0x1D01, 0x2561, 0x2581, 0x25A1, 0x25A1, 0x1DA1, 0x1DA1, 0x25A1,
    0x25C2, 0x25C2, 0x25C2, 0x25C2, 0x25A2, 0x25C3, 0x2DC3, 0x2DC3, 0x2DC3, 0x2DC3, 0x2DE4, 0x35E4, 0x35E4, 0x35E5, 0x3605, 0x3E05,
    0x3E25, 0x3E25, 0x3E26, 0x4646, 0x4646, 0x4646, 0x4667, 0x4E87, 0x4E87, 0x4E87, 0x4E87, 0x4E88, 0x4E88, 0x4E87, 0x4E87, 0x4EA8,
    0x4EA8, 0x4E88, 0x4E88, 0x4E87, 0x4E87, 0x4E87, 0x4E67, 0x4667, 0x4646, 0x4646, 0x4646, 0x3E26, 0x3E26, 0x3E05, 0x35E5, 0x35E5,
    0x35E4, 0x35C4, 0x2DA4, 0x2DA4, 0x2D83, 0x2583, 0x2563, 0x2563, 0x2563, 0x2542, 0x2542, 0x1D22, 0x1D22, 0x1D02, 0x1D01, 0x14E1,
    0x14E0, 0x14C0, 0x14A0, 0x1460, 0x1440, 0x1420, 0x1400, 0x0A60, 0x0060, 0x0000, 0x0000, 0x0000, 0x0000, 0x2924, 0x8410, 0x7BEF,
    0x6B4D, 0x18E3, 0x8430, 0x8C71, 0x8430, 0x8430, 0x8430, 0x8430, 0x8430, 0x8430, 0x8430, 0x8430, 0x8430, 0x8430, 0x8430, 0x8430,
    0x8430, 0x8430, 0x8C51, 0x8C51, 0x8C51, 0x8C51, 0x8C51, 0x8C51, 0x8C51, 0x8C51, 0x8C51, 0x8C51, 0x8C51, 0x8430, 0x8C50, 0x8C51,
    0x8430, 0x8430, 0x8C51, 0x8C71, 0x8C71, 0x8C71, 0x8C71, 0x8C51, 0x8C51, 0x8C71, 0x8C71, 0x8C71, 0x8C51, 0x8C71, 0x8C51, 0x8C51,
    0x8C51, 0x8C51, 0x8C51, 0x8C51, 0x8C51, 0x8C71, 0x8C51, 0x8C51, 0x8C71, 0x8C51, 0x8C51, 0x8C51, 0x8C51, 0x8C51, 0x8C51, 0x8C51,
    0x8C51, 0x8C51, 0x8C71, 0x8C51, 0x8430, 0x8430, 0x8430, 0x8C51, 0x8430, 0x8C30, 0x8C51, 0x8430, 0x8410, 0x18C3, 0xAD55, 0xFFFF,
    0xFFDF, 0xFFFF, 0xFFFF, 0xFFFF, 0xFFFF, 0xFFFF, 0xFFFF, 0xFFFF, 0xFFFF, 0xFFFF, 0xFFFF, 0xFFFF, 0xFFFF, 0xFFFF, 0xFFFF, 0xFFFF,
    0xFFFF, 0xFFFF, 0xFFFF, 0xFFFF, 0xFFFF, 0xFFFF, 0xFFFF, 0xFFFF, 0xFFFF, 0xFFFF, 0xFFFF, 0xFFFF, 0xFFFF, 0xFFFF, 0xFFFF, 0xFFFF,
    0xFFFF, 0xFFFF, 0xFFFF, 0xFFFF, 0xFFFF, 0xFFFF, 0xFFFF, 0xFFFF, 0xFFFF, 0xFFFF, 0xFFFF, 0xFFFF, 0xFFFF, 0xFFFF, 0xFFFF, 0xFFFF,
    0xFFFF, 0xFFFF, 0xFFFF, 0xFFFF, 0xFFFF, 0xFFFF, 0xFFFF, 0xFFFF, 0xFFFF, 0xFFFF, 0xFFFF, 0xFFFF, 0xFFFF, 0xFFFF, 0xFFFF, 0xFFFF,
    0xFFDF, 0xFFFF, 0x630C, 0x5ACB, 0x9CD3, 0x9CF3, 0x9CF3, 0x9CF3, 0x9CF3, 0xA4F4, 0xA514, 0x9CF3, 0xA514, 0xA514, 0xA514, 0xA514,
    0x9CD3, 0x9CD3, 0x9CD3, 0x9CD3, 0x9CD3, 0xA4F3, 0xA513, 0xA4F3, 0xA514, 0xA514, 0xA514, 0x9CF3, 0xA514, 0x9CF3, 0x9CD3, 0x94B2,
    0x94B2, 0x94B2, 0x9CB3, 0x9CD3, 0x9CD3, 0x9CF3, 0x9CD3, 0x9CD3, 0x9CD3, 0x9CD3, 0x9CD3, 0x9CF3, 0x9CF3, 0x9CF3, 0x9CF3, 0x9CF3,
    0x9CF3, 0x9CD3, 0x94B2, 0x94B2, 0x94B2, 0x94B2, 0x9492, 0x9492, 0x94B2, 0x9492, 0x94B2, 0x94B2, 0x9492, 0x9492, 0x94B2, 0x9492,
    0x9492, 0x9CD3, 0x94B2, 0x8C71, 0x8C51, 0x8C71, 0x8C71, 0x8C71, 0x8C71, 0x94B2, 0x2124, 0x4A69, 0x8430, 0x8410, 0x39E7, 0x0000,
    0x0000, 0x0000, 0x0000, 0x0020, 0x01E0, 0x44E6, 0x1C61, 0x14A0, 0x1D21, 0x1D61, 0x2581, 0x25A1, 0x1D81, 0x1DA1, 0x1DA1, 0x25A1,
    0x25C2, 0x25C2, 0x25C2, 0x25C2, 0x25C3, 0x2DC3, 0x2DC3, 0x2DC3, 0x2DE4, 0x2DE4, 0x35E4, 0x35E4, 0x3605, 0x3605, 0x3E05, 0x3E25,
    0x3E25, 0x3E46, 0x4646, 0x4646, 0x4646, 0x4667, 0x4E87, 0x4E87, 0x4EA7, 0x4EA8, 0x4EA8, 0x56A8, 0x56A8, 0x56A8, 0x56A8, 0x56A8,
    0x56C8, 0x56A8, 0x56A8, 0x4EA8, 0x4EA8, 0x4EA8, 0x4E87, 0x4E87, 0x4667, 0x4667, 0x4666, 0x4646, 0x3E26, 0x3E26, 0x3E05, 0x3605,
    0x35E5, 0x35E4, 0x35C4, 0x2DC4, 0x2DA4, 0x2D83, 0x2563, 0x2563, 0x2543, 0x2543, 0x2542, 0x1D22, 0x1D22, 0x1D22, 0x1D01, 0x1501,
    0x14E1, 0x14C0, 0x1480, 0x1460, 0x1420, 0x1420, 0x1420, 0x0B80, 0x0100, 0x0000, 0x0000, 0x0000, 0x0000, 0x0020, 0x6B4D, 0x7BEF,
    0x8410, 0x2104, 0x528A, 0x8C51, 0x8410, 0x8430, 0x8430, 0x8430, 0x8430, 0x8430, 0x8430, 0x8430, 0x8430, 0x8430, 0x8430, 0x8430,
    0x8410, 0x8430, 0x8C30, 0x8430, 0x8C51, 0x8C51, 0x8C51, 0x8C71, 0x8C51, 0x8C51, 0x8C51, 0x8C51, 0x8430, 0x8430, 0x8430, 0x8C50,
    0x8C50, 0x8430, 0x8C51, 0x8C51, 0x8C71, 0x8C71, 0x8C51, 0x8C51, 0x8C71, 0x8C71, 0x8C51, 0x8C51, 0x8C51, 0x8C71, 0x8C71, 0x8C71,
    0x8C71, 0x8C50, 0x8C71, 0x8C71, 0x8C51, 0x9492, 0x8C71, 0x8430, 0x8C51, 0x8C51, 0x8C51, 0x8C51, 0x8430, 0x8C30, 0x8C51, 0x8C51,
    0x8C51, 0x8C51, 0x8C51, 0x8C51, 0x8C51, 0x8C51, 0x8430, 0x8430, 0x8430, 0x8C51, 0x8C30, 0x8430, 0x8C71, 0x31A6, 0x630C, 0xFFFF,
    0xFFDF, 0xFFFF, 0xFFFF, 0xFFFF, 0xFFFF, 0xFFFF, 0xFFFF, 0xFFFF, 0xFFFF, 0xFFFF, 0xFFFF, 0xFFFF, 0xFFFF, 0xFFFF, 0xFFFF, 0xFFFF,
    0xFFFF, 0xFFFF, 0xFFFF, 0xFFFF, 0xFFFF, 0xFFFF, 0xFFFF, 0xFFFF, 0xFFFF, 0xFFFF, 0xFFFF, 0xFFFF, 0xFFFF, 0xFFFF, 0xFFFF, 0xFFFF,
    0xFFFF, 0xFFFF, 0xFFFF, 0xFFFF, 0xFFFF, 0xFFFF, 0xFFFF, 0xFFFF, 0xFFFF, 0xFFFF, 0xFFFF, 0xFFFF, 0xFFFF, 0xFFFF, 0xFFFF, 0xFFFF,
    0xFFFF, 0xFFFF, 0xFFFF, 0xFFFF, 0xFFFF, 0xFFFF, 0xFFFF, 0xFFFF, 0xFFFF, 0xFFFF, 0xFFFF, 0xFFFF, 0xFFFF, 0xFFFF, 0xFFFF, 0xFFFF,
    0xFFFF, 0xF7BE, 0x39E7, 0x73AE, 0x9CD3, 0xA514, 0x9CF3, 0xA514, 0xA514, 0xA514, 0xA514, 0x9CD3, 0x9CD3, 0x9CF3, 0xA514, 0xA514,
    0x9CF3, 0x9CF3, 0x9CD3, 0x9CD3, 0x9CF3, 0x9CD3, 0x9CF3, 0x9CF3, 0xA534, 0xA534, 0xA534, 0xA534, 0xA534, 0x9CD3, 0x94B2, 0x94B2,
    0x9CD3, 0x94B2, 0x94B2, 0x9CD3, 0x9CD3, 0x9CF3, 0x9CD3, 0x9CD3, 0x9CD3, 0x9CD3, 0x9CD3, 0x9CF3, 0x9CF3, 0x9CF3, 0x9CF3, 0x9CD3,
    0x9CD3, 0x9CD3, 0x94B2, 0x94B2, 0x94B2, 0x94B2, 0x9492, 0x9492, 0x9492, 0x94B2, 0x9CD3, 0x94B2, 0x94B2, 0x94B2, 0x94B2, 0x94B2,
    0x94B2, 0x94B2, 0x94B2, 0x9492, 0x94B2, 0x9492, 0x8C71, 0x8C71, 0x94B2, 0x7BEF, 0x10A2, 0x7BEF, 0x8410, 0x8410, 0x10A2, 0x0000,
    0x0000, 0x0000, 0x0000, 0x0080, 0x1302, 0x2462, 0x1440, 0x1CC0, 0x1D21, 0x1D61, 0x2581, 0x1D81, 0x1D81, 0x1DA1, 0x25A1, 0x25A2,
    0x25C2, 0x25C2, 0x25C2, 0x2DC3, 0x2DC3, 0x2DC3, 0x2DC3, 0x2DC3, 0x2DE4, 0x35E4, 0x35E4, 0x35E4, 0x3605, 0x3625, 0x3E25, 0x3E25,
    0x3E46, 0x4646, 0x4646, 0x4666, 0x4667, 0x4687, 0x4E87, 0x4EA7, 0x4EA8, 0x56C8, 0x56C8, 0x56C8, 0x56C8, 0x56C8, 0x56C8, 0x56C8,
    0x56C8, 0x56C8, 0x56C8, 0x56C8, 0x56C8, 0x56A8, 0x56A8, 0x4EA8, 0x4E87, 0x4E87, 0x4667, 0x4667, 0x4646, 0x3E26, 0x3E26, 0x3E25,
    0x3E05, 0x35E5, 0x35E5, 0x35C4, 0x2DA4, 0x2D83, 0x2D83, 0x2563, 0x2563, 0x2543, 0x2542, 0x1D42, 0x2522, 0x1D22, 0x1D01, 0x1CE1,
    0x14E1, 0x14A0, 0x1460, 0x1440, 0x1440, 0x1440, 0x1420, 0x1420, 0x09E0, 0x0000, 0x0000, 0x0000, 0x0000, 0x0000, 0x39E7, 0x8410,
    0x8430, 0x4A49, 0x2965, 0x8430, 0x7BEF, 0x8410, 0x8430, 0x8430, 0x8430, 0x8430, 0x8430, 0x8430, 0x8430, 0x8410, 0x8410, 0x8430,
    0x8410, 0x8430, 0x8430, 0x8430, 0x8C51, 0x8C50, 0x8C51, 0x8C51, 0x8C51, 0x8C51, 0x8C51, 0x8C51, 0x8C30, 0x8410, 0x8410, 0x8410,
    0x8430, 0x8430, 0x8C51, 0x8C51, 0x8C71, 0x8C71, 0x8C71, 0x8C71, 0x8C71, 0x8C51, 0x8C51, 0x8C51, 0x8C51, 0x8C71, 0x8C71, 0x8C71,
    0x8C71, 0x8430, 0x8C51, 0x8C51, 0x8C51, 0x8C51, 0x8C51, 0x8430, 0x8C71, 0x8C51, 0x8430, 0x8430, 0x8430, 0x8430, 0x8430, 0x8C51,
    0x8C51, 0x8C51, 0x8C50, 0x8430, 0x8C51, 0x8C50, 0x8430, 0x8430, 0x8C30, 0x8C51, 0x8C51, 0x8430, 0x8C51, 0x630C, 0x2945, 0xF7BE,
    0xFFFF, 0xFFFF, 0xFFFF, 0xFFFF, 0xFFFF, 0xFFFF, 0xFFFF, 0xFFFF, 0xFFFF, 0xFFFF, 0xFFFF, 0xFFFF, 0xFFFF, 0xFFFF, 0xFFFF, 0xFFFF,
    0xFFFF, 0xFFFF, 0xFFFF, 0xFFFF, 0xFFFF, 0xFFFF, 0xFFFF, 0xFFFF, 0xFFFF, 0xFFFF, 0xFFFF, 0xFFFF, 0xFFFF, 0xFFFF, 0xFFFF, 0xFFFF,
    0xFFFF, 0xFFFF, 0xFFFF, 0xFFFF, 0xFFFF, 0xFFFF, 0xFFFF, 0xFFFF, 0xFFFF, 0xFFFF, 0xFFFF, 0xFFFF, 0xFFFF, 0xFFFF, 0xFFFF, 0xFFFF,
    0xFFFF, 0xFFFF, 0xFFFF, 0xFFFF, 0xFFFF, 0xFFFF, 0xFFFF, 0xFFFF, 0xFFFF, 0xFFFF, 0xFFFF, 0xFFFF, 0xFFFF, 0xFFFF, 0xFFFF, 0xFFFF,
    0xFFFF, 0xDEDB, 0x31A7, 0x8430, 0x9CD3, 0xA514, 0xA514, 0x9CF3, 0xA514, 0xA514, 0xA534, 0xA514, 0xA514, 0x9CF3, 0xA514, 0xA514,
    0xA514, 0xA534, 0xA514, 0x9CF3, 0x9CF3, 0x9CD3, 0x9CD3, 0x9CF3, 0xA514, 0xA514, 0x9CF3, 0x9CD3, 0x9CD3, 0x9CD3, 0x9CD3, 0x9CD3,
    0x9CD3, 0x9CD3, 0x9CD3, 0x94B2, 0x94B2, 0x94B2, 0x94B2, 0x94B2, 0x9CF3, 0x9CD3, 0x9CD3, 0x9CD3, 0x9CD3, 0x9CD3, 0x9CF3, 0x9CF3,
    0x9CD3, 0x9CD3, 0x94B2, 0x9492, 0x9471, 0x9492, 0x9492, 0x9492, 0x9492, 0x9CB2, 0x94B2, 0x9CD3, 0x94B2, 0x94B2, 0x9492, 0x94B2,
    0x94B2, 0x94B2, 0x94B2, 0x9492, 0x94B2, 0x94B2, 0x8C71, 0x8C71, 0x9CD3, 0x4A69, 0x2965, 0x9492, 0x8410, 0x736D, 0x0000, 0x0000,
    0x0000, 0x0000, 0x0000, 0x0100, 0x1BA1, 0x1440, 0x1460, 0x1CE0, 0x1D41, 0x1D61, 0x1D81, 0x1D81, 0x1D81, 0x25A1, 0x25A2, 0x25A2,
    0x25C2, 0x25C2, 0x25C3, 0x2DC3, 0x2DC3, 0x2DC3, 0x2DC3, 0x2DE4, 0x35E4, 0x35E4, 0x35E4, 0x3604, 0x3605, 0x3625, 0x3E25, 0x3E25,
    0x4666, 0x4666, 0x4666, 0x4666, 0x4E87, 0x4E87, 0x4EA7, 0x4EC8, 0x56C8, 0x56C8, 0x56C8, 0x56C9, 0x5EC9, 0x5EE9, 0x5EE9, 0x5EE9,
    0x5EE9, 0x5EE9, 0x5EE9, 0x5EE9, 0x5EC9, 0x5EC9, 0x56C8, 0x56A8, 0x56A8, 0x4E87, 0x4E87, 0x4E67, 0x4667, 0x4646, 0x4646, 0x3E26,
    0x3E05, 0x3605, 0x35E5, 0x35C4, 0x35C4, 0x2DA4, 0x2D83, 0x2D63, 0x2563, 0x2563, 0x2543, 0x2542, 0x2522, 0x1D02, 0x1D01, 0x1CE1,
    0x14E1, 0x14A0, 0x1480, 0x1440, 0x1420, 0x1420, 0x1420, 0x0C40, 0x0AA0, 0x0060, 0x0000, 0x0000, 0x0000, 0x0000, 0x18A3, 0x7BCF,
    0x8410, 0x6B6D, 0x18C3, 0x7BCF, 0x8430, 0x8410, 0x8430, 0x8430, 0x8430, 0x8430, 0x8430, 0x8C51, 0x8C51, 0x8431, 0x8430, 0x8430,
    0x8430, 0x8430, 0x8430, 0x8C51, 0x8C51, 0x8C51, 0x8C51, 0x8C51, 0x8C51, 0x8C51, 0x8C51, 0x8C30, 0x8C51, 0x8C30, 0x8410, 0x8410,
    0x8430, 0x8430, 0x8430, 0x8C30, 0x8C51, 0x8C51, 0x8C51, 0x8C51, 0x8430, 0x8C50, 0x8C51, 0x8C51, 0x8C51, 0x8C51, 0x8C71, 0x8C51,
    0x8C51, 0x8430, 0x8C51, 0x8C71, 0x8C71, 0x8C31, 0x8C51, 0x8C51, 0x8C51, 0x8C51, 0x8C51, 0x8C51, 0x8C51, 0x8430, 0x8410, 0x8C30,
    0x8430, 0x8430, 0x8C30, 0x8C50, 0x8C51, 0x8C51, 0x8430, 0x8430, 0x8430, 0x8C51, 0x8430, 0x8430, 0x8430, 0x7BEF, 0x1082, 0xC618,
    0xFFFF, 0xFFFF, 0xFFFF, 0xFFFF, 0xFFFF, 0xFFFF, 0xFFFF, 0xFFFF, 0xFFFF, 0xFFFF, 0xFFFF, 0xFFFF, 0xFFFF, 0xFFFF, 0xFFFF, 0xFFFF,
    0xFFFF, 0xFFFF, 0xFFFF, 0xFFFF, 0xFFFF, 0xFFFF, 0xFFFF, 0xFFFF, 0xFFFF, 0xFFFF, 0xFFFF, 0xFFFF, 0xFFFF, 0xFFFF, 0xFFFF, 0xFFFF,
    0xFFFF, 0xFFFF, 0xFFFF, 0xFFFF, 0xFFFF, 0xFFFF, 0xFFFF, 0xFFFF, 0xFFFF, 0xFFFF, 0xFFFF, 0xFFFF, 0xFFFF, 0xFFFF, 0xFFFF, 0xFFFF,
    0xFFFF, 0xFFFF, 0xFFFF, 0xFFFF, 0xFFFF, 0xFFFF, 0xFFFF, 0xFFFF, 0xFFFF, 0xFFFF, 0xFFFF, 0xFFFF, 0xFFFF, 0xFFFF, 0xFFFF, 0xFFDF,
    0xFFFF, 0xAD55, 0x39E7, 0x9492, 0x9CD3, 0xA514, 0x9CF3, 0x9CD3, 0x9CF3, 0x9CD3, 0x9CF3, 0x9CF3, 0x9CF3, 0x9CD3, 0x9CF3, 0x9CF3,
    0xA514, 0xA514, 0xA4F4, 0xA4F3, 0x9CF3, 0x9CD3, 0x9CD3, 0x9CF3, 0xA514, 0xA514, 0x9CF3, 0x9CD3, 0x94B2, 0x9CD3, 0x94B2, 0x94B2,
    0x9CB3, 0x9CF3, 0x9CD3, 0x9CD3, 0x94B2, 0x94B2, 0x94B2, 0x94B2, 0x94B2, 0x94B2, 0x94B2, 0x9CD3, 0x9CD3, 0x94B2, 0x9CD3, 0x9CF3,
    0x9CD3, 0x9CD3, 0x9CD3, 0x94B2, 0x9492, 0x9492, 0x9492, 0x9492, 0x9492, 0x9471, 0x9492, 0x9492, 0x94B2, 0x9492, 0x9471, 0x9492,
    0x94B2, 0x9492, 0x9492, 0x9471, 0x94B2, 0x94B2, 0x8C71, 0x8C71, 0x9CD3, 0x2945, 0x5AEB, 0x9492, 0x8C71, 0x4A69, 0x0000, 0x0000,
    0x0000, 0x0000, 0x0000, 0x0160, 0x13C0, 0x1440, 0x1C80, 0x1D00, 0x1D61, 0x1D61, 0x1D81, 0x1D81, 0x1DA1, 0x25A1, 0x25A2, 0x25A2,
    0x25C2, 0x25C2, 0x2DC3, 0x2DC3, 0x2DC3, 0x2DC3, 0x2DC3, 0x2DC4, 0x35E4, 0x35E4, 0x3605, 0x3605, 0x3605, 0x3E25, 0x3E25, 0x3E46,
    0x4666, 0x4666, 0x4687, 0x4E87, 0x4EA7, 0x4EA7, 0x56C8, 0x56C8, 0x56E8, 0x56E9, 0x5EE9, 0x5EE9, 0x5F09, 0x5F09, 0x5F09, 0x5F09,
    0x5F09, 0x5F09, 0x5F09, 0x5F09, 0x5F09, 0x5EE9, 0x5EE9, 0x56C9, 0x56C8, 0x4EA8, 0x4EA7, 0x4E87, 0x4687, 0x4667, 0x4646, 0x4646,
    0x3E26, 0x3E25, 0x3605, 0x35E5, 0x35C4, 0x2DA4, 0x2DA4, 0x2D83, 0x2563, 0x2563, 0x2543, 0x2542, 0x2522, 0x1D22, 0x1D01, 0x1D01,
    0x1CE1, 0x14C1, 0x1480, 0x1440, 0x1420, 0x1420, 0x1420, 0x1460, 0x0B40, 0x00A0, 0x0000, 0x0000, 0x0000, 0x0000, 0x0020, 0x736E,
    0x8410, 0x83EF, 0x18C3, 0x630C, 0x8C71, 0x8430, 0x8430, 0x8430, 0x8C51, 0x8430, 0x8430, 0x8C51, 0x8C51, 0x8C31, 0x8C51, 0x8C51,
    0x8430, 0x8430, 0x8430, 0x8430, 0x8C51, 0x8C30, 0x8C30, 0x8430, 0x8430, 0x8C30, 0x8C50, 0x8430, 0x8430, 0x8430, 0x8430, 0x8430,
    0x8430, 0x8C30, 0x8430, 0x8430, 0x8430, 0x8430, 0x8C51, 0x8C51, 0x8430, 0x8C30, 0x8C51, 0x8C51, 0x8430, 0x8430, 0x8C51, 0x8430,
    0x8C51, 0x8C51, 0x8C51, 0x8C71, 0x8C71, 0x8C51, 0x8C51, 0x8C51, 0x8C51, 0x8C51, 0x8C51, 0x8C51, 0x8C51, 0x8C51, 0x8430, 0x8430,
    0x8430, 0x8430, 0x8430, 0x8430, 0x8C50, 0x8C51, 0x8C51, 0x8C51, 0x8430, 0x8430, 0x8430, 0x8430, 0x83EF, 0x8C51, 0x2104, 0x7BEF,
    0xFFFF, 0xFFDF, 0xFFFF, 0xFFFF, 0xFFFF, 0xFFFF, 0xFFFF, 0xFFFF, 0xFFFF, 0xFFFF, 0xFFFF, 0xFFFF, 0xFFFF, 0xFFFF, 0xFFFF, 0xFFFF,
    0xFFFF, 0xFFFF, 0xFFFF, 0xFFFF, 0xFFFF, 0xFFFF, 0xFFFF, 0xFFFF, 0xFFFF, 0xFFFF, 0xFFFF, 0xFFFF, 0xFFFF, 0xFFFF, 0xFFFF, 0xFFFF,
    0xFFFF, 0xFFFF, 0xFFFF, 0xFFFF, 0xFFFF, 0xFFFF, 0xFFFF, 0xFFFF, 0xFFFF, 0xFFFF, 0xFFFF, 0xFFFF, 0xFFFF, 0xFFFF, 0xFFFF, 0xFFFF,
    0xFFFF, 0xFFFF, 0xFFFF, 0xFFFF, 0xFFFF, 0xFFFF, 0xFFFF, 0xFFFF, 0xFFFF, 0xFFFF, 0xFFFF, 0xFFFF, 0xFFFF, 0xFFFF, 0xFFFF, 0xFFDF,
    0xFFFF, 0x73AE, 0x528A, 0x94B2, 0x9CD3, 0x9CF3, 0x9CD3, 0x9CD3, 0x9CF3, 0x9D13, 0x9CF3, 0x9CD3, 0x9CD3, 0x9CD3, 0x9CF3, 0x9CF3,
    0x9CF3, 0xA514, 0xA514, 0xA514, 0xA514, 0x9CD3, 0x9CD3, 0x9CF3, 0x9CF3, 0x9CF3, 0x9CF3, 0x9CD3, 0x9CD3, 0x9CF3, 0x9CD3, 0x94B2,
    0x94B2, 0x9CD3, 0x9CD3, 0x9CD3, 0x9CD3, 0x94B2, 0x94B2, 0x9CD3, 0x9CD3, 0x94B2, 0x94B2, 0x9CB2, 0x94B2, 0x9492, 0x94B2, 0x9CF3,
    0x9CD3, 0x94B2, 0x94B2, 0x9CB3, 0x9492, 0x94B2, 0x9492, 0x8C71, 0x8C71, 0x9492, 0x94B2, 0x9492, 0x9471, 0x8C71, 0x9492, 0x9492,
    0x9492, 0x9492, 0x9472, 0x9492, 0x8C71, 0x94B2, 0x94B2, 0x9492, 0x8C51, 0x18C3, 0x8C51, 0x8430, 0x94B2, 0x3186, 0x0000, 0x0000,
    0x0000, 0x0000, 0x0040, 0x01C0, 0x13E0, 0x1440, 0x1CA0, 0x1D00, 0x1D41, 0x1D61, 0x1D81, 0x1D81, 0x1DA1, 0x25A1, 0x25A2, 0x25A2,
    0x25C2, 0x2DC3, 0x2DC3, 0x2DC3, 0x2DC3, 0x2DC4, 0x2DC4, 0x2DC4, 0x35E4, 0x35E4, 0x3605, 0x3605, 0x3E05, 0x3E25, 0x3E46, 0x4646,
    0x4666, 0x4667, 0x4E87, 0x4E87, 0x4EA7, 0x4EC8, 0x56E8, 0x56E8, 0x56E9, 0x5F09, 0x5F09, 0x5F09, 0x670A, 0x672A, 0x672A, 0x672A,
    0x672A, 0x672A, 0x672A, 0x672A, 0x6709, 0x5F09, 0x5EE9, 0x5EE9, 0x56C9, 0x56C8, 0x56A8, 0x4EA8, 0x4E87, 0x4667, 0x4667, 0x4646,
    0x3E46, 0x3E25, 0x3E05, 0x35E5, 0x35C4, 0x35A4, 0x2DA4, 0x2D83, 0x2D63, 0x2563, 0x2563, 0x2543, 0x2522, 0x1D22, 0x1D01, 0x1D01,
    0x1CE1, 0x14C1, 0x1480, 0x1460, 0x1440, 0x1420, 0x1420, 0x1440, 0x0BA0, 0x0100, 0x0000, 0x0000, 0x0000, 0x0000, 0x0000, 0x5ACB,
    0x8C30, 0x8C51, 0x3186, 0x4228, 0x9492, 0x8430, 0x8430, 0x8430, 0x8430, 0x8430, 0x8430, 0x8C51, 0x8430, 0x8430, 0x8430, 0x8430,
    0x8430, 0x8430, 0x8430, 0x8C50, 0x8C51, 0x8C51, 0x8430, 0x8430, 0x8430, 0x8C50, 0x8430, 0x8430, 0x8430, 0x8430, 0x8C51, 0x8C51,
    0x8C50, 0x8C51, 0x8C51, 0x8C51, 0x8C51, 0x8C51, 0x8C51, 0x8430, 0x8C50, 0x8C51, 0x8C51, 0x8430, 0x8430, 0x8430, 0x8451, 0x8C51,
    0x8C51, 0x8C51, 0x8C71, 0x8C71, 0x8C51, 0x8C71, 0x8C71, 0x8C51, 0x8C51, 0x8430, 0x8C51, 0x8C51, 0x8C51, 0x8430, 0x8430, 0x8430,
    0x8430, 0x8410, 0x8410, 0x8410, 0x8430, 0x8430, 0x8C51, 0x8430, 0x8C30, 0x8C30, 0x8430, 0x8C51, 0x8430, 0x8C51, 0x5289, 0x4208,
    0xFFFF, 0xFFFF, 0xFFFF, 0xFFFF, 0xFFFF, 0xFFFF, 0xFFFF, 0xFFFF, 0xFFFF, 0xFFFF, 0xFFFF, 0xFFFF, 0xFFFF, 0xFFFF, 0xFFFF, 0xFFFF,
    0xFFFF, 0xFFFF, 0xFFFF, 0xFFFF, 0xFFFF, 0xFFFF, 0xFFFF, 0xFFFF, 0xFFFF, 0xFFFF, 0xFFFF, 0xFFFF, 0xFFFF, 0xFFFF, 0xFFFF, 0xFFFF,
    0xFFFF, 0xFFFF, 0xFFFF, 0xFFFF, 0xFFFF, 0xFFFF, 0xFFFF, 0xFFFF, 0xFFFF, 0xFFFF, 0xFFFF, 0xFFFF, 0xFFFF, 0xFFFF, 0xFFFF, 0xFFFF,
    0xFFFF, 0xFFFF, 0xFFFF, 0xFFFF, 0xFFFF, 0xFFFF, 0xFFFF, 0xFFFF, 0xFFFF, 0xFFFF, 0xFFFF, 0xFFFF, 0xFFFF, 0xFFFF, 0xFFFF, 0xFFFF,
    0xFFFF, 0x528A, 0x6B6D, 0x9CD3, 0xA514, 0xA514, 0x9CF3, 0xA513, 0xA534, 0xA514, 0x9CF3, 0xA514, 0x9CD3, 0x9CD3, 0x9CF3, 0x9CF3,
    0x9CF3, 0x9CF3, 0x9CF3, 0xA4F4, 0xA514, 0x9CF3, 0x9CD3, 0x9CD3, 0x9CF3, 0x9CF3, 0x9CD3, 0x9CF3, 0x9CD3, 0x94B2, 0x9CD3, 0x9CD3,
    0x9CD3, 0x94B2, 0x9CD3, 0x94B2, 0x94B2, 0x94B2, 0x94B2, 0x9CD3, 0x94B2, 0x94B2, 0x9CD3, 0x94B2, 0x94B2, 0x94B2, 0x9CD3, 0x9CD3,
    0x9CD3, 0x9CD3, 0x9492, 0x94B2, 0x94B2, 0x9492, 0x9472, 0x8C71, 0x9492, 0x9492, 0x8C71, 0x8C71, 0x9471, 0x9471, 0x9492, 0x9491,
    0x8C71, 0x8C71, 0x8C71, 0x9492, 0x8C71, 0x8C71, 0x8C71, 0x9492, 0x6B4D, 0x20E4, 0x9CF3, 0x8410, 0x8C71, 0x10A2, 0x0000, 0x0000,
    0x0000, 0x0000, 0x0040, 0x01C0, 0x1400, 0x1440, 0x1CA0, 0x1D00, 0x1D41, 0x1D60, 0x1D81, 0x1D81, 0x25A1, 0x25A2, 0x25A2, 0x25A2,
    0x25C3, 0x2DC3, 0x2DC3, 0x2DC3, 0x2DC3, 0x2DE4, 0x2DE4, 0x35E4, 0x35E4, 0x35E4, 0x3605, 0x3625, 0x3E25, 0x3E45, 0x3E46, 0x4666,
    0x4686, 0x4687, 0x4EA7, 0x4EA7, 0x4EC8, 0x56E8, 0x56E8, 0x5F09, 0x5F09, 0x5F09, 0x5F2A, 0x672A, 0x672A, 0x674A, 0x674A, 0x674A,
    0x674A, 0x674A, 0x674A, 0x674A, 0x672A, 0x670A, 0x6709, 0x5F09, 0x5EE9, 0x56C8, 0x56C8, 0x56A8, 0x4E87, 0x4E87, 0x4667, 0x4646,
    0x4646, 0x3E26, 0x3E05, 0x3605, 0x35E5, 0x35C4, 0x2DA4, 0x2DA4, 0x2D83, 0x2563, 0x2563, 0x2563, 0x2542, 0x2522, 0x1D02, 0x1D01,
    0x1CE1, 0x14C1, 0x14A0, 0x1460, 0x1440, 0x1420, 0x1420, 0x1440, 0x0BE0, 0x0140, 0x0000, 0x0000, 0x0000, 0x0000, 0x0000, 0x39C7,
    0x8C51, 0x8C51, 0x4A69, 0x3186, 0x8C71, 0x8430, 0x8C51, 0x8430, 0x8410, 0x8430, 0x8430, 0x8C51, 0x8430, 0x8430, 0x8430, 0x8430,
    0x8430, 0x8430, 0x8430, 0x8C51, 0x8C51, 0x8C50, 0x8430, 0x8430, 0x8430, 0x8430, 0x8430, 0x8430, 0x8430, 0x8C51, 0x8C51, 0x8C51,
    0x8C51, 0x8C51, 0x8C51, 0x8C51, 0x8C51, 0x8430, 0x8C51, 0x8C51, 0x8C50, 0x8C51, 0x8C51, 0x8430, 0x8430, 0x8430, 0x8430, 0x8C51,
    0x8C51, 0x8C51, 0x8C51, 0x8C51, 0x8C51, 0x8C51, 0x8C51, 0x8C51, 0x8C51, 0x8C51, 0x8430, 0x8C51, 0x8430, 0x8430, 0x8C50, 0x8430,
    0x8C50, 0x8430, 0x8C51, 0x8C51, 0x8430, 0x8410, 0x8430, 0x8430, 0x8430, 0x8430, 0x8430, 0x8430, 0x8C51, 0x8C51, 0x738E, 0x1082,
    0xD6BA, 0xFFFF, 0xFFFF, 0xFFFF, 0xFFFF, 0xFFFF, 0xFFFF, 0xFFFF, 0xFFFF, 0xFFFF, 0xFFFF, 0xFFFF, 0xFFFF, 0xFFFF, 0xFFFF, 0xFFFF,
    0xFFFF, 0xFFFF, 0xFFFF, 0xFFFF, 0xFFFF, 0xFFFF, 0xFFFF, 0xFFFF, 0xFFFF, 0xFFFF, 0xFFFF, 0xFFFF, 0xFFFF, 0xFFFF, 0xFFFF, 0xFFFF,
    0xFFFF, 0xFFFF, 0xFFFF, 0xFFFF, 0xFFFF, 0xFFFF, 0xFFFF, 0xFFFF, 0xFFFF, 0xFFFF, 0xFFFF, 0xFFFF, 0xFFFF, 0xFFFF, 0xFFFF, 0xFFFF,
    0xFFFF, 0xFFFF, 0xFFFF, 0xFFFF, 0xFFFF, 0xFFFF, 0xFFFF, 0xFFFF, 0xFFFF, 0xFFFF, 0xFFFF, 0xFFFF, 0xFFFF, 0xFFFF, 0xFFFF, 0xFFFF,
    0xE73C, 0x4228, 0x8430, 0x9CD3, 0xA514, 0x9CF3, 0x9CF3, 0x9CF3, 0xA514, 0x9CF3, 0xA4F3, 0xA514, 0x9CD3, 0x9CD3, 0x9CF3, 0x9CF3,
    0xA514, 0x9CF3, 0x9CD3, 0x9CF3, 0x9CF3, 0x9CD3, 0x94B2, 0x9492, 0x9CD3, 0x9CD3, 0x9CD3, 0x9CD3, 0x9CB2, 0x9CD3, 0x9CD3, 0x9CD3,
    0x9CD3, 0x94B2, 0x94B2, 0x94B2, 0x9CD3, 0x94B2, 0x94B2, 0x94B2, 0x94B2, 0x94B2, 0x94B2, 0x9492, 0x9492, 0x9492, 0x94B2, 0x94B2,
    0x9CD3, 0x9492, 0x8C71, 0x8C71, 0x9492, 0x9492, 0x8C71, 0x8C71, 0x9492, 0x9492, 0x9492, 0x8C71, 0x8C71, 0x8C71, 0x9492, 0x8C71,
    0x8C71, 0x8C51, 0x8C71, 0x8C71, 0x8C71, 0x8C71, 0x8C71, 0x94B2, 0x5ACB, 0x39C7, 0xA534, 0x8430, 0x8430, 0x0020, 0x0000, 0x0000,
    0x0000, 0x0000, 0x0040, 0x01E0, 0x1400, 0x1440, 0x1CA0, 0x1D00, 0x1D40, 0x1D61, 0x1D81, 0x1D81, 0x25A1, 0x25A2, 0x25A2, 0x25C2,
    0x25C3, 0x2DC3, 0x2DC3, 0x2DE3, 0x2DE4, 0x2DE4, 0x35E4, 0x35E4, 0x35E4, 0x3604, 0x3605, 0x3625, 0x3E25, 0x3E46, 0x3E46, 0x4666,
    0x4687, 0x4687, 0x4EA7, 0x4EC8, 0x56C8, 0x56E8, 0x5F09, 0x5F09, 0x5F29, 0x672A, 0x672A, 0x674A, 0x6F4A, 0x6F4A, 0x6F6B, 0x6F6B,
    0x6F6B, 0x6F6B, 0x6F6B, 0x6F6A, 0x6F4A, 0x674A, 0x672A, 0x672A, 0x5F09, 0x5EE9, 0x56C9, 0x56C8, 0x4EA8, 0x4E87, 0x4667, 0x4666,
    0x4646, 0x3E26, 0x3E25, 0x3E05, 0x35E5, 0x35C4, 0x35A4, 0x2DA4, 0x2D83, 0x2D83, 0x2563, 0x2563, 0x2542, 0x2522, 0x1D02, 0x1CE1,
    0x1CE1, 0x14C1, 0x14A0, 0x1460, 0x1440, 0x1420, 0x1420, 0x1440, 0x0C00, 0x0180, 0x0000, 0x0000, 0x0000, 0x0000, 0x0000, 0x2124,
    0x8C51, 0x8C71, 0x630C, 0x2124, 0x8C51, 0x8C51, 0x8C51, 0x8430, 0x8430, 0x8430, 0x8C51, 0x8C51, 0x8C51, 0x8C51, 0x8430, 0x8430,
    0x8C30, 0x8C51, 0x8430, 0x8C30, 0x8C71, 0x8C51, 0x8C51, 0x8430, 0x8430, 0x8430, 0x8430, 0x8430, 0x8C51, 0x8C30, 0x8430, 0x8430,
    0x8410, 0x8C51, 0x8C51, 0x8C51, 0x8C51, 0x8430, 0x8430, 0x8C51, 0x8C51, 0x8C51, 0x8C51, 0x8C51, 0x8C51, 0x8C51, 0x8C51, 0x8C51,
    0x8C51, 0x8C51, 0x8430, 0x8430, 0x8C30, 0x8C30, 0x8430, 0x8C51, 0x8430, 0x8C51, 0x8430, 0x8430, 0x8430, 0x8430, 0x8430, 0x8430,
    0x8430, 0x8430, 0x8C51, 0x8C51, 0x8C51, 0x8430, 0x8C51, 0x8C51, 0x8C51, 0x8430, 0x8C30, 0x8410, 0x8430, 0x8410, 0x8430, 0x10A2,
    0x9CF3, 0xFFFF, 0xFFDF, 0xFFFF, 0xFFFF, 0xFFFF, 0xFFFF, 0xFFFF, 0xFFFF, 0xFFFF, 0xFFFF, 0xFFFF, 0xFFFF, 0xFFFF, 0xFFFF, 0xFFFF,
    0xFFFF, 0xFFFF, 0xFFFF, 0xFFFF, 0xFFFF, 0xFFFF, 0xFFFF, 0xFFFF, 0xFFFF, 0xFFFF, 0xFFFF, 0xFFFF, 0xFFFF, 0xFFFF, 0xFFFF, 0xFFFF,
    0xFFFF, 0xFFFF, 0xFFFF, 0xFFFF, 0xFFFF, 0xFFFF, 0xFFFF, 0xFFFF, 0xFFFF, 0xFFFF, 0xFFFF, 0xFFFF, 0xFFFF, 0xFFFF, 0xFFFF, 0xFFFF,
    0xFFFF, 0xFFFF, 0xFFFF, 0xFFFF, 0xFFFF, 0xFFFF, 0xFFFF, 0xFFFF, 0xFFFF, 0xFFFF, 0xFFFF, 0xFFFF, 0xFFFF, 0xFFFF, 0xFFDF, 0xFFFF,
    0xB5B6, 0x4228, 0x9491, 0x9CD3, 0x9CF3, 0x9CD3, 0x94B2, 0x9CD3, 0x9CD3, 0x9CF3, 0xA514, 0xA514, 0x9CF3, 0x9CD3, 0xA514, 0x9CF3,
    0xA514, 0x9CF3, 0x9CF3, 0x9CF3, 0x9CF3, 0x9CD3, 0x9CD3, 0x94B2, 0x9CF3, 0x9CD3, 0x9CF3, 0x9CD3, 0x9CD3, 0x9CD3, 0x9CD3, 0x9CD3,
    0x9CD3, 0x9CD3, 0x94B2, 0x9CD3, 0x94B2, 0x9CD3, 0x9CD3, 0x9CD3, 0x94B2, 0x94B2, 0x94B2, 0x94B2, 0x9492, 0x8C72, 0x94B2, 0x9492,
    0x8C71, 0x9492, 0x8C71, 0x8C71, 0x8C71, 0x9472, 0x9472, 0x9492, 0x94B2, 0x94B2, 0x94B2, 0x8C71, 0x9492, 0x9492, 0x8C71, 0x8C71,
    0x8C71, 0x8C71, 0x8C71, 0x8C71, 0x8C71, 0x8C71, 0x8430, 0x94B2, 0x4208, 0x4A49, 0xA514, 0x8C71, 0x738E, 0x0000, 0x0000, 0x0000,
    0x0000, 0x0000, 0x0060, 0x01E0, 0x1400, 0x1440, 0x14A0, 0x1D00, 0x1D40, 0x1D61, 0x1D81, 0x1D81, 0x25A2, 0x25A2, 0x25A2, 0x25A2,
    0x25C3, 0x2DC3, 0x2DE3, 0x2DE3, 0x2DE4, 0x2DE4, 0x35E4, 0x35E4, 0x3604, 0x3605, 0x3625, 0x3E25, 0x3E25, 0x3E46, 0x4666, 0x4666,
    0x4687, 0x4EA7, 0x4EC8, 0x56C8, 0x56C8, 0x56E9, 0x5F09, 0x5F09, 0x672A, 0x672A, 0x674A, 0x6F4B, 0x6F6B, 0x6F6B, 0x778B, 0x778B,
    0x778B, 0x778B, 0x6F8B, 0x6F6B, 0x6F6B, 0x674A, 0x674A, 0x672A, 0x5F0A, 0x5F09, 0x5EE9, 0x56C8, 0x56A8, 0x4EA7, 0x4E87, 0x4666,
    0x4646, 0x3E46, 0x3E26, 0x3E05, 0x3605, 0x35C5, 0x35C4, 0x2DA4, 0x2D83, 0x2D63, 0x2563, 0x2563, 0x2542, 0x2522, 0x1D02, 0x1D01,
    0x1CE1, 0x14C0, 0x14A0, 0x1460, 0x1440, 0x1420, 0x1420, 0x1420, 0x0BE0, 0x0180, 0x0020, 0x0000, 0x0000, 0x0000, 0x0000, 0x1082,
    0x8430, 0x8C51, 0x738E, 0x2104, 0x8431, 0x8C51, 0x8430, 0x8430, 0x8430, 0x8C31, 0x8C51, 0x8C71, 0x8C71, 0x8C51, 0x8C30, 0x8C51,
    0x8C51, 0x8C51, 0x8C51, 0x8430, 0x8430, 0x8430, 0x8430, 0x8430, 0x8430, 0x8430, 0x8430, 0x8C51, 0x8430, 0x8430, 0x8430, 0x8430,
    0x8430, 0x8C51, 0x8C51, 0x8C51, 0x8C51, 0x8430, 0x8430, 0x8430, 0x8C51, 0x8C51, 0x8430, 0x8430, 0x8C51, 0x8C51, 0x8C51, 0x8430,
    0x8C31, 0x8C51, 0x8430, 0x8430, 0x8C51, 0x8C51, 0x8C51, 0x8C50, 0x8C51, 0x8C51, 0x8430, 0x8430, 0x8430, 0x8430, 0x8430, 0x8430,
    0x8430, 0x8430, 0x8C51, 0x8C51, 0x8C51, 0x8C51, 0x8C51, 0x8C51, 0x8C51, 0x8C30, 0x8430, 0x8430, 0x8430, 0x8410, 0x8C71, 0x39C7,
    0x52AA, 0xFFFF, 0xFFFF, 0xFFFF, 0xFFFF, 0xFFFF, 0xFFFF, 0xFFFF, 0xFFFF, 0xFFFF, 0xFFFF, 0xFFFF, 0xFFFF, 0xFFFF, 0xFFFF, 0xFFFF,
    0xFFFF, 0xFFFF, 0xFFFF, 0xFFFF, 0xFFFF, 0xFFFF, 0xFFFF, 0xFFFF, 0xFFFF, 0xFFFF, 0xFFFF, 0xFFFF, 0xFFFF, 0xFFFF, 0xFFFF, 0xFFFF,
    0xFFFF, 0xFFFF, 0xFFFF, 0xFFFF, 0xFFFF, 0xFFFF, 0xFFFF, 0xFFFF, 0xFFFF, 0xFFFF, 0xFFFF, 0xFFFF, 0xFFFF, 0xFFFF, 0xFFFF, 0xFFFF,
    0xFFFF, 0xFFFF, 0xFFFF, 0xFFFF, 0xFFFF, 0xFFFF, 0xFFFF, 0xFFFF, 0xFFFF, 0xFFFF, 0xFFFF, 0xFFFF, 0xFFFF, 0xFFFF, 0xFFDF, 0xFFFF,
    0x8410, 0x526A, 0x94B2, 0x9CF3, 0x9CF3, 0x9CF3, 0x9CD3, 0x9CD3, 0x9CD3, 0x9CF3, 0xA514, 0xA4F3, 0x9CF3, 0xA514, 0xA514, 0x9CF3,
    0xA4F4, 0xA4F3, 0x9CF3, 0x9CD3, 0x9CD3, 0x9CD3, 0x94B2, 0x9CD3, 0x9CD3, 0x9CD3, 0x9CF3, 0x9CD3, 0x9CD3, 0x9CD3, 0x9CD3, 0x94B2,
    0x9CD3, 0x9CD3, 0x94B2, 0x9CD3, 0x9CD3, 0x9CD3, 0x94B2, 0x9CD3, 0x9CF3, 0x9CF3, 0x9CF3, 0x9CD3, 0x94B2, 0x94B2, 0x9492, 0x94B2,
    0x9492, 0x9492, 0x9492, 0x94B2, 0x9492, 0x9492, 0x9492, 0x9492, 0x94B2, 0x9492, 0x94B2, 0x9492, 0x8C71, 0x8C71, 0x8C71, 0x9471,
    0x9492, 0x8C71, 0x8C51, 0x8C71, 0x8C51, 0x8C71, 0x8430, 0x94B2, 0x39C7, 0x5ACB, 0x8C72, 0x9492, 0x630C, 0x0000, 0x0000, 0x0000,
    0x0000, 0x0000, 0x0060, 0x01E0, 0x1400, 0x1460, 0x14A0, 0x1D00, 0x1D40, 0x1D61, 0x1D81, 0x1DA1, 0x25A2, 0x25A2, 0x25A2, 0x25C3,
    0x2DC3, 0x2DC3, 0x2DE3, 0x2DE3, 0x2DE4, 0x2DE4, 0x35E4, 0x3604, 0x3604, 0x3605, 0x3625, 0x3E25, 0x3E46, 0x4646, 0x4666, 0x4687,
    0x4687, 0x4EA7, 0x4EC8, 0x56E8, 0x56E8, 0x5F09, 0x5F09, 0x6729, 0x674A, 0x674A, 0x6F6B, 0x6F6B, 0x776B, 0x778C, 0x77AC, 0x77AC,
    0x77AC, 0x77AC, 0x778B, 0x778B, 0x6F6B, 0x6F6B, 0x674A, 0x672A, 0x672A, 0x5F09, 0x5EE9, 0x56C8, 0x56C8, 0x4EA7, 0x4E87, 0x4667,
    0x4646, 0x4646, 0x3E26, 0x3E05, 0x3E05, 0x35E5, 0x35C4, 0x2DA4, 0x2D84, 0x2D83, 0x2583, 0x2563, 0x2542, 0x2522, 0x1D02, 0x1D01,
    0x1CE1, 0x14C0, 0x14A0, 0x1460, 0x1440, 0x1420, 0x1420, 0x1440, 0x0BE0, 0x0160, 0x0000, 0x0000, 0x0000, 0x0000, 0x0000, 0x1081,
    0x8430, 0x8410, 0x7BAE, 0x2124, 0x8430, 0x8C71, 0x8410, 0x8410, 0x8430, 0x8430, 0x8C51, 0x8C51, 0x8C51, 0x8430, 0x8430, 0x8430,
    0x8C51, 0x8C51, 0x8C51, 0x8C51, 0x8430, 0x8430, 0x8430, 0x8430, 0x8430, 0x8430, 0x8430, 0x8C51, 0x8410, 0x8430, 0x8430, 0x8C50,
    0x8430, 0x8430, 0x8430, 0x8430, 0x8430, 0x8430, 0x8430, 0x8C51, 0x8C51, 0x8C50, 0x8430, 0x8430, 0x8C51, 0x8C51, 0x8C51, 0x8430,
    0x8C71, 0x8C51, 0x8C51, 0x8C51, 0x8450, 0x8C51, 0x8C51, 0x8430, 0x8430, 0x8430, 0x8410, 0x8410, 0x8430, 0x8430, 0x8430, 0x8C51,
    0x8C51, 0x8C51, 0x8C51, 0x8430, 0x8C30, 0x8C51, 0x8C51, 0x8C51, 0x8C51, 0x8C51, 0x8430, 0x8430, 0x8430, 0x8430, 0x8C30, 0x5AEB,
    0x2104, 0xF79E, 0xFFFF, 0xFFFF, 0xFFFF, 0xFFFF, 0xFFFF, 0xFFFF, 0xFFFF, 0xFFFF, 0xFFFF, 0xFFFF, 0xFFFF, 0xFFFF, 0xFFFF, 0xFFFF,
    0xFFFF, 0xFFFF, 0xFFFF, 0xFFFF, 0xFFFF, 0xFFFF, 0xFFFF, 0xFFFF, 0xFFFF, 0xFFFF, 0xFFFF, 0xFFFF, 0xFFFF, 0xFFFF, 0xFFFF, 0xFFFF,
    0xFFFF, 0xFFFF, 0xFFFF, 0xFFFF, 0xFFFF, 0xFFFF, 0xFFFF, 0xFFFF, 0xFFFF, 0xFFFF, 0xFFFF, 0xFFFF, 0xFFFF, 0xFFFF, 0xFFFF, 0xFFFF,
    0xFFFF, 0xFFFF, 0xFFFF, 0xFFFF, 0xFFFF, 0xFFFF, 0xFFFF, 0xFFFF, 0xFFFF, 0xFFFF, 0xFFFF, 0xFFFF, 0xFFFF, 0xFFFF, 0xFFFF, 0xFFFF,
    0x5ACB, 0x632C, 0x94B2, 0x9CF3, 0x9CF3, 0xA4F3, 0x9CD3, 0x9CD3, 0x9CD3, 0x9CD3, 0x9CD3, 0x9CD3, 0x9CF3, 0xA514, 0x9CF3, 0xA4F3,
    0x9CF3, 0xA514, 0x9CF3, 0x9CD3, 0x9CD3, 0x9CD3, 0x9CD3, 0x9CD3, 0x9CD3, 0x9CF3, 0x9CF3, 0x9CD3, 0x9CD3, 0x9CD3, 0x9CF3, 0x9CF3,
    0xA4F3, 0x9CF3, 0x9CD3, 0x9CD3, 0x9CD3, 0x9CD3, 0x9492, 0x94B2, 0x9CD3, 0x9CF3, 0x9CD3, 0x9CD3, 0x9CD3, 0x94B2, 0x94B2, 0x94B2,
    0x9492, 0x9492, 0x9492, 0x9492, 0x94B2, 0x94B2, 0x9492, 0x9492, 0x9472, 0x8C71, 0x9492, 0x9492, 0x8C71, 0x8C71, 0x8C71, 0x9471,
    0x8C71, 0x8C51, 0x8C51, 0x8C51, 0x8C71, 0x8C71, 0x8C51, 0x94B2, 0x39E7, 0x5AAA, 0x8410, 0x9471, 0x4A69, 0x0000, 0x0000, 0x0000,
    0x0000, 0x0000, 0x0060, 0x01C0, 0x1400, 0x1460, 0x1CA0, 0x1D00, 0x1D40, 0x1D60, 0x1D81, 0x25A1, 0x25A2, 0x25A2, 0x25A2, 0x25C2,
    0x2DC3, 0x2DC3, 0x2DE3, 0x2DE3, 0x2DE4, 0x2DE4, 0x35E4, 0x3604, 0x3605, 0x3605, 0x3E25, 0x3E25, 0x3E46, 0x4666, 0x4666, 0x4687,
    0x4E87, 0x4EA7, 0x4EC8, 0x56C8, 0x56E8, 0x5F09, 0x5F29, 0x672A, 0x674A, 0x6F6B, 0x6F6B, 0x778B, 0x778C, 0x77AC, 0x7FAC, 0x7FAC,
    0x7FAC, 0x77AC, 0x77AC, 0x778C, 0x778B, 0x6F6B, 0x6F6B, 0x674A, 0x672A, 0x5F09, 0x5F09, 0x56E8, 0x56C8, 0x4EA7, 0x4EA7, 0x4E67,
    0x4646, 0x4646, 0x3E26, 0x3E05, 0x3605, 0x35E5, 0x35C4, 0x2DA4, 0x2D84, 0x2D83, 0x2583, 0x2563, 0x2542, 0x2522, 0x1D02, 0x1D01,
    0x1CE1, 0x14C0, 0x14A0, 0x1460, 0x1440, 0x1420, 0x1420, 0x1440, 0x0BA0, 0x0120, 0x0000, 0x0000, 0x0000, 0x0000, 0x0000, 0x0841,
    0x8410, 0x8410, 0x738E, 0x2103, 0x8430, 0x8C71, 0x8430, 0x8430, 0x8430, 0x8C30, 0x8C51, 0x8C51, 0x8C51, 0x8430, 0x8430, 0x8C51,
    0x8C51, 0x8C51, 0x8C51, 0x8C51, 0x8430, 0x8410, 0x8430, 0x8430, 0x8430, 0x8430, 0x8430, 0x8C51, 0x8410, 0x8430, 0x8430, 0x8C51,
    0x8430, 0x8430, 0x8C51, 0x8C51, 0x8C51, 0x8430, 0x8430, 0x8C51, 0x8430, 0x8430, 0x8430, 0x8C51, 0x8C51, 0x8C51, 0x8C51, 0x8C51,
    0x8C71, 0x8C71, 0x8C51, 0x8C51, 0x8C51, 0x8C51, 0x8C51, 0x8430, 0x8430, 0x8430, 0x8430, 0x8430, 0x8410, 0x8430, 0x8430, 0x8C51,
    0x8430, 0x8430, 0x8C51, 0x8430, 0x8430, 0x8C30, 0x8C51, 0x8430, 0x8C30, 0x8C51, 0x8430, 0x8430, 0x8410, 0x8430, 0x8410, 0x7BCF,
    0x0861, 0xC5F7, 0xFFFF, 0xFFFF, 0xFFFF, 0xFFFF, 0xFFFF, 0xFFFF, 0xFFFF, 0xFFFF, 0xFFFF, 0xFFFF, 0xFFFF, 0xFFFF, 0xFFFF, 0xFFFF,
    0xFFFF, 0xFFFF, 0xFFFF, 0xFFFF, 0xFFFF, 0xFFFF, 0xFFFF, 0xFFFF, 0xFFFF, 0xFFFF, 0xFFFF, 0xFFFF, 0xFFFF, 0xFFFF, 0xFFFF, 0xFFFF,
    0xFFFF, 0xFFFF, 0xFFFF, 0xFFFF, 0xFFFF, 0xFFFF, 0xFFFF, 0xFFFF, 0xFFFF, 0xFFFF, 0xFFFF, 0xFFFF, 0xFFFF, 0xFFFF, 0xFFFF, 0xFFFF,
    0xFFFF, 0xFFFF, 0xFFFF, 0xFFFF, 0xFFFF, 0xFFFF, 0xFFFF, 0xFFFF, 0xFFFF, 0xFFFF, 0xFFFF, 0xFFFF, 0xFFFF, 0xFFFF, 0xFFFF, 0xF79E,
    0x4229, 0x8410, 0x9CD3, 0xA514, 0x9CF3, 0x9CD3, 0x9CB2, 0x9CB3, 0x9CF3, 0x9CF3, 0x9CF3, 0x9CD3, 0x9CF3, 0xA514, 0xA514, 0xA514,
    0xA514, 0x9CF3, 0x9CD3, 0x9CF3, 0x9CF3, 0x9CD3, 0x9CD3, 0x9CF3, 0xA514, 0x9CF3, 0x9CF3, 0x94B2, 0x9CD3, 0x9CD3, 0x9CD3, 0x9CD3,
    0x9CD3, 0x9CD3, 0x9CD3, 0x94B2, 0x94B2, 0x9CB3, 0x9CD3, 0x9CD3, 0x9CD3, 0x9CF3, 0x9CD3, 0x94B2, 0x9492, 0x9492, 0x94B2, 0x94B2,
    0x9492, 0x9CD3, 0x94B2, 0x9492, 0x8C91, 0x94B2, 0x9492, 0x9492, 0x9492, 0x8C71, 0x8C71, 0x8C92, 0x8C71, 0x8C71, 0x8C71, 0x8C71,
    0x8C51, 0x8C51, 0x8C51, 0x8C71, 0x8C71, 0x8C71, 0x8C51, 0x94B2, 0x3185, 0x5AEB, 0x8430, 0x8C71, 0x39C7, 0x0000, 0x0000, 0x0000,
    0x0000, 0x0000, 0x0060, 0x0180, 0x13A0, 0x1460, 0x1CA0, 0x1CE0, 0x1D20, 0x1D81, 0x1D81, 0x25A1, 0x25A2, 0x25A2, 0x25C2, 0x25C2,
    0x2DC3, 0x2DC3, 0x2DC3, 0x2DE4, 0x2DE4, 0x2DE4, 0x35E4, 0x3604, 0x3605, 0x3605, 0x3625, 0x3E25, 0x3E46, 0x4666, 0x4667, 0x4687,
    0x4E87, 0x4EA7, 0x56C8, 0x56C8, 0x56E8, 0x5F09, 0x5F29, 0x674A, 0x674A, 0x6F6B, 0x6F6B, 0x778B, 0x778C, 0x77AC, 0x7FAD, 0x7FAD,
    0x7FAD, 0x7FAC, 0x77AC, 0x77AC, 0x778B, 0x6F6B, 0x6F6B, 0x674A, 0x672A, 0x5F29, 0x5F09, 0x56E8, 0x56C8, 0x4EA7, 0x4E87, 0x4667,
    0x4646, 0x3E46, 0x3E05, 0x3E05, 0x3605, 0x35E4, 0x35C4, 0x2DA4, 0x2D84, 0x2D83, 0x2563, 0x2563, 0x1D42, 0x1D22, 0x1D01, 0x1D01,
    0x1CE1, 0x14C0, 0x14A0, 0x1460, 0x1440, 0x1420, 0x1420, 0x1440, 0x0B40, 0x0100, 0x0000, 0x0000, 0x0000, 0x0000, 0x0000, 0x0000,
    0x7BEF, 0x8C71, 0x7BCF, 0x18E3, 0x7BCF, 0x8C51, 0x8430, 0x8C51, 0x8C51, 0x8C51, 0x8C51, 0x8C71, 0x8C51, 0x8430, 0x8430, 0x8430,
    0x8C51, 0x8C71, 0x8C51, 0x8C51, 0x8430, 0x8430, 0x8C30, 0x8430, 0x8430, 0x8C51, 0x8430, 0x8430, 0x8430, 0x8410, 0x8410, 0x8410,
    0x8C30, 0x8C51, 0x8C51, 0x8C51, 0x8430, 0x8430, 0x8C30, 0x8C51, 0x8430, 0x8430, 0x8430, 0x8C51, 0x8C51, 0x8C51, 0x8430, 0x8430,
    0x8430, 0x8C71, 0x8C51, 0x8C71, 0x8C71, 0x8C51, 0x8430, 0x8C51, 0x8430, 0x8430, 0x8C51, 0x8C51, 0x8C51, 0x8C51, 0x8C31, 0x8430,
    0x8410, 0x8430, 0x8C51, 0x8430, 0x8410, 0x8430, 0x8430, 0x8430, 0x8430, 0x8430, 0x8430, 0x8430, 0x8410, 0x8430, 0x8410, 0x8C71,
    0x2104, 0x8410, 0xFFFF, 0xFFDF, 0xFFFF, 0xFFFF, 0xFFFF, 0xFFFF, 0xFFFF, 0xFFFF, 0xFFFF, 0xFFFF, 0xFFFF, 0xFFFF, 0xFFFF, 0xFFFF,
    0xFFFF, 0xFFFF, 0xFFFF, 0xFFFF, 0xFFFF, 0xFFFF, 0xFFFF, 0xFFFF, 0xFFFF, 0xFFFF, 0xFFFF, 0xFFFF, 0xFFFF, 0xFFFF, 0xFFFF, 0xFFFF,
    0xFFFF, 0xFFFF, 0xFFFF, 0xFFFF, 0xFFFF, 0xFFFF, 0xFFFF, 0xFFFF, 0xFFFF, 0xFFFF, 0xFFFF, 0xFFFF, 0xFFFF, 0xFFFF, 0xFFFF, 0xFFFF,
    0xFFFF, 0xFFFF, 0xFFFF, 0xFFFF, 0xFFFF, 0xFFFF, 0xFFFF, 0xFFFF, 0xFFFF, 0xFFFF, 0xFFFF, 0xFFFF, 0xFFFF, 0xFFDF, 0xFFFF, 0xBDD7,
    0x39C7, 0x94B2, 0x9CD3, 0x9CF3, 0x9CD3, 0x9CD3, 0x9CD3, 0x9CD3, 0x9CD3, 0x9CD3, 0x9CF3, 0xA4F3, 0xA514, 0x9CF4, 0xA514, 0x9CF3,
    0x9CD3, 0x9CD3, 0x9CF3, 0x9CF3, 0x9CF3, 0x9CD3, 0x9CD3, 0xA514, 0x9CF3, 0x9CD3, 0x9CF3, 0x9CF3, 0x9CD3, 0x9CD3, 0x9CD3, 0x9CD3,
    0x9CD3, 0x9CD3, 0x9CD3, 0x9CD3, 0x94B2, 0x9492, 0x9CD3, 0x9CD3, 0x9CF3, 0x9CD3, 0x94B2, 0x94B2, 0x9492, 0x94B2, 0x94B2, 0x94B2,
    0x94B2, 0x94B2, 0x94B2, 0x9492, 0x9492, 0x94B2, 0x9492, 0x94B2, 0x9CF3, 0x9492, 0x8C71, 0x8C71, 0x8C51, 0x8C51, 0x9492, 0x9492,
    0x8C71, 0x8C71, 0x8C71, 0x8C71, 0x8C51, 0x8C51, 0x8C71, 0x738E, 0x0000, 0x9492, 0x8C51, 0x8C71, 0x39C7, 0x0000, 0x0000, 0x0000,
    0x0000, 0x0000, 0x0060, 0x0140, 0x1340, 0x1460, 0x1480, 0x1CE0, 0x1D20, 0x1D61, 0x1D81, 0x25A1, 0x25A2, 0x25A2, 0x25A2, 0x25C3,
    0x25C3, 0x2DC3, 0x2DC3, 0x2DE4, 0x2DE4, 0x35E4, 0x35E4, 0x3604, 0x3605, 0x3605, 0x3625, 0x3E25, 0x4646, 0x4666, 0x4666, 0x4E87,
    0x4E87, 0x4EA7, 0x56C8, 0x56C8, 0x56E8, 0x5F09, 0x5F29, 0x672A, 0x674A, 0x6F6B, 0x6F6B, 0x778B, 0x778C, 0x77AC, 0x7FAD, 0x7FAD,
    0x7FAD, 0x7FAC, 0x77AC, 0x77AC, 0x778B, 0x6F6B, 0x6F6B, 0x674A, 0x672A, 0x5F29, 0x5F09, 0x56E8, 0x56C8, 0x4EA8, 0x4E87, 0x4667,
    0x4646, 0x3E46, 0x3E25, 0x3E05, 0x35E5, 0x35E4, 0x2DC4, 0x2DA4, 0x2D84, 0x2D63, 0x2563, 0x2542, 0x2542, 0x1D22, 0x1D01, 0x1D01,
    0x1CE1, 0x14C0, 0x14A0, 0x1460, 0x1440, 0x1420, 0x0C20, 0x0C40, 0x0AE0, 0x0100, 0x0000, 0x0000, 0x0000, 0x0000, 0x0000, 0x0000,
    0x8430, 0x8C71, 0x8410, 0x2104, 0x73AE, 0x8410, 0x8410, 0x8430, 0x8C51, 0x8C71, 0x8C71, 0x8C71, 0x8C51, 0x8C51, 0x8C51, 0x8430,
    0x8430, 0x8C51, 0x8C51, 0x8C51, 0x8C51, 0x8C51, 0x8430, 0x8430, 0x8410, 0x8430, 0x8430, 0x8430, 0x8430, 0x8C51, 0x8430, 0x8430,
    0x8430, 0x8C50, 0x8C51, 0x8C51, 0x8C51, 0x8C51, 0x8C51, 0x8C51, 0x8C51, 0x8C30, 0x8430, 0x8C51, 0x8C51, 0x8C71, 0x8C51, 0x8451,
    0x8C51, 0x8C71, 0x8C71, 0x8C71, 0x8C71, 0x8C71, 0x8C71, 0x8C51, 0x8C30, 0x8C51, 0x8430, 0x8430, 0x8C51, 0x8C31, 0x8431, 0x8430,
    0x8C30, 0x8430, 0x8430, 0x8430, 0x8410, 0x8430, 0x8430, 0x8C51, 0x8C51, 0x8430, 0x8430, 0x8430, 0x8430, 0x8430, 0x8430, 0x8C71,
    0x4A28, 0x3186, 0xFFDF, 0xFFFF, 0xFFFF, 0xFFFF, 0xFFFF, 0xFFFF, 0xFFFF, 0xFFFF, 0xFFFF, 0xFFFF, 0xFFFF, 0xFFFF, 0xFFFF, 0xFFFF,
    0xFFFF, 0xFFFF, 0xFFFF, 0xFFFF, 0xFFFF, 0xFFFF, 0xFFFF, 0xFFFF, 0xFFFF, 0xFFFF, 0xFFFF, 0xFFFF, 0xFFFF, 0xFFFF, 0xFFFF, 0xFFFF,
    0xFFFF, 0xFFFF, 0xFFFF, 0xFFFF, 0xFFFF, 0xFFFF, 0xFFFF, 0xFFFF, 0xFFFF, 0xFFFF, 0xFFFF, 0xFFFF, 0xFFFF, 0xFFFF, 0xFFFF, 0xFFFF,
    0xFFFF, 0xFFFF, 0xFFFF, 0xFFFF, 0xFFFF, 0xFFFF, 0xFFFF, 0xFFFF, 0xFFFF, 0xFFFF, 0xFFFF, 0xFFFF, 0xFFFF, 0xFFDF, 0xFFFF, 0x8C51,
    0x4228, 0x94B2, 0x9CD3, 0x9CF3, 0x9CD3, 0x9CF3, 0x9CD3, 0x9CD3, 0x9CD3, 0x9CD3, 0x9CD3, 0xA514, 0x9CF3, 0x9CF4, 0xA514, 0x9CF3,
    0x9CF3, 0xA514, 0x9CD3, 0x9CF3, 0x9CF3, 0x9CD3, 0x9CD3, 0x9CD3, 0x9CD3, 0x9CD3, 0x9CD3, 0x9CF3, 0x9CF3, 0x9CF3, 0x9CD3, 0x9CD3,
    0x9CF3, 0x9CD3, 0x9CD3, 0x9CD3, 0x9CF3, 0x94B2, 0x9CD3, 0x9CD3, 0x94B3, 0x9CD3, 0x9CD3, 0x9CD3, 0x94B2, 0x94B2, 0x94B2, 0x94B2,
    0x94B2, 0x9492, 0x9492, 0x9492, 0x94B2, 0x9CD3, 0x94B2, 0x9CD3, 0x94B2, 0x9492, 0x8C71, 0x8C51, 0x8C51, 0x8C51, 0x9492, 0x9492,
    0x8C71, 0x8C71, 0x8C71, 0x8C51, 0x8C71, 0x8C51, 0x8C71, 0x2124, 0x0861, 0xB596, 0x8C51, 0x94B2, 0x4208, 0x0000, 0x0000, 0x0000,
    0x0000, 0x0000, 0x0060, 0x0140, 0x0AC0, 0x1460, 0x1480, 0x1CE0, 0x1D20, 0x1D60, 0x1D81, 0x25A1, 0x25A1, 0x25A2, 0x25A2, 0x25C2,
    0x25C3, 0x2DC3, 0x2DC3, 0x2DE3, 0x2DE4, 0x2DE4, 0x35E4, 0x35E4, 0x3605, 0x3605, 0x3E25, 0x3E45, 0x3E46, 0x4646, 0x4667, 0x4E87,
    0x4E87, 0x4EA7, 0x56C8, 0x56C8, 0x56E9, 0x5F09, 0x5F29, 0x672A, 0x674A, 0x6F4B, 0x6F6B, 0x778B, 0x778C, 0x778C, 0x77AC, 0x7FAC,
    0x7FAC, 0x77AC, 0x77AC, 0x77AC, 0x778B, 0x6F6B, 0x6F4B, 0x674A, 0x672A, 0x5F29, 0x5EE9, 0x56C8, 0x56C8, 0x4EA8, 0x4E87, 0x4667,
    0x4646, 0x3E26, 0x3E25, 0x3E05, 0x35E5, 0x35C4, 0x2DC4, 0x2DA4, 0x2D83, 0x2563, 0x2543, 0x2542, 0x2522, 0x1D22, 0x1D02, 0x1D01,
    0x1CE1, 0x14C0, 0x14A0, 0x1460, 0x1420, 0x1420, 0x1420, 0x0C40, 0x0240, 0x0100, 0x0000, 0x0000, 0x0000, 0x0000, 0x0000, 0x0841,
    0x94B2, 0x8C51, 0x7BCF, 0x2124, 0x7BEF, 0x8410, 0x8410, 0x8C30, 0x8C51, 0x8C51, 0x8C51, 0x8C71, 0x8C71, 0x8C51, 0x8C51, 0x8430,
    0x8C51, 0x8C51, 0x8C51, 0x8C51, 0x8C51, 0x8430, 0x8410, 0x8430, 0x8430, 0x8430, 0x8C51, 0x8C51, 0x8C51, 0x8C71, 0x8C51, 0x8C51,
    0x8C51, 0x8C51, 0x8C30, 0x8C51, 0x8C51, 0x8430, 0x8C51, 0x8C51, 0x8C51, 0x8C51, 0x8C30, 0x8C51, 0x8C51, 0x8C71, 0x8C51, 0x8C51,
    0x8C51, 0x8C51, 0x8C71, 0x8C71, 0x8C71, 0x8C51, 0x9492, 0x8C71, 0x8C51, 0x8C71, 0x8C51, 0x8430, 0x8430, 0x8430, 0x8430, 0x8C31,
    0x8C51, 0x8C51, 0x8430, 0x8C51, 0x8430, 0x8430, 0x8430, 0x8430, 0x8430, 0x8430, 0x8430, 0x8430, 0x8430, 0x8430, 0x8410, 0x8430,
    0x6B4D, 0x1082, 0xD6BA, 0xFFFF, 0xFFFF, 0xFFFF, 0xFFFF, 0xFFFF, 0xFFFF, 0xFFFF, 0xFFFF, 0xFFFF, 0xFFFF, 0xFFFF, 0xFFFF, 0xFFFF,
    0xFFFF, 0xFFFF, 0xFFFF, 0xFFFF, 0xFFFF, 0xFFFF, 0xFFFF, 0xFFFF, 0xFFFF, 0xFFFF, 0xFFFF, 0xFFFF, 0xFFFF, 0xFFFF, 0xFFFF, 0xFFFF,
    0xFFFF, 0xFFFF, 0xFFFF, 0xFFFF, 0xFFFF, 0xFFFF, 0xFFFF, 0xFFFF, 0xFFFF, 0xFFFF, 0xFFFF, 0xFFFF, 0xFFFF, 0xFFFF, 0xFFFF, 0xFFFF,
    0xFFFF, 0xFFFF, 0xFFFF, 0xFFFF, 0xFFFF, 0xFFFF, 0xFFFF, 0xFFFF, 0xFFFF, 0xFFFF, 0xFFFF, 0xFFFF, 0xFFFF, 0xFFFF, 0xFFFF, 0x5AEB,
    0x5AEB, 0x94B2, 0xA4F3, 0x9CF3, 0x9CD3, 0x9CD3, 0x9CD3, 0x9CF3, 0x9CF3, 0x9CD3, 0x9CD3, 0x9CF3, 0x9CF3, 0xA4F3, 0x9CF3, 0x9CF3,
    0x9CF3, 0xA514, 0x9CD3, 0x9CF3, 0x9CF3, 0xA514, 0x9CD3, 0x94B2, 0x9CD3, 0x9CD3, 0x9CF3, 0x9CF3, 0x9CF3, 0x9CF3, 0x9CF3, 0x9CD3,
    0x9CD3, 0x9CD3, 0x9CD3, 0x94B3, 0x9492, 0x94B2, 0x94B2, 0x94B2, 0x9CD3, 0x9CD3, 0x9CD3, 0x9CD3, 0x9492, 0x9492, 0x9492, 0x94B2,
    0x94B2, 0x9492, 0x8C71, 0x8C51, 0x9492, 0x9CD3, 0x9CD3, 0x9492, 0x9492, 0x8C71, 0x8C71, 0x8C71, 0x8C51, 0x8C51, 0x8C51, 0x8C71,
    0x8430, 0x8C51, 0x8C51, 0x8C51, 0x8C51, 0x9492, 0x738E, 0x0020, 0x5AEB, 0xAD75, 0x8C51, 0x9492, 0x4A49, 0x0000, 0x0000, 0x0000,
    0x0000, 0x0000, 0x0060, 0x0140, 0x01E0, 0x1420, 0x1460, 0x1CC0, 0x1D20, 0x1D60, 0x1D81, 0x1DA1, 0x25A1, 0x25A1, 0x25A2, 0x25C2,
    0x25C2, 0x2DC3, 0x2DC3, 0x2DE3, 0x2DE4, 0x2DE4, 0x35E4, 0x3604, 0x3604, 0x3605, 0x3E25, 0x3E45, 0x3E46, 0x4666, 0x4666, 0x4687,
    0x4EA7, 0x4EA7, 0x56C8, 0x56C8, 0x56E8, 0x5F09, 0x5F09, 0x672A, 0x674A, 0x6F4B, 0x6F6B, 0x6F8B, 0x778B, 0x778C, 0x77AC, 0x77AC,
    0x77AC, 0x77AC, 0x778C, 0x778B, 0x6F8B, 0x6F6B, 0x6F4A, 0x674A, 0x672A, 0x5F09, 0x5EE9, 0x56C8, 0x56A8, 0x4EA7, 0x4E87, 0x4667,
    0x4646, 0x3E26, 0x3E05, 0x3605, 0x35E5, 0x35C4, 0x2DA4, 0x2D83, 0x2D63, 0x2563, 0x2542, 0x2522, 0x2522, 0x1D22, 0x1D02, 0x1D01,
    0x1CE1, 0x14C0, 0x1480, 0x1460, 0x1420, 0x1420, 0x1440, 0x0BC0, 0x01A0, 0x0100, 0x0000, 0x0000, 0x0000, 0x0000, 0x0000, 0x1082,
    0x9CF3, 0x8C51, 0x7BCF, 0x18C3, 0x7BCF, 0x8430, 0x8C51, 0x8C31, 0x8430, 0x8C30, 0x8C51, 0x8C51, 0x8C51, 0x8C51, 0x8C51, 0x8C51,
    0x8C51, 0x8C71, 0x9492, 0x8C71, 0x8C51, 0x8C51, 0x8430, 0x8C51, 0x8C51, 0x8C71, 0x8C71, 0x8C51, 0x8C51, 0x8C51, 0x8C30, 0x8430,
    0x8C51, 0x8430, 0x8430, 0x8C50, 0x8C51, 0x8C51, 0x8C71, 0x8C71, 0x8C51, 0x8C51, 0x8C51, 0x8C51, 0x8C51, 0x8430, 0x8C51, 0x8430,
    0x8430, 0x8C51, 0x8C51, 0x8C71, 0x8C71, 0x8C71, 0x9492, 0x8C71, 0x8C71, 0x8C51, 0x8C51, 0x8C51, 0x8430, 0x8430, 0x8C31, 0x8430,
    0x8C51, 0x8C51, 0x8C51, 0x8C51, 0x8C71, 0x8430, 0x8410, 0x8430, 0x8430, 0x8C51, 0x8430, 0x8410, 0x8430, 0x8430, 0x8430, 0x8430,
    0x8430, 0x1082, 0x9CF3, 0xFFFF, 0xFFDF, 0xFFFF, 0xFFFF, 0xFFFF, 0xFFFF, 0xFFFF, 0xFFFF, 0xFFFF, 0xFFFF, 0xFFFF, 0xFFFF, 0xFFFF,
    0xFFFF, 0xFFFF, 0xFFFF, 0xFFFF, 0xFFFF, 0xFFFF, 0xFFFF, 0xFFFF, 0xFFFF, 0xFFFF, 0xFFFF, 0xFFFF, 0xFFFF, 0xFFFF, 0xFFFF, 0xFFFF,
    0xFFFF, 0xFFFF, 0xFFFF, 0xFFFF, 0xFFFF, 0xFFFF, 0xFFFF, 0xFFFF, 0xFFFF, 0xFFFF, 0xFFFF, 0xFFFF, 0xFFFF, 0xFFFF, 0xFFFF, 0xFFFF,
    0xFFFF, 0xFFFF, 0xFFFF, 0xFFFF, 0xFFFF, 0xFFFF, 0xFFFF, 0xFFFF, 0xFFFF, 0xFFFF, 0xFFFF, 0xFFFF, 0xFFFF, 0xFFFF, 0xEF7D, 0x39C7,
    0x73AE, 0x9492, 0xA514, 0xA514, 0x9CF3, 0x9CD3, 0x9CF3, 0xA514, 0x9CF3, 0x9CF3, 0x9CD3, 0x9CF3, 0x9CF3, 0x9CF3, 0x9CF3, 0x9CF3,
    0x9CF3, 0x9CF3, 0xA514, 0xA514, 0x9CF3, 0x9CF3, 0x9CF3, 0x9CD3, 0x9CD2, 0x9CD3, 0x9CD3, 0x9CF3, 0x9CF3, 0x9CD3, 0x9CD3, 0x9CD3,
    0x9CD3, 0x9CF3, 0x9CD3, 0x94B2, 0x94B2, 0x9492, 0x8C71, 0x94B2, 0x9CB3, 0x94B2, 0x9CD3, 0x9CD3, 0x9CB3, 0x94B2, 0x94B2, 0x94B2,
    0x9492, 0x9492, 0x94B2, 0x8C71, 0x9492, 0x9CD3, 0x94B2, 0x94B2, 0x9CD3, 0x9492, 0x9492, 0x8C51, 0x8C51, 0x8C51, 0x8C51, 0x8C71,
    0x8C51, 0x8C51, 0x8C51, 0x8C51, 0x8C51, 0x94D3, 0x39E7, 0x1082, 0xAD75, 0xAD75, 0x8C71, 0x8C51, 0x528A, 0x0000, 0x0000, 0x0000,
    0x0000, 0x0000, 0x0040, 0x0160, 0x0140, 0x1360, 0x1480, 0x14A0, 0x1D00, 0x1D61, 0x1D81, 0x1DA1, 0x25A1, 0x25A2, 0x25A2, 0x25C2,
    0x25C2, 0x25C3, 0x2DC3, 0x2DC3, 0x2DC4, 0x2DE4, 0x35E4, 0x35E4, 0x3604, 0x3605, 0x3E25, 0x3E25, 0x3E46, 0x4646, 0x4666, 0x4687,
    0x4EA7, 0x4EA7, 0x4EA8, 0x56C8, 0x56E8, 0x5709, 0x5F09, 0x5F29, 0x672A, 0x674A, 0x6F4B, 0x6F6B, 0x6F8B, 0x778B, 0x778B, 0x778B,
    0x778C, 0x778C, 0x778B, 0x6F8B, 0x6F6B, 0x6F4A, 0x674A, 0x672A, 0x5F09, 0x5EE9, 0x5EE9, 0x56C8, 0x4EA8, 0x4E87, 0x4E67, 0x4647,
    0x4646, 0x3E26, 0x3E05, 0x35E5, 0x35E4, 0x2DC4, 0x2DA4, 0x2D83, 0x2563, 0x2543, 0x2542, 0x1D22, 0x1D22, 0x1D02, 0x1D01, 0x1CE1,
    0x14C1, 0x14C0, 0x1480, 0x1440, 0x1420, 0x1420, 0x1440, 0x0B00, 0x0140, 0x0120, 0x0000, 0x0000, 0x0000, 0x0000, 0x0000, 0x18E3,
    0x9CD3, 0x8C51, 0x7BEF, 0x0000, 0x52AA, 0x8C51, 0x8410, 0x8430, 0x8430, 0x8430, 0x8C51, 0x8C51, 0x8C51, 0x8C51, 0x8C51, 0x8C71,
    0x8C51, 0x8C71, 0x8C51, 0x8C51, 0x8C51, 0x8C51, 0x8C51, 0x8430, 0x8C51, 0x8C51, 0x8C71, 0x8C71, 0x8C71, 0x8C51, 0x8C30, 0x8430,
    0x8C51, 0x8430, 0x8430, 0x8430, 0x8C51, 0x8C71, 0x8C51, 0x8C51, 0x8C51, 0x8C71, 0x8C71, 0x8C71, 0x8C51, 0x8C30, 0x8430, 0x8C51,
    0x8C30, 0x8430, 0x8C51, 0x8C71, 0x8C71, 0x8C71, 0x9492, 0x8C71, 0x8C71, 0x8C51, 0x8C51, 0x8C51, 0x8C51, 0x8C51, 0x8C51, 0x8C51,
    0x8C71, 0x8C51, 0x8C51, 0x8C51, 0x8C51, 0x8C51, 0x8430, 0x8C51, 0x8C51, 0x8C51, 0x8430, 0x8410, 0x8430, 0x8C30, 0x8C51, 0x8430,
    0x8C71, 0x2986, 0x52AA, 0xFFFF, 0xFFFF, 0xFFFF, 0xFFFF, 0xFFFF, 0xFFFF, 0xFFFF, 0xFFFF, 0xFFFF, 0xFFFF, 0xFFFF, 0xFFFF, 0xFFFF,
    0xFFFF, 0xFFFF, 0xFFFF, 0xFFFF, 0xFFFF, 0xFFFF, 0xFFFF, 0xFFFF, 0xFFFF, 0xFFFF, 0xFFFF, 0xFFFF, 0xFFFF, 0xFFFF, 0xFFFF, 0xFFFF,
    0xFFFF, 0xFFFF, 0xFFFF, 0xFFFF, 0xFFFF, 0xFFFF, 0xFFFF, 0xFFFF, 0xFFFF, 0xFFFF, 0xFFFF, 0xFFFF, 0xFFFF, 0xFFFF, 0xFFFF, 0xFFFF,
    0xFFFF, 0xFFFF, 0xFFFF, 0xFFFF, 0xFFFF, 0xFFFF, 0xFFFF, 0xFFFF, 0xFFFF, 0xFFFF, 0xFFFF, 0xFFFF, 0xFFDF, 0xFFFF, 0xCE59, 0x2945,
    0x8C30, 0x94B2, 0xA514, 0x9CF3, 0x9CF3, 0x9CF3, 0x9CF3, 0x9CF3, 0x9CD3, 0x9CF3, 0x9CD3, 0x9CF3, 0xA514, 0x9CF3, 0xA514, 0x9CF3,
    0x9CF3, 0xA514, 0x9CF3, 0x9CF3, 0x9CD3, 0x9CD3, 0x9CD3, 0x9CF3, 0x9CF3, 0x9CF3, 0x9CD3, 0x9CF3, 0xA514, 0x9CF3, 0x9CF3, 0x9CF3,
    0x9CD3, 0x9CD3, 0x9CD3, 0x9CF3, 0x9CD3, 0x94B2, 0x9CB2, 0x94B2, 0x9CB2, 0x94B2, 0x9CD3, 0x94B2, 0x94B2, 0x94B2, 0x9CB2, 0x94B2,
    0x94B2, 0x9CB2, 0x94B2, 0x9492, 0x94B2, 0x94B2, 0x94B2, 0x9CD3, 0x9CD3, 0x9492, 0x8C71, 0x8C71, 0x8C51, 0x8C71, 0x8C71, 0x8C71,
    0x8C71, 0x8C51, 0x8C51, 0x8C71, 0x9492, 0x9492, 0x0881, 0x39E7, 0xE73C, 0xA534, 0x9CB3, 0x8430, 0x632C, 0x0000, 0x0000, 0x0000,
    0x0000, 0x0000, 0x0000, 0x01E0, 0x01E0, 0x0A40, 0x1460, 0x1480, 0x1CE0, 0x1D40, 0x1D60, 0x1D81, 0x1DA1, 0x25A1, 0x25A2, 0x25A2,
    0x25C2, 0x25C2, 0x2DC3, 0x2DC3, 0x2DC3, 0x2DE4, 0x35E4, 0x35E4, 0x3604, 0x3605, 0x3625, 0x3E25, 0x3E26, 0x3E46, 0x4666, 0x4667,
    0x4687, 0x4E87, 0x4EA7, 0x4EC8, 0x56C8, 0x56E8, 0x5F09, 0x5F09, 0x6729, 0x672A, 0x674A, 0x6F4B, 0x6F6B, 0x6F6B, 0x6F6B, 0x6F6B,
    0x6F6B, 0x6F6B, 0x6F6B, 0x6F6B, 0x6F4B, 0x6F4A, 0x672A, 0x5F0A, 0x5F09, 0x5EE9, 0x56C9, 0x56A8, 0x4EA8, 0x4E87, 0x4667, 0x4646,
    0x3E26, 0x3E25, 0x3605, 0x35E5, 0x35C4, 0x2DA4, 0x2D83, 0x2D63, 0x2543, 0x2543, 0x2522, 0x1D22, 0x1D02, 0x1D02, 0x1D01, 0x14E1,
    0x14C0, 0x14A0, 0x1460, 0x1420, 0x1420, 0x0C00, 0x1400, 0x01E0, 0x01C0, 0x0120, 0x0000, 0x0000, 0x0000, 0x0000, 0x0000, 0x3186,
    0x9CD3, 0x8C71, 0x6B4D, 0x0000, 0x2124, 0x8430, 0x8410, 0x8430, 0x8430, 0x8430, 0x8430, 0x8C51, 0x8C71, 0x8C71, 0x8C51, 0x8C51,
    0x8C51, 0x8C71, 0x8C71, 0x8C51, 0x8C71, 0x8C51, 0x8C51, 0x8430, 0x8431, 0x8C51, 0x8C71, 0x8C71, 0x8C71, 0x8C51, 0x8C51, 0x8430,
    0x8430, 0x8C50, 0x8C51, 0x8C51, 0x8C51, 0x8C71, 0x8C51, 0x8C51, 0x8C51, 0x8C51, 0x8C51, 0x8C51, 0x8C71, 0x8C51, 0x8C31, 0x8C51,
    0x8C51, 0x8C51, 0x8C51, 0x8C71, 0x8C51, 0x9471, 0x8C71, 0x8C71, 0x8C71, 0x8C71, 0x8C51, 0x8C51, 0x8C51, 0x8C51, 0x8C51, 0x8C51,
    0x8C71, 0x8C51, 0x8C51, 0x8430, 0x8430, 0x8C51, 0x8C51, 0x8C51, 0x8C51, 0x8C51, 0x8430, 0x8430, 0x8430, 0x8430, 0x8C51, 0x8430,
    0x8C51, 0x5AAB, 0x2104, 0xF79E, 0xFFFF, 0xFFFF, 0xFFFF, 0xFFFF, 0xFFFF, 0xFFFF, 0xFFFF, 0xFFFF, 0xFFFF, 0xFFFF, 0xFFFF, 0xFFFF,
    0xFFFF, 0xFFFF, 0xFFFF, 0xFFFF, 0xFFFF, 0xFFFF, 0xFFFF, 0xFFFF, 0xFFFF, 0xFFFF, 0xFFFF, 0xFFFF, 0xFFFF, 0xFFFF, 0xFFFF, 0xFFFF,
    0xFFFF, 0xFFFF, 0xFFFF, 0xFFFF, 0xFFFF, 0xFFFF, 0xFFFF, 0xFFFF, 0xFFFF, 0xFFFF, 0xFFFF, 0xFFFF, 0xFFFF, 0xFFFF, 0xFFFF, 0xFFFF,
    0xFFFF, 0xFFFF, 0xFFFF, 0xFFFF, 0xFFFF, 0xFFFF, 0xFFFF, 0xFFFF, 0xFFFF, 0xFFFF, 0xFFFF, 0xFFFF, 0xFFDF, 0xFFFF, 0x9CD3, 0x31A6,
    0x94B2, 0x94B2, 0x9CF3, 0x9CF4, 0x9CF3, 0x9CD3, 0x9CD3, 0x9CD3, 0x9CF3, 0x9CD3, 0x9CD3, 0x9CF3, 0x9CF3, 0x9CF3, 0x9CF3, 0x9CF3,
    0x9CF3, 0x9CF3, 0x9CD3, 0x9CF3, 0x9CD3, 0x9CD3, 0x9CD3, 0x9CF3, 0x9CF3, 0x9CF3, 0xA514, 0xA514, 0xA514, 0xA514, 0x9CD3, 0x9CD3,
    0x9CD3, 0x9CD3, 0x9CF3, 0x9CF3, 0x9CD3, 0x94B2, 0x9CD3, 0x9CD3, 0x9CD3, 0x9CF3, 0x9CD3, 0x94B2, 0x94B2, 0x9492, 0x9CD3, 0x9CF3,
    0x9CD3, 0x94B2, 0x94B2, 0x94B2, 0x94B2, 0x94B2, 0x94B2, 0x9CD3, 0x94B2, 0x8C71, 0x8C51, 0x8C51, 0x8C71, 0x8C51, 0x8C71, 0x8C71,
    0x8C71, 0x8C71, 0x8C71, 0x8C71, 0x94B2, 0x738E, 0x0000, 0x8410, 0xFFFF, 0xAD34, 0xAD55, 0x8430, 0x73AE, 0x0000, 0x0000, 0x0000,
    0x0000, 0x0000, 0x0000, 0x01C0, 0x03A1, 0x0140, 0x13C0, 0x1460, 0x14C0, 0x1D20, 0x1D60, 0x1D81, 0x1DA1, 0x1DA1, 0x25A1, 0x25A2,
    0x25C2, 0x25C2, 0x2DC3, 0x2DC3, 0x2DC3, 0x2DE4, 0x2DE4, 0x35E4, 0x3604, 0x3604, 0x3605, 0x3E25, 0x3E25, 0x3E46, 0x3E46, 0x4666,
    0x4667, 0x4687, 0x4EA7, 0x4EA7, 0x4EC8, 0x56C8, 0x56E9, 0x5EE9, 0x5F09, 0x672A, 0x672A, 0x674A, 0x6F4A, 0x6F4A, 0x6F4B, 0x6F4B,
    0x6F4A, 0x6F4A, 0x6F4A, 0x6F4A, 0x674A, 0x672A, 0x670A, 0x5F09, 0x5EE9, 0x56C9, 0x56A8, 0x4EA8, 0x4E87, 0x4E67, 0x4647, 0x4626,
    0x3E26, 0x3605, 0x3605, 0x35E4, 0x2DC4, 0x2DA4, 0x2D83, 0x2563, 0x2543, 0x2543, 0x2522, 0x1D22, 0x1D02, 0x1D01, 0x1D01, 0x14E0,
    0x14C0, 0x14A0, 0x1440, 0x0C20, 0x0C00, 0x0C20, 0x0B00, 0x0160, 0x0240, 0x00E0, 0x0000, 0x0000, 0x0000, 0x0000, 0x0000, 0x4208,
    0x8C71, 0x9CF3, 0x632C, 0x2104, 0x0841, 0x738E, 0x8C51, 0x8430, 0x8430, 0x8430, 0x8C51, 0x8C51, 0x8C51, 0x8C51, 0x8C51, 0x8C51,
    0x8C51, 0x8C51, 0x8C51, 0x8430, 0x8C51, 0x8C51, 0x8C50, 0x8C51, 0x8C71, 0x8C51, 0x8C30, 0x8C71, 0x8C51, 0x8430, 0x8C51, 0x8C51,
    0x8C51, 0x8C71, 0x8C51, 0x8C51, 0x8C51, 0x8C71, 0x8C71, 0x8C51, 0x8C51, 0x8C51, 0x8C51, 0x8C51, 0x8C71, 0x8C51, 0x8C51, 0x8C71,
    0x8C51, 0x8C51, 0x8C71, 0x8C71, 0x8C51, 0x8C71, 0x8C51, 0x8C71, 0x8C71, 0x9491, 0x8C71, 0x8C51, 0x8C51, 0x8C51, 0x8C51, 0x8C51,
    0x8C51, 0x8C51, 0x8C51, 0x8C51, 0x8430, 0x8C51, 0x8C51, 0x8C51, 0x8C71, 0x8C51, 0x8430, 0x8430, 0x8430, 0x8430, 0x8430, 0x8430,
    0x8430, 0x7BCF, 0x1082, 0xC638, 0xFFFF, 0xFFFF, 0xFFFF, 0xFFFF, 0xFFFF, 0xFFFF, 0xFFFF, 0xFFFF, 0xFFFF, 0xFFFF, 0xFFFF, 0xFFFF,
    0xFFFF, 0xFFFF, 0xFFFF, 0xFFFF, 0xFFFF, 0xFFFF, 0xFFFF, 0xFFFF, 0xFFFF, 0xFFFF, 0xFFFF, 0xFFFF, 0xFFFF, 0xFFFF, 0xFFFF, 0xFFFF,
    0xFFFF, 0xFFFF, 0xFFFF, 0xFFFF, 0xFFFF, 0xFFFF, 0xFFFF, 0xFFFF, 0xFFFF, 0xFFFF, 0xFFFF, 0xFFFF, 0xFFFF, 0xFFFF, 0xFFFF, 0xFFFF,
    0xFFFF, 0xFFFF, 0xFFFF, 0xFFFF, 0xFFFF, 0xFFFF, 0xFFFF, 0xFFFF, 0xFFFF, 0xFFFF, 0xFFFF, 0xFFFF, 0xFFDF, 0xFFFF, 0x632C, 0x4A49,
    0x94B2, 0x9CD3, 0x9CD3, 0x9CD3, 0x9CD3, 0x9CD3, 0x9CD3, 0x9CF3, 0xA514, 0x9CD3, 0x9CD3, 0xA514, 0x9CF3, 0xA514, 0xA514, 0x9CF3,
    0x9CF3, 0x9CD3, 0x9CB2, 0x9CD3, 0x9CF3, 0x9CF3, 0x9CF3, 0x9CF3, 0x9CF3, 0x9CF3, 0xA514, 0x9CF3, 0x9CF4, 0xA514, 0x9CD3, 0x94B3,
    0x94B2, 0x94B2, 0x94B2, 0x94B2, 0x94B2, 0x94B2, 0x94B2, 0x9CD3, 0x9CF3, 0x9CF3, 0x9CD3, 0x94B2, 0x9492, 0x9492, 0x9CD3, 0x9CD3,
    0x9CD3, 0x9CF3, 0x9CD3, 0x94B2, 0x9492, 0x9492, 0x94B2, 0x94B2, 0x94B2, 0x9492, 0x8C71, 0x8C51, 0x8C71, 0x8C71, 0x8C71, 0x9492,
    0x8C71, 0x8C71, 0x8C71, 0x8C71, 0x9CB2, 0x4228, 0x0000, 0xBDD7, 0xFFFF, 0xBDD7, 0xC618, 0x8C51, 0x7BCF, 0x0020, 0x0000, 0x0000,
    0x0000, 0x0000, 0x0000, 0x01A0, 0x0CA1, 0x0241, 0x0A40, 0x1480, 0x14A0, 0x1D00, 0x1D60, 0x1D81, 0x1D81, 0x1D81, 0x1DA1, 0x25A2,
    0x25A2, 0x25A2, 0x25C2, 0x2DC3, 0x2DC3, 0x2DC3, 0x2DC3, 0x2DE4, 0x35E4, 0x3604, 0x3605, 0x3605, 0x3E25, 0x3E25, 0x3E46, 0x3E46,
    0x4666, 0x4666, 0x4687, 0x4EA7, 0x4EA8, 0x56C8, 0x56C8, 0x56E9, 0x5F09, 0x5F0A, 0x672A, 0x672A, 0x672A, 0x672A, 0x672A, 0x672A,
    0x672A, 0x672A, 0x672A, 0x672A, 0x672A, 0x5F0A, 0x5F09, 0x5EE9, 0x56C9, 0x56A8, 0x56A8, 0x4E88, 0x4E67, 0x4647, 0x4646, 0x3E26,
    0x3E05, 0x35E5, 0x35E5, 0x2DC4, 0x2DA4, 0x2D83, 0x2563, 0x2563, 0x2543, 0x2542, 0x1D22, 0x1D02, 0x1D01, 0x1D01, 0x1501, 0x14E0,
    0x14A0, 0x1480, 0x0C40, 0x0C20, 0x0C00, 0x0C20, 0x0200, 0x0260, 0x02A0, 0x00C0, 0x0000, 0x0000, 0x0000, 0x0000, 0x0000, 0x4A49,
    0x83EF, 0xB596, 0x52AA, 0x9CD3, 0x0020, 0x5ACB, 0x8C71, 0x8430, 0x8430, 0x8430, 0x8430, 0x8C51, 0x8C51, 0x8C51, 0x8C71, 0x8C51,
    0x8430, 0x8430, 0x8C51, 0x8430, 0x8430, 0x8C51, 0x8430, 0x8430, 0x8C51, 0x8C51, 0x8C51, 0x8C51, 0x8C51, 0x8C30, 0x8450, 0x8C51,
    0x8C51, 0x8C51, 0x8C51, 0x8C51, 0x8C51, 0x8C71, 0x8C51, 0x8C51, 0x8C51, 0x8C71, 0x8C71, 0x8C71, 0x8C51, 0x8C51, 0x8C51, 0x8C71,
    0x8C51, 0x8C51, 0x8C71, 0x8C71, 0x8C71, 0x8C51, 0x8C30, 0x8C51, 0x8C71, 0x9472, 0x8C71, 0x8C71, 0x8C71, 0x8C51, 0x8C51, 0x8C51,
    0x8C71, 0x8C51, 0x8430, 0x8430, 0x8C51, 0x8C51, 0x8430, 0x8430, 0x8C51, 0x8C71, 0x8C51, 0x8430, 0x8430, 0x8430, 0x8430, 0x8430,
    0x8410, 0x8C51, 0x18E3, 0x7BCF, 0xFFFF, 0xFFDF, 0xFFFF, 0xFFFF, 0xFFFF, 0xFFFF, 0xFFFF, 0xFFFF, 0xFFFF, 0xFFFF, 0xFFFF, 0xFFFF,
    0xFFFF, 0xFFFF, 0xFFFF, 0xFFFF, 0xFFFF, 0xFFFF, 0xFFFF, 0xFFFF, 0xFFFF, 0xFFFF, 0xFFFF, 0xFFFF, 0xFFFF, 0xFFFF, 0xFFFF, 0xFFFF,
    0xFFFF, 0xFFFF, 0xFFFF, 0xFFFF, 0xFFFF, 0xFFFF, 0xFFFF, 0xFFFF, 0xFFFF, 0xFFFF, 0xFFFF, 0xFFFF, 0xFFFF, 0xFFFF, 0xFFFF, 0xFFFF,
    0xFFFF, 0xFFFF, 0xFFFF, 0xFFFF, 0xFFFF, 0xFFFF, 0xFFFF, 0xFFFF, 0xFFFF, 0xFFFF, 0xFFFF, 0xFFFF, 0xFFFF, 0xFFDF, 0x39C7, 0x6B4D,
    0x9492, 0x94B2, 0x94B3, 0x9CD3, 0x9CD3, 0x9CF3, 0x9CD3, 0x9CD3, 0xA514, 0x9CF3, 0xA514, 0x9D13, 0xA514, 0x9CF3, 0x9CF3, 0x9CD3,
    0x9CD3, 0x9CD3, 0x94B2, 0x9CF3, 0xA514, 0xA514, 0xA514, 0x9CF3, 0x9CF3, 0x9CF3, 0x9CD3, 0x9CD3, 0x9CF3, 0x9CD3, 0x9CD3, 0x9CD3,
    0x9CB3, 0x94B2, 0x94B2, 0x94B2, 0x94B2, 0x94B2, 0x94B2, 0x94B2, 0x94D2, 0x94B2, 0x9CD3, 0x9CD3, 0x9CD3, 0x9CD3, 0x94B2, 0x9CD3,
    0x9CD3, 0x94B2, 0x94D2, 0x94B2, 0x9492, 0x94B2, 0x9492, 0x9492, 0x9492, 0x9492, 0x9492, 0x8C71, 0x8C71, 0x8C71, 0x8C71, 0x8C71,
    0x8C71, 0x8C51, 0x8C71, 0x8C71, 0x9492, 0x2103, 0x10A2, 0xE71C, 0xFFFF, 0xAD75, 0xBDD7, 0x9CD3, 0x7BEF, 0x18C3, 0x0000, 0x0000,
    0x0000, 0x0000, 0x0000, 0x0180, 0x0C81, 0x0C41, 0x0160, 0x13C0, 0x1480, 0x1CC0, 0x1D40, 0x1D60, 0x1D80, 0x1D81, 0x1D81, 0x25A1,
    0x25A2, 0x25A2, 0x25A2, 0x25C3, 0x2DC3, 0x2DC3, 0x2DC3, 0x2DC3, 0x2DE4, 0x35E4, 0x3604, 0x3604, 0x3605, 0x3E25, 0x3E25, 0x3E45,
    0x4646, 0x4666, 0x4666, 0x4687, 0x4E87, 0x4EA8, 0x56C8, 0x56C8, 0x56E9, 0x5EE9, 0x5F09, 0x5F09, 0x5F09, 0x6729, 0x670A, 0x6709,
    0x5F09, 0x5F09, 0x5F09, 0x5F09, 0x5F09, 0x5EE9, 0x5EE9, 0x56C8, 0x56A8, 0x4EA8, 0x4E88, 0x4E87, 0x4667, 0x4646, 0x3E26, 0x3E05,
    0x35E5, 0x35E5, 0x35C4, 0x2DC4, 0x2DA4, 0x2D83, 0x2563, 0x2543, 0x2542, 0x1D22, 0x1D22, 0x1D01, 0x1D01, 0x14E1, 0x14E1, 0x14C0,
    0x14A0, 0x1460, 0x0C20, 0x0C00, 0x0C20, 0x0B20, 0x01A0, 0x0381, 0x02A0, 0x00A0, 0x0000, 0x0000, 0x0000, 0x0000, 0x0000, 0x5ACA,
    0x9CD3, 0xB5B6, 0x4A49, 0xF7BE, 0x2124, 0x2965, 0x8C71, 0x8430, 0x8C30, 0x8430, 0x8430, 0x8C51, 0x8C51, 0x8C51, 0x8C51, 0x8C51,
    0x8C51, 0x8C51, 0x8C50, 0x8430, 0x8C51, 0x8C51, 0x8C51, 0x8430, 0x8410, 0x8C51, 0x8C51, 0x8C51, 0x8C51, 0x8430, 0x8C51, 0x8C71,
    0x8C51, 0x8C71, 0x8C71, 0x8C71, 0x8C71, 0x8C71, 0x8C71, 0x8C71, 0x8C71, 0x8C51, 0x8C71, 0x8C51, 0x8C51, 0x8C71, 0x8C51, 0x8C51,
    0x8C71, 0x8C71, 0x8C71, 0x8C51, 0x8C71, 0x8C71, 0x8C71, 0x8C51, 0x8C51, 0x8C51, 0x8C71, 0x8C71, 0x8C51, 0x8C71, 0x8C51, 0x8C51,
    0x8C51, 0x8430, 0x8430, 0x8C30, 0x8430, 0x8430, 0x8430, 0x8430, 0x8430, 0x8C51, 0x8C51, 0x8C51, 0x8C51, 0x8C51, 0x8C30, 0x8430,
    0x8410, 0x8C71, 0x4A49, 0x39C7, 0xFFFF, 0xFFFF, 0xFFFF, 0xFFFF, 0xFFFF, 0xFFFF, 0xFFFF, 0xFFFF, 0xFFFF, 0xFFFF, 0xFFFF, 0xFFFF,
    0xFFFF, 0xFFFF, 0xFFFF, 0xFFFF, 0xFFFF, 0xFFFF, 0xFFFF, 0xFFFF, 0xFFFF, 0xFFFF, 0xFFFF, 0xFFFF, 0xFFFF, 0xFFFF, 0xFFFF, 0xFFFF,
    0xFFFF, 0xFFFF, 0xFFFF, 0xFFFF, 0xFFFF, 0xFFFF, 0xFFFF, 0xFFFF, 0xFFFF, 0xFFFF, 0xFFFF, 0xFFFF, 0xFFFF, 0xFFFF, 0xFFFF, 0xFFFF,
    0xFFFF, 0xFFFF, 0xFFFF, 0xFFFF, 0xFFFF, 0xFFFF, 0xFFFF, 0xFFFF, 0xFFFF, 0xFFFF, 0xFFFF, 0xFFFF, 0xFFFF, 0xD69A, 0x2104, 0x83EF,
    0x9492, 0x9CF3, 0x9CD3, 0x94B2, 0x94B2, 0x9CF3, 0x9CF3, 0x9CF3, 0x9CD3, 0x9CD3, 0xA514, 0xA514, 0x9CF3, 0x9CF3, 0x9CF3, 0x9CF3,
    0x9CF3, 0x9CF3, 0x9CD3, 0x9CD3, 0x9CF3, 0x9CF3, 0x9CF3, 0xA514, 0x9CF3, 0x9CF3, 0x9CD3, 0x9CD3, 0x9CF3, 0x9CD3, 0x9CD3, 0x9CD3,
    0x9CD3, 0x9CF3, 0x94B2, 0x94B2, 0x9CD3, 0x9CB2, 0x9CD3, 0x94B2, 0x9492, 0x94B2, 0x9CD3, 0x94B2, 0x9492, 0x94B2, 0x94B2, 0x9CD3,
    0x9492, 0x9492, 0x94B2, 0x9492, 0x94B2, 0x94B2, 0x9492, 0x9492, 0x94B2, 0x9492, 0x9492, 0x9492, 0x8C71, 0x8C71, 0x8C71, 0x8C71,
    0x8C71, 0x8C71, 0x9492, 0x9492, 0x8430, 0x0020, 0x4228, 0xFFDF, 0xFFDF, 0x6B2C, 0x8C51, 0xB596, 0x7BCF, 0x31A6, 0x0000, 0x0000,
    0x0000, 0x0000, 0x0000, 0x0180, 0x0C21, 0x0CC1, 0x02A1, 0x09C0, 0x1C60, 0x1CA0, 0x1D00, 0x1D60, 0x1D81, 0x1D81, 0x1D81, 0x1DA1,
    0x25A1, 0x25A2, 0x25A2, 0x25C2, 0x25C3, 0x25C3, 0x2DC3, 0x2DC3, 0x2DC4, 0x2DE4, 0x35E4, 0x3604, 0x3604, 0x3605, 0x3625, 0x3E25,
    0x3E46, 0x3E46, 0x4666, 0x4666, 0x4E87, 0x4EA7, 0x4EA8, 0x56A8, 0x56C8, 0x56C8, 0x56E9, 0x56E9, 0x5EE9, 0x5EE9, 0x5EE9, 0x5EE9,
    0x5EE9, 0x5EE9, 0x5EE9, 0x5EE9, 0x56E9, 0x56C8, 0x56C8, 0x56A8, 0x4E88, 0x4E88, 0x4E67, 0x4667, 0x4646, 0x3E26, 0x3E05, 0x3DE5,
    0x35C5, 0x35C4, 0x2DC4, 0x2DA4, 0x2D83, 0x2563, 0x2563, 0x2543, 0x1D22, 0x1D22, 0x1D02, 0x1D01, 0x1D01, 0x14E1, 0x14E1, 0x14C0,
    0x1480, 0x1440, 0x0C20, 0x0C20, 0x0BE0, 0x01A0, 0x02E1, 0x03A1, 0x0260, 0x0080, 0x0000, 0x0000, 0x0000, 0x0000, 0x0841, 0x6B6D,
    0xCE59, 0x8C71, 0x7BCF, 0xFFFF, 0x5ACB, 0x0841, 0x8410, 0x8C51, 0x8430, 0x8430, 0x8430, 0x8C51, 0x8C51, 0x8C51, 0x8C51, 0x8C51,
    0x8430, 0x8430, 0x8C51, 0x8C51, 0x8C51, 0x8430, 0x8C51, 0x8C51, 0x8C51, 0x8430, 0x8C51, 0x8C51, 0x8C51, 0x8C71, 0x9492, 0x8C71,
    0x8C71, 0x8C51, 0x8C71, 0x8C51, 0x8C51, 0x8C51, 0x8C71, 0x8C71, 0x8C71, 0x8C51, 0x8C51, 0x8C51, 0x8C51, 0x8C71, 0x8C51, 0x8430,
    0x8C51, 0x8C71, 0x8C51, 0x8C51, 0x8C51, 0x8C71, 0x8C71, 0x8C51, 0x8C51, 0x8C51, 0x8C51, 0x8C71, 0x8C51, 0x8C51, 0x8C51, 0x8C51,
    0x8C51, 0x8C51, 0x8C51, 0x8C71, 0x8430, 0x8430, 0x8430, 0x8430, 0x8430, 0x8430, 0x8C30, 0x8430, 0x8430, 0x8C30, 0x8C31, 0x8430,
    0x8430, 0x8C51, 0x738E, 0x10A2, 0xDEFB, 0xFFFF, 0xFFFF, 0xFFFF, 0xFFFF, 0xFFFF, 0xFFFF, 0xFFFF, 0xFFFF, 0xFFFF, 0xFFFF, 0xFFFF,
    0xFFFF, 0xFFFF, 0xFFFF, 0xFFFF, 0xFFFF, 0xFFFF, 0xFFFF, 0xFFFF, 0xFFFF, 0xFFFF, 0xFFFF, 0xFFFF, 0xFFFF, 0xFFFF, 0xFFFF, 0xFFFF,
    0xFFFF, 0xFFFF, 0xFFFF, 0xFFFF, 0xFFFF, 0xFFFF, 0xFFFF, 0xFFFF, 0xFFFF, 0xFFFF, 0xFFFF, 0xFFFF, 0xFFFF, 0xFFFF, 0xFFFF, 0xFFFF,
    0xFFFF, 0xFFFF, 0xFFFF, 0xFFFF, 0xFFFF, 0xFFFF, 0xFFFF, 0xFFFF, 0xFFFF, 0xFFFF, 0xFFFF, 0xFFFF, 0xFFFF, 0xAD55, 0x2945, 0x8C71,
    0x94B2, 0x9CF3, 0x9CD3, 0x9492, 0x94B2, 0x9CD3, 0x9CD3, 0x9CF3, 0x9CD3, 0x9CD3, 0xA514, 0xA4F4, 0xA514, 0x9CF3, 0x9CF3, 0x9CF3,
    0x9CF3, 0xA534, 0xA514, 0x9CF3, 0x9CF3, 0x9CF3, 0x9CD3, 0x9CD3, 0x9CD3, 0x9CF3, 0x9CF3, 0x94B2, 0x9CD3, 0x9CF3, 0x9D14, 0x9CD3,
    0x94B2, 0x9CD3, 0x9CD3, 0x94B2, 0x9492, 0x9492, 0x94B2, 0x9492, 0x9492, 0x9492, 0x94B2, 0x9492, 0x9492, 0x8C71, 0x9492, 0x9492,
    0x9492, 0x9492, 0x94B2, 0x94B2, 0x9492, 0x94B2, 0x94B2, 0x9492, 0x94B2, 0x9492, 0x9492, 0x8C71, 0x8C71, 0x8C71, 0x8C71, 0x8C51,
    0x8C71, 0x9492, 0x9471, 0x9491, 0x738E, 0x0000, 0x7BCF, 0xFFFF, 0xAD75, 0x4A69, 0x5ACB, 0xC638, 0x7BCF, 0x5ACB, 0x0000, 0x0000,
    0x0000, 0x0000, 0x0000, 0x0140, 0x1401, 0x0C41, 0x0C61, 0x01A0, 0x0AC0, 0x14C1, 0x1CE0, 0x1D40, 0x1D81, 0x1D80, 0x1D81, 0x1DA1,
    0x1DA1, 0x25A1, 0x25A2, 0x25A2, 0x25A2, 0x25A2, 0x25A3, 0x2DA3, 0x2DC3, 0x2DC3, 0x2DE3, 0x35E4, 0x35E4, 0x3604, 0x3605, 0x3625,
    0x3E25, 0x3E46, 0x3E46, 0x4666, 0x4666, 0x4687, 0x4E87, 0x4E87, 0x4EA8, 0x4EA8, 0x56C8, 0x56C8, 0x56C8, 0x56C8, 0x56C9, 0x56C9,
    0x56C9, 0x56C8, 0x56C8, 0x56C8, 0x56C8, 0x56A8, 0x4EA8, 0x4E88, 0x4E87, 0x4667, 0x4667, 0x4646, 0x3E26, 0x3E05, 0x3DE5, 0x35E5,
    0x35C5, 0x2DA4, 0x2DA4, 0x2D84, 0x2D83, 0x2563, 0x2543, 0x1D42, 0x1D22, 0x1D02, 0x1D01, 0x1D01, 0x1501, 0x14E1, 0x14E0, 0x14A0,
    0x1460, 0x1440, 0x0C20, 0x1420, 0x0A40, 0x0200, 0x03A1, 0x0360, 0x0260, 0x0080, 0x0000, 0x0000, 0x0000, 0x0000, 0x2124, 0x8410,
    0xDEFB, 0x4A69, 0xB596, 0xFFFF, 0x8431, 0x0000, 0x7BAE, 0x8C51, 0x8430, 0x8C51, 0x8430, 0x8C51, 0x8C51, 0x8C51, 0x8C51, 0x8C51,
    0x8430, 0x8430, 0x8C51, 0x8C51, 0x8C30, 0x8C51, 0x8C51, 0x8C31, 0x8430, 0x8410, 0x8C51, 0x8C50, 0x8C51, 0x8C51, 0x8C51, 0x8C71,
    0x8C51, 0x8C71, 0x8C71, 0x8C51, 0x8C51, 0x8C51, 0x8C51, 0x8C71, 0x8C71, 0x8C51, 0x8C51, 0x8C51, 0x8C51, 0x8C51, 0x8430, 0x8C51,
    0x8C51, 0x8C71, 0x8C71, 0x8C71, 0x8C51, 0x8C71, 0x8C51, 0x8C51, 0x8C71, 0x8C51, 0x8C51, 0x8C71, 0x8C71, 0x8C51, 0x8430, 0x8430,
    0x8C51, 0x8C51, 0x8C51, 0x8C51, 0x8C51, 0x8430, 0x8430, 0x8430, 0x8430, 0x8410, 0x8430, 0x8430, 0x8C51, 0x8C51, 0x8C51, 0x8430,
    0x8430, 0x8430, 0x8430, 0x0861, 0x94B2, 0xFFFF, 0xFFDF, 0xFFFF, 0xFFFF, 0xFFFF, 0xFFFF, 0xFFFF, 0xFFFF, 0xFFFF, 0xFFFF, 0xFFFF,
    0xFFFF, 0xFFFF, 0xFFFF, 0xFFFF, 0xFFFF, 0xFFFF, 0xFFFF, 0xFFFF, 0xFFFF, 0xFFFF, 0xFFFF, 0xFFFF, 0xFFFF, 0xFFFF, 0xFFFF, 0xFFFF,
    0xFFFF, 0xFFFF, 0xFFFF, 0xFFFF, 0xFFFF, 0xFFFF, 0xFFFF, 0xFFFF, 0xFFFF, 0xFFFF, 0xFFFF, 0xFFFF, 0xFFFF, 0xFFFF, 0xFFFF, 0xFFFF,
    0xFFFF, 0xFFFF, 0xFFFF, 0xFFFF, 0xFFFF, 0xFFFF, 0xFFFF, 0xFFFF, 0xFFFF, 0xFFFF, 0xFFFF, 0xFFDF, 0xFFFF, 0x73AE, 0x4208, 0x9492,
    0x94B2, 0x9CD3, 0x94B2, 0x9CD3, 0x94B2, 0x94B2, 0x9CD3, 0x9CD3, 0x9CD3, 0x9CF3, 0xA534, 0x9CF3, 0x9CF3, 0x9CF3, 0x9CF3, 0x9CD3,
    0x9CF3, 0xA514, 0xA4F4, 0x9CF3, 0x9CF3, 0x9CF3, 0x9CD3, 0x94B2, 0x9CD3, 0x94B2, 0x9CD3, 0x94D2, 0x9CD3, 0x9CF3, 0x9CF3, 0x9CF3,
    0x9CF3, 0x9CD3, 0x9CD3, 0x94B2, 0x94B2, 0x9492, 0x94B2, 0x94B2, 0x9492, 0x9492, 0x9492, 0x94B2, 0x94B2, 0x8C71, 0x8C51, 0x8C71,
    0x8C71, 0x9492, 0x9492, 0x94B2, 0x94B2, 0x9492, 0x94B2, 0x9492, 0x9492, 0x94B2, 0x9492, 0x8C71, 0x8C51, 0x8C51, 0x8C71, 0x8C71,
    0x8C51, 0x8C51, 0x8C71, 0x94B2, 0x6B4D, 0x0000, 0x9CD3, 0xDEDB, 0x5ACB, 0x632C, 0x41E7, 0xBDF7, 0x9492, 0x73AE, 0x0861, 0x0000,
    0x0000, 0x0000, 0x0000, 0x0120, 0x13E1, 0x0C41, 0x0C81, 0x0BE1, 0x0140, 0x0BA0, 0x14E0, 0x1D00, 0x1D40, 0x1D81, 0x1D81, 0x1D81,
    0x1DA1, 0x1D81, 0x25A1, 0x25A2, 0x25A2, 0x25A2, 0x25A2, 0x25A2, 0x25A3, 0x2DC3, 0x2DC3, 0x2DC3, 0x2DE4, 0x35E4, 0x3604, 0x3605,
    0x3605, 0x3E25, 0x3E25, 0x3E46, 0x4646, 0x4666, 0x4667, 0x4E87, 0x4E87, 0x4E87, 0x4EA7, 0x4E87, 0x4EA8, 0x4EA8, 0x4EA8, 0x56A8,
    0x4EA8, 0x4E88, 0x4E88, 0x4E87, 0x4E87, 0x4E87, 0x4E67, 0x4E67, 0x4667, 0x4646, 0x4646, 0x3E26, 0x3E05, 0x3605, 0x35E5, 0x35C4,
    0x2DA4, 0x2DA4, 0x2D83, 0x2D83, 0x2563, 0x2543, 0x2542, 0x1D22, 0x1D22, 0x1D01, 0x1501, 0x14E1, 0x14E1, 0x14E0, 0x14C0, 0x1480,
    0x1440, 0x0C20, 0x1440, 0x0AE0, 0x01C0, 0x03A1, 0x0381, 0x0381, 0x0260, 0x0060, 0x0000, 0x0000, 0x0000, 0x0000, 0x4A49, 0xA534,
    0xBDF7, 0x1082, 0x8C72, 0xFFFF, 0xA534, 0x0000, 0x6B4D, 0x8C71, 0x8C51, 0x8C51, 0x8C51, 0x8430, 0x8430, 0x8431, 0x8C51, 0x8C71,
    0x8430, 0x8430, 0x8C51, 0x8C30, 0x8C51, 0x8C51, 0x8C30, 0x8C51, 0x8C30, 0x8430, 0x8C51, 0x8C51, 0x8C51, 0x8C71, 0x8C51, 0x8C51,
    0x8C51, 0x8C51, 0x8C71, 0x8C71, 0x8C71, 0x8C71, 0x8C71, 0x8C71, 0x8C71, 0x8C51, 0x8C51, 0x8C51, 0x8C51, 0x8430, 0x8C51, 0x8C51,
    0x8C51, 0x8C51, 0x8C71, 0x8C71, 0x8C51, 0x8C71, 0x8C51, 0x8C51, 0x8C71, 0x8C51, 0x8C71, 0x8C51, 0x8C51, 0x8C30, 0x8C51, 0x8430,
    0x8430, 0x8C31, 0x8C51, 0x8C51, 0x8C51, 0x8430, 0x8430, 0x8430, 0x8430, 0x8410, 0x8410, 0x8410, 0x8430, 0x8C30, 0x8430, 0x8430,
    0x8410, 0x8410, 0x8C71, 0x2965, 0x5ACB, 0xFFFF, 0xFFFF, 0xFFFF, 0xFFFF, 0xFFFF, 0xFFFF, 0xFFFF, 0xFFFF, 0xFFFF, 0xFFFF, 0xFFFF,
    0xFFFF, 0xFFFF, 0xFFFF, 0xFFFF, 0xFFFF, 0xFFFF, 0xFFFF, 0xFFFF, 0xFFFF, 0xFFFF, 0xFFFF, 0xFFFF, 0xFFFF, 0xFFFF, 0xFFFF, 0xFFFF,
    0xFFFF, 0xFFFF, 0xFFFF, 0xFFFF, 0xFFFF, 0xFFFF, 0xFFFF, 0xFFFF, 0xFFFF, 0xFFFF, 0xFFFF, 0xFFFF, 0xFFFF, 0xFFFF, 0xFFFF, 0xFFFF,
    0xFFFF, 0xFFFF, 0xFFFF, 0xFFFF, 0xFFFF, 0xFFFF, 0xFFFF, 0xFFFF, 0xFFFF, 0xFFFF, 0xFFFF, 0xFFFF, 0xFFDF, 0x4208, 0x6B4D, 0x9472,
    0x94B2, 0x9CD3, 0x9CD3, 0x9CD3, 0x9CD3, 0x9CD3, 0x9CD3, 0x9CD3, 0x94B2, 0x9CD3, 0xA4F4, 0x9CF3, 0x9CF3, 0xA514, 0x9CF3, 0x9CF4,
    0x9CF3, 0x9CD3, 0x9CD3, 0x9CD3, 0x9CD3, 0x9CF3, 0x9CD3, 0x9CD3, 0x94B2, 0x94D3, 0x94B2, 0x94B2, 0x94B2, 0x9CD3, 0x9CD3, 0x9CF3,
    0xA514, 0x9CD3, 0x9CD3, 0x94B2, 0x94B2, 0x94B2, 0x9492, 0x94B2, 0x9492, 0x9492, 0x9492, 0x9492, 0x9492, 0x8C71, 0x9492, 0x8C71,
    0x8C71, 0x9492, 0x9492, 0x9492, 0x9492, 0x9492, 0x9492, 0x9492, 0x94B2, 0x94B2, 0x8C71, 0x8C71, 0x8C71, 0x8C71, 0x8C51, 0x8C71,
    0x8C71, 0x8C30, 0x8C71, 0x94B2, 0x630C, 0x0000, 0xA534, 0x7BEF, 0x5289, 0x632C, 0x4A49, 0x9492, 0xC638, 0x8410, 0x3186, 0x0000,
    0x0000, 0x0000, 0x0000, 0x0100, 0x0BE1, 0x1461, 0x0C21, 0x0C81, 0x0B01, 0x0140, 0x1420, 0x1500, 0x1500, 0x1D61, 0x1D81, 0x1D81,
    0x1D81, 0x1D81, 0x1D81, 0x25A2, 0x2582, 0x25A2, 0x25A2, 0x25A2, 0x25A2, 0x25A3, 0x2DC3, 0x2DC3, 0x2DC3, 0x2DC4, 0x35E4, 0x35E4,
    0x35E4, 0x3605, 0x3605, 0x3E05, 0x3E26, 0x3E46, 0x4646, 0x4666, 0x4667, 0x4667, 0x4667, 0x4E67, 0x4E67, 0x4E87, 0x4E67, 0x4E67,
    0x4E67, 0x4E67, 0x4E67, 0x4E67, 0x4667, 0x4667, 0x4647, 0x4646, 0x4646, 0x4626, 0x3E26, 0x3E05, 0x35E5, 0x35E5, 0x35C4, 0x2DA4,
    0x2D84, 0x2D84, 0x2563, 0x2563, 0x2543, 0x2542, 0x2522, 0x1D22, 0x1D01, 0x1D01, 0x14E1, 0x14E1, 0x14E1, 0x14C0, 0x14A0, 0x0C60,
    0x0C20, 0x1460, 0x0B60, 0x0180, 0x0341, 0x03A1, 0x0341, 0x0381, 0x0240, 0x0060, 0x0000, 0x0000, 0x0000, 0x1061, 0x6B4D, 0xCE79,
    0x73AE, 0x2104, 0x5AAA, 0xDEFB, 0xB5B6, 0x0000, 0x630C, 0x9492, 0x8C51, 0x8C30, 0x8C51, 0x8C51, 0x8430, 0x8C31, 0x8C51, 0x8C51,
    0x8C51, 0x8C51, 0x8C51, 0x8C51, 0x8C51, 0x8C51, 0x8C51, 0x8C51, 0x8C71, 0x8C51, 0x8C51, 0x8C51, 0x8C51, 0x8C71, 0x8C51, 0x8C51,
    0x8C51, 0x8430, 0x8C51, 0x8C71, 0x8C71, 0x9492, 0x8C71, 0x8C51, 0x8C51, 0x8C51, 0x8C51, 0x8C51, 0x8C51, 0x8430, 0x8C51, 0x8C51,
    0x8C51, 0x8C51, 0x8C51, 0x8C51, 0x8C31, 0x8C51, 0x8C71, 0x8C71, 0x8C71, 0x8C51, 0x8C51, 0x8C31, 0x8C51, 0x8C51, 0x8C51, 0x8C51,
    0x8C51, 0x8C51, 0x8C51, 0x8C51, 0x8430, 0x8430, 0x8430, 0x8430, 0x8430, 0x8430, 0x8430, 0x8410, 0x8430, 0x8430, 0x8430, 0x8430,
    0x8430, 0x8410, 0x8C71, 0x5AEB, 0x2945, 0xF7BE, 0xFFFF, 0xFFFF, 0xFFFF, 0xFFFF, 0xFFFF, 0xFFFF, 0xFFFF, 0xFFFF, 0xFFFF, 0xFFFF,
    0xFFFF, 0xFFFF, 0xFFFF, 0xFFFF, 0xFFFF, 0xFFFF, 0xFFFF, 0xFFFF, 0xFFFF, 0xFFFF, 0xFFFF, 0xFFFF, 0xFFFF, 0xFFFF, 0xFFFF, 0xFFFF,
    0xFFFF, 0xFFFF, 0xFFFF, 0xFFFF, 0xFFFF, 0xFFFF, 0xFFFF, 0xFFFF, 0xFFFF, 0xFFFF, 0xFFFF, 0xFFFF, 0xFFFF, 0xFFFF, 0xFFFF, 0xFFFF,
    0xFFFF, 0xFFFF, 0xFFFF, 0xFFFF, 0xFFFF, 0xFFFF, 0xFFFF, 0xFFFF, 0xFFFF, 0xFFFF, 0xFFFF, 0xFFFF, 0xE73C, 0x3186, 0x8410, 0x9492,
    0x9CD3, 0x9CD3, 0x9CD3, 0x9CD3, 0x9CD3, 0x9CD3, 0x9CD3, 0x9CD3, 0x9CD3, 0x9CD3, 0x9CD3, 0x9CD3, 0x9CF3, 0xA514, 0x9CF3, 0x9CF3,
    0x9CD3, 0x9CD3, 0x9CD3, 0x9CD3, 0x9CD3, 0x9CD3, 0x9CD3, 0x9CF3, 0x9CF3, 0x9CD3, 0x94B2, 0x9CD3, 0x94B2, 0x9CD3, 0x9CD3, 0x9CF3,
    0x9CF3, 0x9CD3, 0x94B2, 0x94B2, 0x94B2, 0x94B2, 0x9492, 0x9492, 0x9492, 0x9492, 0x94B2, 0x9492, 0x9492, 0x9492, 0x94B2, 0x9492,
    0x9492, 0x9492, 0x9492, 0x8C71, 0x9492, 0x94B2, 0x94B2, 0x9492, 0x9492, 0x9492, 0x9492, 0x9492, 0x9492, 0x8C51, 0x8C71, 0x8C71,
    0x8C51, 0x8C51, 0x8C51, 0x94B2, 0x528A, 0x0000, 0x8C51, 0x5AEB, 0x5ACB, 0x5ACB, 0x5ACB, 0x5AEB, 0xD6BA, 0x8C51, 0x5AEB, 0x0000,
    0x0000, 0x0000, 0x0000, 0x0100, 0x0BA1, 0x1401, 0x1401, 0x1401, 0x0C61, 0x0261, 0x0160, 0x1460, 0x1520, 0x1520, 0x1D60, 0x1D80,
    0x1D81, 0x1D81, 0x1DA1, 0x1DA1, 0x2581, 0x2582, 0x25A2, 0x25A2, 0x25A2, 0x25A2, 0x25A2, 0x2DA3, 0x2DA3, 0x2DC3, 0x2DC4, 0x2DC4,
    0x35C4, 0x35E4, 0x35E4, 0x3605, 0x3E05, 0x3E25, 0x3E26, 0x3E46, 0x4646, 0x4646, 0x4646, 0x4647, 0x4647, 0x4646, 0x4646, 0x4647,
    0x4647, 0x4647, 0x4647, 0x4646, 0x4646, 0x4626, 0x3E26, 0x3E26, 0x3E26, 0x3E05, 0x3605, 0x35E5, 0x35C5, 0x35C4, 0x2DA4, 0x2D84,
    0x2D83, 0x2563, 0x2543, 0x2543, 0x2542, 0x2522, 0x1D02, 0x1D01, 0x1D01, 0x14E1, 0x14E1, 0x14E0, 0x14C0, 0x14C0, 0x14C0, 0x0C60,
    0x1460, 0x0B80, 0x0180, 0x0301, 0x03A1, 0x0341, 0x0341, 0x0361, 0x0220, 0x0060, 0x0000, 0x0000, 0x0000, 0x2965, 0x8410, 0xD69A,
    0x3186, 0x528A, 0x4A69, 0xA534, 0xB596, 0x0000, 0x52AB, 0x9492, 0x8C51, 0x8C51, 0x8C51, 0x8C71, 0x8C51, 0x8C51, 0x8C51, 0x8C51,
    0x8C51, 0x8C51, 0x8C51, 0x8C51, 0x8C51, 0x8C51, 0x8C51, 0x8430, 0x8C51, 0x8C51, 0x8C71, 0x8C51, 0x8C51, 0x8C51, 0x8C51, 0x8C51,
    0x8C51, 0x8C51, 0x8C51, 0x8C71, 0x9492, 0x8C71, 0x8C51, 0x8C71, 0x8C51, 0x8430, 0x8430, 0x8430, 0x8C51, 0x8C51, 0x8430, 0x8C51,
    0x8C51, 0x8C51, 0x8C51, 0x8C51, 0x8C51, 0x8C51, 0x8430, 0x8C51, 0x8C51, 0x8C51, 0x8430, 0x8C51, 0x8C51, 0x8430, 0x8C51, 0x8C71,
    0x8C71, 0x8C51, 0x8C51, 0x8C50, 0x8430, 0x8430, 0x8430, 0x8430, 0x8430, 0x8430, 0x8430, 0x8410, 0x8430, 0x8430, 0x8430, 0x8430,
    0x8430, 0x8430, 0x8430, 0x7BCF, 0x0841, 0xBDF7, 0xFFFF, 0xFFDF, 0xFFFF, 0xFFFF, 0xFFFF, 0xFFFF, 0xFFFF, 0xFFFF, 0xFFFF, 0xFFFF,
    0xFFFF, 0xFFFF, 0xFFFF, 0xFFFF, 0xFFFF, 0xFFFF, 0xFFFF, 0xFFFF, 0xFFFF, 0xFFFF, 0xFFFF, 0xFFFF, 0xFFFF, 0xFFFF, 0xFFFF, 0xFFFF,
    0xFFFF, 0xFFFF, 0xFFFF, 0xFFFF, 0xFFFF, 0xFFFF, 0xFFFF, 0xFFFF, 0xFFFF, 0xFFFF, 0xFFFF, 0xFFFF, 0xFFFF, 0xFFFF, 0xFFFF, 0xFFFF,
    0xFFFF, 0xFFFF, 0xFFFF, 0xFFFF, 0xFFFF, 0xFFFF, 0xFFFF, 0xFFFF, 0xFFFF, 0xFFFF, 0xFFDF, 0xFFFF, 0xBDD7, 0x31A6, 0x94B2, 0x94B2,
    0x9CD3, 0x9CF3, 0x9CD3, 0x9CD3, 0x9CD3, 0x9CD3, 0x9CD3, 0x9CF3, 0xA514, 0x9CF3, 0x9CD3, 0x9CF3, 0x9CF3, 0x9CD3, 0x9CD3, 0x9CD3,
    0x94B2, 0x9CD3, 0x9CD3, 0x94B2, 0x9CD3, 0x9CF3, 0x9CF3, 0x9CF3, 0x9CF3, 0x9CD3, 0x94B2, 0x94B2, 0x9CD3, 0x9CF3, 0x9CF3, 0x9CD3,
    0x9CF3, 0x9CD2, 0x94B2, 0x9492, 0x9472, 0x94B2, 0x9492, 0x94B2, 0x9492, 0x9492, 0x94B2, 0x94B2, 0x94B2, 0x94B2, 0x9492, 0x9492,
    0x9492, 0x9492, 0x8C72, 0x8C72, 0x9492, 0x9492, 0x8C71, 0x9492, 0x9492, 0x8C71, 0x9492, 0x9492, 0x9492, 0x8C71, 0x9492, 0x9471,
    0x8C51, 0x8C71, 0x8C71, 0x9CB2, 0x4A69, 0x0000, 0x5ACB, 0x5ACB, 0x5ACB, 0x5ACB, 0x630C, 0x4A28, 0xAD75, 0xBDD6, 0x73AE, 0x18C3,
    0x0000, 0x0000, 0x0000, 0x00E0, 0x0B41, 0x0BC1, 0x13C1, 0x0BE1, 0x03E1, 0x0441, 0x0241, 0x0180, 0x1461, 0x1540, 0x1D40, 0x1D80,
    0x1D81, 0x1D81, 0x1DA1, 0x1D81, 0x1D81, 0x2581, 0x2582, 0x25A2, 0x25A2, 0x25A2, 0x25A2, 0x25A3, 0x25A3, 0x25A3, 0x2DA3, 0x2DA4,
    0x2DC4, 0x2DC4, 0x2DC4, 0x35E4, 0x35E5, 0x3605, 0x3E05, 0x3E05, 0x3E26, 0x3E26, 0x3E26, 0x4626, 0x4626, 0x4626, 0x4626, 0x4626,
    0x4626, 0x3E26, 0x3E26, 0x3E26, 0x3E06, 0x3E05, 0x3E05, 0x3605, 0x35E5, 0x35E5, 0x35C5, 0x35C4, 0x2DA4, 0x2DA4, 0x2D84, 0x2D63,
    0x2563, 0x2543, 0x2543, 0x2522, 0x1D22, 0x1D02, 0x1D01, 0x1D01, 0x14E1, 0x14E1, 0x14C0, 0x14E0, 0x14E0, 0x14C0, 0x14A0, 0x1480,
    0x0B80, 0x0180, 0x02E1, 0x03A1, 0x0361, 0x0361, 0x0321, 0x0321, 0x01E0, 0x0040, 0x0000, 0x0000, 0x0020, 0x52AA, 0xBDD7, 0x94B2,
    0x2104, 0x630C, 0x528A, 0x8410, 0x94B2, 0x0000, 0x4A69, 0x9492, 0x8C51, 0x8C51, 0x8C51, 0x8C71, 0x8C71, 0x8C71, 0x8C71, 0x8430,
    0x8C51, 0x8C51, 0x8C51, 0x8C51, 0x8C51, 0x8C51, 0x8C71, 0x8C51, 0x8C51, 0x8C51, 0x8C71, 0x8C51, 0x8C51, 0x8C51, 0x8C51, 0x8C51,
    0x8C51, 0x8C71, 0x8C71, 0x8C71, 0x8C71, 0x8C51, 0x8C51, 0x8C51, 0x8C51, 0x8C51, 0x8430, 0x8C51, 0x8C51, 0x8C51, 0x8C51, 0x8C51,
    0x8C71, 0x8C71, 0x8C71, 0x8C71, 0x9492, 0x8C71, 0x8C51, 0x8430, 0x8C51, 0x8C51, 0x8C31, 0x8C51, 0x8C51, 0x8C51, 0x8C51, 0x8C71,
    0x8C71, 0x8C51, 0x8C71, 0x8C71, 0x8430, 0x8430, 0x8430, 0x8430, 0x8C51, 0x8430, 0x8C51, 0x8430, 0x8430, 0x8430, 0x8430, 0x8430,
    0x8430, 0x8430, 0x8410, 0x8C51, 0x18C3, 0x738E, 0xFFFF, 0xFFDF, 0xFFFF, 0xFFFF, 0xFFFF, 0xFFFF, 0xFFFF, 0xFFFF, 0xFFFF, 0xFFFF,
    0xFFFF, 0xFFFF, 0xFFFF, 0xFFFF, 0xFFFF, 0xFFFF, 0xFFFF, 0xFFFF, 0xFFFF, 0xFFFF, 0xFFFF, 0xFFFF, 0xFFFF, 0xFFFF, 0xFFFF, 0xFFFF,
    0xFFFF, 0xFFFF, 0xFFFF, 0xFFFF, 0xFFFF, 0xFFFF, 0xFFFF, 0xFFFF, 0xFFFF, 0xFFFF, 0xFFFF, 0xFFFF, 0xFFFF, 0xFFFF, 0xFFFF, 0xFFFF,
    0xFFFF, 0xFFFF, 0xFFFF, 0xFFFF, 0xFFFF, 0xFFFF, 0xFFFF, 0xFFFF, 0xFFFF, 0xFFFF, 0xFFDF, 0xFFFF, 0x7BEF, 0x4208, 0x9492, 0x94B2,
    0x9CD3, 0x9CD3, 0x9CD3, 0x94B2, 0x9CD3, 0x9CD3, 0x94B2, 0x9CD3, 0x94B2, 0x9CD3, 0x9CF3, 0xA514, 0x9CF3, 0x9CF3, 0x9CD3, 0x9CF3,
    0x9CF3, 0x9CF3, 0x9CD3, 0x9CF3, 0x9CF3, 0x9CF3, 0xA514, 0x9CD3, 0x9CF3, 0x9CD3, 0x94B2, 0x94B2, 0x94B2, 0x94B2, 0x94B2, 0x9CD3,
    0x9CD3, 0x94B2, 0x94B2, 0x94B2, 0x9492, 0x94B2, 0x9472, 0x9492, 0x9492, 0x9492, 0x94B2, 0x9492, 0x94B2, 0x94B2, 0x94B2, 0x9492,
    0x9492, 0x8C71, 0x9492, 0x9492, 0x9492, 0x9492, 0x9492, 0x94B2, 0x9CB3, 0x94B2, 0x8C71, 0x8C71, 0x8C71, 0x8C71, 0x8C71, 0x9492,
    0x8C71, 0x8C71, 0x8C71, 0x9CD3, 0x528A, 0x0000, 0x52AA, 0x5ACB, 0x5ACB, 0x5ACB, 0x5ACB, 0x5AAA, 0x738E, 0xE71C, 0x8C71, 0x52AA,
    0x0000, 0x0000, 0x0000, 0x00A0, 0x0AE1, 0x0BA1, 0x0B81, 0x0381, 0x03C1, 0x03E1, 0x0442, 0x0261, 0x01A0, 0x1460, 0x1D80, 0x1D60,
    0x1D81, 0x1D81, 0x1D81, 0x1D81, 0x1D81, 0x2581, 0x2582, 0x2582, 0x2582, 0x2582, 0x2582, 0x2582, 0x2583, 0x2583, 0x2D83, 0x2DA3,
    0x2DA4, 0x2DA4, 0x2DC4, 0x2DC4, 0x35E4, 0x35E5, 0x35E5, 0x3DE5, 0x3E05, 0x3E05, 0x3E26, 0x3E06, 0x3E06, 0x3E06, 0x3E06, 0x3E06,
    0x3E06, 0x3E05, 0x3E06, 0x3E05, 0x35E5, 0x35E5, 0x35E5, 0x35C5, 0x35C4, 0x35C4, 0x2DA4, 0x2DA4, 0x2D84, 0x2D83, 0x2563, 0x2563,
    0x2543, 0x2543, 0x2522, 0x1D22, 0x1D02, 0x1D01, 0x1CE1, 0x1501, 0x14E1, 0x14E0, 0x14E0, 0x1500, 0x14E0, 0x14E0, 0x14E0, 0x0B60,
    0x01A0, 0x0B42, 0x03C1, 0x0341, 0x0341, 0x0321, 0x0301, 0x02C0, 0x01A0, 0x0020, 0x0000, 0x0000, 0x2965, 0x8C51, 0xDEFB, 0x39E7,
    0x4A49, 0x5ACB, 0x52AA, 0x630C, 0x630C, 0x0020, 0x52AA, 0x9492, 0x8C51, 0x8C51, 0x8C71, 0x8C71, 0x8C71, 0x8C51, 0x8C71, 0x8430,
    0x8430, 0x8C51, 0x8C71, 0x8C51, 0x8451, 0x8C51, 0x8C71, 0x8C51, 0x8C51, 0x8C51, 0x8C30, 0x8C51, 0x8C51, 0x8C51, 0x8C51, 0x8C51,
    0x8C71, 0x8C71, 0x8C71, 0x8C71, 0x8C71, 0x8C71, 0x8C51, 0x8C51, 0x8C51, 0x8C51, 0x8C51, 0x8C71, 0x8C51, 0x8C51, 0x8C51, 0x8C51,
    0x8C51, 0x8C51, 0x8C51, 0x8C51, 0x8C51, 0x8C51, 0x8C51, 0x8C51, 0x8C51, 0x8C51, 0x8C51, 0x8C71, 0x8C51, 0x8430, 0x8430, 0x8C71,
    0x8C51, 0x8C51, 0x8C71, 0x8C51, 0x8430, 0x8C50, 0x8C51, 0x8C51, 0x8C51, 0x8C51, 0x8430, 0x8430, 0x8430, 0x8430, 0x8430, 0x8430,
    0x8430, 0x8430, 0x8430, 0x8C71, 0x4208, 0x39E7, 0xFFFF, 0xFFFF, 0xFFFF, 0xFFFF, 0xFFFF, 0xFFFF, 0xFFFF, 0xFFFF, 0xFFFF, 0xFFFF,
    0xFFFF, 0xFFFF, 0xFFFF, 0xFFFF, 0xFFFF, 0xFFFF, 0xFFFF, 0xFFFF, 0xFFFF, 0xFFFF, 0xFFFF, 0xFFFF, 0xFFFF, 0xFFFF, 0xFFFF, 0xFFFF,
    0xFFFF, 0xFFFF, 0xFFFF, 0xFFFF, 0xFFFF, 0xFFFF, 0xFFFF, 0xFFFF, 0xFFFF, 0xFFFF, 0xFFFF, 0xFFFF, 0xFFFF, 0xFFFF, 0xFFFF, 0xFFFF,
    0xFFFF, 0xFFFF, 0xFFFF, 0xFFFF, 0xFFFF, 0xFFFF, 0xFFFF, 0xFFFF, 0xFFFF, 0xFFFF, 0xFFFF, 0xFFFF, 0x4A49, 0x5ACB, 0x9492, 0x9CD3,
    0x9CD3, 0x9CD3, 0x9CD3, 0x94B2, 0x9492, 0x9492, 0x9492, 0x9CD3, 0x9CD3, 0x9CD3, 0x9CF3, 0x9CF3, 0xA4F4, 0xA514, 0x9CF3, 0x9CF3,
    0x9CF3, 0xA4F4, 0x9CF3, 0xA514, 0x9CD3, 0x9CD3, 0xA514, 0x9CF3, 0x9CF3, 0x9CD3, 0x9CD3, 0x94B2, 0x94B2, 0x9492, 0x94B2, 0x94B2,
    0x9CD3, 0x94B2, 0x94B2, 0x94B2, 0x94B2, 0x94B2, 0x94B2, 0x9492, 0x8C71, 0x8C71, 0x94B2, 0x94B2, 0x9492, 0x9492, 0x9492, 0x9492,
    0x8C71, 0x9472, 0x94B2, 0x9492, 0x9492, 0x9492, 0x94B2, 0x9492, 0x94B2, 0x9492, 0x9492, 0x9492, 0x8C71, 0x8C71, 0x8C71, 0x9492,
    0x9492, 0x9492, 0x8C51, 0x94B2, 0x528A, 0x0000, 0x52AA, 0x5ACB, 0x5ACB, 0x5ACB, 0x5ACB, 0x5AEB, 0x528A, 0xC618, 0xD69A, 0x7BEF,
    0x2103, 0x0000, 0x0000, 0x0080, 0x02A1, 0x0341, 0x0321, 0x0341, 0x0381, 0x03A1, 0x03E1, 0x0462, 0x02A1, 0x0140, 0x13E0, 0x1DA1,
    0x1D81, 0x1D61, 0x1D81, 0x1D81, 0x1D81, 0x1D81, 0x1D81, 0x2581, 0x2581, 0x2582, 0x2582, 0x2582, 0x2562, 0x2582, 0x2583, 0x2583,
    0x2D83, 0x2DA3, 0x2DA3, 0x2DC4, 0x2DC4, 0x2DC4, 0x35C4, 0x35C5, 0x35E5, 0x35E5, 0x35E5, 0x35E5, 0x35E5, 0x3DE5, 0x35E5, 0x35E5,
    0x35E5, 0x35E5, 0x35C5, 0x35C5, 0x35C5, 0x35C4, 0x2DC4, 0x2DA4, 0x2DA4, 0x2D84, 0x2D84, 0x2D84, 0x2D63, 0x2563, 0x2543, 0x2543,
    0x2543, 0x1D22, 0x1D02, 0x1D02, 0x1D01, 0x1CE1, 0x1CE1, 0x14E1, 0x14E0, 0x14E0, 0x1500, 0x1500, 0x1500, 0x1500, 0x0B00, 0x0180,
    0x1363, 0x0BC2, 0x0321, 0x0321, 0x0301, 0x02E1, 0x02A0, 0x02A0, 0x01A0, 0x0040, 0x0000, 0x0020, 0x5AAA, 0xD69A, 0x94B2, 0x2965,
    0x630C, 0x52AA, 0x52AA, 0x52AA, 0x4A69, 0x0000, 0x630C, 0x94B2, 0x8C71, 0x8C71, 0x8C71, 0x8C71, 0x8C51, 0x8C51, 0x8C51, 0x8C71,
    0x8C71, 0x8C51, 0x8C71, 0x8C51, 0x8C71, 0x8C51, 0x8C51, 0x8C51, 0x8C71, 0x8C71, 0x8C51, 0x8C51, 0x8C51, 0x8C51, 0x8C51, 0x8C51,
    0x8C51, 0x8C71, 0x8C71, 0x8C71, 0x8C71, 0x8C51, 0x8C51, 0x8C51, 0x8C51, 0x8C51, 0x8C51, 0x8C71, 0x8C51, 0x8430, 0x8C51, 0x8C51,
    0x8C51, 0x8C51, 0x8C51, 0x8C51, 0x8430, 0x8C51, 0x8C51, 0x8C51, 0x8C51, 0x8C51, 0x8C71, 0x9492, 0x8C71, 0x8C51, 0x8C51, 0x8C71,
    0x8C71, 0x8C51, 0x8C51, 0x8C51, 0x8450, 0x8C51, 0x8C51, 0x8430, 0x8430, 0x8430, 0x8430, 0x8410, 0x8430, 0x8430, 0x8430, 0x8410,
    0x8430, 0x8430, 0x8430, 0x8C51, 0x6B4D, 0x0861, 0xDEDB, 0xFFFF, 0xFFFF, 0xFFFF, 0xFFFF, 0xFFFF, 0xFFFF, 0xFFFF, 0xFFFF, 0xFFFF,
    0xFFFF, 0xFFFF, 0xFFFF, 0xFFFF, 0xFFFF, 0xFFFF, 0xFFFF, 0xFFFF, 0xFFFF, 0xFFFF, 0xFFFF, 0xFFFF, 0xFFFF, 0xFFFF, 0xFFFF, 0xFFFF,
    0xFFFF, 0xFFFF, 0xFFFF, 0xFFFF, 0xFFFF, 0xFFFF, 0xFFFF, 0xFFFF, 0xFFFF, 0xFFFF, 0xFFFF, 0xFFFF, 0xFFFF, 0xFFFF, 0xFFFF, 0xFFFF,
    0xFFFF, 0xFFFF, 0xFFFF, 0xFFFF, 0xFFFF, 0xFFFF, 0xFFFF, 0xFFFF, 0xFFFF, 0xFFFF, 0xFFFF, 0xEF7D, 0x3186, 0x73AE, 0x94B2, 0x9CF3,
    0x94B2, 0x94B2, 0x94B2, 0x94B2, 0x94B2, 0x9492, 0x9492, 0x9CB3, 0x9CF3, 0x9CD3, 0x9CF3, 0x9CF3, 0x9CF3, 0x9CF3, 0x9CF4, 0x9CF4,
    0x9CF3, 0xA514, 0x9CF3, 0x9CF3, 0x94D2, 0x9CD3, 0x9CF3, 0x9CD3, 0x9CF3, 0x9CD3, 0x9CF3, 0x9CD3, 0x94B2, 0x9492, 0x94B2, 0x94B2,
    0x9CD3, 0x94B2, 0x94B2, 0x9492, 0x9CD3, 0x9CF3, 0x9CD3, 0x94B2, 0x8C71, 0x8C71, 0x9492, 0x9CD3, 0x94B2, 0x8C71, 0x8C71, 0x9492,
    0x8C71, 0x8C71, 0x9472, 0x9492, 0x9492, 0x9492, 0x94B2, 0x9492, 0x9471, 0x8C71, 0x8C71, 0x8C71, 0x8C71, 0x8C51, 0x8C71, 0x9492,
    0x9492, 0x9492, 0x8C71, 0x94B2, 0x528A, 0x0000, 0x4A49, 0x5ACB, 0x5ACB, 0x5ACB, 0x5ACB, 0x5AEB, 0x5AEB, 0x738E, 0xF79E, 0xAD55,
    0x52AA, 0x0000, 0x0000, 0x0060, 0x0260, 0x0321, 0x0301, 0x0321, 0x0341, 0x0361, 0x0381, 0x03E1, 0x0462, 0x0321, 0x0160, 0x0B20,
    0x1D81, 0x1DA1, 0x1D61, 0x1D81, 0x1D81, 0x1D81, 0x1D81, 0x1D81, 0x1D61, 0x1D61, 0x1D61, 0x1D62, 0x2562, 0x2562, 0x2562, 0x2563,
    0x2583, 0x2D83, 0x2D83, 0x2DA3, 0x2DA3, 0x2DA4, 0x2DA4, 0x2DC4, 0x35C4, 0x35C4, 0x35C5, 0x35C4, 0x35C4, 0x35C4, 0x35C4, 0x35C4,
    0x35C4, 0x35C4, 0x35A4, 0x35A4, 0x2DA4, 0x2D84, 0x2D84, 0x2D83, 0x2D83, 0x2563, 0x2563, 0x2543, 0x2543, 0x2523, 0x2522, 0x1D22,
    0x1D02, 0x1D02, 0x1D02, 0x1D02, 0x1D01, 0x14E1, 0x14E1, 0x14C0, 0x14C0, 0x14E0, 0x14E0, 0x1520, 0x14C1, 0x0A60, 0x01C0, 0x1BC4,
    0x13C3, 0x0321, 0x0321, 0x0301, 0x02E1, 0x02C1, 0x0280, 0x0280, 0x0180, 0x0040, 0x0000, 0x31A6, 0x9CD3, 0xD699, 0x2945, 0x52AA,
    0x5ACB, 0x52AA, 0x52AA, 0x5ACB, 0x4228, 0x0000, 0x738E, 0x94B2, 0x8C51, 0x8C51, 0x8C51, 0x8C71, 0x8C51, 0x8C51, 0x8C51, 0x8C51,
    0x8C51, 0x8C51, 0x8C71, 0x8C51, 0x8C51, 0x8C51, 0x8C51, 0x8C51, 0x8C71, 0x8C71, 0x94B2, 0x8C71, 0x8C71, 0x8C71, 0x8C71, 0x8C51,
    0x8C51, 0x8C71, 0x8C71, 0x8C71, 0x8C71, 0x8C51, 0x8C51, 0x8C51, 0x8C51, 0x8C51, 0x8C51, 0x8C51, 0x8C51, 0x8450, 0x8C51, 0x8C51,
    0x8430, 0x8C51, 0x8C71, 0x8C71, 0x8C51, 0x8C51, 0x8C51, 0x8C51, 0x8C51, 0x8C51, 0x8C51, 0x8C71, 0x8C71, 0x8C51, 0x8C71, 0x8C71,
    0x8C71, 0x8C51, 0x9492, 0x8C51, 0x8C51, 0x8C51, 0x8C51, 0x8430, 0x8430, 0x8430, 0x8430, 0x8430, 0x8430, 0x8430, 0x8410, 0x8430,
    0x8430, 0x8430, 0x8430, 0x8430, 0x8430, 0x0881, 0x94B2, 0xFFFF, 0xFFDF, 0xFFFF, 0xFFFF, 0xFFFF, 0xFFFF, 0xFFFF, 0xFFFF, 0xFFFF,
    0xFFFF, 0xFFFF, 0xFFFF, 0xFFFF, 0xFFFF, 0xFFFF, 0xFFFF, 0xFFFF, 0xFFFF, 0xFFFF, 0xFFFF, 0xFFFF, 0xFFFF, 0xFFFF, 0xFFFF, 0xFFFF,
    0xFFFF, 0xFFFF, 0xFFFF, 0xFFFF, 0xFFFF, 0xFFFF, 0xFFFF, 0xFFFF, 0xFFFF, 0xFFFF, 0xFFFF, 0xFFFF, 0xFFFF, 0xFFFF, 0xFFFF, 0xFFFF,
    0xFFFF, 0xFFFF, 0xFFFF, 0xFFFF, 0xFFFF, 0xFFFF, 0xFFFF, 0xFFFF, 0xFFFF, 0xFFFF, 0xFFFF, 0xC638, 0x2945, 0x8410, 0x9492, 0x9CD3,
    0x94B2, 0x9CD3, 0x94B2, 0x94B2, 0x9CD3, 0x9CB2, 0x9CD3, 0x9CF3, 0x9CF3, 0x9CF3, 0x9CF3, 0x9CF3, 0x9CF3, 0x9CD3, 0x9CF3, 0x9CF3,
    0x9CF3, 0x9CF3, 0x9CF3, 0x9CF3, 0x9CD3, 0x9CD3, 0x9CD3, 0x94B2, 0x9CD3, 0x9CD3, 0x9CD3, 0x9CD3, 0x94B2, 0x94B2, 0x94B2, 0x94B2,
    0x94B2, 0x94B2, 0x9CD3, 0x94B2, 0x9CF3, 0x9CD3, 0x94B2, 0x9CD3, 0x94B2, 0x9492, 0x8C71, 0x9492, 0x9492, 0x9492, 0x8C71, 0x8C71,
    0x8C71, 0x8C71, 0x8C71, 0x8C51, 0x8C51, 0x9492, 0x9492, 0x8C71, 0x9492, 0x9492, 0x8C71, 0x8C71, 0x9471, 0x9492, 0x8C71, 0x8C71,
    0x8C71, 0x8C71, 0x8C71, 0x8C51, 0x4A69, 0x0000, 0x39C7, 0x5ACB, 0x5ACA, 0x5ACB, 0x5ACB, 0x5AEB, 0x630C, 0x52AA, 0xA514, 0xF7BE,
    0x8C51, 0x3166, 0x0000, 0x0060, 0x0220, 0x0301, 0x02E1, 0x02E1, 0x0301, 0x0341, 0x0361, 0x0381, 0x03C1, 0x0462, 0x03E2, 0x01E0,
    0x0A00, 0x1481, 0x1DA1, 0x1D81, 0x1D81, 0x1D81, 0x1D81, 0x1D61, 0x1D61, 0x1D61, 0x1D61, 0x1D61, 0x1D62, 0x2562, 0x2542, 0x2542,
    0x2563, 0x2563, 0x2563, 0x2583, 0x2D83, 0x2D83, 0x2D83, 0x2D84, 0x2DA4, 0x2D84, 0x2DA4, 0x2DA4, 0x2DA4, 0x2DA4, 0x2DA4, 0x2D84,
    0x2D84, 0x2D84, 0x2D84, 0x2D84, 0x2D84, 0x2D83, 0x2D63, 0x2563, 0x2563, 0x2543, 0x2543, 0x2523, 0x2522, 0x1D22, 0x1D22, 0x1D02,
    0x1D02, 0x1D02, 0x1D02, 0x1CE1, 0x14E1, 0x14E1, 0x14C0, 0x14C0, 0x14C0, 0x1520, 0x1D60, 0x1440, 0x0240, 0x0AC2, 0x2C86, 0x13E3,
    0x0321, 0x0321, 0x0301, 0x02C1, 0x02A1, 0x0280, 0x0260, 0x0260, 0x0180, 0x0000, 0x10A2, 0x7BCF, 0xE73C, 0x52AA, 0x31A6, 0x5ACB,
    0x528A, 0x52AA, 0x52AA, 0x5AEB, 0x39C7, 0x0841, 0x8410, 0x8C71, 0x8C71, 0x8C71, 0x8C71, 0x8C51, 0x8C71, 0x8C51, 0x8430, 0x8C51,
    0x8C51, 0x8C71, 0x8C71, 0x8C51, 0x8C51, 0x8C71, 0x8C71, 0x8C71, 0x8C51, 0x8C71, 0x9471, 0x8C71, 0x8C71, 0x8C71, 0x9492, 0x8C71,
    0x8C51, 0x8C71, 0x8C51, 0x8C51, 0x8C71, 0x8C51, 0x8C51, 0x8C51, 0x8430, 0x8C51, 0x8C51, 0x8C71, 0x8C51, 0x8C51, 0x8C51, 0x8C51,
    0x8C51, 0x8C51, 0x8C71, 0x8C51, 0x8C71, 0x8C51, 0x8C51, 0x8C51, 0x8C71, 0x8C71, 0x8C71, 0x8C51, 0x8C71, 0x8430, 0x8C51, 0x9471,
    0x8C71, 0x8C51, 0x9471, 0x8C51, 0x8C51, 0x8C51, 0x8C51, 0x8430, 0x8430, 0x8C51, 0x8430, 0x8430, 0x8430, 0x8430, 0x8430, 0x8430,
    0x8430, 0x8430, 0x8430, 0x8430, 0x8C71, 0x2965, 0x52AA, 0xFFFF, 0xFFDF, 0xFFFF, 0xFFFF, 0xFFFF, 0xFFFF, 0xFFFF, 0xFFFF, 0xFFFF,
    0xFFFF, 0xFFFF, 0xFFFF, 0xFFFF, 0xFFFF, 0xFFFF, 0xFFFF, 0xFFFF, 0xFFFF, 0xFFFF, 0xFFFF, 0xFFFF, 0xFFFF, 0xFFFF, 0xFFFF, 0xFFFF,
    0xFFFF, 0xFFFF, 0xFFFF, 0xFFFF, 0xFFFF, 0xFFFF, 0xFFFF, 0xFFFF, 0xFFFF, 0xFFFF, 0xFFFF, 0xFFFF, 0xFFFF, 0xFFFF, 0xFFFF, 0xFFFF,
    0xFFFF, 0xFFFF, 0xFFFF, 0xFFFF, 0xFFFF, 0xFFFF, 0xFFFF, 0xFFFF, 0xFFFF, 0xFFDF, 0xFFFF, 0x8C51, 0x2965, 0x9471, 0x94B2, 0x9CD3,
    0x9CF3, 0x9CF3, 0x9CD3, 0x94B2, 0x9CD3, 0x9CD3, 0x9CD3, 0xA514, 0x9CF3, 0x9CD3, 0x9CD3, 0x9CD3, 0x9CD3, 0x9CF3, 0x9CF3, 0x9CD3,
    0x9CF3, 0xA514, 0x9CD3, 0x9CF3, 0x9CF3, 0x9CD3, 0x9CD3, 0x9CD3, 0x9CD3, 0x9CD3, 0x94B3, 0x94B2, 0x94B2, 0x9492, 0x8C71, 0x8C71,
    0x9492, 0x9492, 0x94B2, 0x9492, 0x9CD3, 0x94B2, 0x94B2, 0x9CD3, 0x94B2, 0x9492, 0x9492, 0x8C71, 0x8C71, 0x8C51, 0x8C71, 0x9492,
    0x8C71, 0x8C71, 0x9492, 0x8C51, 0x8C51, 0x8C71, 0x8C71, 0x8C71, 0x8C71, 0x9492, 0x94B2, 0x9492, 0x9492, 0x8C71, 0x8C71, 0x8C71,
    0x8C71, 0x8C51, 0x8C51, 0x738E, 0x528A, 0x0000, 0x2945, 0x5AEB, 0x52AA, 0x5ACB, 0x5ACB, 0x5ACB, 0x5ACB, 0x5AEB, 0x52AA, 0xD6BA,
    0xE6FC, 0x738E, 0x10A2, 0x0020, 0x0241, 0x02E1, 0x02C1, 0x02E1, 0x02E1, 0x0321, 0x0341, 0x0361, 0x0381, 0x03C1, 0x0442, 0x0462,
    0x02A1, 0x0160, 0x0B00, 0x1D41, 0x1DC1, 0x1D81, 0x1D61, 0x1D61, 0x1D61, 0x1D61, 0x1D60, 0x1D41, 0x1D41, 0x1D41, 0x1D42, 0x1D42,
    0x2542, 0x2542, 0x2562, 0x2562, 0x2563, 0x2563, 0x2583, 0x2583, 0x2563, 0x2D63, 0x2D63, 0x2D83, 0x2D83, 0x2D83, 0x2D63, 0x2D63,
    0x2563, 0x2563, 0x2563, 0x2563, 0x2563, 0x2563, 0x2543, 0x2543, 0x2543, 0x2523, 0x1D22, 0x1D22, 0x1D22, 0x1D02, 0x1D02, 0x1D01,
    0x1CE1, 0x14E1, 0x14C1, 0x14E0, 0x14E0, 0x14E0, 0x14E0, 0x1500, 0x1DA1, 0x2542, 0x1360, 0x0240, 0x1BE4, 0x34E7, 0x13A2, 0x0300,
    0x0301, 0x02E1, 0x02C1, 0x0281, 0x0281, 0x0260, 0x0260, 0x02A0, 0x0100, 0x0000, 0x528A, 0xDEDB, 0x94B2, 0x2104, 0x5ACB, 0x528A,
    0x528A, 0x528A, 0x528A, 0x5AEB, 0x2104, 0x2124, 0x9492, 0x8C30, 0x8C51, 0x8C30, 0x8C30, 0x8C51, 0x8C51, 0x8C51, 0x8C71, 0x8C51,
    0x8C51, 0x8C71, 0x8C71, 0x8C51, 0x8C71, 0x8C51, 0x8430, 0x8C51, 0x9492, 0x9492, 0x9492, 0x9492, 0x9471, 0x8C71, 0x8C51, 0x8C51,
    0x8C71, 0x8C71, 0x8C71, 0x8C71, 0x8C71, 0x8C71, 0x8C71, 0x8430, 0x8C51, 0x8C51, 0x8C51, 0x8C51, 0x8C51, 0x8C51, 0x8C51, 0x8C51,
    0x8C51, 0x8C71, 0x8C51, 0x8C71, 0x8C71, 0x8C71, 0x8C51, 0x8430, 0x8C51, 0x8C51, 0x8C51, 0x8C51, 0x8C51, 0x8C51, 0x8C51, 0x8C71,
    0x8C71, 0x8C71, 0x8C71, 0x8C51, 0x8430, 0x8430, 0x8430, 0x8430, 0x8430, 0x8430, 0x8430, 0x8C51, 0x8C51, 0x8430, 0x8430, 0x8430,
    0x8430, 0x8430, 0x8430, 0x8410, 0x8C51, 0x52AA, 0x18E3, 0xF79E, 0xFFFF, 0xFFFF, 0xFFFF, 0xFFFF, 0xFFFF, 0xFFFF, 0xFFFF, 0xFFFF,
    0xFFFF, 0xFFFF, 0xFFFF, 0xFFFF, 0xFFFF, 0xFFFF, 0xFFFF, 0xFFFF, 0xFFFF, 0xFFFF, 0xFFFF, 0xFFFF, 0xFFFF, 0xFFFF, 0xFFFF, 0xFFFF,
    0xFFFF, 0xFFFF, 0xFFFF, 0xFFFF, 0xFFFF, 0xFFFF, 0xFFFF, 0xFFFF, 0xFFFF, 0xFFFF, 0xFFFF, 0xFFFF, 0xFFFF, 0xFFFF, 0xFFFF, 0xFFFF,
    0xFFFF, 0xFFFF, 0xFFFF, 0xFFFF, 0xFFFF, 0xFFFF, 0xFFFF, 0xFFFF, 0xFFFF, 0xFFDF, 0xFFFF, 0x5ACB, 0x4A69, 0x94B2, 0x9CD3, 0x9CF3,
    0x9CD3, 0x9CD3, 0x9CD3, 0x9CB2, 0x9CD3, 0x9CD3, 0x9CD3, 0x9CD3, 0x9CD3, 0x94B2, 0x94B2, 0x9CF3, 0x9CF3, 0x9CF3, 0x9CD3, 0x9CD3,
    0x9CD3, 0x9CF3, 0x9CF3, 0x9CD3, 0x9CD3, 0x9CD3, 0x9CF3, 0x9CF3, 0x9CD3, 0x9CF3, 0x9CF3, 0x9CD3, 0x94B2, 0x94B2, 0x9492, 0x94B2,
    0x94B2, 0x94B2, 0x94B2, 0x94B2, 0x9CD3, 0x9CD3, 0x9492, 0x9492, 0x9492, 0x8C71, 0x9492, 0x8C71, 0x9492, 0x8C51, 0x8C71, 0x8C71,
    0x8C71, 0x8C71, 0x9492, 0x94B2, 0x9492, 0x9492, 0x9492, 0x8C71, 0x8C51, 0x8C71, 0x9492, 0x9492, 0x8C71, 0x8C51, 0x8C71, 0x8C71,
    0x8C51, 0x8C51, 0x83F0, 0x630C, 0x5AEB, 0x0020, 0x10A2, 0x5ACB, 0x52AA, 0x5AAB, 0x5ACB, 0x5ACB, 0x5ACB, 0x5ACB, 0x52AA, 0x6B6D,
    0xFFDF, 0xCE79, 0x5AEB, 0x0000, 0x0160, 0x02E1, 0x02C1, 0x02E1, 0x02E1, 0x0301, 0x0301, 0x0341, 0x0361, 0x0381, 0x03C1, 0x0401,
    0x0462, 0x03C2, 0x0201, 0x01E0, 0x13E1, 0x1D61, 0x1DA1, 0x1D61, 0x1D61, 0x1D61, 0x1D60, 0x1D41, 0x1D41, 0x1D21, 0x1D21, 0x1D21,
    0x1D42, 0x1D42, 0x2542, 0x1D42, 0x2542, 0x2542, 0x2562, 0x2543, 0x2543, 0x2563, 0x2563, 0x2563, 0x2563, 0x2563, 0x2543, 0x2543,
    0x2543, 0x2543, 0x2543, 0x2543, 0x2543, 0x2542, 0x2522, 0x1D22, 0x1D22, 0x1D02, 0x1D02, 0x1D02, 0x1D02, 0x1D02, 0x1CE1, 0x14E1,
    0x14C1, 0x14C0, 0x14C0, 0x14E0, 0x1501, 0x1521, 0x1D81, 0x2582, 0x1C41, 0x0280, 0x0AC2, 0x3487, 0x3486, 0x0341, 0x0300, 0x0301,
    0x02E1, 0x02C1, 0x02A1, 0x0281, 0x0261, 0x0240, 0x0260, 0x01A0, 0x0000, 0x39E7, 0xCE79, 0xC638, 0x18E3, 0x528A, 0x52AA, 0x528A,
    0x528A, 0x52AA, 0x528A, 0x528A, 0x0020, 0x4208, 0x9CD3, 0x8C71, 0x8C51, 0x8430, 0x8C51, 0x8C51, 0x8C51, 0x8C51, 0x8C51, 0x8C51,
    0x8C51, 0x8C30, 0x8C51, 0x8C31, 0x8430, 0x8C51, 0x8C31, 0x8C51, 0x8C51, 0x8C51, 0x9472, 0x8C71, 0x8C51, 0x8C71, 0x8C71, 0x8C51,
    0x8C71, 0x9492, 0x9491, 0x9492, 0x9492, 0x8C71, 0x8C51, 0x8451, 0x8C51, 0x8C51, 0x8C51, 0x8C51, 0x8C30, 0x8430, 0x8430, 0x8430,
    0x8C51, 0x8C51, 0x8C71, 0x8C71, 0x8C51, 0x8C71, 0x8C51, 0x8430, 0x8C51, 0x8C51, 0x8C51, 0x8C71, 0x8C71, 0x8C51, 0x8C51, 0x8430,
    0x8C51, 0x8C71, 0x8C71, 0x8C51, 0x8410, 0x8430, 0x8430, 0x8430, 0x8430, 0x8430, 0x8430, 0x8C51, 0x8430, 0x8430, 0x8430, 0x8430,
    0x8C51, 0x8430, 0x8430, 0x8410, 0x8430, 0x73AE, 0x0841, 0xBDF7, 0xFFFF, 0xFFDF, 0xFFFF, 0xFFFF, 0xFFFF, 0xFFFF, 0xFFFF, 0xFFFF,
    0xFFFF, 0xFFFF, 0xFFFF, 0xFFFF, 0xFFFF, 0xFFFF, 0xFFFF, 0xFFFF, 0xFFFF, 0xFFFF, 0xFFFF, 0xFFFF, 0xFFFF, 0xFFFF, 0xFFFF, 0xFFFF,
    0xFFFF, 0xFFFF, 0xFFFF, 0xFFFF, 0xFFFF, 0xFFFF, 0xFFFF, 0xFFFF, 0xFFFF, 0xFFFF, 0xFFFF, 0xFFFF, 0xFFFF, 0xFFFF, 0xFFFF, 0xFFFF,
    0xFFFF, 0xFFFF, 0xFFFF, 0xFFFF, 0xFFFF, 0xFFFF, 0xFFFF, 0xFFFF, 0xFFFF, 0xFFFF, 0xFFDF, 0x39C7, 0x6B6D, 0x8C71, 0x9492, 0x94B2,
    0x9CB3, 0x94B2, 0x9CD3, 0x9CD3, 0x9CD3, 0x9CD3, 0x9CD3, 0x9CD3, 0x94B2, 0x94B2, 0x9CF3, 0x9CD3, 0x9CF3, 0x9CF3, 0x9CD3, 0x94B2,
    0x9CD3, 0x9CD3, 0x9CD3, 0x9CF3, 0x9CD3, 0x9CD3, 0x9CD3, 0x9CD3, 0x94B2, 0x9CD3, 0x9CF3, 0x9CD3, 0x94B2, 0x9CD3, 0x94B2, 0x9CD3,
    0x9CD3, 0x9CD3, 0x94B2, 0x94B2, 0x9CD3, 0x94B2, 0x9CD3, 0x94B2, 0x9492, 0x8C71, 0x9492, 0x8C71, 0x8C71, 0x8C71, 0x8C71, 0x8C71,
    0x8C71, 0x8C71, 0x9492, 0x9492, 0x9492, 0x9492, 0x94B2, 0x9492, 0x8C71, 0x8C71, 0x8C51, 0x9492, 0x94B2, 0x9492, 0x8C71, 0x8C71,
    0x8410, 0x8430, 0x738E, 0x632C, 0x6B4D, 0x2104, 0x0000, 0x4A49, 0x5AAA, 0x52AA, 0x52AA, 0x5ACB, 0x5ACB, 0x5ACB, 0x5AEB, 0x528A,
    0x9492, 0xFFFF, 0xC618, 0x39C7, 0x0000, 0x01E1, 0x0301, 0x02C1, 0x02C1, 0x02C1, 0x02E1, 0x0301, 0x0341, 0x0361, 0x03A1, 0x03C2,
    0x03E2, 0x0422, 0x0462, 0x0362, 0x01C0, 0x0A00, 0x13C0, 0x1D41, 0x1DA0, 0x1D61, 0x1D40, 0x1D41, 0x1D41, 0x1D41, 0x1D41, 0x1D41,
    0x1D41, 0x1D41, 0x1D41, 0x1D41, 0x1D42, 0x1D42, 0x1D42, 0x2542, 0x2542, 0x2542, 0x2542, 0x2542, 0x2542, 0x2542, 0x2542, 0x2522,
    0x2522, 0x1D22, 0x1D22, 0x1D22, 0x1D22, 0x1D22, 0x1D22, 0x1D02, 0x1D02, 0x1D02, 0x1D01, 0x1CE1, 0x1CE1, 0x1CE1, 0x14E1, 0x14C0,
    0x14C0, 0x14E0, 0x14E0, 0x1500, 0x1541, 0x1D21, 0x1C41, 0x0AE0, 0x02C0, 0x2C46, 0x44E9, 0x23E4, 0x0321, 0x0341, 0x0321, 0x02E1,
    0x02C1, 0x02A1, 0x0260, 0x0240, 0x0240, 0x0260, 0x01C0, 0x0000, 0x2104, 0xBDF7, 0xF79E, 0x3186, 0x4228, 0x52AA, 0x528A, 0x528A,
    0x52AA, 0x52AA, 0x5ACB, 0x39E7, 0x0000, 0x632C, 0x94B2, 0x8C71, 0x9471, 0x8C51, 0x8C51, 0x8C51, 0x8C51, 0x8C30, 0x8430, 0x8C51,
    0x8430, 0x8C50, 0x8C51, 0x8C51, 0x8C30, 0x8C51, 0x8C51, 0x8C51, 0x8C31, 0x8C51, 0x8C51, 0x8C71, 0x8C71, 0x8C71, 0x8C91, 0x8C51,
    0x8C51, 0x8C71, 0x9492, 0x94B2, 0x94B2, 0x9492, 0x8C51, 0x8C51, 0x8C51, 0x8C51, 0x8C51, 0x8C71, 0x8C51, 0x8C51, 0x8C51, 0x8C51,
    0x8C51, 0x8C51, 0x8C51, 0x8C51, 0x8C51, 0x8C71, 0x8C51, 0x8410, 0x8430, 0x8C51, 0x8C51, 0x8C71, 0x8C51, 0x8C51, 0x8C51, 0x8C31,
    0x8C51, 0x8C51, 0x8C51, 0x8C30, 0x8C51, 0x8C51, 0x8C51, 0x8C51, 0x8C51, 0x8430, 0x8430, 0x8430, 0x8430, 0x8430, 0x8C51, 0x8C51,
    0x8C31, 0x8430, 0x8430, 0x8410, 0x7BEF, 0x8C51, 0x18C3, 0x7BCF, 0xFFFF, 0xFFDF, 0xFFFF, 0xFFFF, 0xFFFF, 0xFFFF, 0xFFFF, 0xFFFF,
    0xFFFF, 0xFFFF, 0xFFFF, 0xFFFF, 0xFFFF, 0xFFFF, 0xFFFF, 0xFFFF, 0xFFFF, 0xFFFF, 0xFFFF, 0xFFFF, 0xFFFF, 0xFFFF, 0xFFFF, 0xFFFF,
    0xFFFF, 0xFFFF, 0xFFFF, 0xFFFF, 0xFFFF, 0xFFFF, 0xFFFF, 0xFFFF, 0xFFFF, 0xFFFF, 0xFFFF, 0xFFFF, 0xFFFF, 0xFFFF, 0xFFFF, 0xFFFF,
    0xFFFF, 0xFFFF, 0xFFFF, 0xFFFF, 0xFFFF, 0xFFFF, 0xFFFF, 0xFFFF, 0xFFFF, 0xFFFF, 0xD6BA, 0x2945, 0x83EF, 0x8C71, 0x94B2, 0x94B2,
    0x9CB2, 0x9CD3, 0x9CD3, 0x9CD3, 0x9CD3, 0x9CD3, 0x9CD3, 0x9CD3, 0x9CD3, 0x9CD3, 0x9CF3, 0x9CD3, 0x9CD3, 0x9CD3, 0x9CD3, 0x9CF3,
    0x9CF3, 0x9CD3, 0x9CD3, 0x9CD3, 0x9CD3, 0x9CD3, 0x94B2, 0x9CD3, 0x94B2, 0x94B2, 0x9CD3, 0x9CF3, 0x9CF3, 0x9CF3, 0x9CD3, 0x94B2,
    0x94B2, 0x94B2, 0x9492, 0x9492, 0x94B2, 0x9492, 0x9CB2, 0x9CD3, 0x94B2, 0x9471, 0x9492, 0x9471, 0x8C71, 0x8C71, 0x8C71, 0x9492,
    0x8C71, 0x9471, 0x9492, 0x94B2, 0x9492, 0x8C71, 0x8C71, 0x9472, 0x8C51, 0x8C71, 0x9472, 0x9492, 0x9492, 0x8C51, 0x8C51, 0x8C51,
    0x8430, 0x7BEF, 0x632C, 0x630C, 0x6B4D, 0x3A08, 0x0000, 0x3186, 0x5ACB, 0x52AA, 0x52AA, 0x5AAA, 0x5ACB, 0x5ACB, 0x5ACB, 0x5AEB,
    0x4A69, 0xAD34, 0xFFFF, 0xBDD7, 0x2124, 0x0000, 0x0A21, 0x02E1, 0x02A1, 0x02C1, 0x02E1, 0x02E1, 0x0301, 0x0341, 0x0361, 0x03A1,
    0x03E2, 0x03E2, 0x0402, 0x0462, 0x0462, 0x0321, 0x01C0, 0x01E0, 0x0B60, 0x1CE1, 0x1D61, 0x1D60, 0x1D41, 0x1D41, 0x1D41, 0x1D41,
    0x1D61, 0x1D41, 0x1D41, 0x1D41, 0x1D41, 0x1D21, 0x1D21, 0x1D22, 0x1D22, 0x1D22, 0x1D22, 0x1D22, 0x1D22, 0x1D22, 0x1D22, 0x1D22,
    0x1D22, 0x1D22, 0x1D22, 0x1D02, 0x1D02, 0x1D02, 0x1D02, 0x1D01, 0x1D01, 0x1D01, 0x1501, 0x1D01, 0x14E1, 0x14E1, 0x14E0, 0x14E0,
    0x1500, 0x1540, 0x1D61, 0x1D22, 0x1C01, 0x02A0, 0x02A0, 0x2C26, 0x4529, 0x3486, 0x0361, 0x0320, 0x0341, 0x0301, 0x02E1, 0x02C1,
    0x0280, 0x0260, 0x0240, 0x0220, 0x0240, 0x01E0, 0x0020, 0x18C3, 0xB596, 0xFFFF, 0x4A69, 0x3186, 0x5ACB, 0x528A, 0x528A, 0x528A,
    0x528A, 0x52AA, 0x5ACB, 0x18C3, 0x1082, 0x8C30, 0x8C71, 0x8C71, 0x8C71, 0x8C71, 0x8C71, 0x8C51, 0x8C51, 0x8C51, 0x8C50, 0x8C51,
    0x8C51, 0x8C51, 0x8C51, 0x8430, 0x8430, 0x8C51, 0x8C71, 0x8C51, 0x8C51, 0x8C51, 0x8C51, 0x8C51, 0x8C71, 0x8C71, 0x8C72, 0x8C71,
    0x8C71, 0x8C71, 0x8C71, 0x8C71, 0x94B2, 0x9492, 0x8C71, 0x8C71, 0x8C51, 0x8C51, 0x8C51, 0x8C71, 0x8C71, 0x8C71, 0x8C51, 0x8C51,
    0x8C51, 0x8C50, 0x8C51, 0x8C51, 0x8C30, 0x8C51, 0x8C51, 0x8C50, 0x8C51, 0x8C51, 0x8C71, 0x8C51, 0x8C51, 0x8C51, 0x8C51, 0x8C51,
    0x8C51, 0x8C71, 0x8C71, 0x8C51, 0x8C71, 0x8C71, 0x8C51, 0x8C51, 0x8430, 0x8430, 0x8430, 0x8430, 0x8430, 0x8430, 0x8430, 0x8C51,
    0x8C31, 0x8C51, 0x8430, 0x8410, 0x7BEF, 0x8C51, 0x39E7, 0x3186, 0xFFFF, 0xFFFF, 0xFFFF, 0xFFFF, 0xFFFF, 0xFFFF, 0xFFFF, 0xFFFF,
    0xFFFF, 0xFFFF, 0xFFFF, 0xFFFF, 0xFFFF, 0xFFFF, 0xFFFF, 0xFFFF, 0xFFFF, 0xFFFF, 0xFFFF, 0xFFFF, 0xFFFF, 0xFFFF, 0xFFFF, 0xFFFF,
    0xFFFF, 0xFFFF, 0xFFFF, 0xFFFF, 0xFFFF, 0xFFFF, 0xFFFF, 0xFFFF, 0xFFFF, 0xFFFF, 0xFFFF, 0xFFFF, 0xFFFF, 0xFFFF, 0xFFFF, 0xFFFF,
    0xFFFF, 0xFFFF, 0xFFFF, 0xFFFF, 0xFFFF, 0xFFFF, 0xFFFF, 0xFFFF, 0xFFDF, 0xFFFF, 0x94B2, 0x2124, 0x8C51, 0x9492, 0x94B2, 0x94B2,
    0x94B2, 0x94B2, 0x94B2, 0x94B2, 0x9CD3, 0x94B2, 0x9CD3, 0x9CD3, 0x9CD3, 0x9CF3, 0x9CD3, 0x9CD3, 0x9CD3, 0x9CD3, 0x9CF3, 0x9CD3,
    0x94B2, 0xA514, 0xA514, 0x9CD3, 0x9CF3, 0x9CD3, 0x94B2, 0x9CD3, 0x9CD3, 0x94B2, 0x94B2, 0x9CF3, 0x9CD3, 0x9CD3, 0x9CF3, 0x94B2,
    0x94B2, 0x94B2, 0x9492, 0x9492, 0x94B2, 0x9492, 0x9492, 0x94B2, 0x94B2, 0x9492, 0x8C71, 0x8C71, 0x8C71, 0x8C71, 0x9492, 0x9492,
    0x8C51, 0x8C71, 0x9492, 0x9492, 0x8C71, 0x8C71, 0x8C71, 0x8C71, 0x8C71, 0x8C71, 0x9492, 0x94B2, 0x8C71, 0x8C51, 0x8C51, 0x8C51,
    0x8C71, 0x6B6D, 0x630C, 0x62EC, 0x5ACB, 0x4A69, 0x0020, 0x1082, 0x52AA, 0x52AA, 0x5AAA, 0x52AA, 0x52AA, 0x5ACB, 0x5ACB, 0x5ACB,
    0x5ACB, 0x5269, 0xBDD7, 0xFFFF, 0xBDD7, 0x18E3, 0x0000, 0x0221, 0x02C1, 0x02A1, 0x02C1, 0x02C1, 0x02E1, 0x0301, 0x0341, 0x0361,
    0x03A2, 0x03C2, 0x03E2, 0x0402, 0x0422, 0x0482, 0x0462, 0x0342, 0x0200, 0x01C0, 0x0A80, 0x13C0, 0x14C1, 0x1D41, 0x1D61, 0x1D61,
    0x1D61, 0x1D41, 0x1D41, 0x1D41, 0x1D41, 0x1D41, 0x1D41, 0x1D21, 0x1D21, 0x1D21, 0x1D21, 0x1D21, 0x1D21, 0x1D21, 0x1D01, 0x1D01,
    0x1501, 0x1501, 0x1D01, 0x1D01, 0x1CE1, 0x1CE1, 0x1D01, 0x1501, 0x1501, 0x1501, 0x1501, 0x1501, 0x1501, 0x1521, 0x1D41, 0x1D61,
    0x1D21, 0x1CA1, 0x1380, 0x02C0, 0x0AE1, 0x2C06, 0x450A, 0x3487, 0x0B82, 0x0320, 0x0321, 0x0301, 0x02E1, 0x02C1, 0x02A0, 0x0280,
    0x0260, 0x0240, 0x0220, 0x0240, 0x01E1, 0x0020, 0x0861, 0xA534, 0xFFFF, 0x6B6D, 0x2124, 0x5ACA, 0x4A69, 0x528A, 0x528A, 0x528A,
    0x528A, 0x52AA, 0x4A49, 0x0000, 0x4A49, 0x94B2, 0x8430, 0x8C51, 0x8C71, 0x8C51, 0x8C51, 0x8C51, 0x8C71, 0x8C71, 0x8C71, 0x8C51,
    0x8C50, 0x8C51, 0x8C51, 0x8410, 0x8430, 0x8C51, 0x8C71, 0x8C71, 0x8C71, 0x8C51, 0x8C51, 0x8C51, 0x8C71, 0x8C71, 0x9492, 0x9492,
    0x8C71, 0x8C71, 0x9492, 0x8C71, 0x9492, 0x9492, 0x8C71, 0x9492, 0x8C71, 0x8C71, 0x8C71, 0x8C51, 0x8C51, 0x8C71, 0x8C51, 0x8C51,
    0x8C51, 0x8C51, 0x8C51, 0x8C51, 0x8430, 0x8430, 0x8C51, 0x8430, 0x8C51, 0x8C51, 0x8C71, 0x8C51, 0x8C71, 0x8C51, 0x8C31, 0x8C51,
    0x8C51, 0x8C71, 0x8C71, 0x8C51, 0x8C51, 0x8C71, 0x8C51, 0x8C51, 0x8430, 0x8430, 0x8450, 0x8430, 0x8430, 0x8430, 0x8430, 0x8430,
    0x8C30, 0x8C51, 0x8430, 0x8430, 0x8410, 0x8C51, 0x6B4D, 0x0841, 0xDEDB, 0xFFFF, 0xFFFF, 0xFFFF, 0xFFFF, 0xFFFF, 0xFFFF, 0xFFFF,
    0xFFFF, 0xFFFF, 0xFFFF, 0xFFFF, 0xFFFF, 0xFFFF, 0xFFFF, 0xFFFF, 0xFFFF, 0xFFFF, 0xFFFF, 0xFFFF, 0xFFFF, 0xFFFF, 0xFFFF, 0xFFFF,
    0xFFFF, 0xFFFF, 0xFFFF, 0xFFFF, 0xFFFF, 0xFFFF, 0xFFFF, 0xFFFF, 0xFFFF, 0xFFFF, 0xFFFF, 0xFFFF, 0xFFFF, 0xFFFF, 0xFFFF, 0xFFFF,
    0xFFFF, 0xFFFF, 0xFFFF, 0xFFFF, 0xFFFF, 0xFFFF, 0xFFFF, 0xFFFF, 0xFFDF, 0xFFFF, 0x6B4D, 0x4208, 0x8C71, 0x94B2, 0x94B2, 0x9492,
    0x94B2, 0x94B2, 0x9492, 0x94B2, 0x9CD3, 0x9CD2, 0x9CD3, 0x9CD3, 0x9CF3, 0xA4F3, 0x9CF3, 0x9CD3, 0xA514, 0xA514, 0x9CF3, 0x9CD3,
    0x94B2, 0x9CD3, 0x9CD3, 0x94D3, 0x9CD3, 0x9CD3, 0x94B2, 0x9CD3, 0x94B2, 0x94D3, 0x9CD3, 0x9CD3, 0x9CF3, 0x9CD3, 0x9CD3, 0x94B2,
    0x94B2, 0x9CD3, 0x94B2, 0x9492, 0x9492, 0x9492, 0x94B2, 0x9492, 0x8C71, 0x8C71, 0x8C71, 0x9491, 0x8C71, 0x8C71, 0x9492, 0x9492,
    0x8C71, 0x8C71, 0x8C71, 0x8C71, 0x8C71, 0x9492, 0x9492, 0x8C71, 0x8C51, 0x8C71, 0x8C71, 0x9492, 0x9492, 0x8C71, 0x8C51, 0x8C71,
    0x8410, 0x630C, 0x5ACB, 0x5ACB, 0x5AEB, 0x5ACB, 0x2104, 0x0000, 0x39E7, 0x5ACB, 0x52AA, 0x52AA, 0x52AA, 0x52AA, 0x52AA, 0x52AA,
    0x5ACB, 0x5ACA, 0x528A, 0xBDF7, 0xFFFF, 0xC618, 0x2104, 0x0000, 0x0A21, 0x02E1, 0x02A1, 0x02C1, 0x02C1, 0x02E1, 0x0301, 0x0341,
    0x0381, 0x03A2, 0x03C2, 0x0402, 0x0422, 0x0422, 0x0442, 0x0482, 0x0482, 0x03E2, 0x02C1, 0x01C0, 0x01A0, 0x0A60, 0x0B80, 0x1461,
    0x1D01, 0x1D61, 0x1D61, 0x1D61, 0x1D41, 0x1D41, 0x1D21, 0x1D21, 0x1D21, 0x1D21, 0x1521, 0x1521, 0x1D21, 0x1D01, 0x1501, 0x1501,
    0x1501, 0x1501, 0x1501, 0x1501, 0x1D01, 0x1501, 0x1501, 0x1521, 0x1541, 0x1561, 0x1561, 0x1D41, 0x1D21, 0x1CA1, 0x13C0, 0x0AE0,
    0x0240, 0x0AA0, 0x1BA3, 0x3CC8, 0x4D2A, 0x3CA7, 0x13A2, 0x0320, 0x0320, 0x0321, 0x02E1, 0x02E1, 0x02C1, 0x0280, 0x0260, 0x0240,
    0x0240, 0x0240, 0x0240, 0x01A1, 0x0000, 0x1082, 0xAD75, 0xFFFF, 0x7BEF, 0x2124, 0x5AAA, 0x5269, 0x4A69, 0x4A69, 0x528A, 0x528A,
    0x528A, 0x5ACB, 0x2104, 0x0000, 0x6B4D, 0x9492, 0x8430, 0x8C51, 0x8C51, 0x8C51, 0x8C51, 0x8C71, 0x8C71, 0x8C71, 0x8C71, 0x8C51,
    0x8C51, 0x8C71, 0x8C71, 0x8C51, 0x8C71, 0x8C51, 0x8C71, 0x8C51, 0x8C51, 0x8C71, 0x8C71, 0x8C71, 0x8C71, 0x8C71, 0x8C71, 0x9491,
    0x8C71, 0x8C71, 0x8C71, 0x9492, 0x9492, 0x8C71, 0x8C71, 0x9492, 0x9492, 0x9492, 0x8C71, 0x8C51, 0x8430, 0x8C51, 0x8C51, 0x8C51,
    0x8C51, 0x8C71, 0x8C51, 0x8C71, 0x8C51, 0x8C51, 0x8C51, 0x8430, 0x8430, 0x8C51, 0x8C51, 0x8C71, 0x8C71, 0x8C71, 0x8C51, 0x8C51,
    0x8C51, 0x8C51, 0x8C71, 0x8C71, 0x8C51, 0x8C51, 0x8C51, 0x8430, 0x8430, 0x8C30, 0x8C30, 0x8430, 0x8430, 0x8C51, 0x8430, 0x8430,
    0x8C30, 0x8430, 0x8430, 0x8410, 0x8430, 0x8430, 0x8430, 0x0861, 0x9492, 0xFFFF, 0xFFDF, 0xFFFF, 0xFFFF, 0xFFFF, 0xFFFF, 0xFFFF,
    0xFFFF, 0xFFFF, 0xFFFF, 0xFFFF, 0xFFFF, 0xFFFF, 0xFFFF, 0xFFFF, 0xFFFF, 0xFFFF, 0xFFFF, 0xFFFF, 0xFFFF, 0xFFFF, 0xFFFF, 0xFFFF,
    0xFFFF, 0xFFFF, 0xFFFF, 0xFFFF, 0xFFFF, 0xFFFF, 0xFFFF, 0xFFFF, 0xFFFF, 0xFFFF, 0xFFFF, 0xFFFF, 0xFFFF, 0xFFFF, 0xFFFF, 0xFFFF,
    0xFFFF, 0xFFFF, 0xFFFF, 0xFFFF, 0xFFFF, 0xFFFF, 0xFFFF, 0xFFFF, 0xFFFF, 0xFFFF, 0x4208, 0x5AEB, 0x8C71, 0x94B2, 0x9492, 0x9492,
    0x94B2, 0x9CD3, 0x94B2, 0x94B2, 0x9CD3, 0x9CF3, 0x94B2, 0x9492, 0x9CD3, 0xA514, 0x9CD3, 0x9CF3, 0x9CD3, 0x9CD3, 0x9CD3, 0x9CD3,
    0x9CD3, 0x94B2, 0x94B2, 0x9CD3, 0x9CF3, 0x9CB2, 0x94B2, 0x94B2, 0x9CD3, 0x94B2, 0x9CB2, 0x9492, 0x94B2, 0x94B2, 0x94D2, 0x94B2,
    0x9CD3, 0x9CD3, 0x9492, 0x94B2, 0x94B2, 0x9492, 0x9492, 0x9492, 0x8C71, 0x8C71, 0x8C71, 0x9492, 0x8C71, 0x8C71, 0x8C71, 0x9492,
    0x8C71, 0x8C71, 0x9492, 0x8C71, 0x8C71, 0x9471, 0x9492, 0x8C71, 0x8C71, 0x8C71, 0x8C71, 0x8C71, 0x8C71, 0x8C71, 0x8C51, 0x8C51,
    0x6B6D, 0x5AEB, 0x5AEB, 0x5AEB, 0x630C, 0x630C, 0x4A49, 0x0000, 0x10A2, 0x52AA, 0x52AA, 0x52AA, 0x52AA, 0x52AA, 0x52AA, 0x52AA,
    0x52AA, 0x5AAA, 0x52AA, 0x4A28, 0xB5B6, 0xFFFF, 0xCE99, 0x2945, 0x0000, 0x0A01, 0x02E1, 0x02C1, 0x02C1, 0x02C1, 0x02E1, 0x0301,
    0x0341, 0x0381, 0x03A1, 0x03E2, 0x0402, 0x0422, 0x0422, 0x0422, 0x0422, 0x0462, 0x04C2, 0x0482, 0x0BE2, 0x0AE2, 0x0201, 0x01A0,
    0x01C0, 0x0A60, 0x0B20, 0x13E1, 0x1481, 0x1D01, 0x1D41, 0x1D61, 0x1D61, 0x1541, 0x1541, 0x1541, 0x1541, 0x1D41, 0x1D41, 0x1D41,
    0x1D41, 0x1D41, 0x1D41, 0x1D41, 0x1D61, 0x1541, 0x1541, 0x1501, 0x14A1, 0x1441, 0x1380, 0x0AA0, 0x0220, 0x0200, 0x0A81, 0x2384,
    0x3C88, 0x4D4A, 0x4D2A, 0x2C86, 0x0B82, 0x0340, 0x0341, 0x0341, 0x0301, 0x02E1, 0x02C1, 0x02A0, 0x0280, 0x0260, 0x0240, 0x0240,
    0x0220, 0x0260, 0x0181, 0x0000, 0x2104, 0xC618, 0xFFFF, 0x8410, 0x2124, 0x528A, 0x4A69, 0x4A69, 0x4A69, 0x4A69, 0x5289, 0x528A,
    0x52AA, 0x4228, 0x0000, 0x2965, 0x6B6D, 0x8410, 0x8C71, 0x8C50, 0x8C51, 0x8C51, 0x8C51, 0x8C71, 0x8C71, 0x9491, 0x8C71, 0x8C51,
    0x8C51, 0x8C71, 0x8C71, 0x8C51, 0x8C51, 0x8C31, 0x8C51, 0x8C51, 0x8C51, 0x8C51, 0x8C71, 0x8C71, 0x8C71, 0x8C71, 0x8C51, 0x8C71,
    0x8C71, 0x8C71, 0x8C71, 0x9492, 0x9492, 0x94B2, 0x8C71, 0x8C71, 0x8C71, 0x8C71, 0x8C51, 0x8C51, 0x8C51, 0x8C51, 0x8C71, 0x8C71,
    0x8C71, 0x8C71, 0x8C51, 0x8C51, 0x8C51, 0x8C71, 0x8C51, 0x8C51, 0x8430, 0x8C51, 0x8C51, 0x8C51, 0x8C71, 0x8C71, 0x8C71, 0x8C71,
    0x8C51, 0x8C51, 0x8C51, 0x8C51, 0x8C51, 0x8C51, 0x8C51, 0x8C51, 0x8C51, 0x8C51, 0x8C50, 0x8430, 0x8C51, 0x8C51, 0x8C51, 0x8430,
    0x8430, 0x8430, 0x8430, 0x8410, 0x8430, 0x8410, 0x8C71, 0x2945, 0x4228, 0xFFFF, 0xFFFF, 0xFFFF, 0xFFFF, 0xFFFF, 0xFFFF, 0xFFFF,
    0xFFFF, 0xFFFF, 0xFFFF, 0xFFFF, 0xFFFF, 0xFFFF, 0xFFFF, 0xFFFF, 0xFFFF, 0xFFFF, 0xFFFF, 0xFFFF, 0xFFFF, 0xFFFF, 0xFFFF, 0xFFFF,
    0xFFFF, 0xFFFF, 0xFFFF, 0xFFFF, 0xFFFF, 0xFFFF, 0xFFFF, 0xFFFF, 0xFFFF, 0xFFFF, 0xFFFF, 0xFFFF, 0xFFFF, 0xFFFF, 0xFFFF, 0xFFFF,
    0xFFFF, 0xFFFF, 0xFFFF, 0xFFFF, 0xFFFF, 0xFFFF, 0xFFFF, 0xFFFF, 0xFFFF, 0xDEFB, 0x2945, 0x7BEF, 0x8C51, 0x94B2, 0x94B2, 0x9492,
    0x9492, 0x94B2, 0x9CD3, 0x9CD3, 0x94B2, 0x9CF3, 0x9CF3, 0x9CD3, 0x9CD3, 0x9CF3, 0x9CD3, 0x94B2, 0x9CD3, 0x94B2, 0x9CD3, 0x9CD3,
    0x9CD3, 0x94B2, 0x94B2, 0x94B2, 0x9CD3, 0x9CD3, 0x9CD3, 0x9CD3, 0x9CF3, 0x9CD3, 0x9CD3, 0x9CD2, 0x94B2, 0x9492, 0x9CF3, 0x9CD3,
    0x9CD3, 0x9CD3, 0x94B3, 0x9492, 0x94B2, 0x94B2, 0x94B2, 0x9492, 0x94B2, 0x94B2, 0x9492, 0x9492, 0x9492, 0x9492, 0x94B2, 0x9492,
    0x8C51, 0x8C51, 0x8C71, 0x9492, 0x9492, 0x9492, 0x8C71, 0x8C71, 0x8C71, 0x8C71, 0x8C71, 0x8C71, 0x8C71, 0x8C71, 0x8C71, 0x7BF0,
    0x630C, 0x630C, 0x5AEB, 0x5AEC, 0x630C, 0x5AEB, 0x5AEB, 0x18C3, 0x0000, 0x31C7, 0x5ACB, 0x528A, 0x52AA, 0x52AA, 0x528A, 0x528A,
    0x528A, 0x52AA, 0x5AAA, 0x528A, 0x4208, 0xB596, 0xFFFF, 0xDEFB, 0x39E8, 0x0000, 0x01A1, 0x02C1, 0x02A1, 0x02A1, 0x02C1, 0x02E1,
    0x0301, 0x0341, 0x0361, 0x03A1, 0x03C1, 0x03E2, 0x0402, 0x0402, 0x0422, 0x0422, 0x0442, 0x0462, 0x04A2, 0x1504, 0x1D05, 0x1C84,
    0x1383, 0x0AA1, 0x0220, 0x01C0, 0x01A0, 0x01E0, 0x0220, 0x0260, 0x0AC0, 0x0B40, 0x0B80, 0x13E0, 0x1420, 0x1441, 0x1461, 0x1441,
    0x1400, 0x13C1, 0x1380, 0x0B60, 0x0B00, 0x0AC0, 0x0260, 0x0200, 0x01C0, 0x01E0, 0x0241, 0x1343, 0x2C66, 0x4549, 0x55AB, 0x558B,
    0x3CE8, 0x1C04, 0x0361, 0x0340, 0x0361, 0x0341, 0x0321, 0x0301, 0x02E1, 0x02A1, 0x0280, 0x0260, 0x0240, 0x0240, 0x0220, 0x0240,
    0x0241, 0x0120, 0x0000, 0x39C7, 0xE71C, 0xFFFF, 0x73AE, 0x2945, 0x528A, 0x4A69, 0x4A69, 0x4A69, 0x4A69, 0x4A69, 0x4A69, 0x4A69,
    0x528A, 0x1082, 0x0020, 0x52AA, 0x632C, 0x738E, 0x8C71, 0x8C51, 0x8C71, 0x8C71, 0x8C51, 0x8C51, 0x8C71, 0x8C71, 0x8C71, 0x8C51,
    0x8C51, 0x8C71, 0x8C71, 0x8C71, 0x8C51, 0x8C51, 0x8C71, 0x8C71, 0x8C71, 0x8C71, 0x8C51, 0x8C51, 0x8C71, 0x8C71, 0x8C71, 0x9492,
    0x8C71, 0x8C71, 0x8C51, 0x8C51, 0x8C51, 0x8C71, 0x8C92, 0x8C71, 0x8C71, 0x8C71, 0x8C51, 0x8C51, 0x8C71, 0x8C51, 0x8C71, 0x8C71,
    0x8C71, 0x8C71, 0x8C71, 0x8C71, 0x8C51, 0x8C71, 0x8C71, 0x8C51, 0x8C51, 0x8430, 0x8430, 0x8C71, 0x8C71, 0x8C71, 0x8C71, 0x9492,
    0x8C71, 0x8C71, 0x8C51, 0x8C51, 0x8C71, 0x8C51, 0x8C51, 0x8C71, 0x8C51, 0x8C51, 0x8C51, 0x8430, 0x8C51, 0x8C51, 0x8430, 0x8430,
    0x8430, 0x8430, 0x8430, 0x8430, 0x8430, 0x8410, 0x8C51, 0x528A, 0x10A2, 0xE73C, 0xFFFF, 0xFFFF, 0xFFFF, 0xFFFF, 0xFFFF, 0xFFFF,
    0xFFFF, 0xFFFF, 0xFFFF, 0xFFFF, 0xFFFF, 0xFFFF, 0xFFFF, 0xFFFF, 0xFFFF, 0xFFFF, 0xFFFF, 0xFFFF, 0xFFFF, 0xFFFF, 0xFFFF, 0xFFFF,
    0xFFFF, 0xFFFF, 0xFFFF, 0xFFFF, 0xFFFF, 0xFFFF, 0xFFFF, 0xFFFF, 0xFFFF, 0xFFFF, 0xFFFF, 0xFFFF, 0xFFFF, 0xFFFF, 0xFFFF, 0xFFFF,
    0xFFFF, 0xFFFF, 0xFFFF, 0xFFFF, 0xFFFF, 0xFFFF, 0xFFFF, 0xFFDF, 0xFFFF, 0xA534, 0x2944, 0x8C71, 0x8C71, 0x94B2, 0x9CD2, 0x9CB2,
    0x94B2, 0x9CD3, 0x9CF3, 0x9CD3, 0x9CB3, 0x9CF3, 0x9CD3, 0x9CF3, 0x9CF3, 0x9CD3, 0x9CD3, 0x9CF3, 0x9CF3, 0x9CF3, 0x9CF3, 0x9CD3,
    0x9CD3, 0x9CD3, 0x94B2, 0x9492, 0x94B2, 0x9492, 0x9CD3, 0x9CF3, 0x9CD3, 0x9CB2, 0x9CD3, 0x9CD3, 0x94B2, 0x94B2, 0x94B2, 0x94B2,
    0x9492, 0x94B2, 0x9CD3, 0x9CD3, 0x94B2, 0x94B2, 0x9492, 0x8C71, 0x9CD3, 0x9492, 0x9471, 0x8C71, 0x8C71, 0x9491, 0x9492, 0x9492,
    0x8C71, 0x8C51, 0x8C71, 0x8C71, 0x8C71, 0x8C71, 0x8C71, 0x8C71, 0x8C51, 0x8C71, 0x8C51, 0x8430, 0x8C51, 0x8C51, 0x8C71, 0x6B6D,
    0x5AEB, 0x630C, 0x630C, 0x5AEB, 0x630C, 0x5AEB, 0x632C, 0x4A49, 0x0000, 0x0841, 0x4A69, 0x528A, 0x528A, 0x52AA, 0x528A, 0x528A,
    0x528A, 0x528A, 0x528A, 0x52AA, 0x528A, 0x4208, 0x9CF3, 0xFFFF, 0xF79E, 0x630C, 0x0000, 0x0100, 0x02A1, 0x02C1, 0x02A1, 0x02C1,
    0x02E1, 0x0301, 0x0321, 0x0361, 0x0381, 0x03A1, 0x03C2, 0x03E2, 0x0402, 0x0402, 0x0422, 0x0442, 0x0442, 0x0442, 0x0462, 0x14C3,
    0x1D04, 0x1D25, 0x2526, 0x24E6, 0x2485, 0x1C04, 0x1383, 0x0B02, 0x02A1, 0x0261, 0x0221, 0x0200, 0x0200, 0x01E0, 0x01A0, 0x01C0,
    0x01C0, 0x01E0, 0x0221, 0x0261, 0x0AC2, 0x1363, 0x23E5, 0x2C66, 0x3CE8, 0x4569, 0x458A, 0x4D8A, 0x3D28, 0x2CA6, 0x1403, 0x03A1,
    0x0380, 0x0381, 0x0381, 0x0361, 0x0341, 0x0301, 0x02E1, 0x02C1, 0x02A1, 0x0280, 0x0260, 0x0240, 0x0240, 0x0220, 0x0240, 0x01E1,
    0x0080, 0x0000, 0x632C, 0xFFFF, 0xE73C, 0x52AA, 0x3165, 0x4A69, 0x4A49, 0x4A49, 0x4A49, 0x4A49, 0x4A69, 0x4A69, 0x4A69, 0x528A,
    0x2945, 0x0000, 0x39C7, 0x632C, 0x630C, 0x632C, 0x8430, 0x8C71, 0x8C71, 0x8430, 0x8C51, 0x8C51, 0x8C71, 0x8C71, 0x8C71, 0x8C51,
    0x8C51, 0x8C51, 0x8C71, 0x8C71, 0x8C51, 0x8C51, 0x8C71, 0x8C71, 0x8C71, 0x8C51, 0x8C51, 0x8C51, 0x8C71, 0x8C71, 0x8C71, 0x8C71,
    0x8C71, 0x8C71, 0x8C71, 0x8C51, 0x8C51, 0x8C71, 0x8C71, 0x8C51, 0x8C71, 0x8C51, 0x8430, 0x8C71, 0x8C71, 0x8C51, 0x8C71, 0x8C51,
    0x8C71, 0x8C51, 0x8C71, 0x8C51, 0x8C71, 0x8C71, 0x8C71, 0x8C71, 0x8C71, 0x8C51, 0x8430, 0x8C51, 0x8C51, 0x8C51, 0x8C51, 0x8C71,
    0x8C71, 0x8C71, 0x8C71, 0x8C51, 0x8C51, 0x8C71, 0x8C51, 0x8C51, 0x8C51, 0x8C51, 0x8C51, 0x8410, 0x8430, 0x8C51, 0x8C30, 0x8430,
    0x8430, 0x8430, 0x8430, 0x8430, 0x8430, 0x8410, 0x8430, 0x7BCF, 0x0000, 0xB596, 0xFFFF, 0xFFDF, 0xFFFF, 0xFFFF, 0xFFFF, 0xFFFF,
    0xFFFF, 0xFFFF, 0xFFFF, 0xFFFF, 0xFFFF, 0xFFFF, 0xFFFF, 0xFFFF, 0xFFFF, 0xFFFF, 0xFFFF, 0xFFFF, 0xFFFF, 0xFFFF, 0xFFFF, 0xFFFF,
    0xFFFF, 0xFFFF, 0xFFFF, 0xFFFF, 0xFFFF, 0xFFFF, 0xFFFF, 0xFFFF, 0xFFFF, 0xFFFF, 0xFFFF, 0xFFFF, 0xFFFF, 0xFFFF, 0xFFFF, 0xFFFF,
    0xFFFF, 0xFFFF, 0xFFFF, 0xFFFF, 0xFFFF, 0xFFFF, 0xFFFF, 0xFFDF, 0xFFFF, 0x736D, 0x4228, 0x94B2, 0x94B2, 0x94B2, 0x9CD3, 0x94B2,
    0x9CD2, 0x9CD3, 0x9CD3, 0x9CB2, 0x9CD3, 0x9CD3, 0x9CF3, 0x9CD3, 0xA514, 0x9CF3, 0x9CD2, 0x94B2, 0x9CD3, 0x94B2, 0x9CF3, 0x9CF3,
    0x9CF3, 0x9CF3, 0x94B2, 0x94B2, 0x9CD3, 0x94B2, 0x94B2, 0x94B2, 0x9492, 0x9492, 0x9492, 0x9CB3, 0x94B2, 0x9492, 0x94B2, 0x9492,
    0x9492, 0x94B2, 0x9492, 0x94B2, 0x9CD3, 0x94B2, 0x8C71, 0x9492, 0x9492, 0x9492, 0x9492, 0x8C71, 0x8C71, 0x8C71, 0x8C71, 0x8C71,
    0x8C71, 0x8C71, 0x8C71, 0x9492, 0x8C71, 0x9492, 0x9492, 0x8C71, 0x8C71, 0x8C71, 0x8C71, 0x8C71, 0x8C51, 0x8C71, 0x7BEF, 0x5AEB,
    0x630C, 0x630C, 0x630C, 0x5AEB, 0x5ACB, 0x5AEB, 0x5AEB, 0x632C, 0x2945, 0x0000, 0x18E3, 0x528A, 0x528A, 0x528A, 0x528A, 0x4A69,
    0x4A69, 0x5269, 0x5269, 0x5269, 0x528A, 0x528A, 0x39C7, 0x8430, 0xFFFF, 0xFFFF, 0x94B2, 0x1062, 0x0040, 0x0221, 0x02E1, 0x02C1,
    0x02C1, 0x02C1, 0x02E1, 0x0301, 0x0341, 0x0361, 0x0381, 0x03A2, 0x03C2, 0x03C2, 0x03E2, 0x0402, 0x0422, 0x0422, 0x0442, 0x0442,
    0x0442, 0x0462, 0x0482, 0x0CA3, 0x1CE4, 0x2505, 0x2D47, 0x3567, 0x3588, 0x3D88, 0x3D88, 0x3D88, 0x3D88, 0x3D89, 0x3D48, 0x3D68,
    0x3D88, 0x45A9, 0x45CA, 0x4DCA, 0x45C9, 0x3DA8, 0x3D88, 0x3527, 0x24E5, 0x1C84, 0x0C23, 0x03E2, 0x03C1, 0x03C1, 0x03C1, 0x03A1,
    0x03A2, 0x0361, 0x0341, 0x0321, 0x0301, 0x02E1, 0x02C1, 0x0281, 0x0280, 0x0260, 0x0240, 0x0240, 0x0240, 0x0260, 0x0181, 0x0000,
    0x1082, 0xA514, 0xFFFF, 0xBDD7, 0x39C7, 0x39C7, 0x4A69, 0x4A49, 0x4A49, 0x4A49, 0x4A49, 0x4A49, 0x4A49, 0x4A49, 0x5269, 0x39C7,
    0x0000, 0x18C3, 0x632C, 0x630C, 0x632C, 0x630C, 0x73AE, 0x9492, 0x8C71, 0x8430, 0x8430, 0x8C71, 0x8C51, 0x8C71, 0x8C71, 0x8C51,
    0x8C51, 0x8C51, 0x8C71, 0x8C71, 0x8C71, 0x8C51, 0x8C71, 0x8C71, 0x8C71, 0x8C71, 0x8C51, 0x8C71, 0x8C51, 0x8C51, 0x8C71, 0x9492,
    0x8C91, 0x9492, 0x9492, 0x8C71, 0x8C51, 0x8C71, 0x8C71, 0x8C71, 0x8C51, 0x8C51, 0x8C51, 0x8C51, 0x8C51, 0x8C71, 0x8C51, 0x8C51,
    0x8C51, 0x8C51, 0x8C71, 0x8C51, 0x8430, 0x8C51, 0x8C51, 0x8C51, 0x8C71, 0x8C51, 0x8C51, 0x8C71, 0x8C71, 0x8C51, 0x8C51, 0x8430,
    0x8C51, 0x8C51, 0x8C71, 0x8C71, 0x8C71, 0x8C71, 0x8C51, 0x8C51, 0x8C51, 0x8C51, 0x8C51, 0x8C51, 0x8C71, 0x8C51, 0x8430, 0x8430,
    0x8430, 0x8430, 0x8430, 0x8410, 0x8430, 0x8410, 0x8410, 0x8C51, 0x10A2, 0x6B4D, 0xFFFF, 0xFFDF, 0xFFFF, 0xFFFF, 0xFFFF, 0xFFFF,
    0xFFFF, 0xFFFF, 0xFFFF, 0xFFFF, 0xFFFF, 0xFFFF, 0xFFFF, 0xFFFF, 0xFFFF, 0xFFFF, 0xFFFF, 0xFFFF, 0xFFFF, 0xFFFF, 0xFFFF, 0xFFFF,
    0xFFFF, 0xFFFF, 0xFFFF, 0xFFFF, 0xFFFF, 0xFFFF, 0xFFFF, 0xFFFF, 0xFFFF, 0xFFFF, 0xFFFF, 0xFFFF, 0xFFFF, 0xFFFF, 0xFFFF, 0xFFFF,
    0xFFFF, 0xFFFF, 0xFFFF, 0xFFFF, 0xFFFF, 0xFFFF, 0xFFFF, 0xFFFF, 0xFFFF, 0x4A49, 0x5AEB, 0x94B2, 0x94B2, 0x94B2, 0x9CD3, 0x94B2,
    0x94B2, 0x9CD3, 0x9CF3, 0x9CD3, 0x9CF3, 0x9CD3, 0x9CF3, 0x9CD3, 0x9CF3, 0x9CD3, 0x94B2, 0x94B2, 0x94B2, 0x9CD3, 0x9CD3, 0x9CF3,
    0x9CF3, 0x9CD3, 0x94B2, 0x94B2, 0x9CB2, 0x94B2, 0x94B2, 0x94B2, 0x9492, 0x94B2, 0x9CD3, 0x9CD3, 0x9CD3, 0x94B2, 0x94B2, 0x94B2,
    0x9492, 0x9492, 0x94B2, 0x9492, 0x9492, 0x94B2, 0x9492, 0x94B2, 0x94B2, 0x9492, 0x9492, 0x94B2, 0x94B2, 0x9492, 0x9492, 0x9492,
    0x9492, 0x9492, 0x8C71, 0x9492, 0x9492, 0x9492, 0x9492, 0x8C71, 0x8C71, 0x8C71, 0x8C71, 0x8C71, 0x8C31, 0x8C51, 0x632C, 0x5AEB,
    0x630C, 0x630C, 0x630C, 0x630C, 0x5AEB, 0x630C, 0x5AEB, 0x630C, 0x5ACB, 0x0861, 0x0000, 0x3186, 0x52AA, 0x4A69, 0x4A69, 0x4A69,
    0x4A69, 0x4A69, 0x4A49, 0x4A69, 0x4A69, 0x4A69, 0x528A, 0x39E7, 0x6B6D, 0xE71C, 0xFFFF, 0xCE59, 0x39A7, 0x0000, 0x0140, 0x02C1,
    0x02E1, 0x02C1, 0x02C1, 0x02E1, 0x0301, 0x0321, 0x0341, 0x0361, 0x0381, 0x0381, 0x03A2, 0x03C2, 0x03E2, 0x03E2, 0x0402, 0x0422,
    0x0422, 0x0442, 0x0442, 0x0442, 0x0441, 0x0441, 0x0442, 0x0442, 0x0462, 0x0462, 0x0C82, 0x0CA3, 0x14A4, 0x14A4, 0x14A4, 0x14A4,
    0x14A4, 0x14A4, 0x0C63, 0x0C62, 0x0442, 0x0421, 0x0401, 0x0401, 0x0401, 0x0401, 0x0401, 0x03E2, 0x03E2, 0x03C1, 0x0381, 0x0361,
    0x0341, 0x0321, 0x0301, 0x02E1, 0x02C1, 0x02A1, 0x0281, 0x0261, 0x0260, 0x0240, 0x0240, 0x0280, 0x0221, 0x00A0, 0x0000, 0x4A49,
    0xE73C, 0xFFFF, 0x7BEF, 0x2945, 0x4208, 0x4A49, 0x4228, 0x4228, 0x4228, 0x4A28, 0x4A49, 0x4A49, 0x4A49, 0x4A69, 0x4208, 0x0841,
    0x0841, 0x5ACB, 0x5AEB, 0x5ACB, 0x630C, 0x632C, 0x630C, 0x8430, 0x9492, 0x8C71, 0x8C30, 0x8C71, 0x8C71, 0x8C71, 0x8C71, 0x8C71,
    0x8C71, 0x8C51, 0x8430, 0x8C51, 0x8C71, 0x8C71, 0x8C71, 0x8C71, 0x8C71, 0x8C51, 0x8C71, 0x8C51, 0x8C51, 0x8C51, 0x8C71, 0x8C71,
    0x8C71, 0x8C51, 0x8C51, 0x8C71, 0x8C51, 0x8C71, 0x8C31, 0x8C51, 0x8C51, 0x8C51, 0x8C51, 0x8C71, 0x8C71, 0x8C71, 0x8C71, 0x8C71,
    0x8C71, 0x8C71, 0x8C71, 0x8C51, 0x8430, 0x8C51, 0x8C51, 0x8430, 0x8C51, 0x8C30, 0x8C51, 0x8C71, 0x8C71, 0x8C71, 0x8C51, 0x8C51,
    0x8C51, 0x8C51, 0x8C51, 0x8C51, 0x8C51, 0x8C71, 0x8C71, 0x8C51, 0x8C71, 0x8C71, 0x8C71, 0x8C71, 0x8C51, 0x8430, 0x8430, 0x8430,
    0x8430, 0x8C30, 0x8430, 0x8410, 0x8430, 0x8410, 0x8410, 0x8C71, 0x39C7, 0x2945, 0xFFDF, 0xFFFF, 0xFFFF, 0xFFFF, 0xFFFF, 0xFFFF,
    0xFFFF, 0xFFFF, 0xFFFF, 0xFFFF, 0xFFFF, 0xFFFF, 0xFFFF, 0xFFFF, 0xFFFF, 0xFFFF, 0xFFFF, 0xFFFF, 0xFFFF, 0xFFFF, 0xFFFF, 0xFFFF,
    0xFFFF, 0xFFFF, 0xFFFF, 0xFFFF, 0xFFFF, 0xFFFF, 0xFFFF, 0xFFFF, 0xFFFF, 0xFFFF, 0xFFFF, 0xFFFF, 0xFFFF, 0xFFFF, 0xFFFF, 0xFFFF,
    0xFFFF, 0xFFFF, 0xFFFF, 0xFFFF, 0xFFFF, 0xFFFF, 0xFFFF, 0xFFFF, 0xEF5D, 0x2945, 0x7BEF, 0x9CD3, 0x94B2, 0x94B2, 0x9CD3, 0x94B2,
    0x9CD2, 0x9CF3, 0x9CD3, 0x9CD3, 0x9CF3, 0x9CD3, 0x9CF3, 0x9CF3, 0x9CD3, 0x9CB2, 0x9CD2, 0x94B2, 0x94B2, 0x94B2, 0x9CD3, 0x9CF3,
    0x9CD3, 0x9CD3, 0x9CD3, 0x9492, 0x9492, 0x94B2, 0x94B2, 0x94B2, 0x94B2, 0x94B2, 0x9CD3, 0xA514, 0x94B2, 0x9492, 0x9492, 0x9492,
    0x9492, 0x9492, 0x9492, 0x8C71, 0x9492, 0x94B3, 0x94B2, 0x94B2, 0x94B2, 0x9492, 0x9492, 0x9CD3, 0x9492, 0x9492, 0x9492, 0x8C71,
    0x8C71, 0x8C71, 0x8C51, 0x8C71, 0x8C71, 0x8C51, 0x9492, 0x8C71, 0x8C71, 0x8C71, 0x9472, 0x8C51, 0x8C71, 0x7BEF, 0x5AEB, 0x630C,
    0x630C, 0x630C, 0x632C, 0x632C, 0x5AEB, 0x630C, 0x630C, 0x630C, 0x632D, 0x4A49, 0x0000, 0x0020, 0x3A07, 0x528A, 0x4A69, 0x4A69,
    0x4A69, 0x4A49, 0x4A49, 0x4A49, 0x4A49, 0x4A49, 0x4A49, 0x4A69, 0x41E7, 0x4A69, 0xB5B6, 0xFFFF, 0xFFDF, 0x8410, 0x0841, 0x0020,
    0x01E1, 0x02E1, 0x02E1, 0x02C1, 0x02C1, 0x02E1, 0x0301, 0x0301, 0x0321, 0x0341, 0x0341, 0x0381, 0x0381, 0x03A1, 0x03C1, 0x03E1,
    0x03E2, 0x0402, 0x0402, 0x0422, 0x0422, 0x0442, 0x0442, 0x0442, 0x0442, 0x0442, 0x0442, 0x0442, 0x0441, 0x0441, 0x0421, 0x0421,
    0x0421, 0x0421, 0x0421, 0x0421, 0x0422, 0x0422, 0x0422, 0x0422, 0x0402, 0x03E2, 0x03C1, 0x03A1, 0x03A1, 0x0381, 0x0341, 0x0321,
    0x0321, 0x02E1, 0x02C1, 0x02C1, 0x02A1, 0x0281, 0x0261, 0x0260, 0x0260, 0x0260, 0x0221, 0x0120, 0x0000, 0x1082, 0x9CD3, 0xFFFF,
    0xBDD7, 0x4208, 0x2945, 0x4228, 0x4208, 0x4208, 0x4208, 0x4228, 0x4228, 0x4228, 0x4228, 0x4228, 0x4A49, 0x4A49, 0x10A2, 0x0000,
    0x4A49, 0x6B6D, 0x5AEB, 0x630C, 0x632C, 0x632C, 0x630C, 0x738E, 0x8C71, 0x8C71, 0x8C51, 0x8C71, 0x8C71, 0x8C71, 0x8C71, 0x8C71,
    0x8C51, 0x8C51, 0x8C51, 0x8C30, 0x8C71, 0x9471, 0x8C71, 0x8C71, 0x8C71, 0x8C71, 0x8C71, 0x8C71, 0x8C51, 0x8C51, 0x8C51, 0x8C51,
    0x8C51, 0x8C71, 0x8C71, 0x8C71, 0x9492, 0x8C71, 0x8C71, 0x8C51, 0x8C51, 0x8C71, 0x8C51, 0x8C51, 0x8C51, 0x8C51, 0x8C51, 0x8430,
    0x8C51, 0x8C51, 0x8C71, 0x8C51, 0x8C51, 0x8C51, 0x8C51, 0x8430, 0x8C51, 0x8C51, 0x8C30, 0x8C51, 0x8C51, 0x8C51, 0x8C71, 0x8C51,
    0x8C51, 0x8C51, 0x8C51, 0x8C51, 0x8C51, 0x8C51, 0x8C71, 0x8C51, 0x8C51, 0x8C51, 0x8C30, 0x8C51, 0x8C51, 0x8C51, 0x8C51, 0x8C51,
    0x8C51, 0x8C51, 0x8430, 0x8430, 0x8430, 0x8430, 0x8430, 0x8C71, 0x632C, 0x0020, 0xCE79, 0xFFFF, 0xFFFF, 0xFFFF, 0xFFFF, 0xFFFF,
    0xFFFF, 0xFFFF, 0xFFFF, 0xFFFF, 0xFFFF, 0xFFFF, 0xFFFF, 0xFFFF, 0xFFFF, 0xFFFF, 0xFFFF, 0xFFFF, 0xFFFF, 0xFFFF, 0xFFFF, 0xFFFF,
    0xFFFF, 0xFFFF, 0xFFFF, 0xFFFF, 0xFFFF, 0xFFFF, 0xFFFF, 0xFFFF, 0xFFFF, 0xFFFF, 0xFFFF, 0xFFFF, 0xFFFF, 0xFFFF, 0xFFFF, 0xFFFF,
    0xFFFF, 0xFFFF, 0xFFFF, 0xFFFF, 0xFFFF, 0xFFFF, 0xFFDF, 0xFFFF, 0xB5B6, 0x2124, 0x8C71, 0x8C71, 0x94B2, 0x9CD3, 0x9CD3, 0x9CD3,
    0x9CD3, 0x9CD3, 0x9CD3, 0x94B2, 0x9CD3, 0x9CD3, 0x9CD3, 0x9CF3, 0x9CF3, 0x9CD3, 0x9CD3, 0x94B2, 0x94B2, 0x9CD3, 0x9CD3, 0x9CD3,
    0x9CD3, 0x9CF3, 0x9CD3, 0x94B2, 0x94B2, 0x9492, 0x9492, 0x94B2, 0x9CF3, 0x9CD3, 0x94B2, 0x94B2, 0x94B2, 0x9492, 0x94B2, 0x9492,
    0x9492, 0x9492, 0x9492, 0x9492, 0x9492, 0x9492, 0x9492, 0x9492, 0x9492, 0x9492, 0x8C72, 0x9492, 0x9492, 0x94B2, 0x94B2, 0x9492,
    0x9492, 0x9492, 0x8C51, 0x8C71, 0x8C71, 0x8C71, 0x8C71, 0x8C71, 0x9492, 0x9492, 0x9492, 0x8C51, 0x8C71, 0x6B4D, 0x630C, 0x630C,
    0x5AEB, 0x630C, 0x630C, 0x632C, 0x630C, 0x5AEB, 0x5ACB, 0x5ACB, 0x5ACB, 0x630C, 0x2965, 0x0000, 0x0841, 0x4208, 0x4A69, 0x4A49,
    0x4A49, 0x4A49, 0x4A48, 0x4A48, 0x4A48, 0x4A48, 0x4A49, 0x4A48, 0x4A49, 0x4228, 0x39E7, 0x7BEF, 0xEF5D, 0xFFFF, 0xD6BA, 0x5269,
    0x0000, 0x0060, 0x0221, 0x0301, 0x02E1, 0x02C1, 0x02E1, 0x02E1, 0x02E1, 0x0301, 0x0301, 0x0321, 0x0341, 0x0341, 0x0361, 0x0381,
    0x03A1, 0x03A1, 0x03C2, 0x03E2, 0x03E2, 0x0402, 0x0422, 0x0422, 0x0422, 0x0422, 0x0422, 0x0422, 0x0422, 0x0422, 0x0422, 0x0422,
    0x0422, 0x0422, 0x0422, 0x0402, 0x0402, 0x0402, 0x03E2, 0x03C1, 0x03C1, 0x03A1, 0x0381, 0x0361, 0x0341, 0x0321, 0x0301, 0x02E1,
    0x02C1, 0x02A1, 0x02A1, 0x0281, 0x0281, 0x0261, 0x0280, 0x0281, 0x0241, 0x0140, 0x0000, 0x0821, 0x73AE, 0xEF5D, 0xD6BA, 0x5ACB,
    0x2104, 0x39C7, 0x4228, 0x39E7, 0x4208, 0x4208, 0x4208, 0x4228, 0x4228, 0x4228, 0x4228, 0x4228, 0x4228, 0x18C3, 0x0000, 0x41E7,
    0x632C, 0x630C, 0x632C, 0x630C, 0x632C, 0x632C, 0x632C, 0x632C, 0x8430, 0x8C71, 0x8C71, 0x8C71, 0x8C71, 0x8C72, 0x9471, 0x8C71,
    0x8C71, 0x8C71, 0x9492, 0x9492, 0x9492, 0x8C71, 0x8C71, 0x8C71, 0x9492, 0x8C71, 0x8C71, 0x8C51, 0x8C51, 0x8C51, 0x8C51, 0x8C51,
    0x8C51, 0x9472, 0x8C71, 0x8C71, 0x8C71, 0x8C71, 0x8C51, 0x8C51, 0x8C51, 0x8C51, 0x8C51, 0x8C51, 0x8C51, 0x8C51, 0x8C51, 0x8C71,
    0x8C51, 0x8C51, 0x8C71, 0x8C71, 0x8C51, 0x8C71, 0x8C51, 0x8430, 0x8C51, 0x8C51, 0x8C51, 0x8C51, 0x8C71, 0x8C71, 0x8C71, 0x8C71,
    0x8C71, 0x8C71, 0x8C71, 0x8C71, 0x8C51, 0x8C30, 0x8C51, 0x8C51, 0x8430, 0x8C51, 0x8C51, 0x8C51, 0x8C71, 0x8C51, 0x8C51, 0x8C51,
    0x8C30, 0x8C51, 0x8430, 0x8410, 0x8430, 0x8430, 0x8430, 0x8430, 0x8410, 0x0020, 0x8410, 0xFFFF, 0xFFDF, 0xFFFF, 0xFFFF, 0xFFFF,
    0xFFFF, 0xFFFF, 0xFFFF, 0xFFFF, 0xFFFF, 0xFFFF, 0xFFFF, 0xFFFF, 0xFFFF, 0xFFFF, 0xFFFF, 0xFFFF, 0xFFFF, 0xFFFF, 0xFFFF, 0xFFFF,
    0xFFFF, 0xFFFF, 0xFFFF, 0xFFFF, 0xFFFF, 0xFFFF, 0xFFFF, 0xFFFF, 0xFFFF, 0xFFFF, 0xFFFF, 0xFFFF, 0xFFFF, 0xFFFF, 0xFFFF, 0xFFFF,
    0xFFFF, 0xFFFF, 0xFFFF, 0xFFFF, 0xFFFF, 0xFFFF, 0xFFDF, 0xFFFF, 0x8430, 0x3186, 0x9492, 0x9492, 0x94B2, 0x94B2, 0x94B2, 0x94B2,
    0x9CD3, 0x9CD3, 0x9CD3, 0x94B2, 0x9CD3, 0x9CF3, 0x9CF3, 0x9CF3, 0x9CF3, 0x9CD3, 0x94B2, 0x94B2, 0x94B2, 0x94B2, 0x94B2, 0x9CD3,
    0x9CD3, 0x94B2, 0x94B2, 0x94B2, 0x9CD3, 0x94B2, 0x9CD3, 0x9CD3, 0x9CD3, 0x9CD3, 0x9CB2, 0x9CB3, 0x94B2, 0x9492, 0x9492, 0x9492,
    0x9492, 0x9492, 0x9492, 0x8C71, 0x9492, 0x9492, 0x94B2, 0x9492, 0x94B2, 0x9492, 0x9492, 0x9492, 0x8C71, 0x9492, 0x94B2, 0x9492,
    0x9492, 0x9492, 0x8C71, 0x8C71, 0x8C71, 0x8C71, 0x8C51, 0x8C71, 0x8C71, 0x8C71, 0x8C71, 0x8C71, 0x7BCF, 0x5AEB, 0x632C, 0x5AEB,
    0x5AEB, 0x5AEB, 0x630C, 0x630C, 0x630C, 0x5AEB, 0x5ACB, 0x5ACB, 0x5ACB, 0x52AA, 0x528A, 0x18C3, 0x0000, 0x0861, 0x39E7, 0x4A49,
    0x4228, 0x4228, 0x4228, 0x4228, 0x4228, 0x4228, 0x4228, 0x4A28, 0x4228, 0x4228, 0x4228, 0x31A6, 0x4A49, 0xAD55, 0xFFFF, 0xFFFF,
    0xB596, 0x39C7, 0x0000, 0x00A0, 0x0221, 0x02E1, 0x0301, 0x02C1, 0x02C1, 0x02C1, 0x02E1, 0x02E1, 0x0301, 0x0301, 0x0321, 0x0341,
    0x0341, 0x0361, 0x0361, 0x0381, 0x03A1, 0x03A1, 0x03C1, 0x03E2, 0x03E1, 0x03E2, 0x03E2, 0x03E1, 0x03E2, 0x0402, 0x03E2, 0x03E2,
    0x03E1, 0x03E1, 0x03C1, 0x03C2, 0x03C2, 0x03A2, 0x0381, 0x0381, 0x0361, 0x0341, 0x0321, 0x0321, 0x0301, 0x02E1, 0x02C1, 0x02A1,
    0x02A1, 0x0281, 0x0281, 0x0281, 0x02A1, 0x02A1, 0x0A61, 0x0120, 0x0000, 0x0821, 0x6B4D, 0xDEFB, 0xEF5C, 0x73AE, 0x18C3, 0x2124,
    0x4208, 0x4208, 0x39E7, 0x41E7, 0x4208, 0x4208, 0x4208, 0x4208, 0x4208, 0x4208, 0x4228, 0x4208, 0x10A2, 0x0000, 0x39E7, 0x6B6D,
    0x630C, 0x630C, 0x632C, 0x632C, 0x630C, 0x630C, 0x630C, 0x630C, 0x738E, 0x8C71, 0x8C51, 0x9492, 0x8C71, 0x9492, 0x8C71, 0x9492,
    0x9492, 0x9472, 0x8C71, 0x9492, 0x9492, 0x8C71, 0x8C51, 0x8C71, 0x9492, 0x8C71, 0x8C71, 0x8C71, 0x8C51, 0x8C51, 0x8C30, 0x8C51,
    0x8C51, 0x8C71, 0x9492, 0x9492, 0x8C71, 0x8C51, 0x8C51, 0x8C51, 0x8C51, 0x8C71, 0x8C51, 0x8C71, 0x8C71, 0x8C71, 0x8C71, 0x8C71,
    0x8C51, 0x8C51, 0x8C51, 0x8C51, 0x8C51, 0x9472, 0x8C51, 0x8C51, 0x8C51, 0x8C51, 0x8C51, 0x8C51, 0x8C71, 0x8C71, 0x8C71, 0x8C71,
    0x8C71, 0x8C71, 0x8C71, 0x8C71, 0x8C51, 0x8C51, 0x8C51, 0x8C51, 0x8C51, 0x8C51, 0x8C51, 0x8C51, 0x8C51, 0x8C30, 0x8C30, 0x8C51,
    0x8C51, 0x8C51, 0x8C51, 0x8430, 0x8430, 0x8430, 0x8410, 0x8410, 0x8C51, 0x2124, 0x39E7, 0xFFFF, 0xFFFF, 0xFFFF, 0xFFFF, 0xFFFF,
    0xFFFF, 0xFFFF, 0xFFFF, 0xFFFF, 0xFFFF, 0xFFFF, 0xFFFF, 0xFFFF, 0xFFFF, 0xFFFF, 0xFFFF, 0xFFFF, 0xFFFF, 0xFFFF, 0xFFFF, 0xFFFF,
    0xFFFF, 0xFFFF, 0xFFFF, 0xFFFF, 0xFFFF, 0xFFFF, 0xFFFF, 0xFFFF, 0xFFFF, 0xFFFF, 0xFFFF, 0xFFFF, 0xFFFF, 0xFFFF, 0xFFFF, 0xFFFF,
    0xFFFF, 0xFFFF, 0xFFFF, 0xFFFF, 0xFFFF, 0xFFFF, 0xFFFF, 0xFFFF, 0x528A, 0x528A, 0x94B2, 0x9492, 0x94B2, 0x94B2, 0x94B2, 0x94B2,
    0x94B2, 0x9CD3, 0x9CD3, 0x9CD3, 0x9CD3, 0x9CD3, 0x9CF3, 0x9CF3, 0x9CD3, 0x9CD3, 0x9CD3, 0x94B2, 0x94B2, 0x94B2, 0x94B2, 0x9CD3,
    0x9CD3, 0x9CD3, 0x9CD3, 0x9CD3, 0x94B2, 0x9492, 0x9CD3, 0x9CD3, 0x9CD3, 0x9CD3, 0x94B2, 0x9CD3, 0x94B2, 0x9492, 0x9492, 0x9492,
    0x9492, 0x8C72, 0x9492, 0x8C71, 0x9492, 0x9492, 0x9492, 0x94B2, 0x9CD3, 0x9CD3, 0x9492, 0x9492, 0x8C51, 0x8C71, 0x9492, 0x9492,
    0x8C51, 0x8C71, 0x8C71, 0x8C71, 0x9471, 0x8C71, 0x8C51, 0x8C51, 0x8C71, 0x8C51, 0x8C51, 0x8C51, 0x6B4D, 0x630C, 0x632C, 0x632C,
    0x630C, 0x630C, 0x630C, 0x630C, 0x5AEB, 0x630C, 0x630C, 0x62EB, 0x5AEB, 0x5ACB, 0x5ACB, 0x528A, 0x18C3, 0x0000, 0x0861, 0x39E7,
    0x4A49, 0x4228, 0x4228, 0x4228, 0x4228, 0x4228, 0x4228, 0x4208, 0x4208, 0x4208, 0x39E7, 0x39E7, 0x39C7, 0x3186, 0x5AEB, 0xBDD7,
    0xFFFF, 0xFFFF, 0xAD75, 0x39A7, 0x0000, 0x0040, 0x01A0, 0x02A1, 0x02E1, 0x02E1, 0x02E1, 0x02C1, 0x02E1, 0x02E1, 0x02E1, 0x0301,
    0x0301, 0x0301, 0x0321, 0x0321, 0x0321, 0x0341, 0x0361, 0x0361, 0x0381, 0x0381, 0x0381, 0x0381, 0x0381, 0x03A1, 0x0381, 0x0381,
    0x0381, 0x0361, 0x0361, 0x0361, 0x0361, 0x0341, 0x0321, 0x0301, 0x0301, 0x0301, 0x02E1, 0x02C1, 0x02C1, 0x02A1, 0x02A1, 0x0281,
    0x0281, 0x02A0, 0x02A1, 0x0281, 0x01E0, 0x00C0, 0x0000, 0x1062, 0x73AE, 0xDEFB, 0xDEDB, 0x7BEF, 0x2945, 0x18C3, 0x39C7, 0x4207,
    0x39E7, 0x39E7, 0x39E7, 0x39E7, 0x4208, 0x4208, 0x4208, 0x4208, 0x41E7, 0x4208, 0x39E7, 0x1082, 0x0000, 0x31A6, 0x738E, 0x632C,
    0x5AEC, 0x630C, 0x6B4D, 0x6B4D, 0x632C, 0x6B2C, 0x630C, 0x632C, 0x6B4D, 0x8C71, 0x9492, 0x9492, 0x9492, 0x9492, 0x9492, 0x94B2,
    0x9492, 0x9471, 0x9491, 0x8C71, 0x9492, 0x8C71, 0x9492, 0x9492, 0x9472, 0x94B2, 0x9492, 0x9492, 0x8C71, 0x8C71, 0x8C51, 0x8C51,
    0x8C31, 0x8C51, 0x8C71, 0x8C71, 0x8C71, 0x8C71, 0x8C71, 0x8C51, 0x8C71, 0x8C71, 0x8C51, 0x8C71, 0x9492, 0x8C71, 0x8C71, 0x8C71,
    0x8C71, 0x8C71, 0x8C71, 0x8C51, 0x8430, 0x8C51, 0x8C51, 0x8C51, 0x8C51, 0x8C51, 0x8C51, 0x8C51, 0x8C51, 0x8C51, 0x8C51, 0x8C71,
    0x8C71, 0x8C71, 0x8C71, 0x9471, 0x8C71, 0x8C71, 0x8C71, 0x8C71, 0x8C51, 0x8C51, 0x8430, 0x8430, 0x8430, 0x8C51, 0x8C51, 0x8C51,
    0x8430, 0x8C51, 0x8C51, 0x8430, 0x8430, 0x8430, 0x8410, 0x8410, 0x8C51, 0x52CA, 0x0861, 0xDEFB, 0xFFFF, 0xFFFF, 0xFFFF, 0xFFFF,
    0xFFFF, 0xFFFF, 0xFFFF, 0xFFFF, 0xFFFF, 0xFFFF, 0xFFFF, 0xFFFF, 0xFFFF, 0xFFFF, 0xFFFF, 0xFFFF, 0xFFFF, 0xFFFF, 0xFFFF, 0xFFFF,
    0xFFFF, 0xFFFF, 0xFFFF, 0xFFFF, 0xFFFF, 0xFFFF, 0xFFFF, 0xFFFF, 0xFFFF, 0xFFFF, 0xFFFF, 0xFFFF, 0xFFFF, 0xFFFF, 0xFFFF, 0xFFFF,
    0xFFFF, 0xFFFF, 0xFFFF, 0xFFFF, 0xFFFF, 0xFFFF, 0xFFFF, 0xEF7D, 0x2124, 0x6B6D, 0x94B2, 0x94B2, 0x94B2, 0x94B2, 0x94B2, 0x94B2,
    0x9CD2, 0x9CD3, 0x94B2, 0x9CD3, 0x94B2, 0x94B2, 0x9CD3, 0x9CF3, 0x9CF3, 0x9CF3, 0x94B2, 0x94B2, 0x94B2, 0x94B2, 0x94B2, 0x9492,
    0x9492, 0x9CD3, 0x9CD3, 0x9CD3, 0x9CD3, 0x9CD3, 0x9CD3, 0x9CD3, 0x9CD3, 0x9CD3, 0x94B2, 0x9CD3, 0x94B2, 0x94B2, 0x9492, 0x94B2,
    0x9492, 0x9492, 0x9492, 0x8C71, 0x8C71, 0x8C71, 0x9492, 0x94B2, 0x94B2, 0x94B2, 0x9492, 0x8C71, 0x8C71, 0x8C71, 0x9492, 0x9492,
    0x9492, 0x9492, 0x9492, 0x8C71, 0x8C71, 0x8C71, 0x8C50, 0x8C51, 0x8C71, 0x8C51, 0x8C71, 0x83F0, 0x630C, 0x630C, 0x630C, 0x5AEB,
    0x5AEB, 0x630C, 0x630C, 0x630C, 0x630C, 0x630C, 0x62EC, 0x630C, 0x5ACB, 0x5ACB, 0x52AA, 0x5ACB, 0x52AA, 0x18C3, 0x0000, 0x0841,
    0x31A6, 0x4A49, 0x4228, 0x4228, 0x4228, 0x4208, 0x4208, 0x4208, 0x39E7, 0x39E7, 0x39E7, 0x39C7, 0x39E7, 0x39E7, 0x3186, 0x2965,
    0x630C, 0xBDF7, 0xFFFF, 0xFFFF, 0xBDD7, 0x528A, 0x0841, 0x0000, 0x00C0, 0x0201, 0x02C1, 0x0321, 0x0301, 0x02E1, 0x02E1, 0x02C1,
    0x02E1, 0x02E1, 0x02E1, 0x02E1, 0x02E1, 0x0301, 0x0301, 0x0321, 0x0321, 0x0321, 0x0321, 0x0321, 0x0321, 0x0321, 0x0321, 0x0321,
    0x0301, 0x0301, 0x0301, 0x0301, 0x0301, 0x02E1, 0x02E1, 0x02C1, 0x02C1, 0x02A1, 0x02A1, 0x02A1, 0x02A1, 0x02A1, 0x02A1, 0x02C1,
    0x02A1, 0x0241, 0x0120, 0x0000, 0x0000, 0x3186, 0x8C51, 0xD69A, 0xCE59, 0x738E, 0x2104, 0x20E3, 0x31A6, 0x39E7, 0x39C7, 0x39C7,
    0x39E7, 0x39E7, 0x39E7, 0x39E7, 0x41E7, 0x41E7, 0x41E7, 0x39E7, 0x4228, 0x31A6, 0x0841, 0x0000, 0x39E7, 0x6B4D, 0x632C, 0x632C,
    0x632C, 0x630C, 0x632C, 0x632C, 0x632C, 0x632C, 0x632C, 0x6B4D, 0x632C, 0x73AE, 0x94B2, 0x9492, 0x9492, 0x94B2, 0x94B2, 0x9492,
    0x9492, 0x9492, 0x9492, 0x9492, 0x94B2, 0x9492, 0x9492, 0x9492, 0x9492, 0x9492, 0x8C71, 0x8C71, 0x8C71, 0x8C71, 0x8C71, 0x8C71,
    0x8C51, 0x8C51, 0x8C71, 0x8C71, 0x8C71, 0x8C51, 0x8C71, 0x8C71, 0x8C71, 0x8C71, 0x8C71, 0x8C71, 0x8C71, 0x8C71, 0x8C51, 0x8C51,
    0x8C71, 0x8C71, 0x8C71, 0x8C71, 0x8C51, 0x8C51, 0x8C51, 0x8C71, 0x8C51, 0x8C51, 0x8C51, 0x8C51, 0x8C51, 0x8C51, 0x8430, 0x8C51,
    0x8C71, 0x8C51, 0x8C71, 0x8C51, 0x8C51, 0x8C51, 0x8C51, 0x8C51, 0x8C51, 0x8C51, 0x8C51, 0x8C71, 0x8C51, 0x8C51, 0x8C51, 0x8430,
    0x8430, 0x8430, 0x8430, 0x8430, 0x8430, 0x8430, 0x8430, 0x8410, 0x8430, 0x7BCF, 0x0000, 0x9CD3, 0xFFFF, 0xFFDF, 0xFFFF, 0xFFFF,
    0xFFFF, 0xFFFF, 0xFFFF, 0xFFFF, 0xFFFF, 0xFFFF, 0xFFFF, 0xFFFF, 0xFFFF, 0xFFFF, 0xFFFF, 0xFFFF, 0xFFFF, 0xFFFF, 0xFFFF, 0xFFFF,
    0xFFFF, 0xFFFF, 0xFFFF, 0xFFFF, 0xFFFF, 0xFFFF, 0xFFFF, 0xFFFF, 0xFFFF, 0xFFFF, 0xFFFF, 0xFFFF, 0xFFFF, 0xFFFF, 0xFFFF, 0xFFFF,
    0xFFFF, 0xFFFF, 0xFFFF, 0xFFFF, 0xFFFF, 0xFFFF, 0xFFFF, 0xCE59, 0x18C3, 0x8410, 0x8C71, 0x94B2, 0x94B2, 0x9CD3, 0x94B2, 0x9CD3,
    0x9CD3, 0x9CD3, 0x9CF3, 0x94B2, 0x9CD3, 0x9CD3, 0x9CD3, 0x9CD3, 0x9CF3, 0x9CD3, 0x9CD3, 0x9CD3, 0x94B2, 0x94B2, 0x94B2, 0x94B2,
    0x9492, 0x9492, 0x9CD3, 0x9CD3, 0x9CD3, 0x9CD3, 0x9CD3, 0x9CD3, 0x94B2, 0x94B2, 0x94B2, 0x94B2, 0x94B2, 0x9492, 0x9492, 0x9492,
    0x9492, 0x9492, 0x94B2, 0x9492, 0x8C71, 0x9492, 0x9492, 0x9492, 0x9492, 0x9492, 0x9492, 0x94B2, 0x9492, 0x8C71, 0x9492, 0x94B2,
    0x94B2, 0x9492, 0x9492, 0x9492, 0x9492, 0x8C71, 0x8C51, 0x8C51, 0x8C71, 0x8C71, 0x8C71, 0x6B4D, 0x630C, 0x630C, 0x630C, 0x5AEB,
    0x5AEB, 0x5ACB, 0x5AEB, 0x5AEB, 0x5ACB, 0x62EB, 0x630C, 0x630C, 0x5AEB, 0x52AA, 0x52AA, 0x52AA, 0x5ACB, 0x52AA, 0x18E3, 0x0000,
    0x0000, 0x2124, 0x4A48, 0x4208, 0x4208, 0x4208, 0x39E7, 0x39E7, 0x39E7, 0x39C7, 0x39C7, 0x39C7, 0x39A6, 0x31A6, 0x31A6, 0x31A6,
    0x2945, 0x2965, 0x52AA, 0x9CF3, 0xF7BE, 0xFFFF, 0xEF5C, 0x8C71, 0x3166, 0x0000, 0x0000, 0x00C0, 0x01E0, 0x0281, 0x0B01, 0x0321,
    0x0301, 0x0301, 0x02E1, 0x02E1, 0x02E1, 0x02E1, 0x02E1, 0x02E1, 0x02E1, 0x02E1, 0x02E1, 0x02E1, 0x02E1, 0x02E1, 0x02E1, 0x02E1,
    0x02C1, 0x02C1, 0x02C1, 0x02C1, 0x02C1, 0x02C1, 0x02A1, 0x02A1, 0x02A1, 0x02A1, 0x02C1, 0x02C1, 0x02C1, 0x0281, 0x01E0, 0x0100,
    0x0020, 0x0000, 0x18C3, 0x6B2D, 0xCE38, 0xE73C, 0xB596, 0x52AA, 0x2124, 0x2124, 0x2965, 0x31A6, 0x31A6, 0x31A6, 0x39C7, 0x39C7,
    0x39C7, 0x39E7, 0x39E7, 0x4207, 0x41E7, 0x39E7, 0x39E7, 0x4208, 0x2965, 0x0020, 0x0020, 0x4208, 0x6B6D, 0x6B4D, 0x6B4D, 0x632C,
    0x630C, 0x632C, 0x632C, 0x632C, 0x630C, 0x630C, 0x630C, 0x630C, 0x630C, 0x630C, 0x8430, 0x94B2, 0x94B2, 0x94B2, 0x9CB3, 0x94B2,
    0x9492, 0x9CD3, 0x94B2, 0x9492, 0x94B2, 0x9492, 0x9492, 0x94B2, 0x8C71, 0x8C71, 0x8C71, 0x8C71, 0x8C71, 0x8C71, 0x9492, 0x9492,
    0x9472, 0x8C71, 0x8C51, 0x8C71, 0x8C71, 0x8C51, 0x8C51, 0x8C51, 0x8C51, 0x8430, 0x8C51, 0x8C71, 0x8C71, 0x8C51, 0x8C71, 0x8C71,
    0x8C71, 0x8C51, 0x8C71, 0x8C71, 0x8C51, 0x8C51, 0x8C51, 0x8C71, 0x8C71, 0x8C51, 0x8C51, 0x8C51, 0x8C51, 0x8C51, 0x8C51, 0x8C71,
    0x8C51, 0x8C51, 0x8C51, 0x8C51, 0x8430, 0x8C31, 0x8C51, 0x8C51, 0x8C71, 0x8C51, 0x8C51, 0x8C71, 0x8C71, 0x8C51, 0x8C51, 0x8430,
    0x8C51, 0x8430, 0x8430, 0x8430, 0x8430, 0x8430, 0x8430, 0x8410, 0x8410, 0x8C51, 0x1082, 0x528A, 0xFFFF, 0xFFDF, 0xFFFF, 0xFFFF,
    0xFFFF, 0xFFFF, 0xFFFF, 0xFFFF, 0xFFFF, 0xFFFF, 0xFFFF, 0xFFFF, 0xFFFF, 0xFFFF, 0xFFFF, 0xFFFF, 0xFFFF, 0xFFFF, 0xFFFF, 0xFFFF,
    0xFFFF, 0xFFFF, 0xFFFF, 0xFFFF, 0xFFFF, 0xFFFF, 0xFFFF, 0xFFFF, 0xFFFF, 0xFFFF, 0xFFFF, 0xFFFF, 0xFFFF, 0xFFFF, 0xFFFF, 0xFFFF,
    0xFFFF, 0xFFFF, 0xFFFF, 0xFFFF, 0xFFFF, 0xFFDF, 0xFFFF, 0x9CF3, 0x2124, 0x9492, 0x9492, 0x94B2, 0x94B2, 0x9CD3, 0x9CD3, 0x9CD3,
    0x9CF3, 0x9CD3, 0x9CD3, 0x9CD3, 0x9CD3, 0x94B2, 0x94B2, 0x9CB2, 0x9CD3, 0x9CF3, 0x9CD3, 0x9CD3, 0x9CD2, 0x94B2, 0x94B2, 0x94B2,
    0x94B2, 0x94B2, 0x94B2, 0x94B2, 0x9CD3, 0x9CF3, 0x9CF3, 0x9CD3, 0x9CD3, 0x9492, 0x9492, 0x9492, 0x94B2, 0x9492, 0x9492, 0x9492,
    0x94B2, 0x94B2, 0x9492, 0x9492, 0x9492, 0x9492, 0x94B2, 0x94B2, 0x9492, 0x9492, 0x9492, 0x94B2, 0x8C71, 0x9492, 0x8C71, 0x9492,
    0x9492, 0x9492, 0x9492, 0x9492, 0x8C71, 0x9492, 0x8C71, 0x8C51, 0x8C51, 0x9472, 0x7BEF, 0x630C, 0x630C, 0x632C, 0x632C, 0x632C,
    0x630C, 0x630C, 0x5AEB, 0x630C, 0x5AEB, 0x5ACB, 0x630C, 0x630C, 0x5AEB, 0x5ACB, 0x5AAA, 0x5ACB, 0x52AA, 0x5ACB, 0x5ACB, 0x2944,
    0x0000, 0x0000, 0x18E3, 0x39E7, 0x4208, 0x39E7, 0x39E7, 0x39C7, 0x39C7, 0x39A6, 0x31A6, 0x31A6, 0x31A6, 0x3186, 0x3186, 0x3186,
    0x31A6, 0x3186, 0x2945, 0x2104, 0x39E7, 0x7BEF, 0xC639, 0xFFFF, 0xFFFF, 0xD6BA, 0x8430, 0x39A7, 0x0841, 0x0000, 0x0040, 0x0100,
    0x01A0, 0x0241, 0x02C1, 0x0302, 0x0302, 0x0322, 0x0321, 0x0301, 0x0301, 0x02E1, 0x02E1, 0x02C1, 0x02C1, 0x02C1, 0x02E1, 0x02C1,
    0x02C1, 0x02C1, 0x02C1, 0x02E1, 0x02E1, 0x0301, 0x02E1, 0x02C1, 0x02A1, 0x0261, 0x01E0, 0x0120, 0x0060, 0x0000, 0x0000, 0x20E4,
    0x630C, 0xB596, 0xE73C, 0xCE79, 0x8430, 0x39E7, 0x2124, 0x2965, 0x39C7, 0x31A6, 0x3186, 0x3186, 0x31A6, 0x31A6, 0x39C7, 0x39C7,
    0x39C7, 0x39C7, 0x39C7, 0x39E7, 0x39E7, 0x4208, 0x4208, 0x18E3, 0x0000, 0x0840, 0x4228, 0x632C, 0x632C, 0x6B4D, 0x6B2C, 0x632C,
    0x632C, 0x6B6D, 0x6B4D, 0x630C, 0x630C, 0x632C, 0x632C, 0x630B, 0x630C, 0x5AEB, 0x7BCF, 0x9CD3, 0x94B2, 0x9CD3, 0x9CD3, 0x9CB2,
    0x9492, 0x9492, 0x9492, 0x9492, 0x9492, 0x94B2, 0x8C71, 0x9491, 0x8C71, 0x9492, 0x9471, 0x9471, 0x8C51, 0x8C51, 0x8C71, 0x9492,
    0x9492, 0x8C71, 0x8C51, 0x8C51, 0x8C71, 0x8C71, 0x8C51, 0x8C71, 0x8C71, 0x8C50, 0x8430, 0x9492, 0x8C51, 0x8C71, 0x8C71, 0x9492,
    0x8C71, 0x8C51, 0x8C71, 0x8C51, 0x8C51, 0x8C51, 0x8C71, 0x8C51, 0x8C71, 0x8C51, 0x8C51, 0x8C71, 0x8C51, 0x8C51, 0x8C51, 0x8C51,
    0x8C71, 0x8C71, 0x8C51, 0x8C51, 0x8430, 0x8C50, 0x8C71, 0x8C51, 0x8C51, 0x8C51, 0x8C71, 0x8C71, 0x8C71, 0x8C71, 0x8C51, 0x8C51,
    0x8C31, 0x8430, 0x8430, 0x8430, 0x8430, 0x8430, 0x8430, 0x8410, 0x7BEF, 0xB596, 0x39C7, 0x10A2, 0xEF7D, 0xFFFF, 0xFFFF, 0xFFFF,
    0xFFFF, 0xFFFF, 0xFFFF, 0xFFFF, 0xFFFF, 0xFFFF, 0xFFFF, 0xFFFF, 0xFFFF, 0xFFFF, 0xFFFF, 0xFFFF, 0xFFFF, 0xFFFF, 0xFFFF, 0xFFFF,
    0xFFFF, 0xFFFF, 0xFFFF, 0xFFFF, 0xFFFF, 0xFFFF, 0xFFFF, 0xFFFF, 0xFFFF, 0xFFFF, 0xFFFF, 0xFFFF, 0xFFFF, 0xFFFF, 0xFFFF, 0xFFFF,
    0xFFFF, 0xFFFF, 0xFFFF, 0xFFFF, 0xFFFF, 0xFFDF, 0xFFFF, 0x630C, 0x39E7, 0x9492, 0x9492, 0x9CD3, 0x94B2, 0x94D3, 0x9CD3, 0x9CD3,
    0x9CD3, 0x9CD3, 0x9CD3, 0x9CD3, 0x9CD3, 0x94B2, 0x94B2, 0x9CD3, 0x9CD3, 0x9CD3, 0x9CD3, 0x9CD3, 0x94B2, 0x9CD3, 0x94B2, 0x94B2,
    0x94B2, 0x94B2, 0x9CD3, 0x9CD3, 0x9CD3, 0x9CF3, 0x9CD3, 0x9CF3, 0x9CF3, 0x9CB3, 0x94B2, 0x94B2, 0x9492, 0x9492, 0x9492, 0x8C91,
    0x9492, 0x9492, 0x9492, 0x94B2, 0x9492, 0x8C71, 0x9492, 0x94B2, 0x94B2, 0x94B2, 0x9492, 0x9492, 0x8C71, 0x8C71, 0x8C71, 0x8C71,
    0x8C71, 0x8C71, 0x8C71, 0x8C71, 0x9492, 0x9492, 0x9471, 0x8C51, 0x8C51, 0x8C71, 0x6B6D, 0x632C, 0x630C, 0x632C, 0x630C, 0x630C,
    0x630B, 0x630C, 0x5AEB, 0x62EC, 0x5AEB, 0x5ACB, 0x5AEB, 0x630C, 0x630C, 0x5AEB, 0x5ACA, 0x52AA, 0x5AAA, 0x52AA, 0x52AA, 0x5ACB,
    0x3186, 0x0000, 0x0000, 0x0861, 0x3186, 0x39E7, 0x39C7, 0x39A6, 0x31A6, 0x31A6, 0x31A6, 0x31A6, 0x3186, 0x3186, 0x3186, 0x3186,
    0x3186, 0x3186, 0x3186, 0x3186, 0x2945, 0x2104, 0x2104, 0x39E7, 0x8410, 0xCE59, 0xFFFF, 0xFFFF, 0xEF7D, 0xB596, 0x734E, 0x3186,
    0x1062, 0x0000, 0x0000, 0x0020, 0x0080, 0x0100, 0x0180, 0x01C0, 0x0201, 0x0221, 0x0241, 0x0261, 0x0281, 0x02A1, 0x02A1, 0x02A1,
    0x0281, 0x0241, 0x0201, 0x01E0, 0x01A0, 0x0160, 0x00E0, 0x0060, 0x0000, 0x0000, 0x0000, 0x20E4, 0x526A, 0x8C51, 0xC618, 0xE75C,
    0xD69A, 0x9CD3, 0x528A, 0x2945, 0x2124, 0x3186, 0x31A6, 0x31A6, 0x31A6, 0x31A6, 0x31A6, 0x31A6, 0x31A6, 0x31A6, 0x31A6, 0x31A6,
    0x39A6, 0x39C7, 0x39A6, 0x39C7, 0x4207, 0x31A6, 0x1061, 0x0000, 0x18C3, 0x528A, 0x5AEB, 0x5AEB, 0x6B4D, 0x6B4D, 0x6B4D, 0x632C,
    0x632C, 0x6B4D, 0x6B4D, 0x632C, 0x630C, 0x632C, 0x632C, 0x630C, 0x6B4D, 0x630C, 0x738E, 0x9471, 0x94B2, 0x9CD3, 0x9CD3, 0x9CB2,
    0x94B2, 0x9492, 0x9492, 0x9471, 0x94B2, 0x9492, 0x9492, 0x8C71, 0x9471, 0x9492, 0x94B2, 0x94B2, 0x9471, 0x8C71, 0x9471, 0x9492,
    0x9492, 0x8C71, 0x8C71, 0x8C71, 0x8C71, 0x8C71, 0x8C71, 0x8C71, 0x8C71, 0x8C71, 0x8C71, 0x9492, 0x8C71, 0x8C71, 0x8C71, 0x9492,
    0x8C71, 0x8C71, 0x8C51, 0x8C51, 0x8C51, 0x8C51, 0x8C51, 0x8C71, 0x8C51, 0x8430, 0x8C50, 0x8C51, 0x8C51, 0x8C51, 0x8C51, 0x8C30,
    0x8C51, 0x8C51, 0x8C51, 0x8C71, 0x8C51, 0x8C51, 0x8C51, 0x8C71, 0x8C51, 0x8C71, 0x8C71, 0x8C71, 0x8C51, 0x8C51, 0x8C51, 0x8C51,
    0x8C51, 0x8430, 0x8430, 0x8430, 0x8430, 0x8430, 0x8430, 0x8430, 0x7BCF, 0xBDD7, 0x6B6D, 0x0000, 0xBDD7, 0xFFFF, 0xFFDF, 0xFFFF,
    0xFFFF, 0xFFFF, 0xFFFF, 0xFFFF, 0xFFFF, 0xFFFF, 0xFFFF, 0xFFFF, 0xFFFF, 0xFFFF, 0xFFFF, 0xFFFF, 0xFFFF, 0xFFFF, 0xFFFF, 0xFFFF,
    0xFFFF, 0xFFFF, 0xFFFF, 0xFFFF, 0xFFFF, 0xFFFF, 0xFFFF, 0xFFFF, 0xFFFF, 0xFFFF, 0xFFFF, 0xFFFF, 0xFFFF, 0xFFFF, 0xFFFF, 0xFFFF,
    0xFFFF, 0xFFFF, 0xFFFF, 0xFFFF, 0xFFFF, 0xFFFF, 0xF7BE, 0x3166, 0x630C, 0x94B2, 0x9492, 0x94B2, 0x9CD3, 0x9CF3, 0x94B2, 0x9492,
    0x9CD3, 0x94B2, 0x94B2, 0x94B2, 0x9CD3, 0x9CD3, 0x94B2, 0x94B2, 0x94B2, 0x9CD3, 0x9CD3, 0x94B2, 0x9492, 0x9CD3, 0x9CD3, 0x9492,
    0x94B2, 0x9492, 0x94B2, 0x94B2, 0x9CD3, 0x9CF3, 0x9CD3, 0x94B2, 0x9CD3, 0x94B2, 0x9492, 0x9492, 0x9492, 0x8C71, 0x8C71, 0x8C71,
    0x9492, 0x94B2, 0x9492, 0x9492, 0x9492, 0x9492, 0x9492, 0x9492, 0x9492, 0x9492, 0x94B2, 0x94B2, 0x8C71, 0x8C71, 0x8C71, 0x8C71,
    0x8C71, 0x9492, 0x8C71, 0x9492, 0x9492, 0x94B2, 0x9492, 0x9492, 0x9492, 0x7BCF, 0x632C, 0x6B4D, 0x6B4D, 0x630C, 0x5B0B, 0x630C,
    0x5AEB, 0x630C, 0x5AEB, 0x5AEB, 0x5AEB, 0x5ACB, 0x5ACB, 0x5AEB, 0x5AEB, 0x5AEB, 0x5ACB, 0x5AAA, 0x5AAA, 0x52AA, 0x5ACB, 0x52AA,
    0x5AEB, 0x4228, 0x1082, 0x0000, 0x0000, 0x20E3, 0x31A6, 0x39C7, 0x31A6, 0x31A6, 0x3186, 0x3186, 0x3186, 0x3186, 0x3185, 0x3165,
    0x2965, 0x2965, 0x2965, 0x2965, 0x2965, 0x3165, 0x2965, 0x2924, 0x18E3, 0x2104, 0x39C7, 0x6B6D, 0xA534, 0xDEFB, 0xFFFF, 0xFFFF,
    0xF7BE, 0xD6BA, 0xAD55, 0x8C31, 0x62EC, 0x41E8, 0x20E4, 0x1082, 0x0821, 0x0000, 0x0000, 0x0000, 0x0000, 0x0000, 0x0000, 0x0000,
    0x0000, 0x0000, 0x0000, 0x0020, 0x1062, 0x2104, 0x39C7, 0x62EC, 0x8C51, 0xB576, 0xD69A, 0xDF1B, 0xD6BA, 0xB596, 0x7BCF, 0x4A49,
    0x2124, 0x2104, 0x2965, 0x31A6, 0x31A6, 0x31A6, 0x3186, 0x31A6, 0x31A6, 0x31A6, 0x31A6, 0x3186, 0x31A6, 0x31A6, 0x31A6, 0x31A6,
    0x31A6, 0x31A6, 0x39C7, 0x31A6, 0x18E3, 0x0000, 0x0000, 0x3186, 0x630C, 0x630C, 0x5ACB, 0x5ACB, 0x632C, 0x6B4D, 0x632C, 0x634C,
    0x632C, 0x632C, 0x632C, 0x632C, 0x632C, 0x6B4D, 0x6B4D, 0x6B2C, 0x6B4D, 0x630C, 0x6B4D, 0x7BCF, 0x9492, 0x9492, 0x94B2, 0x9CB2,
    0x94B2, 0x94B2, 0x9492, 0x9492, 0x94B2, 0x94B2, 0x8C71, 0x8C51, 0x9471, 0x9492, 0x94B2, 0x9492, 0x94B2, 0x8C71, 0x8C71, 0x9472,
    0x9492, 0x9492, 0x9471, 0x8C71, 0x8C51, 0x8C71, 0x8C71, 0x9492, 0x9492, 0x9492, 0x9492, 0x9492, 0x9492, 0x8C71, 0x8C71, 0x8C71,
    0x8C51, 0x8C51, 0x8C71, 0x8C71, 0x8C71, 0x8C71, 0x8C71, 0x8C71, 0x8C51, 0x8C51, 0x8C51, 0x8450, 0x8C51, 0x8C51, 0x8C51, 0x8430,
    0x8C51, 0x8C51, 0x8C71, 0x8C71, 0x8C51, 0x8C71, 0x8C71, 0x8C71, 0x8C51, 0x9471, 0x8C71, 0x8C51, 0x8C51, 0x8C51, 0x8C51, 0x8C51,
    0x8C51, 0x8C51, 0x8430, 0x8430, 0x8430, 0x8410, 0x8410, 0x8410, 0x7BCF, 0xA534, 0xA534, 0x0000, 0x738E, 0xFFFF, 0xFFDF, 0xFFFF,
    0xFFFF, 0xFFFF, 0xFFFF, 0xFFFF, 0xFFFF, 0xFFFF, 0xFFFF, 0xFFFF, 0xFFFF, 0xFFFF, 0xFFFF, 0xFFFF, 0xFFFF, 0xFFFF, 0xFFFF, 0xFFFF,
    0xFFFF, 0xFFFF, 0xFFFF, 0xFFFF, 0xFFFF, 0xFFFF, 0xFFFF, 0xFFFF, 0xFFFF, 0xFFFF, 0xFFFF, 0xFFFF, 0xFFFF, 0xFFFF, 0xFFFF, 0xFFFF,
    0xFFFF, 0xFFFF, 0xFFFF, 0xFFFF, 0xFFFF, 0xFFFF, 0xDEDB, 0x2104, 0x7BEF, 0x9491, 0x94B2, 0x9492, 0x94B2, 0x94B2, 0x94B2, 0x9492,
    0x94B2, 0x94B2, 0x9492, 0x94B2, 0x94B2, 0x94B2, 0x9492, 0x94B2, 0x94B2, 0x94B2, 0x9CD3, 0x9CD3, 0x94B2, 0x94B2, 0x94B2, 0x94B2,
    0x94B2, 0x9492, 0x94B2, 0x94B2, 0x94B2, 0x9CD3, 0x94B2, 0x94B2, 0x94B2, 0x94B2, 0x94B2, 0x94B2, 0x94B2, 0x9492, 0x8C71, 0x8C71,
    0x8C71, 0x9492, 0x9492, 0x9492, 0x8C71, 0x94B2, 0x94B2, 0x8C71, 0x8C71, 0x8C71, 0x9492, 0x9492, 0x9472, 0x8C71, 0x9492, 0x8C71,
    0x8C71, 0x8C71, 0x9492, 0x94B2, 0x9CD3, 0x94B2, 0x9492, 0x9492, 0x9492, 0x632C, 0x5AEB, 0x630C, 0x630C, 0x630C, 0x630C, 0x5AEB,
    0x62EC, 0x5ACB, 0x5AEB, 0x630C, 0x630C, 0x5AEB, 0x5ACB, 0x5ACB, 0x5AEB, 0x5ACB, 0x5ACB, 0x5AEB, 0x5ACB, 0x52AA, 0x5ACB, 0x52AA,
    0x5AAB, 0x5AEB, 0x52AA, 0x2124, 0x0000, 0x0000, 0x0861, 0x2945, 0x31A6, 0x3186, 0x3185, 0x3185, 0x3186, 0x3186, 0x2965, 0x2965,
    0x2965, 0x2965, 0x2965, 0x2965, 0x2965, 0x2965, 0x2965, 0x2965, 0x2965, 0x2965, 0x2124, 0x18E3, 0x18C2, 0x2104, 0x39C7, 0x632C,
    0x94B2, 0xC618, 0xEF7D, 0xFFFF, 0xFFFF, 0xFFFF, 0xFFFF, 0xEF9E, 0xE71C, 0xD6BB, 0xD69A, 0xCE59, 0xBDD7, 0xB576, 0xAD75, 0xB596,
    0xBDF7, 0xCE59, 0xDEDB, 0xE71C, 0xEF5D, 0xF79E, 0xEF7D, 0xDEDB, 0xC618, 0x9CF3, 0x738E, 0x4208, 0x2124, 0x18A2, 0x18E3, 0x2124,
    0x2965, 0x31A6, 0x31A6, 0x3186, 0x3186, 0x3186, 0x3186, 0x3186, 0x3186, 0x31A6, 0x3186, 0x3186, 0x3186, 0x3186, 0x3186, 0x3186,
    0x31A6, 0x31A6, 0x2124, 0x0840, 0x0000, 0x18C3, 0x4A49, 0x62EB, 0x5ACB, 0x5AEB, 0x5AEB, 0x630C, 0x630C, 0x630C, 0x632C, 0x6B4D,
    0x632C, 0x632C, 0x632C, 0x632C, 0x632C, 0x632C, 0x632C, 0x630C, 0x630C, 0x630C, 0x630C, 0x6B4D, 0x8C51, 0x9CD3, 0x94B2, 0x94B2,
    0x94B2, 0x9CD3, 0x94B2, 0x9492, 0x9471, 0x9492, 0x9492, 0x8C71, 0x8C71, 0x9471, 0x9472, 0x9492, 0x8C71, 0x8C71, 0x8C71, 0x8C71,
    0x8C71, 0x9471, 0x8C71, 0x8C71, 0x9492, 0x8C71, 0x8C71, 0x8C71, 0x9471, 0x8C71, 0x8C71, 0x9471, 0x9471, 0x8C71, 0x8C51, 0x8C71,
    0x8C71, 0x8C71, 0x8C51, 0x8C51, 0x8C71, 0x8C71, 0x8C51, 0x8C71, 0x8C51, 0x8C71, 0x8C71, 0x8430, 0x8C51, 0x8C51, 0x8C51, 0x8C71,
    0x8C51, 0x8C51, 0x8C71, 0x8C71, 0x8C71, 0x8C51, 0x8C51, 0x8C51, 0x8C51, 0x8C71, 0x8C51, 0x8C51, 0x8C71, 0x8C51, 0x8C71, 0x8C51,
    0x8430, 0x8430, 0x8410, 0x8430, 0x8410, 0x8430, 0x8410, 0x8410, 0x7BEF, 0x9492, 0xCE59, 0x2104, 0x31A6, 0xFFDF, 0xFFFF, 0xFFFF,
    0xFFFF, 0xFFFF, 0xFFFF, 0xFFFF, 0xFFFF, 0xFFFF, 0xFFFF, 0xFFFF, 0xFFFF, 0xFFFF, 0xFFFF, 0xFFFF, 0xFFFF, 0xFFFF, 0xFFFF, 0xFFFF,
    0xFFFF, 0xFFFF, 0xFFFF, 0xFFFF, 0xFFFF, 0xFFFF, 0xFFFF, 0xFFFF, 0xFFFF, 0xFFFF, 0xFFFF, 0xFFFF, 0xFFFF, 0xFFFF, 0xFFFF, 0xFFFF,
    0xFFFF, 0xFFFF, 0xFFFF, 0xFFFF, 0xFFDF, 0xFFFF, 0xAD75, 0x2945, 0x8C71, 0x8C71, 0x9492, 0x9492, 0x9492, 0x9492, 0x94B2, 0x9CB3,
    0x94B2, 0x94B2, 0x9492, 0x94B2, 0x94B2, 0x9CD3, 0x9CD3, 0x94B2, 0x9492, 0x94B2, 0x9CD3, 0x9CF3, 0x9CF3, 0x9CF3, 0x9CF3, 0x9CF3,
    0x9CD3, 0x9CD3, 0x9CD3, 0x94B2, 0x9492, 0x94B2, 0x9CD3, 0x9CD3, 0x9CD3, 0x9CD3, 0x9492, 0x9492, 0x9492, 0x9492, 0x8C71, 0x9492,
    0x9492, 0x9472, 0x9492, 0x8C71, 0x8C71, 0x94B2, 0x9492, 0x9492, 0x94B2, 0x9492, 0x9492, 0x9492, 0x8C71, 0x9492, 0x94B2, 0x9492,
    0x8C71, 0x8C71, 0x9492, 0x9492, 0x9492, 0x9492, 0x8C71, 0x8C71, 0x7BEF, 0x5AEB, 0x5AEB, 0x630C, 0x632C, 0x630B, 0x632C, 0x630C,
    0x630C, 0x630C, 0x62EB, 0x62EB, 0x630C, 0x630C, 0x62EB, 0x5AEB, 0x5ACB, 0x5ACB, 0x5ACB, 0x5AEB, 0x5ACB, 0x52AA, 0x5ACB, 0x5ACB,
    0x5ACB, 0x52AA, 0x5ACB, 0x630C, 0x39E7, 0x1082, 0x0000, 0x0000, 0x10A2, 0x2945, 0x3186, 0x3186, 0x2965, 0x2965, 0x2965, 0x2965,
    0x2965, 0x2965, 0x2965, 0x2965, 0x2945, 0x2945, 0x2945, 0x2945, 0x2945, 0x2924, 0x2925, 0x2945, 0x2945, 0x2945, 0x2104, 0x18E3,
    0x18C3, 0x2104, 0x3186, 0x4208, 0x4A69, 0x632C, 0x8410, 0x9CD3, 0xAD75, 0xBDD7, 0xC618, 0xC638, 0xCE79, 0xCE59, 0xC638, 0xBDF7,
    0xB575, 0x9CF3, 0x8C71, 0x83EF, 0x6B6D, 0x5ACB, 0x41E7, 0x2924, 0x18C3, 0x18C3, 0x2104, 0x2924, 0x2965, 0x2965, 0x2965, 0x2965,
    0x2965, 0x2965, 0x3185, 0x3186, 0x3186, 0x3186, 0x3186, 0x3186, 0x3186, 0x3186, 0x3186, 0x3186, 0x3186, 0x3186, 0x31A6, 0x31A6,
    0x2124, 0x0861, 0x0000, 0x0020, 0x39A6, 0x632C, 0x632D, 0x5AEB, 0x5ACB, 0x5ACB, 0x5AEB, 0x630C, 0x630C, 0x62EB, 0x630C, 0x632C,
    0x632C, 0x6B4D, 0x6B4D, 0x630C, 0x632C, 0x630C, 0x6B2D, 0x632C, 0x632C, 0x630C, 0x630C, 0x632C, 0x73AE, 0x9CF3, 0x9CD3, 0x9492,
    0x9492, 0x94B2, 0x9492, 0x9492, 0x94B2, 0x94B2, 0x94B2, 0x9492, 0x9492, 0x9492, 0x9492, 0x9492, 0x8C71, 0x8C71, 0x9492, 0x8C71,
    0x8C71, 0x8C71, 0x9492, 0x9472, 0x8C71, 0x8C71, 0x8C71, 0x8C71, 0x8C71, 0x8C71, 0x8C71, 0x9472, 0x8C71, 0x8C71, 0x8C71, 0x8C71,
    0x8C71, 0x9492, 0x8C71, 0x8C71, 0x8C71, 0x8C51, 0x8C51, 0x8C51, 0x8C71, 0x8C71, 0x8C71, 0x8C51, 0x8C51, 0x8C51, 0x8C51, 0x8C71,
    0x8C51, 0x8C71, 0x8C71, 0x8C71, 0x8C71, 0x8C51, 0x8C51, 0x8C30, 0x8430, 0x8C51, 0x8C51, 0x8C51, 0x8C71, 0x8C71, 0x8C51, 0x8C31,
    0x8430, 0x8410, 0x8410, 0x8430, 0x8430, 0x8430, 0x8430, 0x8410, 0x8410, 0x7BEF, 0xCE79, 0x5AEB, 0x0000, 0xD69A, 0xFFFF, 0xFFFF,
    0xFFFF, 0xFFFF, 0xFFFF, 0xFFFF, 0xFFFF, 0xFFFF, 0xFFFF, 0xFFFF, 0xFFFF, 0xFFFF, 0xFFFF, 0xFFFF, 0xFFFF, 0xFFFF, 0xFFFF, 0xFFFF,
    0xFFFF, 0xFFFF, 0xFFFF, 0xFFFF, 0xFFFF, 0xFFFF, 0xFFFF, 0xFFFF, 0xFFFF, 0xFFFF, 0xFFFF, 0xFFFF, 0xFFFF, 0xFFFF, 0xFFFF, 0xFFFF,
    0xFFFF, 0xFFFF, 0xFFFF, 0xFFFF, 0xFFDF, 0xFFFF, 0x73AE, 0x4208, 0x94B2, 0x9492, 0x9492, 0x9492, 0x94B2, 0x9492, 0x9492, 0x94B2,
    0x9492, 0x9492, 0x94B2, 0x9CB3, 0x9CD3, 0x9CD3, 0x9CD3, 0x94B2, 0x9492, 0x9492, 0x9CD3, 0x9CD3, 0x9CF3, 0x9CD3, 0x9CD3, 0x9CD3,
    0x94B2, 0x9CF3, 0x9CD3, 0x94B2, 0x9CD3, 0x9492, 0x9492, 0x94B2, 0x94B2, 0x94B2, 0x9492, 0x8C71, 0x9492, 0x8C71, 0x9492, 0x9492,
    0x9492, 0x9472, 0x8C71, 0x9492, 0x9492, 0x9492, 0x8C71, 0x8C71, 0x9492, 0x8C71, 0x9492, 0x9492, 0x94B2, 0x8C71, 0x9492, 0x9492,
    0x94B2, 0x8C71, 0x8C71, 0x8C51, 0x8C51, 0x9492, 0x9492, 0x8430, 0x6B2C, 0x630C, 0x5AEB, 0x632C, 0x630C, 0x5ACB, 0x5AEB, 0x630C,
    0x5AEB, 0x630C, 0x5AEB, 0x5AEB, 0x5AEB, 0x5ACB, 0x5AEB, 0x5ACB, 0x5ACB, 0x5ACB, 0x5ACB, 0x5AEB, 0x5ACB, 0x5ACB, 0x5ACB, 0x52AA,
    0x52AA, 0x5ACB, 0x5ACB, 0x5ACB, 0x5ACB, 0x528A, 0x2945, 0x0020, 0x0000, 0x0000, 0x10A2, 0x2945, 0x3186, 0x3186, 0x2965, 0x2965,
    0x2965, 0x2965, 0x2965, 0x2945, 0x2945, 0x2945, 0x2945, 0x2945, 0x2944, 0x2124, 0x2124, 0x2124, 0x2124, 0x2124, 0x2124, 0x2124,
    0x2945, 0x2945, 0x2945, 0x2124, 0x20E3, 0x2104, 0x2104, 0x2104, 0x2104, 0x2104, 0x2104, 0x18E3, 0x18E3, 0x18E3, 0x2104, 0x2104,
    0x18E3, 0x18E3, 0x18C3, 0x18E3, 0x18E3, 0x2104, 0x2924, 0x2965, 0x2965, 0x2965, 0x2965, 0x2965, 0x2965, 0x2945, 0x2945, 0x2945,
    0x2965, 0x2965, 0x2965, 0x2965, 0x2965, 0x3186, 0x3186, 0x3186, 0x3186, 0x3186, 0x3185, 0x3186, 0x3186, 0x3186, 0x2924, 0x0861,
    0x0000, 0x0000, 0x2124, 0x4A69, 0x5AEB, 0x5AEB, 0x5AEB, 0x5AEB, 0x5AEB, 0x5AEB, 0x630C, 0x630C, 0x632C, 0x630C, 0x630C, 0x632C,
    0x632C, 0x6B4D, 0x632C, 0x632C, 0x630C, 0x630C, 0x632C, 0x6B4D, 0x632C, 0x6B4D, 0x6B4D, 0x6B4D, 0x6B4D, 0x9492, 0x9CF3, 0x9CB3,
    0x94B2, 0x94B2, 0x94B2, 0x9492, 0x94B2, 0x9CB2, 0x9492, 0x9492, 0x9492, 0x9492, 0x9492, 0x9492, 0x8C71, 0x9471, 0x9472, 0x8C51,
    0x9492, 0x9492, 0x9492, 0x9492, 0x8C71, 0x8C71, 0x8C71, 0x8C51, 0x8C51, 0x8C71, 0x8C71, 0x8C71, 0x9492, 0x9492, 0x9492, 0x8C71,
    0x8C71, 0x8C71, 0x9492, 0x8C71, 0x8C51, 0x8C51, 0x8C51, 0x8C51, 0x8C51, 0x8C51, 0x8C51, 0x8C51, 0x8430, 0x8C51, 0x8C71, 0x8C51,
    0x8C71, 0x8C51, 0x8C51, 0x8C51, 0x8C30, 0x8C50, 0x8C30, 0x8C50, 0x8430, 0x8C51, 0x8C51, 0x8C71, 0x8C71, 0x8C71, 0x8C51, 0x8430,
    0x8430, 0x8430, 0x8410, 0x8430, 0x8430, 0x8430, 0x8C30, 0x8410, 0x8410, 0x7BCF, 0xBDD7, 0x9CD3, 0x0000, 0x94B2, 0xFFFF, 0xFFDF,
    0xFFFF, 0xFFFF, 0xFFFF, 0xFFFF, 0xFFFF, 0xFFFF, 0xFFFF, 0xFFFF, 0xFFFF, 0xFFFF, 0xFFFF, 0xFFFF, 0xFFFF, 0xFFFF, 0xFFFF, 0xFFFF,
    0xFFFF, 0xFFFF, 0xFFFF, 0xFFFF, 0xFFFF, 0xFFFF, 0xFFFF, 0xFFFF, 0xFFFF, 0xFFFF, 0xFFFF, 0xFFFF, 0xFFFF, 0xFFFF, 0xFFFF, 0xFFFF,
    0xFFFF, 0xFFFF, 0xFFFF, 0xFFFF, 0xFFFF, 0xFFFF, 0x4228, 0x5AEB, 0x94B2, 0x9492, 0x9CD3, 0x94D2, 0x94D3, 0x94B2, 0x8C71, 0x9492,
    0x9492, 0x9492, 0x94B2, 0x94B2, 0x94B2, 0x94B2, 0x9CD3, 0x9CD3, 0x9CD3, 0x9CD3, 0x94B2, 0x9CB3, 0x94B2, 0x94B2, 0x94B2, 0x94B2,
    0x94B2, 0x94B2, 0x94B2, 0x94B2, 0x94B2, 0x94B2, 0x9492, 0x9492, 0x9492, 0x9492, 0x9492, 0x9471, 0x8C71, 0x9492, 0x9492, 0x8C51,
    0x8C71, 0x94B2, 0x9492, 0x9492, 0x94B2, 0x9492, 0x9492, 0x8C51, 0x8C51, 0x8C51, 0x9492, 0x9492, 0x9492, 0x9492, 0x9492, 0x9492,
    0x9492, 0x8C71, 0x8C71, 0x8C71, 0x8C71, 0x8C71, 0x8C71, 0x73AE, 0x5AEB, 0x632C, 0x632C, 0x632C, 0x630C, 0x5ACB, 0x5AEB, 0x5AEB,
    0x5AEB, 0x5AEB, 0x5AEB, 0x5ACB, 0x5ACB, 0x5AAA, 0x5ACB, 0x5AEB, 0x5AEB, 0x5AEB, 0x630C, 0x5ACB, 0x5ACB, 0x5ACB, 0x52AA, 0x52AA,
    0x5ACB, 0x5ACB, 0x5ACB, 0x5ACB, 0x5AAB, 0x52AA, 0x52AA, 0x4A69, 0x2124, 0x0000, 0x0000, 0x0000, 0x1082, 0x2124, 0x2965, 0x3186,
    0x2965, 0x2965, 0x2945, 0x2945, 0x2945, 0x2944, 0x2924, 0x2924, 0x2124, 0x2124, 0x2124, 0x2124, 0x2124, 0x2124, 0x2124, 0x2124,
    0x2124, 0x2124, 0x2945, 0x2945, 0x2945, 0x2965, 0x2965, 0x2965, 0x2965, 0x2965, 0x2965, 0x2965, 0x2965, 0x2965, 0x2965, 0x2965,
    0x2965, 0x2965, 0x2965, 0x2965, 0x2965, 0x2965, 0x2945, 0x2945, 0x2945, 0x2945, 0x2945, 0x2945, 0x2945, 0x2945, 0x2945, 0x2945,
    0x2945, 0x2965, 0x2965, 0x2965, 0x2965, 0x2965, 0x3165, 0x3186, 0x3186, 0x3186, 0x31A6, 0x3186, 0x2104, 0x0861, 0x0000, 0x0000,
    0x2124, 0x52AA, 0x5AEB, 0x5AEB, 0x5ACB, 0x5AEB, 0x5ACB, 0x5AEB, 0x5AEB, 0x5AEB, 0x5AEB, 0x630C, 0x630C, 0x630C, 0x630C, 0x630C,
    0x632C, 0x630C, 0x630C, 0x632C, 0x630C, 0x630C, 0x632C, 0x632C, 0x632C, 0x632C, 0x632C, 0x6B4D, 0x6B6D, 0x7BCF, 0x9CD3, 0x9CD3,
    0x94B2, 0x9CD3, 0x94B2, 0x94B2, 0x9492, 0x94B2, 0x9492, 0x9492, 0x9492, 0x94B2, 0x9492, 0x8C71, 0x8C71, 0x8C71, 0x8C71, 0x8C71,
    0x8C51, 0x8C51, 0x8C71, 0x8C71, 0x9492, 0x9492, 0x8C71, 0x8C51, 0x8430, 0x8C51, 0x8C71, 0x8C71, 0x8C71, 0x8C51, 0x8C71, 0x9492,
    0x8C71, 0x8C71, 0x9492, 0x8C71, 0x8C71, 0x8C71, 0x8C51, 0x8C51, 0x8C71, 0x8C51, 0x8C71, 0x8C71, 0x8430, 0x8C30, 0x8C51, 0x8C51,
    0x8C71, 0x8C71, 0x8C51, 0x8430, 0x8430, 0x8C30, 0x8C51, 0x8C51, 0x8C51, 0x8C51, 0x8C51, 0x8C30, 0x8C71, 0x8C51, 0x8430, 0x8C51,
    0x8C51, 0x8C30, 0x8430, 0x8430, 0x8430, 0x8430, 0x8430, 0x8430, 0x8430, 0x7BEF, 0x9CF3, 0xC638, 0x0841, 0x4A69, 0xFFFF, 0xFFFF,
    0xFFFF, 0xFFFF, 0xFFFF, 0xFFFF, 0xFFFF, 0xFFFF, 0xFFFF, 0xFFFF, 0xFFFF, 0xFFFF, 0xFFFF, 0xFFFF, 0xFFFF, 0xFFFF, 0xFFFF, 0xFFFF,
    0xFFFF, 0xFFFF, 0xFFFF, 0xFFFF, 0xFFFF, 0xFFFF, 0xFFFF, 0xFFFF, 0xFFFF, 0xFFFF, 0xFFFF, 0xFFFF, 0xFFFF, 0xFFFF, 0xFFFF, 0xFFFF,
    0xFFFF, 0xFFFF, 0xFFFF, 0xFFFF, 0xFFFF, 0xEF3C, 0x2945, 0x7BCF, 0x9492, 0x94B2, 0x9CD3, 0x9CB2, 0x9CD3, 0x94B2, 0x9492, 0x9492,
    0x94B2, 0x94B2, 0x9492, 0x94B2, 0x9492, 0x94B2, 0x9CF3, 0x9CD3, 0x9CD3, 0x9CF3, 0x9CD3, 0x9CB3, 0x9492, 0x94B2, 0x9CF3, 0x9CD3,
    0x9CD3, 0x94B2, 0x9CB3, 0x94B2, 0x9492, 0x94B2, 0x9492, 0x9492, 0x8C71, 0x8C71, 0x8C71, 0x9492, 0x9492, 0x9492, 0x9492, 0x8C51,
    0x8C71, 0x9492, 0x94B2, 0x9492, 0x9492, 0x9492, 0x9492, 0x8C51, 0x8C71, 0x8C51, 0x8C51, 0x8C71, 0x9492, 0x94B2, 0x9492, 0x9492,
    0x8C71, 0x8C51, 0x8C51, 0x8C71, 0x8C71, 0x8C71, 0x8430, 0x632C, 0x632C, 0x632C, 0x630C, 0x5AEB, 0x5AEB, 0x630C, 0x5AEB, 0x630C,
    0x630C, 0x5AEB, 0x5AEB, 0x5AEB, 0x5AEB, 0x5ACB, 0x5AAA, 0x5ACA, 0x5ACB, 0x5ACA, 0x5ACB, 0x5AEB, 0x5ACB, 0x52CA, 0x5ACB, 0x52AA,
    0x528A, 0x52AA, 0x52AA, 0x5ACB, 0x5ACB, 0x528A, 0x52AA, 0x5ACB, 0x630C, 0x4A49, 0x18E3, 0x0000, 0x0000, 0x0000, 0x1082, 0x2104,
    0x2945, 0x2965, 0x2945, 0x2945, 0x2124, 0x2124, 0x2124, 0x2124, 0x2124, 0x2104, 0x2104, 0x2104, 0x2124, 0x2124, 0x2124, 0x2124,
    0x2124, 0x2124, 0x2124, 0x2124, 0x2124, 0x2945, 0x2945, 0x2925, 0x2945, 0x2945, 0x2945, 0x2945, 0x2945, 0x2945, 0x2945, 0x2924,
    0x2945, 0x2945, 0x2945, 0x2945, 0x2945, 0x2945, 0x2945, 0x2945, 0x2945, 0x2945, 0x2945, 0x2945, 0x2945, 0x2945, 0x2945, 0x2945,
    0x2945, 0x2965, 0x2965, 0x2965, 0x2965, 0x2965, 0x3165, 0x3186, 0x3186, 0x2945, 0x18C3, 0x0841, 0x0000, 0x0000, 0x2104, 0x4A69,
    0x6B4D, 0x632C, 0x5AEB, 0x5AEB, 0x5ACB, 0x5ACB, 0x5ACB, 0x5ACB, 0x5ACB, 0x5AEB, 0x5AEB, 0x62EB, 0x5AEB, 0x630C, 0x632C, 0x632C,
    0x630C, 0x5AEB, 0x630C, 0x630C, 0x632C, 0x632C, 0x632C, 0x632C, 0x632C, 0x632C, 0x6B4D, 0x738E, 0x738E, 0x6B6D, 0x9492, 0x9CD3,
    0x94B2, 0x9492, 0x9492, 0x94B2, 0x94B2, 0x94B2, 0x94B2, 0x9492, 0x9471, 0x9492, 0x9492, 0x8C71, 0x8C71, 0x8C71, 0x8C71, 0x9492,
    0x8C71, 0x8C71, 0x8C71, 0x8C71, 0x8C51, 0x8C71, 0x9491, 0x8C71, 0x8C71, 0x8C71, 0x8C71, 0x8C71, 0x8C71, 0x8C71, 0x8C71, 0x9492,
    0x9492, 0x9492, 0x9492, 0x9492, 0x9492, 0x8C71, 0x8C51, 0x8430, 0x8C51, 0x8C51, 0x8C51, 0x8C71, 0x8C51, 0x8430, 0x8430, 0x8C51,
    0x8C51, 0x8C51, 0x8C51, 0x8C51, 0x8C51, 0x8C51, 0x8C51, 0x8C51, 0x8C51, 0x8C51, 0x8C51, 0x8C51, 0x8C71, 0x8C51, 0x8430, 0x8C51,
    0x8C71, 0x8C51, 0x8C51, 0x8C30, 0x8430, 0x8410, 0x8430, 0x8430, 0x8410, 0x8430, 0x8430, 0xCE9A, 0x39C7, 0x10A2, 0xEF7D, 0xFFFF,
    0xFFFF, 0xFFFF, 0xFFFF, 0xFFFF, 0xFFFF, 0xFFFF, 0xFFFF, 0xFFFF, 0xFFFF, 0xFFFF, 0xFFFF, 0xFFFF, 0xFFFF, 0xFFFF, 0xFFFF, 0xFFFF,
    0xFFFF, 0xFFFF, 0xFFFF, 0xFFFF, 0xFFFF, 0xFFFF, 0xFFFF, 0xFFFF, 0xFFFF, 0xFFFF, 0xFFFF, 0xFFFF, 0xFFFF, 0xFFFF, 0xFFFF, 0xFFFF,
    0xFFFF, 0xFFFF, 0xFFFF, 0xFFFF, 0xFFFF, 0xBDD7, 0x2104, 0x8C71, 0x9492, 0x94B2, 0x9492, 0x9CD3, 0x9CD2, 0x94B2, 0x9CD2, 0x94B2,
    0x94B2, 0x94B2, 0x9492, 0x9492, 0x94B2, 0x94D3, 0x9CD3, 0x9CB3, 0x94B2, 0x9CD3, 0x9CD3, 0x94B2, 0x9CD3, 0x9CD3, 0x9CD3, 0x9CB3,
    0x94B2, 0x9CD3, 0x9CD3, 0x94B2, 0x94B2, 0x94B2, 0x94B2, 0x9CD3, 0x9492, 0x8C71, 0x8C71, 0x9492, 0x9492, 0x9492, 0x94B2, 0x9492,
    0x9492, 0x94B2, 0x94B2, 0x94B2, 0x94B2, 0x9492, 0x9471, 0x8C71, 0x8C71, 0x8C71, 0x8C51, 0x8C51, 0x9492, 0x9492, 0x8C91, 0x9471,
    0x8C71, 0x8C71, 0x8C51, 0x8C71, 0x9472, 0x94B2, 0x73AF, 0x5AEB, 0x630C, 0x632C, 0x632C, 0x630C, 0x5ACB, 0x632C, 0x632C, 0x5AEB,
    0x630C, 0x5AEB, 0x5AEB, 0x5ACB, 0x5AEB, 0x5AEB, 0x5AEB, 0x5ACB, 0x5ACB, 0x5AEB, 0x5ACB, 0x52AA, 0x5ACB, 0x5ACB, 0x5ACB, 0x52AA,
    0x52AA, 0x52AA, 0x5ACB, 0x52CA, 0x5ACB, 0x5AEB, 0x5AEB, 0x52AA, 0x5ACB, 0x52AA, 0x5ACB, 0x4228, 0x2925, 0x0020, 0x0000, 0x0000,
    0x0020, 0x10A2, 0x2104, 0x2124, 0x2924, 0x2124, 0x2124, 0x2124, 0x2104, 0x2104, 0x2104, 0x2104, 0x2124, 0x2124, 0x2124, 0x2124,
    0x2124, 0x2124, 0x2124, 0x2124, 0x2124, 0x2124, 0x2124, 0x2945, 0x2945, 0x2945, 0x2945, 0x2945, 0x2945, 0x2945, 0x2945, 0x2945,
    0x2945, 0x2945, 0x2945, 0x2945, 0x2945, 0x2945, 0x2945, 0x2945, 0x2945, 0x2945, 0x2945, 0x2945, 0x2945, 0x2945, 0x2945, 0x2945,
    0x2945, 0x2945, 0x2945, 0x2965, 0x2965, 0x3186, 0x2945, 0x18E3, 0x0861, 0x0000, 0x0000, 0x0841, 0x2945, 0x4A49, 0x632C, 0x632C,
    0x630C, 0x5AEB, 0x5AEB, 0x630C, 0x630C, 0x630C, 0x5AEB, 0x5ACB, 0x5ACB, 0x5ACB, 0x5ACB, 0x5AEB, 0x5AEB, 0x5AEB, 0x630C, 0x632C,
    0x630C, 0x630C, 0x630C, 0x630C, 0x632C, 0x632C, 0x632C, 0x630C, 0x6B2D, 0x6B4D, 0x6B4D, 0x6B6D, 0x6B6D, 0x6B6D, 0x8410, 0x9CD3,
    0x9CB2, 0x9CD3, 0x9CD3, 0x94B2, 0x9CB3, 0x94B2, 0x9492, 0x9471, 0x8C71, 0x8C71, 0x8C71, 0x8C71, 0x8C71, 0x8C71, 0x8C71, 0x9492,
    0x9492, 0x9492, 0x8C71, 0x8C71, 0x8C71, 0x8C71, 0x8C71, 0x9492, 0x9492, 0x8C71, 0x8C71, 0x9472, 0x8C71, 0x8C71, 0x9492, 0x8C71,
    0x8C51, 0x8C71, 0x9492, 0x9491, 0x8C71, 0x9472, 0x8C51, 0x8C51, 0x8C51, 0x8C51, 0x8430, 0x8430, 0x8430, 0x8C51, 0x8C51, 0x8C51,
    0x8C30, 0x8C51, 0x8C51, 0x8C51, 0x8451, 0x8C71, 0x8C51, 0x8C51, 0x8C51, 0x8C51, 0x8C71, 0x8C71, 0x8C71, 0x8C71, 0x8C51, 0x8C71,
    0x8C51, 0x8C30, 0x8C51, 0x8C51, 0x8430, 0x8430, 0x8430, 0x8430, 0x8410, 0x8430, 0x7BCF, 0xC618, 0x7BEF, 0x0000, 0xB5B6, 0xFFFF,
    0xFFFF, 0xFFFF, 0xFFFF, 0xFFFF, 0xFFFF, 0xFFFF, 0xFFFF, 0xFFFF, 0xFFFF, 0xFFFF, 0xFFFF, 0xFFFF, 0xFFFF, 0xFFFF, 0xFFFF, 0xFFFF,
    0xFFFF, 0xFFFF, 0xFFFF, 0xFFFF, 0xFFFF, 0xFFFF, 0xFFFF, 0xFFFF, 0xFFFF, 0xFFFF, 0xFFFF, 0xFFFF, 0xFFFF, 0xFFFF, 0xFFFF, 0xFFFF,
    0xFFFF, 0xFFFF, 0xFFFF, 0xFFDF, 0xFFFF, 0x7BCF, 0x31A6, 0x9CD3, 0x9492, 0x9492, 0x9492, 0x9CD3, 0x94B2, 0x94B2, 0x94B2, 0x94B2,
    0x9492, 0x8C71, 0x9492, 0x94B2, 0x94B2, 0x9CD3, 0x9CD3, 0x94B2, 0x9492, 0x94B2, 0x9CD3, 0x9CD3, 0x94B2, 0x9492, 0x94B2, 0x94B2,
    0x94B2, 0x94B3, 0x94B3, 0x94B2, 0x9492, 0x9492, 0x94B2, 0x9492, 0x9492, 0x9492, 0x9492, 0x9492, 0x9492, 0x94B2, 0x9492, 0x9471,
    0x8C71, 0x9492, 0x94B2, 0x94B2, 0x9492, 0x9492, 0x8C71, 0x9471, 0x9492, 0x9492, 0x8C71, 0x8C71, 0x8C51, 0x8C71, 0x8C71, 0x8C71,
    0x8C71, 0x9492, 0x9492, 0x9492, 0x8C71, 0x8C71, 0x6B4D, 0x630C, 0x630C, 0x630C, 0x62EC, 0x630C, 0x5AEB, 0x630C, 0x632C, 0x5AEB,
    0x5AEB, 0x5AEB, 0x630C, 0x5AEB, 0x5AEB, 0x5AEB, 0x5AEB, 0x5ACB, 0x5ACB, 0x5AEB, 0x5AEB, 0x52AB, 0x5AAA, 0x5ACB, 0x5ACB, 0x52AA,
    0x52AA, 0x52AA, 0x528A, 0x528A, 0x52CB, 0x5ACB, 0x5ACB, 0x5ACB, 0x5ACB, 0x52AA, 0x528A, 0x5ACB, 0x5ACB, 0x4A69, 0x2965, 0x1082,
    0x0000, 0x0000, 0x0000, 0x0841, 0x1082, 0x18C3, 0x2104, 0x2104, 0x2104, 0x2104, 0x2104, 0x2104, 0x2104, 0x2104, 0x2104, 0x2104,
    0x2104, 0x2124, 0x2124, 0x2124, 0x2124, 0x2124, 0x2124, 0x2124, 0x2124, 0x2124, 0x2124, 0x2124, 0x2924, 0x2925, 0x2945, 0x2945,
    0x2945, 0x2945, 0x2945, 0x2945, 0x2945, 0x2945, 0x2945, 0x2945, 0x2945, 0x2124, 0x2124, 0x2124, 0x2124, 0x2124, 0x2945, 0x2945,
    0x2965, 0x2965, 0x2945, 0x2124, 0x18E3, 0x1082, 0x0000, 0x0000, 0x0000, 0x18C2, 0x31A6, 0x5ACB, 0x632C, 0x5AEB, 0x5AEB, 0x630C,
    0x630C, 0x630C, 0x630C, 0x630C, 0x630C, 0x630C, 0x62EB, 0x5AEB, 0x5ACB, 0x62EB, 0x630C, 0x630C, 0x630C, 0x630C, 0x630C, 0x630C,
    0x630C, 0x6B4D, 0x630C, 0x5AEB, 0x630C, 0x632C, 0x632C, 0x6B4D, 0x6B4D, 0x6B6D, 0x6B6D, 0x6B4D, 0x6B6D, 0x6B6D, 0x6B6D, 0x8C71,
    0x94B2, 0x94B2, 0x9CD3, 0x94B2, 0x94B2, 0x9492, 0x8C71, 0x8C71, 0x9492, 0x8C71, 0x8C72, 0x8C71, 0x8C71, 0x9492, 0x9492, 0x94B2,
    0x94B2, 0x9492, 0x8C71, 0x8C71, 0x8C71, 0x9492, 0x9492, 0x9492, 0x9492, 0x9492, 0x8C71, 0x9471, 0x8C71, 0x8C71, 0x8C71, 0x8C71,
    0x8C51, 0x8C51, 0x94B2, 0x9492, 0x8C71, 0x8C71, 0x8C51, 0x8C51, 0x8C51, 0x8C51, 0x8C51, 0x8C31, 0x8C51, 0x8C51, 0x8C51, 0x8C51,
    0x8C71, 0x8C71, 0x8C71, 0x8430, 0x8C30, 0x8C71, 0x8C71, 0x8C71, 0x8C71, 0x8C71, 0x8C51, 0x8C51, 0x8C51, 0x8C71, 0x8C71, 0x8C71,
    0x8C51, 0x8C51, 0x8430, 0x8430, 0x8430, 0x8430, 0x8430, 0x8430, 0x8410, 0x8430, 0x7BCF, 0xA534, 0xBDF7, 0x0000, 0x6B4D, 0xFFFF,
    0xFFDF, 0xFFFF, 0xFFFF, 0xFFFF, 0xFFFF, 0xFFFF, 0xFFFF, 0xFFFF, 0xFFFF, 0xFFFF, 0xFFFF, 0xFFFF, 0xFFFF, 0xFFFF, 0xFFFF, 0xFFFF,
    0xFFFF, 0xFFFF, 0xFFFF, 0xFFFF, 0xFFFF, 0xFFFF, 0xFFFF, 0xFFFF, 0xFFFF, 0xFFFF, 0xFFFF, 0xFFFF, 0xFFFF, 0xFFFF, 0xFFFF, 0xFFFF,
    0xFFFF, 0xFFFF, 0xFFFF, 0xFFFF, 0xFFFF, 0x4228, 0x528A, 0x94B2, 0x8C71, 0x9492, 0x94B2, 0x94B2, 0x94B2, 0x94B2, 0x94B2, 0x94B2,
    0x9CD3, 0x94B2, 0x9492, 0x94B2, 0x9CD3, 0x94B2, 0x94B2, 0x9CB3, 0x9CD3, 0x94B2, 0x9CD3, 0x9CD3, 0x94B2, 0x94B2, 0x94B2, 0x94B2,
    0x94B2, 0x9CD3, 0x9CB3, 0x94B2, 0x9492, 0x94B2, 0x9CD3, 0x94B2, 0x8C71, 0x9492, 0x94B2, 0x94B2, 0x9492, 0x9492, 0x94B2, 0x9492,
    0x9492, 0x9492, 0x94B2, 0x9492, 0x9491, 0x9492, 0x9492, 0x9492, 0x9492, 0x9492, 0x9492, 0x9492, 0x9492, 0x8C71, 0x8C51, 0x9491,
    0x8C51, 0x8C71, 0x8C71, 0x8C71, 0x94B2, 0x73AE, 0x5AEB, 0x62EB, 0x5AEB, 0x5AEB, 0x5ACB, 0x5AEB, 0x630C, 0x5AEB, 0x5AEB, 0x5AEB,
    0x630C, 0x630C, 0x5AEB, 0x5AEB, 0x630C, 0x630C, 0x5AEB, 0x5ACB, 0x5ACB, 0x5ACB, 0x5AEB, 0x5AEB, 0x5AEB, 0x5ACB, 0x52AA, 0x52AA,
    0x52AA, 0x5ACB, 0x5ACB, 0x5ACB, 0x5ACB, 0x52AA, 0x5ACB, 0x5ACB, 0x52AA, 0x52AA, 0x528A, 0x52AA, 0x528A, 0x52AA, 0x52AA, 0x528A,
    0x4228, 0x2945, 0x0861, 0x0000, 0x0000, 0x0000, 0x0020, 0x0861, 0x10A2, 0x18C3, 0x18E3, 0x2104, 0x2124, 0x2104, 0x2104, 0x2104,
    0x2104, 0x2104, 0x2124, 0x2124, 0x2124, 0x2124, 0x2124, 0x2104, 0x2104, 0x2124, 0x2124, 0x2124, 0x2124, 0x2124, 0x2124, 0x2124,
    0x2124, 0x2944, 0x2124, 0x2945, 0x2944, 0x2945, 0x2945, 0x2945, 0x2124, 0x2124, 0x2124, 0x2124, 0x2124, 0x2124, 0x2124, 0x2124,
    0x2104, 0x10A2, 0x0841, 0x0000, 0x0000, 0x0000, 0x0861, 0x2965, 0x4A69, 0x632C, 0x630C, 0x630C, 0x630C, 0x5AEB, 0x630C, 0x630C,
    0x632C, 0x6B4D, 0x6B4D, 0x6B4D, 0x632C, 0x630C, 0x630C, 0x630C, 0x630C, 0x630C, 0x630C, 0x5AEB, 0x630C, 0x630C, 0x632C, 0x632C,
    0x630C, 0x632C, 0x632C, 0x632C, 0x630C, 0x630C, 0x632C, 0x6B4D, 0x6B4D, 0x6B4D, 0x6B4D, 0x6B6D, 0x6B4D, 0x6B6D, 0x6B4D, 0x7BAF,
    0x94B2, 0x94B2, 0x9CD3, 0x9492, 0x9492, 0x94B2, 0x94B2, 0x9CD3, 0x94B2, 0x9492, 0x9492, 0x9492, 0x8C71, 0x9492, 0x9492, 0x9491,
    0x9471, 0x9492, 0x9492, 0x9471, 0x8C71, 0x8C71, 0x8C71, 0x9492, 0x8C71, 0x8C71, 0x8C71, 0x9492, 0x9492, 0x8C71, 0x9492, 0x8C71,
    0x8C71, 0x8C71, 0x9492, 0x9492, 0x8C71, 0x8C71, 0x8C51, 0x8C51, 0x8C51, 0x8C51, 0x8C51, 0x8C51, 0x8C51, 0x8C71, 0x8C71, 0x8C51,
    0x8C71, 0x8C71, 0x8C71, 0x8C51, 0x8C51, 0x8C51, 0x8C71, 0x8C71, 0x8C71, 0x8C51, 0x8C51, 0x8C51, 0x8C71, 0x8C71, 0x8C51, 0x8C51,
    0x8C51, 0x8C51, 0x8C30, 0x8430, 0x8430, 0x8430, 0x8430, 0x8430, 0x8430, 0x8430, 0x8410, 0x8C71, 0xD69A, 0x2124, 0x18E3, 0xF79E,
    0xFFFF, 0xFFFF, 0xFFFF, 0xFFFF, 0xFFFF, 0xFFFF, 0xFFFF, 0xFFFF, 0xFFFF, 0xFFFF, 0xFFFF, 0xFFFF, 0xFFFF, 0xFFFF, 0xFFFF, 0xFFFF,
    0xFFFF, 0xFFFF, 0xFFFF, 0xFFFF, 0xFFFF, 0xFFFF, 0xFFFF, 0xFFFF, 0xFFFF, 0xFFFF, 0xFFFF, 0xFFFF, 0xFFFF, 0xFFFF, 0xFFFF, 0xFFFF,
    0xFFFF, 0xFFFF, 0xFFFF, 0xFFFF, 0xEF7D, 0x2945, 0x6B4D, 0x9492, 0x9471, 0x9492, 0x94B2, 0x94B2, 0x9CD3, 0x94B2, 0x9CD3, 0x94B2,
    0x9CF3, 0x9CD3, 0x94B2, 0x94B2, 0x94B3, 0x94B3, 0x9492, 0x94B2, 0x9CD3, 0x9CD3, 0x9CB3, 0x9CD3, 0x94B3, 0x94B2, 0x94B2, 0x94B2,
    0x94B2, 0x94B2, 0x94B2, 0x94B2, 0x94B2, 0x94B2, 0x9CB3, 0x9CF3, 0x94B2, 0x8C71, 0x9492, 0x9492, 0x9492, 0x8C71, 0x9492, 0x8C71,
    0x9492, 0x9492, 0x9492, 0x9492, 0x9471, 0x8C71, 0x8C71, 0x8C71, 0x8C71, 0x8C71, 0x9492, 0x8C71, 0x8C71, 0x9492, 0x8C71, 0x8C71,
    0x8C71, 0x8C71, 0x8C71, 0x94B2, 0x9472, 0x632C, 0x630C, 0x5AEB, 0x630C, 0x5ACB, 0x5AEB, 0x630C, 0x630C, 0x5ACB, 0x5AEB, 0x630C,
    0x630C, 0x5AEB, 0x5AEB, 0x5AEB, 0x62EB, 0x5AEB, 0x5AEB, 0x5AEB, 0x5AEB, 0x5ACB, 0x5ACB, 0x5ACB, 0x5AEB, 0x5ACB, 0x52AA, 0x52AA,
    0x52AA, 0x5AEB, 0x5AEB, 0x5ACA, 0x52AA, 0x5ACB, 0x52AA, 0x5ACB, 0x52AA, 0x52AA, 0x528A, 0x528A, 0x52AA, 0x52AA, 0x528A, 0x528A,
    0x52AA, 0x5ACB, 0x528A, 0x4228, 0x2965, 0x10A2, 0x0020, 0x0000, 0x0000, 0x0000, 0x0000, 0x0841, 0x1082, 0x10A2, 0x18C3, 0x18E3,
    0x2104, 0x2104, 0x2104, 0x2104, 0x2124, 0x2124, 0x2124, 0x2124, 0x2124, 0x2124, 0x2124, 0x2124, 0x2124, 0x2124, 0x2104, 0x2104,
    0x2124, 0x2124, 0x2945, 0x2945, 0x2945, 0x2945, 0x2945, 0x2945, 0x2124, 0x2104, 0x18E3, 0x18E3, 0x10A2, 0x0861, 0x0820, 0x0000,
    0x0000, 0x0000, 0x0020, 0x10C2, 0x3186, 0x4A49, 0x5ACB, 0x630C, 0x6B4D, 0x630C, 0x5AEB, 0x5AEB, 0x630C, 0x632C, 0x630C, 0x630C,
    0x630C, 0x632C, 0x632C, 0x6B2C, 0x630C, 0x630C, 0x630C, 0x630C, 0x632C, 0x632C, 0x630C, 0x630C, 0x630C, 0x630C, 0x632C, 0x632C,
    0x630C, 0x5AEB, 0x630C, 0x632C, 0x630C, 0x632C, 0x630C, 0x6B4D, 0x632C, 0x6B4D, 0x6B4D, 0x6B2D, 0x632C, 0x6B4D, 0x6B4D, 0x6B4D,
    0x8C71, 0x9CD3, 0x94B2, 0x8C71, 0x9492, 0x94B2, 0x94B2, 0x94B2, 0x9CD3, 0x9CD3, 0x94B2, 0x9492, 0x94B2, 0x94B2, 0x9492, 0x9492,
    0x9492, 0x8C71, 0x9492, 0x9492, 0x9471, 0x9492, 0x9492, 0x9492, 0x8C71, 0x8C51, 0x8C51, 0x8C71, 0x8C71, 0x8C51, 0x8C71, 0x8C71,
    0x8C71, 0x8C71, 0x8C91, 0x9492, 0x8C71, 0x8C71, 0x8C71, 0x8C71, 0x8C71, 0x8C51, 0x8C71, 0x8C71, 0x8C71, 0x8C51, 0x8C51, 0x8C71,
    0x9492, 0x8C71, 0x8C71, 0x8C71, 0x8C71, 0x8C71, 0x8C71, 0x9492, 0x9492, 0x8C71, 0x8C71, 0x8C71, 0x8C71, 0x8C71, 0x8C71, 0x8C51,
    0x8C51, 0x8C51, 0x8C51, 0x8C30, 0x8430, 0x8C31, 0x8430, 0x8430, 0x8430, 0x8410, 0x8430, 0x7BEF, 0xCE9A, 0x632C, 0x0000, 0xD69A,
    0xFFFF, 0xFFFF, 0xFFFF, 0xFFFF, 0xFFFF, 0xFFFF, 0xFFFF, 0xFFFF, 0xFFFF, 0xFFFF, 0xFFFF, 0xFFFF, 0xFFFF, 0xFFFF, 0xFFFF, 0xFFFF,
    0xFFFF, 0xFFFF, 0xFFFF, 0xFFFF, 0xFFFF, 0xFFFF, 0xFFFF, 0xFFFF, 0xFFFF, 0xFFFF, 0xFFFF, 0xFFFF, 0xFFFF, 0xFFFF, 0xFFFF, 0xFFFF,
    0xFFFF, 0xFFFF, 0xFFFF, 0xFFFF, 0xC638, 0x18C3, 0x8410, 0x8C71, 0x94B2, 0x9492, 0x9492, 0x9492, 0x94B2, 0x94B2, 0x94B2, 0x9492,
    0x9CD3, 0x9CD3, 0x94B2, 0x94B2, 0x94B2, 0x94B2, 0x9CD3, 0x9CD3, 0x94B2, 0x9CD3, 0x9CB3, 0x9CD3, 0x9CD3, 0x94B2, 0x9CD3, 0x9CD3,
    0x94B2, 0x9492, 0x94B2, 0x94B2, 0x94B2, 0x9492, 0x94B2, 0x9CD3, 0x94B2, 0x8C71, 0x8C71, 0x9492, 0x8C91, 0x8C71, 0x9471, 0x8C71,
    0x8C51, 0x9492, 0x9492, 0x9492, 0x9472, 0x8C51, 0x8C71, 0x8C71, 0x8C71, 0x8C71, 0x94B2, 0x9492, 0x9492, 0x8C71, 0x8C71, 0x8C91,
    0x8C71, 0x9492, 0x9492, 0x94B2, 0x73AE, 0x632C, 0x632C, 0x630C, 0x630C, 0x5AEB, 0x630C, 0x5AEB, 0x630B, 0x5AEB, 0x5AEB, 0x5AEB,
    0x5AEB, 0x52AA, 0x5ACB, 0x5AEB, 0x5AEB, 0x630C, 0x5AEB, 0x5AEB, 0x5AEB, 0x5AEB, 0x5ACB, 0x52AA, 0x5AEB, 0x5ACB, 0x5ACB, 0x52AA,
    0x52AA, 0x5ACB, 0x5ACB, 0x52AA, 0x52AA, 0x5ACB, 0x5AEB, 0x5ACB, 0x5ACB, 0x5AEB, 0x5ACB, 0x5ACB, 0x52AA, 0x52AA, 0x52AA, 0x52AA,
    0x52AA, 0x52AA, 0x52AA, 0x5ACB, 0x5ACB, 0x5ACB, 0x528A, 0x4208, 0x2124, 0x0881, 0x0020, 0x0000, 0x0000, 0x0000, 0x0000, 0x0000,
    0x0020, 0x0820, 0x0841, 0x0861, 0x1082, 0x10A2, 0x18C3, 0x18C3, 0x18E3, 0x18E3, 0x18E3, 0x2104, 0x2104, 0x2104, 0x2103, 0x20E3,
    0x20E3, 0x18E3, 0x18E3, 0x18E3, 0x18C3, 0x10A2, 0x1082, 0x0861, 0x0020, 0x0000, 0x0000, 0x0000, 0x0000, 0x0000, 0x0841, 0x18E3,
    0x2965, 0x4208, 0x52AA, 0x5AEB, 0x632C, 0x630C, 0x5AEB, 0x5AEB, 0x630C, 0x630B, 0x630C, 0x630C, 0x630C, 0x6B4D, 0x632C, 0x630B,
    0x62EB, 0x632C, 0x5AEB, 0x630C, 0x630C, 0x632C, 0x630C, 0x630C, 0x630C, 0x630C, 0x632C, 0x632C, 0x632C, 0x632C, 0x632C, 0x632C,
    0x632C, 0x5AEB, 0x62EC, 0x630C, 0x6B4D, 0x6B4D, 0x632C, 0x6B6D, 0x6B4D, 0x6B4D, 0x6B4D, 0x632C, 0x6B4D, 0x6B4D, 0x6B4D, 0x630C,
    0x73AE, 0x9CF3, 0x9CD3, 0x9492, 0x94B2, 0x94B2, 0x94B2, 0x94B2, 0x9CD3, 0x9CD3, 0x94B2, 0x94B2, 0x94B2, 0x94B2, 0x9492, 0x9492,
    0x9492, 0x8C71, 0x8C71, 0x8C71, 0x9492, 0x94B2, 0x9492, 0x9492, 0x9472, 0x8C71, 0x8C71, 0x8C71, 0x9492, 0x8C51, 0x8C71, 0x8C71,
    0x8C71, 0x8C71, 0x8C71, 0x8C71, 0x8C71, 0x8C71, 0x8C71, 0x8C51, 0x8C51, 0x8C71, 0x8C71, 0x8C71, 0x8C71, 0x8C51, 0x8C71, 0x8C71,
    0x8C71, 0x8C71, 0x9492, 0x8C51, 0x8C51, 0x8C51, 0x8C51, 0x8C51, 0x8C71, 0x8C71, 0x8C71, 0x9471, 0x8C51, 0x8C71, 0x8C71, 0x8C51,
    0x8C51, 0x8C51, 0x8C51, 0x8C51, 0x8C51, 0x8C51, 0x8430, 0x8430, 0x8C30, 0x8410, 0x8410, 0x7BCF, 0xB5B6, 0x9CF3, 0x0000, 0x8C51,
    0xFFFF, 0xFFDF, 0xFFFF, 0xFFFF, 0xFFFF, 0xFFFF, 0xFFFF, 0xFFFF, 0xFFFF, 0xFFFF, 0xFFFF, 0xFFFF, 0xFFFF, 0xFFFF, 0xFFFF, 0xFFFF,
    0xFFFF, 0xFFFF, 0xFFFF, 0xFFFF, 0xFFFF, 0xFFFF, 0xFFFF, 0xFFFF, 0xFFFF, 0xFFFF, 0xFFFF, 0xFFFF, 0xFFFF, 0xFFFF, 0xFFFF, 0xFFFF,
    0xFFFF, 0xFFFF, 0xFFDF, 0xFFFF, 0x94B2, 0x2945, 0x94B2, 0x9492, 0x94B2, 0x94B2, 0x9471, 0x9492, 0x8C71, 0x9492, 0x9492, 0x9CD2,
    0x94B2, 0x94B2, 0x9CD3, 0x94B2, 0x94B2, 0x94B2, 0x9CD3, 0x9CD3, 0x9492, 0x94B2, 0x94B2, 0x9CD3, 0x9CF3, 0x94B2, 0x94B2, 0x9CB3,
    0x94B2, 0x8C92, 0x9492, 0x9492, 0x94B2, 0x94B2, 0x94B2, 0x94B2, 0x9492, 0x9492, 0x9492, 0x9492, 0x9492, 0x9492, 0x9492, 0x9471,
    0x8C71, 0x9471, 0x9471, 0x8C71, 0x8C71, 0x8C51, 0x8C71, 0x8C71, 0x8C71, 0x9492, 0x8C71, 0x8C71, 0x8C71, 0x9492, 0x9492, 0x8C71,
    0x8C71, 0x8C71, 0x94B2, 0x8C51, 0x630C, 0x630C, 0x630C, 0x630C, 0x5AEB, 0x5AEB, 0x5AEB, 0x62EB, 0x630B, 0x630C, 0x630C, 0x5AEB,
    0x5ACB, 0x52AA, 0x5ACB, 0x5ACB, 0x5AEB, 0x5AEB, 0x5AEB, 0x5ACB, 0x5ACB, 0x5ACB, 0x52AA, 0x52AA, 0x5ACB, 0x5ACB, 0x5ACB, 0x5ACB,
    0x5ACB, 0x5ACB, 0x5ACB, 0x52AA, 0x52AA, 0x5ACB, 0x5AEB, 0x5ACB, 0x52AA, 0x52AA, 0x52AA, 0x52AA, 0x52AA, 0x52AA, 0x52AA, 0x52AA,
    0x5AAA, 0x5ACB, 0x5ACB, 0x52AA, 0x528A, 0x52AA, 0x5ACB, 0x630C, 0x632C, 0x52AA, 0x4A69, 0x4229, 0x39C7, 0x2945, 0x18C2, 0x0861,
    0x0000, 0x0000, 0x0000, 0x0000, 0x0000, 0x0000, 0x0000, 0x0000, 0x0000, 0x0000, 0x0000, 0x0000, 0x0000, 0x0000, 0x0000, 0x0000,
    0x0000, 0x0000, 0x0000, 0x0000, 0x0000, 0x0000, 0x0000, 0x0000, 0x0000, 0x0841, 0x10A2, 0x3186, 0x4228, 0x4A69, 0x52AA, 0x630C,
    0x6B4D, 0x632C, 0x630C, 0x630C, 0x5AEB, 0x630C, 0x630C, 0x630C, 0x630C, 0x5AEB, 0x630C, 0x630C, 0x632C, 0x632C, 0x6B4D, 0x632C,
    0x632C, 0x632C, 0x630C, 0x630C, 0x630C, 0x630C, 0x630C, 0x632C, 0x630C, 0x632C, 0x6B4D, 0x6B4D, 0x632C, 0x632C, 0x632C, 0x632C,
    0x632C, 0x632C, 0x632C, 0x632C, 0x632C, 0x630C, 0x6B6D, 0x736D, 0x6B4D, 0x6B4D, 0x6B4D, 0x6B6D, 0x6B6D, 0x6B4D, 0x6B6D, 0x6B4D,
    0x6B4D, 0x9492, 0x9CF3, 0x9CD3, 0x94B2, 0x94B2, 0x94B2, 0x94B2, 0x94B2, 0x94B2, 0x9492, 0x9492, 0x8C51, 0x8C71, 0x9492, 0x9492,
    0x94B2, 0x9492, 0x8C71, 0x9492, 0x9492, 0x9492, 0x9472, 0x8C71, 0x8C71, 0x8C71, 0x8C71, 0x8C71, 0x8C71, 0x8C71, 0x8C71, 0x8C51,
    0x8C51, 0x8430, 0x8C51, 0x8C51, 0x8C51, 0x8C71, 0x8C71, 0x8C51, 0x8C51, 0x8C71, 0x8C71, 0x8C51, 0x9492, 0x8C71, 0x8C51, 0x8C51,
    0x8C71, 0x9492, 0x8C71, 0x8C51, 0x8C51, 0x8C51, 0x8430, 0x8C50, 0x8430, 0x8C51, 0x8C51, 0x8C71, 0x8C51, 0x8C51, 0x8C71, 0x8C71,
    0x8C31, 0x8430, 0x8C51, 0x8430, 0x8430, 0x8430, 0x8430, 0x8C50, 0x8430, 0x8C31, 0x8410, 0x7BEF, 0x9492, 0xC618, 0x0841, 0x39E7,
    0xFFFF, 0xFFFF, 0xFFFF, 0xFFFF, 0xFFFF, 0xFFFF, 0xFFFF, 0xFFFF, 0xFFFF, 0xFFFF, 0xFFFF, 0xFFFF, 0xFFFF, 0xFFFF, 0xFFFF, 0xFFFF,
    0xFFFF, 0xFFFF, 0xFFFF, 0xFFFF, 0xFFFF, 0xFFFF, 0xFFFF, 0xFFFF, 0xFFFF, 0xFFFF, 0xFFFF, 0xFFFF, 0xFFFF, 0xFFFF, 0xFFFF, 0xFFFF,
    0xFFFF, 0xFFFF, 0xFFDF, 0xFFFF, 0x5AEB, 0x4208, 0x9CD3, 0x94B2, 0x9492, 0x9492, 0x9492, 0x8C71, 0x9492, 0x9CB2, 0x9CD3, 0x9CD3,
    0x94B2, 0x9492, 0x94B2, 0x9CD3, 0x9CD3, 0x9CD3, 0x9CD3, 0x94B2, 0x94B2, 0x94B2, 0x9CD3, 0x9CD3, 0x9CF3, 0x9CB3, 0x94B2, 0x94B2,
    0x9492, 0x8C71, 0x9472, 0x8C71, 0x9492, 0x9492, 0x9492, 0x9492, 0x9492, 0x94B2, 0x9492, 0x9492, 0x94B2, 0x9CF3, 0x94B2, 0x9492,
    0x9492, 0x9492, 0x9471, 0x8C51, 0x8C51, 0x8C51, 0x8C51, 0x8C51, 0x8C51, 0x8C71, 0x8C71, 0x8C51, 0x8C51, 0x8C71, 0x94B2, 0x9492,
    0x8C71, 0x8C71, 0x94B2, 0x738E, 0x5AEB, 0x630C, 0x630C, 0x630C, 0x5AEB, 0x5AEB, 0x5B0B, 0x5AEB, 0x5AEB, 0x5AEB, 0x632C, 0x630C,
    0x5AEB, 0x5ACB, 0x5ACB, 0x5AEB, 0x5ACB, 0x5AEB, 0x5AEB, 0x5AEB, 0x5ACB, 0x5ACB, 0x5ACB, 0x5ACB, 0x5ACB, 0x52AA, 0x52AA, 0x5ACB,
    0x5ACB, 0x52AA, 0x52AA, 0x528A, 0x52AA, 0x5AEB, 0x5ACB, 0x5ACB, 0x5AAB, 0x52AA, 0x52AA, 0x528A, 0x528A, 0x52AA, 0x5ACB, 0x5ACB,
    0x5AEB, 0x5AEB, 0x5AEB, 0x630C, 0x5ACB, 0x52AA, 0x52AA, 0x528A, 0x52AA, 0x52AA, 0x5AEB, 0x5AEB, 0x630C, 0x632C, 0x5AEB, 0x5ACB,
    0x4A69, 0x4A69, 0x4228, 0x39C7, 0x2945, 0x18E3, 0x10A2, 0x10A2, 0x10A2, 0x1082, 0x1082, 0x0861, 0x0861, 0x0861, 0x0861, 0x1082,
    0x10A2, 0x18C3, 0x18E3, 0x18E3, 0x2945, 0x39C7, 0x39E7, 0x4A49, 0x528A, 0x5ACB, 0x5AEB, 0x630C, 0x630C, 0x5AEB, 0x5AEB, 0x5ACB,
    0x5ACB, 0x630C, 0x630C, 0x630C, 0x6B2D, 0x630C, 0x630C, 0x630C, 0x5AEB, 0x5AEB, 0x5ACB, 0x5AEB, 0x5AEB, 0x6B2C, 0x6B4D, 0x630C,
    0x632C, 0x630C, 0x630C, 0x630C, 0x630C, 0x630C, 0x5AEB, 0x630C, 0x630C, 0x630C, 0x632C, 0x632C, 0x632C, 0x630C, 0x632C, 0x6B4D,
    0x630C, 0x630C, 0x632C, 0x632C, 0x632C, 0x632C, 0x6B6D, 0x6B2C, 0x6B2D, 0x6B4D, 0x6B6D, 0x6B4D, 0x6B6D, 0x632C, 0x6B6D, 0x738E,
    0x632C, 0x7BEF, 0x9CF3, 0x94B2, 0x9492, 0x94B2, 0x94B2, 0x9492, 0x94B2, 0x9492, 0x9492, 0x9492, 0x9492, 0x94B2, 0x94B2, 0x94B2,
    0x9CD3, 0x9CD3, 0x9492, 0x9492, 0x8C71, 0x9492, 0x9492, 0x8C71, 0x8C71, 0x8C71, 0x8C71, 0x8C71, 0x8C51, 0x8C51, 0x8C71, 0x8C51,
    0x8C71, 0x8C71, 0x8C51, 0x8C51, 0x8C51, 0x8C51, 0x8C51, 0x8C51, 0x8C51, 0x8C51, 0x8C51, 0x8C71, 0x9472, 0x8C71, 0x8C51, 0x8C51,
    0x8C51, 0x8C51, 0x8C51, 0x8C51, 0x8C71, 0x8C71, 0x8C51, 0x8C51, 0x8C51, 0x8C51, 0x8C71, 0x8C71, 0x8C71, 0x8C71, 0x8C71, 0x8C71,
    0x8C71, 0x8C51, 0x8C51, 0x8C51, 0x8C51, 0x8C30, 0x8430, 0x8430, 0x8430, 0x8C51, 0x8410, 0x8430, 0x7BEF, 0xCE79, 0x4208, 0x0861,
    0xE71C, 0xFFFF, 0xFFFF, 0xFFFF, 0xFFFF, 0xFFFF, 0xFFFF, 0xFFFF, 0xFFFF, 0xFFFF, 0xFFFF, 0xFFFF, 0xFFFF, 0xFFFF, 0xFFFF, 0xFFFF,
    0xFFFF, 0xFFFF, 0xFFFF, 0xFFFF, 0xFFFF, 0xFFFF, 0xFFFF, 0xFFFF, 0xFFFF, 0xFFFF, 0xFFFF, 0xFFFF, 0xFFFF, 0xFFFF, 0xFFFF, 0xFFFF,
    0xFFFF, 0xFFFF, 0xFFFF, 0xF7BE, 0x3186, 0x630C, 0x94B2, 0x9CD3, 0x94B2, 0x9492, 0x9492, 0x9492, 0x9492, 0x9492, 0x94B2, 0x9CB2,
    0x9CD3, 0x94B2, 0x94B2, 0x9CD3, 0x9CF3, 0x9CD3, 0x94B2, 0x94B2, 0x9492, 0x94B2, 0x94B3, 0x9492, 0x94B2, 0x94B2, 0x8C71, 0x9492,
    0x94B2, 0x9492, 0x9492, 0x9492, 0x8C71, 0x9492, 0x9492, 0x9492, 0x8C71, 0x9492, 0x9492, 0x8C71, 0x8C71, 0x94B2, 0x9492, 0x9492,
    0x9492, 0x9492, 0x9492, 0x8C71, 0x8C51, 0x8C51, 0x8C51, 0x8C51, 0x8C51, 0x8C71, 0x9492, 0x8C71, 0x8C71, 0x9492, 0x9492, 0x9492,
    0x9492, 0x94B2, 0x8C51, 0x630C, 0x630C, 0x630C, 0x630C, 0x630C, 0x630C, 0x630C, 0x630C, 0x630C, 0x5AEB, 0x5AEB, 0x630C, 0x5AEB,
    0x5AEB, 0x5ACB, 0x5ACB, 0x5ACB, 0x5ACB, 0x5AEB, 0x5AEB, 0x5ACB, 0x5ACB, 0x5ACB, 0x52AA, 0x5ACB, 0x528A, 0x52AA, 0x52AA, 0x5AAA,
    0x5ACB, 0x52AA, 0x52AA, 0x52AA, 0x5ACB, 0x5ACB, 0x5ACB, 0x52AA, 0x5ACB, 0x5AEB, 0x5ACB, 0x5ACB, 0x52AA, 0x52CA, 0x5ACB, 0x5ACB,
    0x5ACB, 0x5ACB, 0x5AEB, 0x5AEB, 0x5ACB, 0x5ACB, 0x5ACB, 0x5AEB, 0x5ACB, 0x52AA, 0x5ACB, 0x52AA, 0x52AA, 0x5ACB, 0x5AEB, 0x5AEB,
    0x5AEB, 0x5AEB, 0x630C, 0x5AEB, 0x5AEB, 0x630C, 0x5AEB, 0x5AEB, 0x630C, 0x630C, 0x630C, 0x630C, 0x630B, 0x5ACB, 0x5ACB, 0x5AEB,
    0x62EB, 0x630C, 0x632C, 0x62EB, 0x630C, 0x5AEB, 0x5ACB, 0x62EB, 0x5ACB, 0x52AA, 0x52AA, 0x52AA, 0x5ACB, 0x5ACB, 0x5ACB, 0x5ACB,
    0x5AEB, 0x5AEB, 0x630C, 0x632C, 0x632C, 0x630C, 0x630C, 0x5AEB, 0x630C, 0x5AEB, 0x5AEB, 0x5AEB, 0x5ACB, 0x5ACB, 0x5AEB, 0x5AEB,
    0x630C, 0x630C, 0x5AEB, 0x630C, 0x630C, 0x5AEB, 0x5AEB, 0x5AEB, 0x630C, 0x632C, 0x632C, 0x632C, 0x632C, 0x632C, 0x632D, 0x6B4D,
    0x6B4D, 0x632C, 0x6B4D, 0x6B4D, 0x738E, 0x6B4D, 0x6B4D, 0x6B4D, 0x6B4D, 0x6B6D, 0x6B6D, 0x738E, 0x738E, 0x6B4D, 0x6B6D, 0x6B6D,
    0x738E, 0x6B6D, 0x94B2, 0x9CF3, 0x9CD3, 0x9CF3, 0x94B2, 0x94B2, 0x9CD3, 0x9CB3, 0x9CD3, 0x94B2, 0x8C71, 0x94B2, 0x94B2, 0x94B2,
    0x9CB2, 0x9CB3, 0x9492, 0x9492, 0x9492, 0x9492, 0x9492, 0x8C71, 0x8C71, 0x8C71, 0x8C71, 0x8C71, 0x8C71, 0x8C71, 0x9492, 0x9492,
    0x9492, 0x8C71, 0x8C51, 0x8430, 0x8451, 0x8C51, 0x8C51, 0x8430, 0x8C51, 0x8C51, 0x8C51, 0x8C71, 0x8C51, 0x8C71, 0x8C71, 0x8C51,
    0x8C51, 0x8C51, 0x8450, 0x8430, 0x8C51, 0x8C71, 0x8C71, 0x8C71, 0x8C51, 0x9472, 0x8C51, 0x8C71, 0x8C71, 0x8C71, 0x8C71, 0x8C51,
    0x8C51, 0x8C51, 0x8C71, 0x9492, 0x8C51, 0x8C51, 0x8430, 0x8410, 0x8410, 0x8430, 0x8430, 0x8410, 0x7BEF, 0xBDF7, 0x7BEF, 0x0000,
    0xAD55, 0xFFFF, 0xFFDF, 0xFFFF, 0xFFFF, 0xFFFF, 0xFFFF, 0xFFFF, 0xFFFF, 0xFFFF, 0xFFFF, 0xFFFF, 0xFFFF, 0xFFFF, 0xFFFF, 0xFFFF,
    0xFFFF, 0xFFFF, 0xFFFF, 0xFFFF, 0xFFFF, 0xFFFF, 0xFFFF, 0xFFFF, 0xFFFF, 0xFFFF, 0xFFFF, 0xFFFF, 0xFFFF, 0xFFFF, 0xFFFF, 0xFFFF,
    0xFFFF, 0xFFFF, 0xFFFF, 0xD69A, 0x18E3, 0x7BEF, 0xA534, 0x9CD3, 0x9492, 0x9492, 0x9492, 0x9492, 0x9471, 0x9492, 0x9492, 0x9492,
    0x9492, 0x9492, 0x94B2, 0x9CD3, 0x94B2, 0x9CD3, 0x94B2, 0x94B2, 0x9492, 0x9492, 0x94B2, 0x94B2, 0x9492, 0x9492, 0x9492, 0x9492,
    0x9492, 0x9492, 0x8C71, 0x9492, 0x8C71, 0x8C71, 0x8C71, 0x9492, 0x9492, 0x9CD3, 0x94B2, 0x9492, 0x8C71, 0x8C51, 0x8C71, 0x9492,
    0x94B2, 0x9492, 0x9492, 0x8C71, 0x8C51, 0x8C71, 0x8C51, 0x8C51, 0x8C51, 0x8C71, 0x8C71, 0x8C71, 0x8C71, 0x8C71, 0x9492, 0x9471,
    0x9492, 0x9492, 0x738E, 0x630C, 0x630C, 0x632C, 0x6B4D, 0x6B4D, 0x632C, 0x630C, 0x632C, 0x6B4D, 0x5AEB, 0x630C, 0x632C, 0x630C,
    0x5AEB, 0x5AEB, 0x5AEB, 0x5ACB, 0x5ACB, 0x5AEB, 0x5ACB, 0x5ACB, 0x5ACB, 0x5ACB, 0x5ACB, 0x5ACB, 0x52AA, 0x52AA, 0x52AA, 0x5ACB,
    0x5ACB, 0x52AA, 0x5AEB, 0x5ACB, 0x5ACB, 0x5AAA, 0x5ACA, 0x5ACB, 0x52AA, 0x52AA, 0x52AA, 0x528A, 0x52AA, 0x528A, 0x528A, 0x5ACB,
    0x5ACB, 0x5ACB, 0x5ACB, 0x5ACB, 0x5ACB, 0x5ACB, 0x5ACB, 0x5ACB, 0x5AEB, 0x5AEB, 0x5AEB, 0x5ACB, 0x5ACB, 0x5ACB, 0x5ACB, 0x5AEB,
    0x5ACB, 0x5ACB, 0x52CB, 0x5ACB, 0x5ACB, 0x5AEB, 0x5AEB, 0x5AEB, 0x630C, 0x632C, 0x630C, 0x632C, 0x6B4D, 0x630C, 0x630C, 0x5ACB,
    0x5AEB, 0x5ACB, 0x5AEB, 0x630C, 0x5AEB, 0x5AEB, 0x5ACB, 0x5ACB, 0x5ACB, 0x5ACB, 0x5AEB, 0x5AEB, 0x5AEB, 0x5AEB, 0x5ACB, 0x5ACB,
    0x5AEB, 0x630C, 0x5AEB, 0x632C, 0x630C, 0x5AEB, 0x632C, 0x5AEB, 0x630C, 0x630C, 0x630C, 0x630C, 0x630C, 0x630C, 0x5AEB, 0x5ACB,
    0x630C, 0x630C, 0x630C, 0x632C, 0x630C, 0x630C, 0x630C, 0x630C, 0x6B2D, 0x6B4D, 0x632C, 0x6B4D, 0x6B4D, 0x632C, 0x632C, 0x630C,
    0x632C, 0x632C, 0x6B4D, 0x632C, 0x6B4D, 0x6B4D, 0x6B4D, 0x6B4D, 0x6B4D, 0x6B6D, 0x6B6D, 0x738E, 0x738E, 0x738E, 0x736D, 0x6B6D,
    0x738E, 0x6B6D, 0x7BEF, 0x9CF3, 0x9CF3, 0x9CF3, 0x9CD3, 0x94B2, 0x9CD3, 0x9CD3, 0x9CD3, 0x9CD3, 0x94B2, 0x94B2, 0x9CD2, 0x9CD3,
    0x9CD3, 0x9CD3, 0x94B2, 0x94B2, 0x9492, 0x9492, 0x9492, 0x9492, 0x9492, 0x8C71, 0x8C71, 0x8C71, 0x9471, 0x9492, 0x9492, 0x94B2,
    0x9492, 0x8C71, 0x8C71, 0x8C51, 0x8C51, 0x8430, 0x8C51, 0x8C51, 0x8C51, 0x8C51, 0x8C31, 0x8C51, 0x8C51, 0x8C51, 0x8C71, 0x8C51,
    0x8C51, 0x8C71, 0x8C51, 0x8C51, 0x8C51, 0x8C51, 0x8C51, 0x8C71, 0x8C51, 0x8C71, 0x8430, 0x8C51, 0x8C71, 0x8C71, 0x8C71, 0x8C71,
    0x8C51, 0x8C51, 0x8C71, 0x9492, 0x8C51, 0x8C51, 0x8430, 0x8430, 0x8430, 0x8430, 0x8430, 0x8430, 0x7BEF, 0xA514, 0xAD75, 0x0000,
    0x632C, 0xFFFF, 0xFFFF, 0xFFFF, 0xFFFF, 0xFFFF, 0xFFFF, 0xFFFF, 0xFFFF, 0xFFFF, 0xFFFF, 0xFFFF, 0xFFFF, 0xFFFF, 0xFFFF, 0xFFFF,
    0xFFFF, 0xFFFF, 0xFFFF, 0xFFFF, 0xFFFF, 0xFFFF, 0xFFFF, 0xFFFF, 0xFFFF, 0xFFFF, 0xFFFF, 0xFFFF, 0xFFFF, 0xFFFF, 0xFFFF, 0xFFFF,
    0xFFFF, 0xFFDF, 0xFFFF, 0xA514, 0x2124, 0x9492, 0xB596, 0x9492, 0x94B2, 0x94B2, 0x9492, 0x9492, 0x9492, 0x9492, 0x9492, 0x9492,
    0x9492, 0x94B2, 0x9CD3, 0x9CB3, 0x94B2, 0x9CD3, 0x94B2, 0x9492, 0x9492, 0x9492, 0x9492, 0x9492, 0x9492, 0x94B2, 0x9492, 0x9492,
    0x8C71, 0x8C91, 0x8C71, 0x8C51, 0x8C51, 0x9492, 0x9492, 0x94B2, 0x9492, 0x94B2, 0x9CD3, 0x94B2, 0x8C71, 0x9492, 0x9492, 0x8C71,
    0x9492, 0x94B2, 0x9492, 0x8C71, 0x8C71, 0x8C71, 0x8C71, 0x8C51, 0x8C71, 0x8C71, 0x8C71, 0x8C71, 0x9492, 0x9471, 0x8C71, 0x8C71,
    0x94B2, 0x8410, 0x630C, 0x632C, 0x630C, 0x632C, 0x6B4D, 0x6B4D, 0x632C, 0x632C, 0x630C, 0x630C, 0x5AEB, 0x62EB, 0x630C, 0x630C,
    0x5AEB, 0x5AEB, 0x5AEB, 0x5AEB, 0x5ACB, 0x5AEB, 0x5AEB, 0x5AEB, 0x5AEB, 0x5AEB, 0x5AEB, 0x5ACB, 0x52AA, 0x52AA, 0x5AAB, 0x5ACB,
    0x5ACB, 0x52AA, 0x5AEB, 0x5ACB, 0x5ACB, 0x5ACB, 0x52AA, 0x5ACB, 0x5ACB, 0x52AA, 0x52AA, 0x52AA, 0x52AA, 0x52AA, 0x528A, 0x5AEB,
    0x5AEB, 0x5AEB, 0x5AEB, 0x630C, 0x630C, 0x5AEB, 0x5ACB, 0x5AEB, 0x5AEC, 0x5ACB, 0x52AA, 0x5AEB, 0x5AEB, 0x5AEB, 0x630C, 0x5ACB,
    0x52AA, 0x5ACB, 0x5AEB, 0x630C, 0x5AEB, 0x5AEB, 0x5AEB, 0x5AEB, 0x630C, 0x630C, 0x630C, 0x62EC, 0x630C, 0x632C, 0x630C, 0x630C,
    0x630C, 0x5AEB, 0x630C, 0x632C, 0x630C, 0x630C, 0x5AEB, 0x5ACB, 0x5AEB, 0x630C, 0x630C, 0x5AEB, 0x630C, 0x630C, 0x630C, 0x630C,
    0x62EB, 0x5ACB, 0x5AEB, 0x632C, 0x630C, 0x630B, 0x630C, 0x630C, 0x630C, 0x630C, 0x630C, 0x630C, 0x630C, 0x632C, 0x630C, 0x5AEB,
    0x5ACB, 0x630C, 0x632C, 0x630C, 0x630C, 0x630C, 0x632C, 0x632C, 0x6B4D, 0x6B6D, 0x6B4D, 0x6B4D, 0x6B6D, 0x6B4D, 0x632C, 0x630C,
    0x632C, 0x632C, 0x632C, 0x630C, 0x632D, 0x6B4D, 0x632C, 0x6B4D, 0x6B4D, 0x6B6D, 0x6B6D, 0x6B6D, 0x738E, 0x6B6D, 0x6B6D, 0x736E,
    0x738E, 0x738E, 0x738E, 0x94B2, 0xA514, 0x9CF3, 0x9CD3, 0x9CF3, 0x9CD3, 0x9CF3, 0x9CF3, 0x9CF3, 0xA534, 0x9CD3, 0x9CD3, 0x9CF3,
    0x9CD3, 0x9CF3, 0x9CD3, 0x9CD3, 0x94B2, 0x94B2, 0x9492, 0x8C71, 0x9492, 0x8C71, 0x8C71, 0x8C71, 0x8C71, 0x8C71, 0x8C71, 0x8C71,
    0x8C71, 0x8C71, 0x8C71, 0x8C71, 0x8C71, 0x8C51, 0x8C71, 0x8C51, 0x8C51, 0x8C71, 0x8C51, 0x8C51, 0x8C51, 0x8C51, 0x8C51, 0x8C71,
    0x8C71, 0x8C51, 0x8C51, 0x8C51, 0x8430, 0x8C51, 0x8C51, 0x8C51, 0x8C51, 0x8C71, 0x8C51, 0x8C51, 0x8C51, 0x8C51, 0x8C71, 0x8C71,
    0x8C71, 0x8C51, 0x8C71, 0x8C51, 0x8C51, 0x8430, 0x8C51, 0x8C31, 0x8C51, 0x8C51, 0x8C51, 0x8C51, 0x8430, 0x8C51, 0xC638, 0x20E3,
    0x18E3, 0xF79E, 0xFFFF, 0xFFFF, 0xFFFF, 0xFFFF, 0xFFFF, 0xFFFF, 0xFFFF, 0xFFFF, 0xFFFF, 0xFFFF, 0xFFFF, 0xFFFF, 0xFFFF, 0xFFFF,
    0xFFFF, 0xFFFF, 0xFFFF, 0xFFFF, 0xFFFF, 0xFFFF, 0xFFFF, 0xFFFF, 0xFFFF, 0xFFFF, 0xFFFF, 0xFFFF, 0xFFFF, 0xFFFF, 0xFFFF, 0xFFFF,
    0xFFFF, 0xFFDF, 0xFFFF, 0x6B6D, 0x39C7, 0x9CF3, 0xAD55, 0x8C71, 0x94B2, 0x94B2, 0x94B3, 0x94B3, 0x9CB2, 0x94B2, 0x94B2, 0x9492,
    0x9492, 0x94B2, 0x94B2, 0x94B2, 0x9CD3, 0x9CD3, 0x9CD3, 0x94B2, 0x94B2, 0x9492, 0x9492, 0x94B2, 0x94B2, 0x94B2, 0x9492, 0x8C71,
    0x8C71, 0x9492, 0x9472, 0x8C71, 0x8C71, 0x9492, 0x94B2, 0x9492, 0x9492, 0x94B2, 0x94B2, 0x9492, 0x9492, 0x94B2, 0x9492, 0x9472,
    0x9492, 0x9492, 0x9492, 0x9492, 0x9472, 0x9492, 0x8C71, 0x8C51, 0x8C51, 0x8C51, 0x9492, 0x9492, 0x9492, 0x94B2, 0x9492, 0x9492,
    0x9492, 0x738E, 0x632C, 0x6B4D, 0x632C, 0x632C, 0x630C, 0x632C, 0x630C, 0x630C, 0x630C, 0x630C, 0x630C, 0x630C, 0x630C, 0x5AEB,
    0x5AEB, 0x630C, 0x630C, 0x5AEB, 0x5AEB, 0x5AEB, 0x630C, 0x5AEB, 0x5AEB, 0x5AEB, 0x5ACB, 0x5ACB, 0x5ACB, 0x52AA, 0x52AA, 0x5ACB,
    0x5ACB, 0x52AA, 0x5AEB, 0x5AEB, 0x528A, 0x52AA, 0x52AA, 0x5ACB, 0x5ACB, 0x5ACB, 0x52AA, 0x5ACB, 0x5ACB, 0x52AA, 0x5AEB, 0x5ACB,
    0x5AEB, 0x5AEB, 0x5ACB, 0x52AA, 0x52AA, 0x5ACB, 0x5ACB, 0x5AEB, 0x5ACB, 0x5ACB, 0x5ACB, 0x630C, 0x5AEB, 0x630C, 0x5AEB, 0x62EB,
    0x5ACB, 0x5ACB, 0x5AEB, 0x630C, 0x630C, 0x630C, 0x630C, 0x630C, 0x630C, 0x5B0B, 0x5B0B, 0x5AEB, 0x5AEB, 0x5AEB, 0x630C, 0x632C,
    0x632C, 0x630C, 0x630C, 0x632C, 0x632C, 0x630C, 0x5AEB, 0x5AEB, 0x5AEB, 0x5AEB, 0x630B, 0x630B, 0x5AEB, 0x5AEB, 0x5AEB, 0x630C,
    0x5AEB, 0x5AEB, 0x632C, 0x632C, 0x630C, 0x630C, 0x630C, 0x5AEB, 0x5AEB, 0x5AEB, 0x630B, 0x630C, 0x630C, 0x630C, 0x630C, 0x630C,
    0x5AEB, 0x632C, 0x632C, 0x632C, 0x632C, 0x632C, 0x630C, 0x632C, 0x632C, 0x632C, 0x632C, 0x632C, 0x6B4D, 0x6B4D, 0x6B4D, 0x632C,
    0x6B4D, 0x632C, 0x630C, 0x6B4D, 0x632C, 0x6B4D, 0x632C, 0x6B6D, 0x738E, 0x6B6D, 0x6B6D, 0x6B6D, 0x6B6D, 0x73AE, 0x738E, 0x6B6E,
    0x738E, 0x738E, 0x738E, 0x8410, 0xA514, 0x9CF3, 0x9CD3, 0x9CF3, 0x9CF3, 0x9CD3, 0x9CF3, 0x9CF3, 0x9CF3, 0x9CD3, 0x9CB3, 0x9CF3,
    0x9CF3, 0x9CD3, 0x9CD3, 0x9CD3, 0x9CB2, 0x9CD3, 0x94B2, 0x8C71, 0x8C71, 0x8C71, 0x8C71, 0x8C51, 0x8C71, 0x8C71, 0x9492, 0x8C71,
    0x8C71, 0x8C71, 0x8C71, 0x8C71, 0x8C71, 0x9471, 0x9492, 0x9492, 0x9492, 0x8C71, 0x8C71, 0x8C71, 0x8C71, 0x8C51, 0x8C71, 0x8C51,
    0x8C51, 0x8C51, 0x8430, 0x8C51, 0x8C51, 0x8C71, 0x8C71, 0x8C71, 0x8C51, 0x8C51, 0x8C51, 0x8C51, 0x8C71, 0x8C71, 0x8C51, 0x8C71,
    0x8C71, 0x8C51, 0x8C71, 0x8C51, 0x8C51, 0x8C51, 0x8C51, 0x8C51, 0x8C51, 0x8C51, 0x8430, 0x8430, 0x8C51, 0x7BEF, 0xBDF7, 0x630C,
    0x0000, 0xC659, 0xFFFF, 0xFFFF, 0xFFFF, 0xFFFF, 0xFFFF, 0xFFFF, 0xFFFF, 0xFFFF, 0xFFFF, 0xFFFF, 0xFFFF, 0xFFFF, 0xFFFF, 0xFFFF,
    0xFFFF, 0xFFFF, 0xFFFF, 0xFFFF, 0xFFFF, 0xFFFF, 0xFFFF, 0xFFFF, 0xFFFF, 0xFFFF, 0xFFFF, 0xFFFF, 0xFFFF, 0xFFFF, 0xFFFF, 0xFFFF,
    0xFFFF, 0xFFFF, 0xFFFF, 0x4228, 0x528A, 0xAD55, 0xAD55, 0x8C71, 0x94B2, 0x9CD3, 0x94B2, 0x94B2, 0x94B2, 0x94B2, 0x9492, 0x9492,
    0x9492, 0x9492, 0x94B2, 0x94B2, 0x94B2, 0x9492, 0x9CD3, 0x9CD3, 0x94B3, 0x9CD3, 0x9CD3, 0x94B2, 0x9492, 0x94B2, 0x9492, 0x8C71,
    0x8C71, 0x8C71, 0x9492, 0x94B2, 0x94B2, 0x9492, 0x9492, 0x9492, 0x9492, 0x94B2, 0x9CD3, 0x8C72, 0x8C71, 0x9492, 0x94B2, 0x9CB3,
    0x94B2, 0x94B2, 0x9492, 0x9492, 0x8C71, 0x8C71, 0x8C71, 0x8C51, 0x8C51, 0x8C71, 0x94B2, 0x94B2, 0x94B2, 0x9492, 0x9492, 0x94B2,
    0x8430, 0x632C, 0x6B4D, 0x6B4D, 0x630C, 0x630C, 0x630C, 0x630C, 0x632C, 0x630C, 0x630C, 0x630C, 0x630C, 0x632C, 0x5AEB, 0x5AEB,
    0x630C, 0x5AEB, 0x5AEB, 0x5AEB, 0x5AEB, 0x5AEB, 0x5AEB, 0x5AEB, 0x5AEB, 0x5AEB, 0x52AA, 0x5AEB, 0x5ACB, 0x52AA, 0x5ACB, 0x5ACB,
    0x5ACB, 0x52AA, 0x52AA, 0x52AA, 0x52AA, 0x528A, 0x52AA, 0x5ACB, 0x52AA, 0x5ACB, 0x52AA, 0x5ACB, 0x52AB, 0x528A, 0x52AA, 0x52AA,
    0x5ACB, 0x5ACB, 0x5ACB, 0x5ACB, 0x5ACB, 0x5AEB, 0x630C, 0x5AEB, 0x5AEB, 0x5AEB, 0x630C, 0x632C, 0x630C, 0x5AEB, 0x630B, 0x632C,
    0x630C, 0x630C, 0x630C, 0x630C, 0x5B0B, 0x5AEB, 0x630C, 0x630C, 0x5AEB, 0x630C, 0x630C, 0x630C, 0x630C, 0x632C, 0x632C, 0x62EB,
    0x62EB, 0x630C, 0x5AEB, 0x630C, 0x630C, 0x632C, 0x630C, 0x5AEB, 0x630C, 0x5ACB, 0x5AEB, 0x632C, 0x5AEB, 0x5AEB, 0x5AEB, 0x5ACB,
    0x5AEB, 0x630C, 0x630C, 0x632C, 0x632C, 0x630C, 0x630C, 0x630C, 0x630C, 0x5AEB, 0x630C, 0x630C, 0x630C, 0x630C, 0x630C, 0x5AEB,
    0x5AEB, 0x630C, 0x5AEB, 0x630C, 0x632C, 0x632C, 0x630C, 0x632C, 0x6B4D, 0x632C, 0x632C, 0x632C, 0x632C, 0x6B4D, 0x6B4D, 0x6B4D,
    0x6B4D, 0x630C, 0x632C, 0x630C, 0x632C, 0x6B4D, 0x6B4D, 0x6B6D, 0x6B4D, 0x6B4D, 0x632C, 0x6B4D, 0x736E, 0x73AE, 0x738E, 0x738E,
    0x6B8D, 0x738E, 0x73AE, 0x738E, 0x94B2, 0xA514, 0x9CD3, 0x9CD3, 0x9CD3, 0x9CD3, 0x94B2, 0x9CD3, 0x94B2, 0x94B2, 0x9CF3, 0x9CD3,
    0x9CD3, 0x9CF3, 0x9CD3, 0x9CD3, 0x9CD3, 0x9CD3, 0x94B2, 0x9492, 0x9492, 0x9492, 0x8C71, 0x8C71, 0x8C71, 0x8C71, 0x8C71, 0x8C51,
    0x8C51, 0x8C71, 0x8C71, 0x8C71, 0x8C71, 0x8C71, 0x9492, 0x9492, 0x9492, 0x8C71, 0x8C71, 0x9492, 0x9492, 0x8C71, 0x9492, 0x8C71,
    0x8C51, 0x8C51, 0x8C51, 0x8430, 0x8C31, 0x8C51, 0x8C71, 0x9492, 0x8C71, 0x8C51, 0x8C51, 0x8C51, 0x8C71, 0x9492, 0x9492, 0x8C51,
    0x8C71, 0x8C51, 0x8C51, 0x8C51, 0x8C30, 0x8C51, 0x8C51, 0x8C51, 0x8C51, 0x8C51, 0x8C51, 0x8C51, 0x8C30, 0x7BEF, 0xA534, 0x94B2,
    0x0000, 0x8430, 0xFFFF, 0xFFDF, 0xFFFF, 0xFFFF, 0xFFFF, 0xFFFF, 0xFFFF, 0xFFFF, 0xFFFF, 0xFFFF, 0xFFFF, 0xFFFF, 0xFFFF, 0xFFFF,
    0xFFFF, 0xFFFF, 0xFFFF, 0xFFFF, 0xFFFF, 0xFFFF, 0xFFFF, 0xFFFF, 0xFFFF, 0xFFFF, 0xFFFF, 0xFFFF, 0xFFFF, 0xFFFF, 0xFFFF, 0xFFFF,
    0xFFFF, 0xFFFF, 0xEF5D, 0x2965, 0x738E, 0xBDF7, 0xA534, 0x9491, 0x9492, 0x94B2, 0x9492, 0x9492, 0x9492, 0x94B2, 0x94B2, 0x94B2,
    0x9492, 0x94B2, 0x9CD3, 0x9CB3, 0x94B2, 0x9492, 0x94B2, 0x94B3, 0x9CD3, 0x9CD3, 0x9CD3, 0x94B2, 0x9492, 0x9492, 0x8C71, 0x8C71,
    0x8C71, 0x8C71, 0x9492, 0x9471, 0x9492, 0x9492, 0x9492, 0x9492, 0x9492, 0x9CB2, 0x94B2, 0x94B2, 0x9492, 0x8C71, 0x8C71, 0x8C71,
    0x8C71, 0x8C71, 0x9472, 0x9492, 0x8C71, 0x8C71, 0x8C51, 0x8C71, 0x8C71, 0x8C71, 0x94B2, 0x9CB3, 0x94B3, 0x94B2, 0x94B2, 0x9CD3,
    0x73AE, 0x632C, 0x6B4D, 0x632C, 0x630C, 0x630C, 0x630C, 0x632C, 0x632C, 0x630C, 0x5AEB, 0x630C, 0x630C, 0x632C, 0x5AEB, 0x52AA,
    0x5AEB, 0x5AEB, 0x630C, 0x5AEB, 0x5AEB, 0x5AEB, 0x5AEB, 0x5AEB, 0x5AEB, 0x5AEB, 0x5AEB, 0x5ACB, 0x5ACB, 0x5ACB, 0x5ACB, 0x5ACB,
    0x52AA, 0x528A, 0x528A, 0x52AA, 0x52AA, 0x52AA, 0x52AA, 0x5ACB, 0x5ACB, 0x5ACB, 0x5ACB, 0x5ACB, 0x5AEB, 0x5ACB, 0x5ACB, 0x5ACB,
    0x5AEB, 0x5AEB, 0x5AEB, 0x5AEB, 0x5ACB, 0x5AEB, 0x632C, 0x632C, 0x632C, 0x632D, 0x6B4D, 0x630C, 0x630C, 0x630C, 0x630C, 0x630C,
    0x632C, 0x630C, 0x632C, 0x630C, 0x5AEB, 0x5AEB, 0x630C, 0x630C, 0x630C, 0x630B, 0x630C, 0x630C, 0x630C, 0x632C, 0x632C, 0x630C,
    0x5AEB, 0x632C, 0x632C, 0x6B2C, 0x6B4D, 0x630B, 0x630C, 0x630C, 0x630C, 0x630C, 0x630C, 0x5AEB, 0x5AEB, 0x630C, 0x5AEB, 0x5AEB,
    0x630C, 0x630C, 0x632C, 0x630C, 0x630C, 0x632C, 0x6B4D, 0x632C, 0x632C, 0x630C, 0x630C, 0x630C, 0x630C, 0x630C, 0x5AEB, 0x5AEB,
    0x630C, 0x630C, 0x630C, 0x5AEB, 0x630C, 0x632C, 0x6B4D, 0x6B2C, 0x632C, 0x630C, 0x630C, 0x6B4D, 0x632C, 0x632C, 0x632C, 0x630C,
    0x6B4D, 0x6B4D, 0x6B4D, 0x630C, 0x632C, 0x6B4D, 0x6B2D, 0x6B4D, 0x6B4D, 0x6B2C, 0x6B4D, 0x6B6D, 0x6B4D, 0x6B6E, 0x738E, 0x738E,
    0x738E, 0x738E, 0x738E, 0x6B6D, 0x8430, 0xA534, 0x9CD3, 0x9CD3, 0x9CD3, 0x94B2, 0x94B2, 0x9CD3, 0x9CD3, 0x9CD3, 0x9CD3, 0x9CD3,
    0x9CD3, 0x9CD3, 0x94B2, 0x9CD2, 0x94B2, 0x94B2, 0x94B2, 0x94B2, 0x9492, 0x9492, 0x8C71, 0x8C51, 0x9492, 0x9492, 0x9492, 0x9492,
    0x8C71, 0x9492, 0x8C71, 0x8C51, 0x8C51, 0x8C51, 0x8C71, 0x9492, 0x9471, 0x9492, 0x9492, 0x94B2, 0x94B2, 0x9492, 0x9492, 0x9492,
    0x8C71, 0x8C51, 0x8C71, 0x8C71, 0x8C51, 0x8C51, 0x8C71, 0x8C71, 0x8C51, 0x8C51, 0x8C51, 0x8C71, 0x8C51, 0x8C51, 0x8C51, 0x8C51,
    0x8C51, 0x8C51, 0x8C51, 0x8C51, 0x8C51, 0x8C51, 0x8C51, 0x8C51, 0x8C30, 0x8430, 0x8C51, 0x8C30, 0x8430, 0x8430, 0x8C71, 0xBDB6,
    0x1082, 0x39C7, 0xFFFF, 0xFFFF, 0xFFFF, 0xFFFF, 0xFFFF, 0xFFFF, 0xFFFF, 0xFFFF, 0xFFFF, 0xFFFF, 0xFFFF, 0xFFFF, 0xFFFF, 0xFFFF,
    0xFFFF, 0xFFFF, 0xFFFF, 0xFFFF, 0xFFFF, 0xFFFF, 0xFFFF, 0xFFFF, 0xFFFF, 0xFFFF, 0xFFFF, 0xFFFF, 0xFFFF, 0xFFFF, 0xFFFF, 0xFFFF,
    0xFFFF, 0xFFFF, 0xB596, 0x2104, 0x8C71, 0xC618, 0x9CD3, 0x94B2, 0x94B2, 0x94B2, 0x9CD3, 0x9492, 0x9492, 0x94B2, 0x94B2, 0x94B2,
    0x94B2, 0x94B2, 0x94B2, 0x9CB3, 0x94B2, 0x94B2, 0x94B2, 0x94B3, 0x94B2, 0x94B2, 0x94B2, 0x94B2, 0x9492, 0x8C71, 0x8C71, 0x8C51,
    0x8C71, 0x9492, 0x9492, 0x8C71, 0x8C71, 0x8C71, 0x9492, 0x8C71, 0x9492, 0x94B2, 0x94B2, 0x94B2, 0x94B2, 0x9492, 0x9492, 0x9492,
    0x8C51, 0x8C51, 0x8C51, 0x8C71, 0x8C71, 0x8C71, 0x8C71, 0x94B2, 0x9492, 0x9492, 0x9492, 0x8C71, 0x94B2, 0x94B2, 0x9CF3, 0x8C31,
    0x630C, 0x632C, 0x632C, 0x632C, 0x632C, 0x630C, 0x630C, 0x630C, 0x632C, 0x630C, 0x5ACB, 0x5AEB, 0x632C, 0x630C, 0x5AEB, 0x5ACB,
    0x5ACB, 0x5AEB, 0x5AEB, 0x5ACB, 0x62EC, 0x5AEB, 0x5ACB, 0x5ACB, 0x52AA, 0x5ACB, 0x5AEB, 0x5AEB, 0x5ACB, 0x5AEB, 0x5ACB, 0x5AAB,
    0x52AA, 0x5ACB, 0x5ACB, 0x52AA, 0x5AAA, 0x5ACB, 0x5ACB, 0x5ACB, 0x5ACB, 0x5ACB, 0x5AEB, 0x5AEB, 0x5AEB, 0x5AEB, 0x5AEB, 0x5ACB,
    0x5ACB, 0x5ACB, 0x630C, 0x630C, 0x5AEB, 0x5ACB, 0x5AEB, 0x630C, 0x630C, 0x630C, 0x5AEB, 0x5AEB, 0x62EC, 0x5AEB, 0x5AEB, 0x632C,
    0x632C, 0x632C, 0x632C, 0x630C, 0x5AEB, 0x630B, 0x5ACB, 0x5AEB, 0x5AEB, 0x630C, 0x5AEB, 0x5AEB, 0x5AEB, 0x5AEB, 0x630C, 0x630C,
    0x5AEB, 0x5AEB, 0x62EB, 0x6B6D, 0x6B4D, 0x630C, 0x630C, 0x6B4D, 0x6B4D, 0x632D, 0x632C, 0x630B, 0x5AEB, 0x5AEB, 0x630C, 0x630C,
    0x632C, 0x630C, 0x632C, 0x630C, 0x630C, 0x630C, 0x632C, 0x632C, 0x630C, 0x5AEB, 0x5AEB, 0x630C, 0x630C, 0x630C, 0x5AEB, 0x630C,
    0x630C, 0x630C, 0x632C, 0x630C, 0x632C, 0x632C, 0x6B4D, 0x632C, 0x632C, 0x632C, 0x6B2C, 0x632C, 0x630C, 0x632C, 0x632C, 0x630C,
    0x630C, 0x632C, 0x6B2D, 0x6B4D, 0x6B6D, 0x6B4D, 0x6B2C, 0x632C, 0x6B6D, 0x6B6D, 0x6B4D, 0x6B6D, 0x6B4D, 0x6B4D, 0x738E, 0x738E,
    0x738E, 0x738E, 0x738E, 0x73AE, 0x73AE, 0x9CD3, 0xA514, 0x9CB3, 0x9CD3, 0x94B2, 0x9CB2, 0x9CD3, 0x9CD3, 0x9CF3, 0x9CF3, 0x9CF3,
    0x9CF3, 0x9CD3, 0x94B2, 0x9492, 0x94B2, 0x9CD3, 0x94B2, 0x9492, 0x9492, 0x9492, 0x8C71, 0x94B2, 0x94B2, 0x94B2, 0x94B2, 0x94B2,
    0x9492, 0x9492, 0x8C72, 0x8C71, 0x8C71, 0x8C51, 0x8C71, 0x9471, 0x8C71, 0x8C71, 0x8C71, 0x8C71, 0x9492, 0x9492, 0x8C71, 0x8C71,
    0x8C71, 0x8C71, 0x8C51, 0x8C51, 0x8C71, 0x8C51, 0x8C71, 0x8C51, 0x8C31, 0x8C51, 0x8C51, 0x8C71, 0x8C71, 0x8C71, 0x8C51, 0x8C71,
    0x8C71, 0x8C51, 0x8C51, 0x8C51, 0x8C51, 0x8C71, 0x8C71, 0x8C51, 0x8C51, 0x8430, 0x8430, 0x8430, 0x8430, 0x8430, 0x7BEF, 0xBDD7,
    0x3A08, 0x0841, 0xDEFB, 0xFFFF, 0xFFFF, 0xFFFF, 0xFFFF, 0xFFFF, 0xFFFF, 0xFFFF, 0xFFFF, 0xFFFF, 0xFFFF, 0xFFFF, 0xFFFF, 0xFFFF,
    0xFFFF, 0xFFFF, 0xFFFF, 0xFFFF, 0xFFFF, 0xFFFF, 0xFFFF, 0xFFFF, 0xFFFF, 0xFFFF, 0xFFFF, 0xFFFF, 0xFFFF, 0xFFFF, 0xFFFF, 0xFFFF,
    0xFFDF, 0xFFFF, 0x7BEF, 0x3186, 0x9CF3, 0xBDD7, 0x9492, 0x9CD3, 0x94B2, 0x9CD3, 0x9CD3, 0x94B2, 0x9492, 0x9492, 0x9492, 0x94B2,
    0x94B2, 0x9492, 0x9492, 0x9492, 0x9492, 0x94B2, 0x94B2, 0x94B2, 0x94B2, 0x94B2, 0x94B2, 0x9492, 0x8C71, 0x8C71, 0x8C71, 0x8C71,
    0x8C71, 0x9492, 0x9492, 0x9492, 0x9492, 0x9492, 0x8C71, 0x9492, 0x94B2, 0x94B2, 0x94B2, 0x9492, 0x94B2, 0x94B2, 0x94B2, 0x9492,
    0x9492, 0x9492, 0x8C51, 0x8C51, 0x8C71, 0x9492, 0x9492, 0x9492, 0x9492, 0x9492, 0x94B2, 0x94B2, 0x9492, 0x94B2, 0x94B2, 0x6B6D,
    0x632C, 0x6B4D, 0x632C, 0x6B4D, 0x6B4D, 0x6B4D, 0x632C, 0x6B4D, 0x632C, 0x5B0B, 0x5ACB, 0x5AEC, 0x5AEB, 0x630C, 0x5AEB, 0x5AEB,
    0x630C, 0x5AEB, 0x5AEB, 0x5AEB, 0x5AEB, 0x630C, 0x630C, 0x5ACB, 0x5ACB, 0x5ACB, 0x5ACB, 0x5ACB, 0x5AEB, 0x5AEB, 0x5ACB, 0x5ACA,
    0x52AA, 0x52AA, 0x5ACB, 0x5ACB, 0x5ACB, 0x5ACB, 0x52AA, 0x5ACB, 0x52AA, 0x52AA, 0x52AA, 0x5AEB, 0x5ACB, 0x5ACB, 0x5AEB, 0x5AEB,
    0x52AB, 0x5ACB, 0x5AEB, 0x5AEB, 0x5AEB, 0x630C, 0x5ACB, 0x5AEB, 0x5AEB, 0x5ACB, 0x5AEB, 0x5AEB, 0x630C, 0x630C, 0x630C, 0x630C,
    0x630C, 0x630C, 0x5AEB, 0x630C, 0x632C, 0x5AEB, 0x630C, 0x630C, 0x5ACB, 0x630C, 0x630C, 0x5AEB, 0x5AEB, 0x630C, 0x632C, 0x632C,
    0x632C, 0x5AEB, 0x630C, 0x6B4D, 0x6B4D, 0x632C, 0x630C, 0x6B4D, 0x632C, 0x632C, 0x632C, 0x632C, 0x630C, 0x5AEB, 0x5ACB, 0x5AEB,
    0x5AEB, 0x630C, 0x630C, 0x630C, 0x632C, 0x632C, 0x632C, 0x630C, 0x630C, 0x630C, 0x630C, 0x630C, 0x5AEB, 0x5AEB, 0x630C, 0x630C,
    0x630C, 0x630C, 0x630B, 0x5AEB, 0x630C, 0x630C, 0x632C, 0x632C, 0x632C, 0x632C, 0x632C, 0x630C, 0x5ACB, 0x62EB, 0x630C, 0x632C,
    0x6B4D, 0x6B4D, 0x6B4D, 0x6B4D, 0x632C, 0x632C, 0x632C, 0x6B4D, 0x6B6D, 0x6B6D, 0x6B6D, 0x6B6D, 0x6B6D, 0x6B4D, 0x6B6D, 0x738E,
    0x6B6D, 0x736E, 0x6B6D, 0x73AE, 0x73AE, 0x8410, 0xA4F3, 0x9CB2, 0x9CF3, 0x9CF3, 0x9CD3, 0x94B2, 0x94B2, 0x94B2, 0x94B2, 0x9CD3,
    0x9CD3, 0x9CD3, 0x94B2, 0x94B2, 0x9CD3, 0x9CD3, 0x9CB2, 0x94B2, 0x94B2, 0x9492, 0x8C71, 0x9492, 0x94B2, 0x9492, 0x9492, 0x94B2,
    0x9492, 0x9492, 0x8C71, 0x8C71, 0x9471, 0x8C71, 0x8C71, 0x9492, 0x8C71, 0x8C71, 0x8C71, 0x8C71, 0x8C51, 0x8C51, 0x8C51, 0x8C71,
    0x8C71, 0x8C71, 0x8C71, 0x8C51, 0x8C51, 0x8C71, 0x8C51, 0x8C51, 0x8430, 0x8C51, 0x8C51, 0x8C51, 0x9492, 0x9492, 0x8C51, 0x8C71,
    0x9492, 0x8C71, 0x8C71, 0x8C71, 0x8C71, 0x8C71, 0x8C71, 0x8C51, 0x8430, 0x8430, 0x8430, 0x8430, 0x8430, 0x8430, 0x7BEF, 0xAD34,
    0x6B6D, 0x0000, 0xA514, 0xFFFF, 0xFFDF, 0xFFFF, 0xFFFF, 0xFFFF, 0xFFFF, 0xFFFF, 0xFFFF, 0xFFFF, 0xFFFF, 0xFFFF, 0xFFFF, 0xFFFF,
    0xFFFF, 0xFFFF, 0xFFFF, 0xFFFF, 0xFFFF, 0xFFFF, 0xFFFF, 0xFFFF, 0xFFFF, 0xFFFF, 0xFFFF, 0xFFFF, 0xFFFF, 0xFFFF, 0xFFFF, 0xFFFF,
    0xFFFF, 0xFFFF, 0x4A49, 0x4228, 0xAD75, 0xB596, 0x9492, 0x9CD3, 0x94B2, 0x9492, 0x9492, 0x9492, 0x9492, 0x9492, 0x9492, 0x9492,
    0x94B2, 0x94B2, 0x94B2, 0x9492, 0x9492, 0x9492, 0x9492, 0x9492, 0x9492, 0x9492, 0x9492, 0x9492, 0x9492, 0x9492, 0x8C71, 0x9492,
    0x8C51, 0x8C51, 0x8C71, 0x8C71, 0x94B2, 0x9492, 0x9492, 0x9492, 0x9492, 0x9492, 0x94B2, 0x9492, 0x8C71, 0x9492, 0x94B2, 0x9492,
    0x8C71, 0x8C71, 0x8C71, 0x8C71, 0x8C71, 0x8C71, 0x9492, 0x9492, 0x94B2, 0x9492, 0x94B2, 0x94B2, 0x94B2, 0x94B2, 0x7BCF, 0x5AEB,
    0x6B4D, 0x6B4D, 0x6B6D, 0x6B4D, 0x6B4D, 0x6B4D, 0x6B4D, 0x632C, 0x630C, 0x630C, 0x5AEB, 0x5AEB, 0x5AEB, 0x632C, 0x632C, 0x632C,
    0x630C, 0x5AEB, 0x5AEB, 0x5AEB, 0x5AEB, 0x5AEB, 0x5AEC, 0x5AEB, 0x630C, 0x5AEB, 0x5ACB, 0x52AA, 0x5ACB, 0x5ACB, 0x52AA, 0x5ACB,
    0x5ACB, 0x52AA, 0x5AEB, 0x5ACB, 0x52AA, 0x5ACB, 0x5ACB, 0x5ACB, 0x52AA, 0x528A, 0x528A, 0x5ACB, 0x5AEB, 0x5AEB, 0x630C, 0x5AEB,
    0x528A, 0x52AA, 0x5ACB, 0x5ACB, 0x52AA, 0x5ACB, 0x5ACB, 0x5ACB, 0x630C, 0x630C, 0x5AEB, 0x5ACB, 0x630C, 0x632C, 0x5AEB, 0x5ACB,
    0x5ACB, 0x62EB, 0x5AEB, 0x630C, 0x632C, 0x630C, 0x630C, 0x630C, 0x5AEB, 0x630C, 0x630C, 0x630C, 0x630C, 0x630B, 0x632C, 0x630C,
    0x630C, 0x632C, 0x6B4D, 0x6B4D, 0x6B4D, 0x6B6D, 0x632C, 0x632C, 0x632C, 0x632C, 0x630C, 0x6B4D, 0x6B4D, 0x632C, 0x630C, 0x5ACB,
    0x630B, 0x632C, 0x632C, 0x630C, 0x630C, 0x630C, 0x630C, 0x630C, 0x630C, 0x630C, 0x632C, 0x632C, 0x632C, 0x630C, 0x630C, 0x62EB,
    0x630C, 0x630C, 0x630B, 0x630C, 0x630C, 0x632C, 0x632C, 0x6B4D, 0x632C, 0x630C, 0x630C, 0x632C, 0x632C, 0x632C, 0x632C, 0x632C,
    0x6B6D, 0x736D, 0x6B6D, 0x6B4D, 0x6B4D, 0x6B4D, 0x632C, 0x6B4D, 0x630C, 0x6B4D, 0x6B4D, 0x6B6D, 0x6B6D, 0x6B4D, 0x6B4D, 0x6B6D,
    0x738E, 0x738E, 0x738E, 0x6B8E, 0x738E, 0x73AE, 0x9CF3, 0xA4F4, 0x9CF3, 0x9CF4, 0x9CD3, 0x9CF3, 0x9CB3, 0x94B2, 0x9CD3, 0x9CD3,
    0x94B2, 0x94B2, 0x9CD3, 0x94B2, 0x9CB2, 0x9CD3, 0xA4F3, 0x9CF3, 0x9CF3, 0x94B2, 0x9492, 0x8C71, 0x9492, 0x9CF3, 0x9CD3, 0x9CB3,
    0x94B2, 0x94B2, 0x9492, 0x9472, 0x9492, 0x94B2, 0x94B2, 0x9492, 0x9471, 0x8C71, 0x8C71, 0x8C71, 0x8C71, 0x8C71, 0x8C71, 0x8C71,
    0x8C71, 0x8C51, 0x8C51, 0x8C71, 0x9471, 0x8C71, 0x8C71, 0x8C71, 0x8C51, 0x8430, 0x8C51, 0x8C51, 0x8C71, 0x9472, 0x8C51, 0x8C71,
    0x9492, 0x9492, 0x8C71, 0x8C71, 0x8C71, 0x8C71, 0x8C51, 0x8C51, 0x8430, 0x8C51, 0x8C31, 0x8430, 0x8430, 0x8430, 0x83EF, 0x8C71,
    0x9492, 0x0000, 0x6B4D, 0xFFFF, 0xFFDF, 0xFFFF, 0xFFFF, 0xFFFF, 0xFFFF, 0xFFFF, 0xFFFF, 0xFFFF, 0xFFFF, 0xFFFF, 0xFFFF, 0xFFFF,
    0xFFFF, 0xFFFF, 0xFFFF, 0xFFFF, 0xFFFF, 0xFFFF, 0xFFFF, 0xFFFF, 0xFFFF, 0xFFFF, 0xFFFF, 0xFFFF, 0xFFFF, 0xFFFF, 0xFFFF, 0xFFFF,
    0xFFFF, 0xEF5D, 0x2124, 0x632C, 0xBDF7, 0xA534, 0x8C71, 0x9492, 0x94B2, 0x94B2, 0x9471, 0x8C71, 0x9492, 0x9492, 0x94B2, 0x9CB3,
    0x94B2, 0x9CD2, 0x94B2, 0x9492, 0x9492, 0x9492, 0x9492, 0x9492, 0x9471, 0x9492, 0x94B2, 0x9492, 0x9492, 0x9492, 0x9492, 0x9471,
    0x8C51, 0x8C71, 0x8C51, 0x8C51, 0x9492, 0x94B2, 0x94B2, 0x9492, 0x9492, 0x9492, 0x9492, 0x9492, 0x9492, 0x8C71, 0x9CD3, 0x94B2,
    0x94B2, 0x9492, 0x8C71, 0x8C71, 0x8C71, 0x8C71, 0x8C71, 0x94B2, 0x9492, 0x9492, 0x9492, 0x94B2, 0x9492, 0x9492, 0x6B4D, 0x5AEB,
    0x632C, 0x6B4D, 0x6B4D, 0x632C, 0x632C, 0x6B4D, 0x6B4D, 0x630C, 0x630C, 0x5AEC, 0x630C, 0x5AEB, 0x630C, 0x630C, 0x630C, 0x630C,
    0x630C, 0x62EB, 0x5AEB, 0x5AEB, 0x5AEB, 0x5AEB, 0x630C, 0x5AEB, 0x630C, 0x5AEB, 0x5ACB, 0x5ACB, 0x52AA, 0x5ACB, 0x5ACB, 0x5ACB,
    0x52AA, 0x52AA, 0x5ACB, 0x5ACB, 0x5B0B, 0x5AEB, 0x5AEB, 0x5ACB, 0x5AEB, 0x5ACB, 0x5ACB, 0x5AEB, 0x630C, 0x630C, 0x5AEB, 0x52AA,
    0x5ACB, 0x5ACB, 0x5ACB, 0x5ACB, 0x5AEB, 0x5ACB, 0x62EB, 0x5AEB, 0x5AEB, 0x5AEB, 0x5ACB, 0x5ACB, 0x5AEB, 0x630C, 0x630C, 0x5AEB,
    0x5AEB, 0x5ACB, 0x630C, 0x5ACB, 0x5AEB, 0x630C, 0x632C, 0x632C, 0x630C, 0x5AEB, 0x5AEB, 0x632C, 0x630C, 0x630C, 0x6B2C, 0x630C,
    0x632C, 0x6B4C, 0x6B4D, 0x6B4D, 0x6B4D, 0x6B4D, 0x630C, 0x630C, 0x632C, 0x630C, 0x630C, 0x632C, 0x630C, 0x632C, 0x632C, 0x630C,
    0x630C, 0x632C, 0x632C, 0x632C, 0x632C, 0x630C, 0x632C, 0x632C, 0x630C, 0x630C, 0x632C, 0x632C, 0x632C, 0x6B4D, 0x6B4D, 0x632C,
    0x632C, 0x632C, 0x630C, 0x630C, 0x630C, 0x630C, 0x632C, 0x632C, 0x632C, 0x630C, 0x630C, 0x632C, 0x6B6D, 0x6B6D, 0x6B4D, 0x6B4D,
    0x632C, 0x6B6D, 0x73AE, 0x6B6D, 0x6B6D, 0x6B4D, 0x632C, 0x6B4D, 0x6B4D, 0x632C, 0x6B6D, 0x6B6D, 0x6B6D, 0x6B6D, 0x738E, 0x7BCF,
    0x73AE, 0x73AE, 0x73AE, 0x73AE, 0x738E, 0x738E, 0x8430, 0xA514, 0xA514, 0x9CD3, 0x9CD3, 0x9CD3, 0x9CF3, 0x9CF3, 0xA514, 0x9CF3,
    0x9CD3, 0x9CF3, 0x9CF3, 0x9CD3, 0x9CB3, 0x9CB3, 0x9CF3, 0x9CF3, 0x9CF3, 0x9CD3, 0x9492, 0x9492, 0x94B2, 0x9CF3, 0x9CD3, 0x9CD3,
    0x94B2, 0x94B2, 0x94B2, 0x8C71, 0x9492, 0x94B2, 0x9492, 0x9492, 0x94B2, 0x9492, 0x8C71, 0x9492, 0x9492, 0x9492, 0x9492, 0x9492,
    0x8C71, 0x8C51, 0x8C51, 0x9492, 0x9492, 0x8C71, 0x8C51, 0x8C51, 0x8C51, 0x8C51, 0x8C71, 0x8C71, 0x8C71, 0x9492, 0x9472, 0x9492,
    0x8C71, 0x8C71, 0x8C71, 0x8C72, 0x8C51, 0x8C71, 0x8C51, 0x8C51, 0x8C71, 0x8C71, 0x8C51, 0x8430, 0x8430, 0x8430, 0x8430, 0x8410,
    0x9CF3, 0x18C3, 0x2104, 0xF79E, 0xFFFF, 0xFFFF, 0xFFFF, 0xFFFF, 0xFFFF, 0xFFFF, 0xFFFF, 0xFFFF, 0xFFFF, 0xFFFF, 0xFFFF, 0xFFFF,
    0xFFFF, 0xFFFF, 0xFFFF, 0xFFFF, 0xFFFF, 0xFFFF, 0xFFFF, 0xFFFF, 0xFFFF, 0xFFFF, 0xFFFF, 0xFFFF, 0xFFFF, 0xFFFF, 0xFFFF, 0xFFDF,
    0xFFFF, 0xBDF7, 0x18E3, 0x8430, 0xC618, 0x9492, 0x8C71, 0x94B2, 0x94B2, 0x9CD3, 0x94B2, 0x9492, 0x9492, 0x9492, 0x94B2, 0x9CB3,
    0x94B2, 0x94B2, 0x9492, 0x9492, 0x9492, 0x94B2, 0x9492, 0x9492, 0x94B2, 0x94B2, 0x94B2, 0x9492, 0x9492, 0x9491, 0x9492, 0x9492,
    0x8C71, 0x8C71, 0x8C51, 0x8C51, 0x9492, 0x9CD3, 0x9492, 0x9492, 0x94B2, 0x9492, 0x9471, 0x9492, 0x9492, 0x9492, 0x94B2, 0x94B2,
    0x9492, 0x9492, 0x8C71, 0x9492, 0x94B2, 0x8C71, 0x8C71, 0x9492, 0x9492, 0x9492, 0x94B2, 0x94B2, 0x94B2, 0x8410, 0x630C, 0x632C,
    0x6B4D, 0x6B6D, 0x6B4D, 0x632C, 0x632C, 0x632C, 0x632C, 0x6B4D, 0x632C, 0x630C, 0x630C, 0x630C, 0x632C, 0x5AEB, 0x5AEB, 0x630B,
    0x632C, 0x630C, 0x630C, 0x5AEB, 0x5AEB, 0x630C, 0x630C, 0x5AEB, 0x630C, 0x5AEB, 0x5AEB, 0x5AEB, 0x5ACB, 0x630C, 0x5AEB, 0x5AAA,
    0x52AA, 0x5ACB, 0x5ACB, 0x52AA, 0x5ACB, 0x5ACB, 0x5ACB, 0x52AA, 0x528A, 0x5ACB, 0x5AEB, 0x5AEB, 0x5AEB, 0x5ACB, 0x5AEB, 0x52AA,
    0x52AB, 0x5ACB, 0x52AA, 0x5ACB, 0x5AEB, 0x5AEB, 0x5ACB, 0x630C, 0x630C, 0x5ACB, 0x5ACB, 0x630C, 0x5ACB, 0x52AA, 0x5ACB, 0x5AEB,
    0x630C, 0x5AEB, 0x5AEB, 0x5AEB, 0x5AEB, 0x630C, 0x6B4D, 0x632C, 0x630C, 0x5AEB, 0x630C, 0x5AEB, 0x5AEB, 0x5AEB, 0x632C, 0x6B4D,
    0x6B6D, 0x6B4D, 0x6B4D, 0x632C, 0x6B4C, 0x632C, 0x632C, 0x630C, 0x5AEB, 0x630C, 0x630C, 0x632C, 0x630C, 0x630C, 0x632C, 0x632C,
    0x632C, 0x632C, 0x632C, 0x6B2C, 0x6B4D, 0x6B4D, 0x6B4D, 0x632C, 0x5AEB, 0x5AEB, 0x5AEB, 0x5AEB, 0x5AEB, 0x632C, 0x6B4D, 0x6B4D,
    0x6B4D, 0x632C, 0x632C, 0x630C, 0x630C, 0x632C, 0x632C, 0x632C, 0x630C, 0x630C, 0x632C, 0x6B6D, 0x6B4D, 0x6B4D, 0x6B6D, 0x6B4D,
    0x630C, 0x632C, 0x6B6D, 0x6B4D, 0x6B4D, 0x632C, 0x632C, 0x6B4D, 0x630C, 0x6B4C, 0x6B6D, 0x6B4D, 0x738E, 0x738E, 0x7BAF, 0x738E,
    0x6B6D, 0x738E, 0x73AE, 0x73AE, 0x73AE, 0x738E, 0x738E, 0x9CD3, 0xA534, 0xA513, 0x9CF3, 0x9CF3, 0x9CF3, 0x9CF3, 0xA514, 0xA514,
    0x9CF3, 0x9CF3, 0x9CD3, 0x94B2, 0x94B2, 0x9CD3, 0x9CD3, 0x9CF3, 0x9CD3, 0x94B2, 0x94B2, 0x94B2, 0x9492, 0x94B2, 0x9CD3, 0x94B2,
    0x94B2, 0x9492, 0x9471, 0x9492, 0x9492, 0x9492, 0x8C71, 0x9492, 0x94B2, 0x9492, 0x8C71, 0x9492, 0x9492, 0x94B2, 0x9492, 0x8C71,
    0x8C71, 0x8C71, 0x8C71, 0x9492, 0x8C71, 0x9492, 0x9492, 0x9492, 0x8C71, 0x8C71, 0x9492, 0x9492, 0x9492, 0x8C71, 0x8C71, 0x9492,
    0x9492, 0x8C71, 0x8C71, 0x8C71, 0x8C71, 0x8C71, 0x8C71, 0x9471, 0x8C71, 0x8C51, 0x8C30, 0x8410, 0x8410, 0x8430, 0x8C30, 0x83EF,
    0x94B2, 0x4228, 0x0000, 0xBDD7, 0xFFFF, 0xFFDF, 0xFFFF, 0xFFFF, 0xFFFF, 0xFFFF, 0xFFFF, 0xFFFF, 0xFFFF, 0xFFFF, 0xFFFF, 0xFFFF,
    0xFFFF, 0xFFFF, 0xFFFF, 0xFFFF, 0xFFFF, 0xFFFF, 0xFFFF, 0xFFFF, 0xFFFF, 0xFFFF, 0xFFFF, 0xFFFF, 0xFFFF, 0xFFFF, 0xFFFF, 0xFFDF,
    0xFFFF, 0x8430, 0x2124, 0x9CF3, 0xBDD7, 0x8C51, 0x9492, 0x94B2, 0x94B2, 0x94B2, 0x94B2, 0x9492, 0x94B2, 0x9492, 0x8C71, 0x9492,
    0x94B2, 0x94B2, 0x9CB3, 0x9CB2, 0x94B2, 0x94B2, 0x9492, 0x9492, 0x9492, 0x9492, 0x9492, 0x9492, 0x94B2, 0x9492, 0x9492, 0x9492,
    0x9492, 0x8C71, 0x8C71, 0x8C71, 0x94B2, 0x94B2, 0x8C71, 0x9492, 0x94B2, 0x9492, 0x8C71, 0x8C71, 0x9492, 0x9492, 0x9492, 0x9CB2,
    0x9CD3, 0x94B2, 0x94B2, 0x94B2, 0x94B2, 0x9492, 0x9492, 0x94B2, 0x9CD3, 0x9CD3, 0x9CF3, 0xA514, 0x9CD3, 0x6B6E, 0x632C, 0x6B4D,
    0x6B6D, 0x632C, 0x632C, 0x630C, 0x630C, 0x632C, 0x630C, 0x6B4D, 0x634D, 0x6B4D, 0x6B4D, 0x630C, 0x630C, 0x5AEB, 0x630C, 0x630C,
    0x630C, 0x5AEB, 0x5AEB, 0x5ACB, 0x5ACB, 0x5AEB, 0x5AEB, 0x5AEB, 0x5AEB, 0x5ACB, 0x5AEB, 0x5AEB, 0x5AEB, 0x5ACB, 0x5ACA, 0x52AA,
    0x5ACB, 0x5ACB, 0x5ACB, 0x52AA, 0x5ACA, 0x52AA, 0x528A, 0x52AA, 0x528A, 0x5AAA, 0x5ACB, 0x5AEB, 0x5ACB, 0x5ACB, 0x62EB, 0x52AA,
    0x5ACB, 0x52AA, 0x5AAA, 0x5ACB, 0x5ACB, 0x5ACB, 0x5ACB, 0x5AEB, 0x5AEB, 0x5ACB, 0x5AEB, 0x630C, 0x630C, 0x630C, 0x630C, 0x632C,
    0x630C, 0x630C, 0x630C, 0x630C, 0x632C, 0x632C, 0x6B4C, 0x630C, 0x5AEB, 0x630C, 0x5ACB, 0x630C, 0x62EC, 0x630C, 0x632C, 0x632C,
    0x632C, 0x632C, 0x630C, 0x630C, 0x630C, 0x632C, 0x632C, 0x632C, 0x632C, 0x632C, 0x630C, 0x630B, 0x630C, 0x632C, 0x632C, 0x632C,
    0x630C, 0x6B2C, 0x632C, 0x632C, 0x6B4D, 0x6B6D, 0x6B4D, 0x6B4D, 0x632C, 0x630C, 0x5AEB, 0x5AEB, 0x630C, 0x632C, 0x6B4D, 0x6B4D,
    0x6B4D, 0x632C, 0x632C, 0x630C, 0x632C, 0x6B6D, 0x6B4D, 0x6B4D, 0x632C, 0x630C, 0x630C, 0x6B4D, 0x6B4D, 0x632C, 0x6B4D, 0x6B4D,
    0x738E, 0x632C, 0x632C, 0x632C, 0x6B4D, 0x6B4D, 0x6B6D, 0x6B4D, 0x632C, 0x6B4D, 0x632C, 0x6B6D, 0x73AE, 0x6B6D, 0x736D, 0x6B6D,
    0x6B4D, 0x738E, 0x738E, 0x738E, 0x6B6D, 0x6B6D, 0x6B6D, 0x8430, 0xA534, 0x9CF3, 0x9CF3, 0x9CF3, 0x9CF3, 0x9CD3, 0x9CF3, 0x9CF3,
    0x9CD3, 0x9CF3, 0x9CD3, 0x94B2, 0x9492, 0x94D2, 0x9CD3, 0x9CD3, 0x9CD3, 0x94B2, 0x9CB2, 0x94B2, 0x9492, 0x94B2, 0x9CD3, 0x9CD3,
    0x9CD3, 0x94B2, 0x9492, 0x9492, 0x9492, 0x9492, 0x8C71, 0x8C71, 0x8C71, 0x8C71, 0x8C71, 0x9492, 0x9492, 0x9CB3, 0x9492, 0x9492,
    0x8C71, 0x8C71, 0x8C71, 0x8C71, 0x8C71, 0x8C71, 0x9492, 0x9492, 0x8C71, 0x9492, 0x8C71, 0x9471, 0x9492, 0x8C71, 0x8C51, 0x8C71,
    0x8C71, 0x9472, 0x8C71, 0x8C71, 0x8C51, 0x8C51, 0x8C71, 0x8C71, 0x8C71, 0x8C71, 0x8C51, 0x8410, 0x8410, 0x8430, 0x8430, 0x8410,
    0x9492, 0x738E, 0x0000, 0x8C30, 0xFFFF, 0xFFDF, 0xFFFF, 0xFFFF, 0xFFFF, 0xFFFF, 0xFFFF, 0xFFFF, 0xFFFF, 0xFFFF, 0xFFFF, 0xFFFF,
    0xFFFF, 0xFFFF, 0xFFFF, 0xFFFF, 0xFFFF, 0xFFFF, 0xFFFF, 0xFFFF, 0xFFFF, 0xFFFF, 0xFFFF, 0xFFFF, 0xFFFF, 0xFFFF, 0xFFFF, 0xFFFF,
    0xFFFF, 0x528A, 0x39E7, 0xAD55, 0xB576, 0x8430, 0x9492, 0x94B2, 0x94B2, 0x94B2, 0x94B2, 0x9492, 0x94B2, 0x9492, 0x8C71, 0x8C71,
    0x9492, 0x94B2, 0x9CD3, 0x9CD2, 0x94B2, 0x9492, 0x9492, 0x94B2, 0x9492, 0x9492, 0x9492, 0x9492, 0x94B2, 0x9492, 0x8C71, 0x8C71,
    0x8C71, 0x8C71, 0x8C91, 0x9492, 0x9492, 0x9492, 0x9492, 0x94B2, 0x94B2, 0x9492, 0x8C71, 0x9492, 0x9492, 0x9492, 0x9492, 0x9492,
    0x9CD3, 0x9492, 0x94B2, 0x9CB2, 0x9492, 0x94B2, 0x9CF3, 0x9CF3, 0x9CF3, 0x9CD3, 0x9CF3, 0xA534, 0x8C51, 0x632C, 0x6B4D, 0x632C,
    0x6B4D, 0x6B4D, 0x630C, 0x62EC, 0x632C, 0x632C, 0x632C, 0x632C, 0x6B2D, 0x632C, 0x632C, 0x632C, 0x632C, 0x5AEB, 0x630C, 0x632C,
    0x630C, 0x5AEB, 0x5ACB, 0x5AEB, 0x5ACB, 0x5AEB, 0x5AEB, 0x5ACB, 0x5AEB, 0x5AEB, 0x5AEB, 0x5AEB, 0x5AEB, 0x5ACB, 0x5ACB, 0x5ACB,
    0x5AAA, 0x52AA, 0x5ACB, 0x5ACB, 0x52AA, 0x52AA, 0x528A, 0x52AA, 0x52AA, 0x5ACB, 0x5ACB, 0x5AEB, 0x5ACB, 0x5AEB, 0x630C, 0x5AEB,
    0x5ACB, 0x5ACB, 0x52AA, 0x5ACB, 0x5ACB, 0x5AEB, 0x5AEB, 0x5AEB, 0x5AEB, 0x5AEB, 0x630C, 0x630C, 0x630C, 0x5AEB, 0x630C, 0x630C,
    0x630C, 0x630C, 0x632C, 0x6B4D, 0x632C, 0x6B4C, 0x632C, 0x630C, 0x630C, 0x62EB, 0x630C, 0x632C, 0x632C, 0x630C, 0x630C, 0x632C,
    0x632C, 0x632C, 0x6B4D, 0x632C, 0x6B2C, 0x630C, 0x6B6D, 0x738E, 0x6B6D, 0x6B4D, 0x632C, 0x630C, 0x630C, 0x630C, 0x6B6D, 0x632C,
    0x630C, 0x632C, 0x6B4D, 0x632C, 0x6B4C, 0x6B4D, 0x6B4D, 0x6B6D, 0x738E, 0x6B6D, 0x6B4D, 0x632C, 0x6B6D, 0x6B4D, 0x632C, 0x6B4D,
    0x6B4D, 0x6B4D, 0x632C, 0x630C, 0x630C, 0x632C, 0x6B4D, 0x6B6D, 0x6B6D, 0x632C, 0x632C, 0x630C, 0x6B4D, 0x6B4D, 0x6B4D, 0x6B4D,
    0x6B6D, 0x6B4D, 0x632C, 0x6B6D, 0x6B6D, 0x738E, 0x6B4D, 0x6B4D, 0x6B4D, 0x6B4D, 0x6B4D, 0x6B6D, 0x738E, 0x6B6D, 0x6B6D, 0x6B6D,
    0x6B6D, 0x736D, 0x738E, 0x6B6D, 0x738E, 0x73AE, 0x7BEF, 0x7BAF, 0x9CF3, 0xA4F4, 0x9CF3, 0x9CF3, 0x9CD3, 0x9CD3, 0x9CD3, 0x9CD3,
    0x9CB2, 0x9CF3, 0x9CF3, 0xA514, 0x9CD3, 0x9492, 0x94B2, 0x9CD3, 0x9CF3, 0x9CF3, 0x9CD3, 0x94B2, 0x94B2, 0x9CD3, 0x9CD3, 0x9CF3,
    0x9CD3, 0x9CD3, 0x94B2, 0x94B2, 0x9492, 0x8C71, 0x8C71, 0x8C71, 0x9492, 0x8C71, 0x8C71, 0x9492, 0x9492, 0x9492, 0x9492, 0x94B2,
    0x9492, 0x9492, 0x9492, 0x8C71, 0x8C71, 0x8C71, 0x9492, 0x8C91, 0x8C71, 0x9492, 0x9492, 0x9492, 0x9492, 0x94B2, 0x8C71, 0x8C71,
    0x8C71, 0x8C71, 0x9492, 0x9472, 0x9492, 0x8C71, 0x8C51, 0x9472, 0x8C51, 0x8C51, 0x8C51, 0x8430, 0x8430, 0x8430, 0x8410, 0x8410,
    0x8C30, 0x9492, 0x0820, 0x4A49, 0xFFFF, 0xFFFF, 0xFFFF, 0xFFFF, 0xFFFF, 0xFFFF, 0xFFFF, 0xFFFF, 0xFFFF, 0xFFFF, 0xFFFF, 0xFFFF,
    0xFFFF, 0xFFFF, 0xFFFF, 0xFFFF, 0xFFFF, 0xFFFF, 0xFFFF, 0xFFFF, 0xFFFF, 0xFFFF, 0xFFFF, 0xFFFF, 0xFFFF, 0xFFFF, 0xFFFF, 0xFFFF,
    0xF79E, 0x2924, 0x5ACB, 0xB596, 0xA534, 0x8C71, 0x94B2, 0x94B2, 0x94B2, 0x94B2, 0x9492, 0x9492, 0x9492, 0x9492, 0x9491, 0x8C51,
    0x8C71, 0x9492, 0x9492, 0x9492, 0x94B2, 0x9492, 0x94B2, 0x94B2, 0x94B2, 0x9492, 0x9492, 0x94B2, 0x94B2, 0x9492, 0x8C92, 0x9492,
    0x9492, 0x9492, 0x8C71, 0x9492, 0x9492, 0x9492, 0x9492, 0x94B2, 0x9492, 0x9492, 0x9492, 0x9492, 0x9492, 0x9492, 0x9492, 0x9492,
    0x94B2, 0x94B2, 0x9CD3, 0x9CF3, 0x94B2, 0x9492, 0x9CF3, 0xA514, 0x9CF3, 0xA4F3, 0xA4F3, 0xA514, 0x738E, 0x6B4D, 0x632D, 0x632C,
    0x632C, 0x6B4D, 0x6B2D, 0x630C, 0x630C, 0x632C, 0x632D, 0x6B4D, 0x632C, 0x630C, 0x632C, 0x632C, 0x630C, 0x630C, 0x5AEB, 0x632C,
    0x5AEB, 0x5AEB, 0x5AEB, 0x5AEB, 0x5AEB, 0x5AEB, 0x5AEC, 0x5AEB, 0x5AEB, 0x5AEB, 0x630C, 0x5AEB, 0x630C, 0x5ACB, 0x5ACB, 0x5AEB,
    0x5ACB, 0x5AEB, 0x5AEB, 0x5AEB, 0x5ACB, 0x52AA, 0x52AA, 0x52AA, 0x5ACB, 0x5ACB, 0x52AA, 0x5ACB, 0x5AEB, 0x630C, 0x5AEB, 0x5ACB,
    0x5ACB, 0x52AA, 0x5ACB, 0x5AEB, 0x5ACB, 0x5ACB, 0x630C, 0x5ACB, 0x5AEB, 0x5AEB, 0x630C, 0x5AEB, 0x5AEB, 0x5AEB, 0x630C, 0x632C,
    0x6B6D, 0x6B4D, 0x6B4D, 0x632C, 0x632C, 0x632C, 0x630C, 0x632C, 0x632C, 0x630B, 0x630C, 0x5AEB, 0x62EB, 0x632C, 0x630C, 0x632C,
    0x632C, 0x630C, 0x6B2D, 0x632C, 0x6B4D, 0x6B4D, 0x6B4D, 0x6B4D, 0x6B6D, 0x6B4D, 0x6B4D, 0x632C, 0x630C, 0x630C, 0x632C, 0x630C,
    0x5AEB, 0x630C, 0x632C, 0x630C, 0x632C, 0x6B4D, 0x6B2C, 0x6B4D, 0x6B4D, 0x6B4D, 0x6B4D, 0x632C, 0x632C, 0x6B2D, 0x632C, 0x6B4D,
    0x6B4D, 0x6B4D, 0x632C, 0x630C, 0x630C, 0x632C, 0x632C, 0x6B4D, 0x6B4D, 0x6B4D, 0x632C, 0x632C, 0x6B4D, 0x6B6D, 0x6B4D, 0x6B4D,
    0x6B4D, 0x6B4D, 0x6B4D, 0x738E, 0x738E, 0x73AE, 0x6B6D, 0x6B4D, 0x6B6D, 0x738E, 0x6B6D, 0x632C, 0x6B4D, 0x6B6D, 0x6B4D, 0x6B2C,
    0x6B4D, 0x6B6D, 0x6B6D, 0x738E, 0x73AE, 0x7BAF, 0x73AE, 0x738E, 0x8C71, 0xA534, 0xA513, 0x9CF3, 0x9CB2, 0x9CB2, 0x9CD3, 0x9CD3,
    0x9CD3, 0x9CF3, 0x9CD3, 0x9CD3, 0x9CD3, 0x9CD3, 0x9CD3, 0x9CF3, 0x9CF3, 0x9CD3, 0x9CF3, 0x9CD3, 0x94B2, 0x94B2, 0x94B2, 0x94B2,
    0x94B2, 0x94B2, 0x94B2, 0x9492, 0x8C71, 0x9492, 0x8C71, 0x8C71, 0x9492, 0x9492, 0x8C71, 0x9492, 0x94B2, 0x9492, 0x9492, 0x94B2,
    0x94B2, 0x94B2, 0x9492, 0x8C71, 0x9471, 0x8C71, 0x9492, 0x8C71, 0x9471, 0x9492, 0x9492, 0x9492, 0x9492, 0x9492, 0x9471, 0x8C71,
    0x8C71, 0x8C71, 0x9492, 0x9492, 0x9492, 0x9492, 0x9471, 0x8C71, 0x8C31, 0x8C51, 0x8C51, 0x8430, 0x8C51, 0x8430, 0x8410, 0x8410,
    0x8430, 0x94B2, 0x3185, 0x0020, 0xD69A, 0xFFFF, 0xFFFF, 0xFFFF, 0xFFFF, 0xFFFF, 0xFFFF, 0xFFFF, 0xFFFF, 0xFFFF, 0xFFFF, 0xFFFF,
    0xFFFF, 0xFFFF, 0xFFFF, 0xFFFF, 0xFFFF, 0xFFFF, 0xFFFF, 0xFFFF, 0xFFFF, 0xFFFF, 0xFFFF, 0xFFFF, 0xFFFF, 0xFFFF, 0xFFFF, 0xFFFF,
    0xCE59, 0x10A2, 0x73AE, 0xBDD7, 0x9CF3, 0x8C71, 0x94B2, 0x9492, 0x9492, 0x9492, 0x9492, 0x94B2, 0x9492, 0x9492, 0x9492, 0x8C71,
    0x9492, 0x94B2, 0x9492, 0x9492, 0x9492, 0x94B2, 0x94B2, 0x94B2, 0x9CD2, 0x9492, 0x9492, 0x9CD3, 0x9492, 0x9472, 0x9492, 0x9492,
    0x9492, 0x9492, 0x8C51, 0x9492, 0x9492, 0x9492, 0x94B2, 0x9492, 0x9492, 0x9492, 0x94B2, 0x94B2, 0x94B2, 0x9492, 0x94B2, 0x94B2,
    0x9CD3, 0x9CD3, 0x9CD3, 0x9CD3, 0x9CD3, 0x9492, 0x9492, 0x9CD3, 0x9CF3, 0xA514, 0xA514, 0x8C51, 0x630C, 0x6B4D, 0x6B4D, 0x632C,
    0x632C, 0x6B4D, 0x6B4D, 0x632C, 0x630C, 0x630C, 0x6B4D, 0x632C, 0x632C, 0x5AEB, 0x630C, 0x6B4D, 0x630C, 0x5AEB, 0x5AEB, 0x5AEB,
    0x5AEB, 0x5AEB, 0x630C, 0x5B0B, 0x5ACB, 0x52AA, 0x5ACB, 0x5AEB, 0x5ACB, 0x5ACB, 0x5ACB, 0x5ACB, 0x5AEB, 0x5AEB, 0x5AEC, 0x630C,
    0x5AEB, 0x5ACB, 0x5ACB, 0x5ACB, 0x5ACB, 0x5ACA, 0x52AA, 0x528A, 0x5AAA, 0x5AEB, 0x5ACA, 0x5ACB, 0x5AEB, 0x5ACB, 0x5ACB, 0x5ACB,
    0x5AEB, 0x5AEB, 0x5AEB, 0x5AEB, 0x5AEB, 0x5ACB, 0x630C, 0x5AEB, 0x5AEB, 0x5AEB, 0x5ACB, 0x5ACB, 0x5AEB, 0x5ACB, 0x5AEB, 0x630C,
    0x630C, 0x632C, 0x632C, 0x630C, 0x630C, 0x632C, 0x632C, 0x632C, 0x632C, 0x630C, 0x630C, 0x5AEB, 0x630C, 0x632C, 0x632C, 0x632C,
    0x6B2C, 0x630C, 0x62EC, 0x630C, 0x630C, 0x632C, 0x6B4D, 0x6B4D, 0x6B4D, 0x6B4D, 0x632C, 0x632C, 0x630C, 0x630C, 0x632C, 0x632C,
    0x630C, 0x630C, 0x5AEB, 0x630B, 0x6B4D, 0x6B4D, 0x632C, 0x6B4D, 0x6B4D, 0x6B4D, 0x632C, 0x630C, 0x630C, 0x632C, 0x632C, 0x6B4D,
    0x6B4D, 0x6B4D, 0x632C, 0x632C, 0x630C, 0x632C, 0x632C, 0x632C, 0x630C, 0x632C, 0x632C, 0x6B6D, 0x6B6D, 0x6B4D, 0x6B4D, 0x6B4D,
    0x6B4D, 0x6B6D, 0x6B4D, 0x632C, 0x6B4D, 0x6B6D, 0x6B6D, 0x6B4D, 0x6B6D, 0x738E, 0x738E, 0x6B4D, 0x6B4D, 0x738E, 0x736E, 0x6B4D,
    0x6B6D, 0x73AE, 0x6B6D, 0x738E, 0x73AE, 0x738E, 0x738E, 0x738E, 0x7BCF, 0x9CD3, 0xA514, 0xA514, 0xA4F3, 0x9CF3, 0x9CF3, 0x9CD3,
    0x94B2, 0x9CD3, 0x9CD3, 0x9CD3, 0x9CD3, 0x9CF3, 0x9CF3, 0x94B2, 0x94B2, 0x9CD3, 0x9CD3, 0x9CD3, 0x9CD3, 0x9CD3, 0x9CB2, 0x94B2,
    0x9492, 0x94B2, 0x9CD3, 0x94B2, 0x9492, 0x94B2, 0x9492, 0x9492, 0x9492, 0x8C71, 0x8C71, 0x9471, 0x9492, 0x94B2, 0x94B2, 0x94B2,
    0x94B2, 0x9492, 0x9492, 0x8C71, 0x8C71, 0x9492, 0x8C71, 0x8C51, 0x8C51, 0x8C71, 0x9492, 0x9492, 0x9492, 0x8C71, 0x9492, 0x9492,
    0x9492, 0x94B2, 0x94B2, 0x94B2, 0x9492, 0x9492, 0x8C71, 0x8C51, 0x8C51, 0x8C71, 0x8C51, 0x8C51, 0x8C51, 0x8430, 0x8430, 0x8430,
    0x8430, 0x8C71, 0x5ACB, 0x0000, 0x9CF3, 0xFFFF, 0xFFDF, 0xFFFF, 0xFFFF, 0xFFFF, 0xFFFF, 0xFFFF, 0xFFFF, 0xFFFF, 0xFFFF, 0xFFFF,
    0xFFFF, 0xFFFF, 0xFFFF, 0xFFFF, 0xFFFF, 0xFFFF, 0xFFFF, 0xFFFF, 0xFFFF, 0xFFFF, 0xFFFF, 0xFFFF, 0xFFFF, 0xFFFF, 0xFFDF, 0xFFFF,
    0x9CD3, 0x18E3, 0x9492, 0xC618, 0x8C71, 0x9492, 0x9492, 0x9492, 0x9492, 0x9492, 0x9492, 0x9492, 0x9492, 0x9492, 0x9492, 0x8C71,
    0x8C71, 0x9492, 0x9492, 0x8C71, 0x94B2, 0x94B2, 0x94B2, 0x94B2, 0x9CD3, 0x9492, 0x9492, 0x9492, 0x9492, 0x9492, 0x9492, 0x9492,
    0x8C71, 0x8C71, 0x8C71, 0x9492, 0x9492, 0x9492, 0x9492, 0x94B2, 0x94B2, 0x94B2, 0x94B2, 0x94B2, 0x94B2, 0x94B2, 0x94B2, 0x94B2,
    0x9CB2, 0x9CD3, 0x9CD3, 0x9CD3, 0x9CD3, 0x9CD3, 0x9CD3, 0x9CD2, 0x9CD3, 0x9CF3, 0x9CD3, 0x6B6D, 0x62EC, 0x6B2D, 0x6B4D, 0x6B4D,
    0x6B6D, 0x6B4D, 0x632C, 0x6B4D, 0x6B4C, 0x630C, 0x5AEB, 0x630C, 0x630C, 0x630C, 0x632C, 0x632C, 0x630C, 0x630C, 0x630B, 0x5AEB,
    0x5AEB, 0x5ACB, 0x630C, 0x630C, 0x5AEC, 0x630C, 0x5AEB, 0x5AEB, 0x5ACB, 0x5AEB, 0x630C, 0x630C, 0x5AEB, 0x5AEB, 0x5AEB, 0x630C,
    0x5AEB, 0x5ACB, 0x5ACB, 0x5AEB, 0x5ACB, 0x52AA, 0x5ACB, 0x5ACB, 0x52AA, 0x5ACB, 0x52AA, 0x52AA, 0x5ACB, 0x52AA, 0x52AA, 0x5ACB,
    0x52AA, 0x5AAA, 0x5ACB, 0x5ACB, 0x5ACB, 0x5ACB, 0x5AEB, 0x630C, 0x630C, 0x5AEB, 0x5ACB, 0x5ACB, 0x630C, 0x5AEB, 0x5AEB, 0x5AEB,
    0x5ACB, 0x5ACB, 0x5AEB, 0x630C, 0x632C, 0x6B4D, 0x632C, 0x630C, 0x630C, 0x5AEB, 0x62EC, 0x630C, 0x632C, 0x630C, 0x632C, 0x632C,
    0x738E, 0x6B6D, 0x632D, 0x632C, 0x632C, 0x630C, 0x632C, 0x6B4D, 0x632C, 0x630C, 0x630C, 0x630C, 0x630C, 0x632C, 0x630C, 0x632C,
    0x6B4D, 0x632C, 0x632C, 0x630C, 0x630C, 0x632C, 0x632C, 0x632C, 0x6B4D, 0x6B4D, 0x632C, 0x630C, 0x632C, 0x6B4D, 0x632C, 0x6B4D,
    0x6B4D, 0x6B2C, 0x6B4D, 0x632C, 0x6B4D, 0x632C, 0x632C, 0x630C, 0x632C, 0x634D, 0x630C, 0x630C, 0x6B4D, 0x6B4D, 0x6B2C, 0x6B6D,
    0x6B4D, 0x6B6D, 0x6B6D, 0x632C, 0x632C, 0x6B4D, 0x736E, 0x6B6D, 0x6B6D, 0x738E, 0x738E, 0x6B6D, 0x6B4D, 0x738E, 0x736D, 0x6B6D,
    0x6B6D, 0x73AE, 0x6B6D, 0x736D, 0x738E, 0x6B6D, 0x738E, 0x73AE, 0x73AE, 0x8410, 0xA4F4, 0xA514, 0xA514, 0xA514, 0x9CF3, 0x9CF3,
    0x9CF3, 0x9CD3, 0x9CD3, 0x9CD3, 0x9CD3, 0x9CD3, 0x9CD2, 0x94B2, 0x94B2, 0x9CD3, 0x9CD3, 0x9CD3, 0x9CB2, 0x9CF3, 0x9CD3, 0x94B2,
    0x9492, 0x9492, 0x9CD3, 0x94B2, 0x9492, 0x94B2, 0x9492, 0x8C71, 0x8C71, 0x8C71, 0x9472, 0x8C72, 0x8C71, 0x8C71, 0x9492, 0x94B2,
    0x9492, 0x9491, 0x8C51, 0x8C71, 0x9492, 0x9492, 0x9492, 0x9492, 0x8C71, 0x8C71, 0x9492, 0x9492, 0x9492, 0x9492, 0x9492, 0x9492,
    0x9492, 0x94B2, 0x94B2, 0x94B2, 0x94B2, 0x9492, 0x8C71, 0x8C71, 0x8C71, 0x8C91, 0x8C51, 0x8C51, 0x8C51, 0x8C51, 0x8430, 0x8410,
    0x8410, 0x8430, 0x7BEF, 0x0020, 0x526A, 0xFFFF, 0xFFFF, 0xFFFF, 0xFFFF, 0xFFFF, 0xFFFF, 0xFFFF, 0xFFFF, 0xFFFF, 0xFFFF, 0xFFFF,
    0xFFFF, 0xFFFF, 0xFFFF, 0xFFFF, 0xFFFF, 0xFFFF, 0xFFFF, 0xFFFF, 0xFFFF, 0xFFFF, 0xFFFF, 0xFFFF, 0xFFFF, 0xFFFF, 0xFFDF, 0xFFFF,
    0x630C, 0x31A6, 0xAD55, 0xBDF7, 0x8C51, 0x9492, 0x8C71, 0x9492, 0x9492, 0x9492, 0x94B2, 0x94B2, 0x94B2, 0x9492, 0x94B2, 0x9492,
    0x8C71, 0x8C71, 0x8C71, 0x9471, 0x9492, 0x9492, 0x94B2, 0x9492, 0x9492, 0x9492, 0x9492, 0x8C71, 0x9492, 0x8C71, 0x9492, 0x8C71,
    0x8C71, 0x9471, 0x8C71, 0x8C71, 0x94B2, 0x94B2, 0x94B2, 0x9492, 0x9492, 0x8C71, 0x8C71, 0x9492, 0x9492, 0x94B2, 0x94B2, 0x94B2,
    0x94B2, 0x9CD3, 0x9CD3, 0x9CD3, 0x9CD3, 0x9CF3, 0x9CF3, 0x9CF3, 0x9CD3, 0x9CD3, 0x8410, 0x630C, 0x630C, 0x630C, 0x630C, 0x630C,
    0x632C, 0x6B4D, 0x6B4D, 0x6B4D, 0x6B6D, 0x6B4D, 0x630C, 0x5AEB, 0x5AEB, 0x5AEB, 0x630C, 0x630C, 0x632C, 0x630C, 0x5AEB, 0x630C,
    0x5AEB, 0x5AEB, 0x5AEB, 0x630C, 0x5AEB, 0x62EC, 0x5AEB, 0x5AEB, 0x5AEB, 0x5ACB, 0x5AEB, 0x630C, 0x62EC, 0x5ACB, 0x5AEB, 0x5ACA,
    0x5ACB, 0x5AEB, 0x5AEB, 0x5AEB, 0x5ACB, 0x5ACB, 0x5ACB, 0x5ACB, 0x5ACB, 0x5AAA, 0x5ACB, 0x5AAB, 0x5ACB, 0x52AA, 0x5ACB, 0x52AA,
    0x5ACB, 0x5ACA, 0x5ACB, 0x5ACB, 0x52AA, 0x5ACA, 0x5ACB, 0x5AEB, 0x52AA, 0x5ACB, 0x5ACB, 0x5AEB, 0x632C, 0x630C, 0x5AEB, 0x5AEB,
    0x5AEB, 0x5ACB, 0x5ACB, 0x630C, 0x630C, 0x632C, 0x630C, 0x62EB, 0x630C, 0x630C, 0x5AEB, 0x632C, 0x632C, 0x632C, 0x632C, 0x632C,
    0x6B4D, 0x6B4D, 0x6B6D, 0x6B6D, 0x6B4D, 0x632C, 0x632C, 0x632C, 0x630C, 0x5AEB, 0x630C, 0x5AEB, 0x5AEB, 0x630C, 0x630C, 0x632C,
    0x6B4D, 0x6B4D, 0x6B4D, 0x630C, 0x630C, 0x632C, 0x632C, 0x632C, 0x630C, 0x632C, 0x632C, 0x6B2C, 0x632C, 0x632D, 0x6B4D, 0x738E,
    0x738E, 0x6B4C, 0x632C, 0x632C, 0x630C, 0x632C, 0x6B4D, 0x630C, 0x632C, 0x632C, 0x62EB, 0x630C, 0x6B4D, 0x6B6D, 0x6B6D, 0x6B6D,
    0x6B4D, 0x632C, 0x6B2D, 0x6B4D, 0x632C, 0x632C, 0x6B6D, 0x738E, 0x738E, 0x738E, 0x6B4D, 0x6B4D, 0x738E, 0x738E, 0x738E, 0x6B6D,
    0x738E, 0x7BCF, 0x7BAF, 0x73AE, 0x6B6D, 0x738E, 0x738E, 0x7BCF, 0x73AE, 0x736E, 0x9CD3, 0xA534, 0xA514, 0x9CD3, 0xA4F3, 0x9CF3,
    0x9CD3, 0x9CB2, 0x9CD3, 0x94B2, 0x9CD3, 0x9CD3, 0x9CD3, 0x9CD3, 0x9CD3, 0x9CF3, 0x9CF3, 0x9CF3, 0x94B2, 0x9CD3, 0x94B2, 0x9492,
    0x9492, 0x9492, 0x94B2, 0x9492, 0x8C71, 0x9492, 0x94B2, 0x9492, 0x9472, 0x9492, 0x9492, 0x94B2, 0x94B2, 0x8C71, 0x9492, 0x94B2,
    0x9492, 0x8C71, 0x8C71, 0x8C71, 0x8C71, 0x8C71, 0x8C71, 0x9492, 0x9492, 0x9492, 0x9492, 0x94B2, 0x9492, 0x9492, 0x9492, 0x9492,
    0x8C71, 0x8C71, 0x9492, 0x94B2, 0x94B2, 0x9492, 0x8C71, 0x8C71, 0x8C71, 0x8C71, 0x8C51, 0x8C51, 0x8C51, 0x8C51, 0x8430, 0x8430,
    0x8430, 0x8430, 0x8C71, 0x2124, 0x1082, 0xE73C, 0xFFFF, 0xFFFF, 0xFFFF, 0xFFFF, 0xFFFF, 0xFFFF, 0xFFFF, 0xFFFF, 0xFFFF, 0xFFFF,
    0xFFFF, 0xFFFF, 0xFFFF, 0xFFFF, 0xFFFF, 0xFFFF, 0xFFFF, 0xFFFF, 0xFFFF, 0xFFFF, 0xFFFF, 0xFFFF, 0xFFFF, 0xFFFF, 0xFFFF, 0xFFFF,
    0x31A6, 0x4A49, 0xB5B6, 0xB596, 0x8C71, 0x9492, 0x8C71, 0x9471, 0x9492, 0x9492, 0x9492, 0x94B2, 0x9492, 0x94B2, 0x94B2, 0x9492,
    0x8C71, 0x9492, 0x9492, 0x9492, 0x9471, 0x9492, 0x9492, 0x94B2, 0x8C71, 0x9492, 0x9492, 0x9492, 0x9492, 0x8C71, 0x9472, 0x8C71,
    0x8C71, 0x8C71, 0x8C51, 0x8C71, 0x94B2, 0x94B2, 0x9492, 0x9471, 0x8C71, 0x8C71, 0x8C71, 0x9471, 0x9492, 0x94B2, 0x94B2, 0x94B2,
    0x94B2, 0x9CB2, 0x9CD3, 0x9CD3, 0x9CD3, 0xA514, 0xA4F4, 0x9CF3, 0x9CF3, 0x9CD3, 0x6B6D, 0x630C, 0x632C, 0x632C, 0x630C, 0x632C,
    0x630C, 0x632C, 0x632C, 0x632C, 0x632C, 0x632C, 0x630C, 0x5AEB, 0x5AEB, 0x5AEB, 0x630C, 0x632C, 0x632C, 0x6B4D, 0x630C, 0x630C,
    0x632C, 0x632C, 0x630C, 0x5AEB, 0x5AEB, 0x630C, 0x5AEB, 0x5ACB, 0x5AEB, 0x5AEB, 0x5ACB, 0x630C, 0x630C, 0x5AEB, 0x5AEB, 0x5ACB,
    0x5ACB, 0x5AEB, 0x5AEB, 0x5ACB, 0x5ACB, 0x52AA, 0x5ACB, 0x52AA, 0x52AA, 0x5AEB, 0x630C, 0x630C, 0x5AEB, 0x52AA, 0x52AA, 0x5ACB,
    0x5ACB, 0x5ACB, 0x630C, 0x5AEB, 0x5ACB, 0x5ACB, 0x5AEB, 0x5AEB, 0x630C, 0x5ACB, 0x5AEB, 0x630C, 0x632C, 0x5AEB, 0x5AEB, 0x5AEB,
    0x5AEB, 0x632C, 0x5AEB, 0x5AEB, 0x62EB, 0x5AEB, 0x630C, 0x5AEB, 0x5AEB, 0x62EB, 0x5AEB, 0x630C, 0x630C, 0x632C, 0x632C, 0x6B4D,
    0x632C, 0x632C, 0x6B4D, 0x6B4D, 0x632C, 0x630C, 0x630C, 0x630C, 0x630C, 0x630C, 0x630B, 0x5AEB, 0x5ACB, 0x630C, 0x632C, 0x632C,
    0x6B4D, 0x6B6D, 0x6B4D, 0x630C, 0x630C, 0x630C, 0x630C, 0x632C, 0x632C, 0x6B4D, 0x6B4D, 0x6B4D, 0x6B4D, 0x6B4D, 0x632C, 0x6B4D,
    0x6B4D, 0x632C, 0x632C, 0x6B4D, 0x632C, 0x632C, 0x632C, 0x6B4D, 0x6B4D, 0x6B4D, 0x632C, 0x6B4D, 0x6B6D, 0x6B6D, 0x6B4D, 0x632C,
    0x6B4D, 0x6B4D, 0x632C, 0x6B4D, 0x632C, 0x632C, 0x738E, 0x6B4D, 0x738E, 0x6B6D, 0x6B6D, 0x6B2C, 0x6B4D, 0x6B6D, 0x738E, 0x736D,
    0x73AE, 0x7BCF, 0x7BCF, 0x73AE, 0x7BCF, 0x7BCF, 0x73AE, 0x7BCF, 0x7BCF, 0x738E, 0x8C71, 0xAD55, 0xA534, 0xA514, 0x9CF3, 0x9CF3,
    0x9CD3, 0x9CD3, 0x9CD3, 0x9CB3, 0x94B2, 0x9CD3, 0x9CF3, 0x9CD3, 0x94B2, 0x9CD3, 0x9CD3, 0x94B2, 0x94B2, 0x9CF3, 0x94B2, 0x9492,
    0x9492, 0x9CB2, 0x94B2, 0x9492, 0x9492, 0x9492, 0x9492, 0x9492, 0x9492, 0x9492, 0x8C71, 0x8C71, 0x9492, 0x9492, 0x9492, 0x9492,
    0x94B2, 0x9492, 0x9471, 0x94B2, 0x9492, 0x8C71, 0x8C71, 0x9492, 0x8C71, 0x9471, 0x9492, 0x9492, 0x9492, 0x9492, 0x9471, 0x9492,
    0x8C71, 0x9492, 0x9492, 0x9492, 0x9492, 0x8C71, 0x9492, 0x8C71, 0x8C51, 0x8C71, 0x8C51, 0x8C51, 0x8C51, 0x8C51, 0x8C50, 0x8C51,
    0x8431, 0x8C51, 0x94B2, 0x4208, 0x0000, 0xBDD7, 0xFFFF, 0xFFDF, 0xFFFF, 0xFFFF, 0xFFFF, 0xFFFF, 0xFFFF, 0xFFFF, 0xFFFF, 0xFFFF,
    0xFFFF, 0xFFFF, 0xFFFF, 0xFFFF, 0xFFFF, 0xFFFF, 0xFFFF, 0xFFFF, 0xFFFF, 0xFFFF, 0xFFFF, 0xFFFF, 0xFFFF, 0xFFFF, 0xFFFF, 0xDEFB,
    0x18C3, 0x632C, 0xB5B6, 0x9CF3, 0x8C71, 0x9492, 0x9492, 0x8C71, 0x9472, 0x9492, 0x9492, 0x9492, 0x9492, 0x8C71, 0x8C71, 0x8C71,
    0x8C71, 0x94B2, 0x9492, 0x9492, 0x9492, 0x94B2, 0x94B2, 0x94B2, 0x9492, 0x9CD3, 0x9CD3, 0x94B2, 0x8C71, 0x9492, 0x9471, 0x9492,
    0x9492, 0x94D3, 0x8C71, 0x94B2, 0x9CD3, 0x9492, 0x8C71, 0x8C71, 0x8C71, 0x8C71, 0x8C51, 0x8C71, 0x8C71, 0x9492, 0x94B2, 0x94B2,
    0x9492, 0x9CF3, 0x94B2, 0x9CD3, 0x9CD3, 0x9CD3, 0xA514, 0x9CD3, 0xAD55, 0x8431, 0x6B4D, 0x6B4D, 0x6B4D, 0x6B4D, 0x632C, 0x630C,
    0x6B4D, 0x632C, 0x632C, 0x632C, 0x632C, 0x630C, 0x630C, 0x630C, 0x630C, 0x6B2D, 0x632C, 0x6B2D, 0x632C, 0x630C, 0x632C, 0x630C,
    0x630C, 0x630C, 0x630C, 0x5AEB, 0x630C, 0x630C, 0x632C, 0x630C, 0x62EB, 0x632C, 0x630C, 0x5AEB, 0x5ACB, 0x5AEB, 0x5ACB, 0x5AEB,
    0x5ACB, 0x52CA, 0x5ACB, 0x5ACB, 0x5ACB, 0x52AA, 0x5ACB, 0x52AA, 0x528A, 0x52AA, 0x52AA, 0x5ACB, 0x5AEB, 0x630C, 0x5ACB, 0x52AA,
    0x5AEB, 0x5AEB, 0x5AEB, 0x5AEB, 0x5ACB, 0x5AAB, 0x5ACB, 0x630C, 0x5AEB, 0x5ACB, 0x5ACB, 0x630C, 0x630C, 0x5ACB, 0x5ACB, 0x5AEB,
    0x630C, 0x5AEB, 0x5AEB, 0x5ACB, 0x52AA, 0x5ACB, 0x632C, 0x5AEB, 0x5B0C, 0x5AEB, 0x5ACB, 0x5AEB, 0x5AEB, 0x6B4D, 0x6B4D, 0x6B6D,
    0x632C, 0x630C, 0x632C, 0x6B4D, 0x632C, 0x6B4D, 0x6B4C, 0x6B4D, 0x630C, 0x630C, 0x630C, 0x632C, 0x630C, 0x630C, 0x630C, 0x6B4D,
    0x632C, 0x6B4D, 0x632C, 0x6B4D, 0x632C, 0x630C, 0x630C, 0x632C, 0x630C, 0x630C, 0x738E, 0x6B4D, 0x6B4D, 0x630C, 0x632C, 0x6B2D,
    0x6B6D, 0x738E, 0x6B4D, 0x630C, 0x632C, 0x632C, 0x632C, 0x630C, 0x632C, 0x632C, 0x632C, 0x632C, 0x632C, 0x6B4D, 0x6B6D, 0x6B4D,
    0x632C, 0x6B4D, 0x632C, 0x736D, 0x738E, 0x7BEF, 0x7BAF, 0x6B6D, 0x6B6D, 0x738E, 0x738E, 0x6B6D, 0x6B4D, 0x6B6D, 0x6B6D, 0x736D,
    0x73AE, 0x73AF, 0x738E, 0x738E, 0x7BCF, 0x73AE, 0x73AE, 0x7BCF, 0x7BCF, 0x7BCF, 0x7BEF, 0x9CF3, 0xA534, 0xA534, 0xA514, 0x9CF3,
    0x9CF3, 0x9CF3, 0x9CF3, 0x9CD3, 0x9CF3, 0x9CF3, 0x9CD3, 0x9CF3, 0x9CF3, 0x9CD3, 0x9CB2, 0x94B2, 0x9CD3, 0x9CD3, 0x9CD3, 0x94B2,
    0x9CF3, 0x9492, 0x94B2, 0x9CD3, 0x9CD3, 0x9492, 0x9471, 0x9471, 0x9492, 0x9492, 0x8C51, 0x9492, 0x94B2, 0x9492, 0x9492, 0x9472,
    0x9492, 0x9492, 0x9CB2, 0x8C71, 0x9492, 0x8C71, 0x9492, 0x8C71, 0x9492, 0x9492, 0x9492, 0x9492, 0x9492, 0x9492, 0x9492, 0x9471,
    0x9492, 0x8C71, 0x9492, 0x9491, 0x8C71, 0x9492, 0x9492, 0x8C71, 0x8C51, 0x8C51, 0x8C51, 0x8C51, 0x8C71, 0x8C71, 0x8430, 0x8C51,
    0x8C51, 0x8C51, 0x9492, 0x630C, 0x0000, 0x7BCF, 0xFFFF, 0xFFDF, 0xFFFF, 0xFFFF, 0xFFFF, 0xFFFF, 0xFFFF, 0xFFFF, 0xFFFF, 0xFFFF,
    0xFFFF, 0xFFFF, 0xFFFF, 0xFFFF, 0xFFFF, 0xFFFF, 0xFFFF, 0xFFFF, 0xFFFF, 0xFFFF, 0xFFFF, 0xFFFF, 0xFFFF, 0xFFDF, 0xFFFF, 0xAD75,
    0x1082, 0x8430, 0xBDD7, 0x9492, 0x9492, 0x9492, 0x9CD3, 0x9492, 0x9492, 0x9492, 0x9492, 0x9492, 0x9492, 0x8C71, 0x9492, 0x9492,
    0x9492, 0x94B2, 0x9492, 0x9492, 0x9492, 0x8C71, 0x8C71, 0x9492, 0x8C71, 0x9492, 0x7BAE, 0x2924, 0x18C3, 0x52AA, 0x9CD3, 0x8C51,
    0x9492, 0x6B4D, 0x2124, 0x2944, 0x39E7, 0x73AE, 0x94B2, 0x8C71, 0x9492, 0x8C71, 0x8C71, 0x9492, 0x9491, 0x9492, 0x94B2, 0x94B2,
    0x9CD3, 0x6B6D, 0x2124, 0x31A6, 0x94B2, 0x9CD3, 0x94B2, 0xA514, 0x73AE, 0x18C3, 0x2945, 0x5AEB, 0x6B6D, 0x6B4D, 0x632C, 0x632C,
    0x6B4D, 0x632C, 0x632C, 0x6B4D, 0x6B4D, 0x630C, 0x630C, 0x6B2D, 0x6B4D, 0x632C, 0x632C, 0x6B4D, 0x634C, 0x630C, 0x632C, 0x632C,
    0x5AEB, 0x632C, 0x5AEB, 0x5B0B, 0x5AEB, 0x5AEB, 0x632C, 0x52AA, 0x18E3, 0x2124, 0x630C, 0x5AEB, 0x5AEB, 0x630C, 0x5ACB, 0x5ACB,
    0x5AEB, 0x5ACB, 0x2124, 0x10A2, 0x18E3, 0x52AA, 0x5AEB, 0x52AA, 0x528A, 0x528A, 0x528A, 0x528A, 0x5AEB, 0x52AA, 0x2945, 0x0861,
    0x31A6, 0x5AEB, 0x5ACB, 0x5ACB, 0x5ACB, 0x2124, 0x1082, 0x3186, 0x5AEB, 0x5ACB, 0x5AEB, 0x5AEB, 0x5ACB, 0x5AEB, 0x52AB, 0x5AEB,
    0x39C7, 0x0861, 0x0861, 0x0861, 0x0861, 0x0861, 0x1082, 0x1081, 0x1082, 0x1081, 0x0861, 0x0861, 0x1082, 0x4228, 0x630C, 0x632C,
    0x6B4D, 0x632C, 0x6B4D, 0x632C, 0x632C, 0x630C, 0x630C, 0x632C, 0x630C, 0x630C, 0x6B4D, 0x632C, 0x6B4D, 0x6B6D, 0x6B4D, 0x6B2C,
    0x6B2D, 0x632C, 0x6B6D, 0x6B4D, 0x632C, 0x632C, 0x6B4D, 0x5AAB, 0x1082, 0x0861, 0x4207, 0x73AE, 0x6B4D, 0x632C, 0x4228, 0x10A2,
    0x18C3, 0x39C7, 0x5ACB, 0x6B4D, 0x630C, 0x632C, 0x6B4D, 0x632C, 0x632C, 0x632C, 0x6B4D, 0x738E, 0x39E7, 0x10A2, 0x18E3, 0x52AA,
    0x6B6D, 0x6B4D, 0x6B6D, 0x4A69, 0x2124, 0x39E7, 0x4A49, 0x738E, 0x738E, 0x738E, 0x738E, 0x6B6D, 0x6B4D, 0x738E, 0x6B6D, 0x6B6D,
    0x6B6D, 0x2965, 0x1082, 0x2124, 0x6B4D, 0x6B6D, 0x6B6D, 0x8410, 0x4208, 0x10A2, 0x18E3, 0x18E3, 0x18E3, 0x2124, 0x8410, 0xA514,
    0x9CD3, 0x9CF3, 0x9CF3, 0x9CF3, 0x9CF3, 0x9CF3, 0xA514, 0x6B4D, 0x4A69, 0x94B2, 0x9CF3, 0x9CD3, 0x9CD3, 0x9492, 0x31A6, 0x18C3,
    0x6B2C, 0x9CD3, 0x9492, 0x94B2, 0x94B2, 0x8C71, 0x9492, 0x9471, 0x8C71, 0x8C71, 0x94B2, 0x738E, 0x4208, 0x7BCF, 0x9CF3, 0x9492,
    0x8C71, 0x8C71, 0x526A, 0x18C3, 0x4228, 0x8C51, 0x8C71, 0x9492, 0x94B2, 0x9492, 0x9492, 0x9492, 0x9492, 0x9492, 0x9492, 0x9492,
    0x9492, 0x9471, 0x9471, 0x9492, 0x8C71, 0x8C71, 0x8C71, 0x8C71, 0x8C51, 0x8C51, 0x9492, 0x8C71, 0x8C51, 0x8C71, 0x8C51, 0x8C51,
    0x8C51, 0x8430, 0x8C51, 0x7BEF, 0x0020, 0x2965, 0xF7BE, 0xFFFF, 0xFFFF, 0xFFFF, 0xFFFF, 0xFFFF, 0xFFFF, 0xFFFF, 0xFFFF, 0xFFFF,
    0xFFFF, 0xFFFF, 0xFFFF, 0xFFFF, 0xFFFF, 0xFFFF, 0xFFFF, 0xFFFF, 0xFFFF, 0xFFFF, 0xFFFF, 0xFFFF, 0xFFFF, 0xFFFF, 0xFFFF, 0x6B6D,
    0x18E3, 0x9CD3, 0xBDD7, 0x8C72, 0x9492, 0x9492, 0x9492, 0x9492, 0x9492, 0x9492, 0x9492, 0x9492, 0x9492, 0x8C71, 0x8C71, 0x9492,
    0x94B2, 0x94B2, 0x94B2, 0x9492, 0x9492, 0x8C71, 0x8C71, 0x8C71, 0x8C51, 0x9471, 0x2945, 0x0000, 0x0000, 0x4A69, 0x9CF3, 0x8C71,
    0x94B2, 0x2124, 0x0000, 0x0000, 0x0000, 0x0861, 0x73AE, 0x9CD3, 0x8C71, 0x8C71, 0x8C71, 0x9492, 0x8C71, 0x9492, 0x94B2, 0x9492,
    0x39C7, 0x0000, 0x0000, 0x0000, 0x73AE, 0x9CD3, 0x9CD2, 0x8430, 0x0841, 0x0000, 0x0000, 0x2945, 0x6B4D, 0x6B4D, 0x6B4D, 0x6B4D,
    0x6B4D, 0x632D, 0x632D, 0x632C, 0x6B4D, 0x632C, 0x5AEB, 0x632C, 0x632C, 0x632C, 0x630C, 0x632C, 0x632C, 0x632C, 0x630C, 0x632C,
    0x630C, 0x630C, 0x5ACB, 0x5ACB, 0x630C, 0x5AEC, 0x62EC, 0x10A2, 0x0000, 0x0000, 0x39E7, 0x5AEC, 0x52AA, 0x5AEB, 0x5AEB, 0x5ACB,
    0x630C, 0x528A, 0x0020, 0x0000, 0x0841, 0x52AA, 0x5ACB, 0x52AA, 0x528A, 0x528A, 0x52AA, 0x5ACB, 0x4A69, 0x0861, 0x0000, 0x0000,
    0x1082, 0x52AA, 0x528A, 0x5AEB, 0x39C7, 0x0000, 0x0000, 0x0000, 0x39C7, 0x632C, 0x630C, 0x5AEB, 0x5ACB, 0x5AEB, 0x5AEB, 0x62EC,
    0x18C3, 0x0000, 0x0000, 0x0000, 0x0000, 0x0000, 0x0000, 0x0000, 0x0000, 0x0000, 0x0000, 0x0000, 0x0000, 0x2124, 0x630C, 0x630C,
    0x632C, 0x632C, 0x6B4D, 0x632C, 0x6B4C, 0x632C, 0x630C, 0x630C, 0x5AEB, 0x630C, 0x632C, 0x5AEB, 0x6B2D, 0x6B6D, 0x6B6D, 0x632C,
    0x632C, 0x6B4D, 0x6B6D, 0x6B4D, 0x632C, 0x630C, 0x6B6D, 0x4A49, 0x0000, 0x0000, 0x20E3, 0x6B4D, 0x6B4D, 0x6B6D, 0x3186, 0x0000,
    0x0000, 0x0000, 0x0020, 0x3186, 0x630C, 0x630C, 0x632C, 0x632C, 0x6B4D, 0x632C, 0x630C, 0x6B4D, 0x2104, 0x0000, 0x0000, 0x4228,
    0x73AE, 0x6B4D, 0x6B6D, 0x2104, 0x0000, 0x0000, 0x0000, 0x10A2, 0x52AA, 0x738E, 0x6B4D, 0x6B6D, 0x6B6D, 0x6B6D, 0x6B6D, 0x6B4D,
    0x6B6D, 0x1082, 0x0000, 0x0000, 0x5AEB, 0x738E, 0x6B4D, 0x7BCF, 0x2104, 0x0000, 0x0000, 0x0000, 0x0000, 0x0000, 0x4208, 0xA534,
    0x94B2, 0xA514, 0x9CF3, 0x9CD3, 0x9CF3, 0xA514, 0x52AA, 0x0000, 0x0000, 0x39C7, 0x9CF3, 0x9CD3, 0x9CF3, 0x73AE, 0x0000, 0x0000,
    0x0000, 0x5AAA, 0xA514, 0x94B2, 0x9492, 0x94B2, 0x9492, 0x94B2, 0x94B2, 0x9CD3, 0x738E, 0x0820, 0x0000, 0x1082, 0x7BCF, 0x9472,
    0x8C71, 0x8C71, 0x18C3, 0x0000, 0x0000, 0x2104, 0x8430, 0x9CD3, 0x94B2, 0x9CD3, 0x94B2, 0x9492, 0x8C71, 0x9471, 0x8C71, 0x9492,
    0x9492, 0x9492, 0x8C71, 0x8C71, 0x8C51, 0x8C71, 0x9492, 0x8C71, 0x8C71, 0x8C71, 0x9492, 0x8C71, 0x8C51, 0x8C71, 0x8C71, 0x8C51,
    0x8430, 0x8430, 0x8430, 0x8C51, 0x2124, 0x0020, 0xD69A, 0xFFFF, 0xFFDF, 0xFFFF, 0xFFFF, 0xFFFF, 0xFFFF, 0xFFFF, 0xFFFF, 0xFFFF,
    0xFFFF, 0xFFFF, 0xFFFF, 0xFFFF, 0xFFFF, 0xFFFF, 0xFFFF, 0xFFFF, 0xFFFF, 0xFFFF, 0xFFFF, 0xFFFF, 0xFFFF, 0xFFFF, 0xFFFF, 0x3186,
    0x31A6, 0xAD55, 0xAD55, 0x8C51, 0x94B2, 0x9492, 0x9492, 0x9492, 0x9492, 0x9492, 0x9492, 0x9492, 0x9492, 0x9492, 0x8C71, 0x8C71,
    0x9492, 0x9492, 0x9492, 0x9492, 0x9492, 0x9472, 0x9472, 0x8C71, 0x9492, 0x8C51, 0x10A2, 0x0000, 0x0000, 0x6B6D, 0x94B2, 0x8C71,
    0x8C71, 0x18C3, 0x0000, 0x0000, 0x0020, 0x0000, 0x18C3, 0x8C71, 0x8C71, 0x8C51, 0x8C71, 0x9472, 0x9492, 0x94B2, 0x9CF3, 0x4208,
    0x0000, 0x0000, 0x0000, 0x4228, 0xA514, 0x94B2, 0x9CF3, 0x8410, 0x0841, 0x0000, 0x0000, 0x0020, 0x5ACB, 0x738E, 0x6B6D, 0x6B6D,
    0x630C, 0x630C, 0x632C, 0x632C, 0x6B4D, 0x632C, 0x5AEB, 0x5AEB, 0x632C, 0x632C, 0x632C, 0x632C, 0x630C, 0x6B2C, 0x632C, 0x630C,
    0x632C, 0x632C, 0x5AEB, 0x5AEB, 0x632C, 0x632C, 0x630C, 0x18A2, 0x0000, 0x0000, 0x0861, 0x5ACB, 0x5AEB, 0x5ACB, 0x5AEB, 0x5ACB,
    0x630C, 0x5289, 0x0000, 0x0000, 0x10A2, 0x5AEB, 0x52AA, 0x52AA, 0x5ACA, 0x5ACB, 0x5ACB, 0x52AA, 0x10A2, 0x0000, 0x0000, 0x0000,
    0x4A49, 0x5ACB, 0x52AA, 0x630C, 0x4A69, 0x0861, 0x0000, 0x0000, 0x0020, 0x4A69, 0x5AEB, 0x5AEC, 0x630C, 0x630C, 0x5AEB, 0x632C,
    0x3186, 0x0020, 0x0820, 0x0020, 0x0020, 0x0020, 0x0020, 0x0020, 0x0020, 0x0020, 0x0020, 0x0020, 0x0020, 0x4228, 0x6B6D, 0x6B4D,
    0x6B4D, 0x632C, 0x6B4D, 0x6B4D, 0x6B4D, 0x6B4D, 0x632C, 0x632C, 0x5AEB, 0x5AEB, 0x5AEB, 0x632C, 0x632C, 0x6B4D, 0x6B4D, 0x632C,
    0x630C, 0x632C, 0x632C, 0x632C, 0x632C, 0x630C, 0x6B4D, 0x4A49, 0x0000, 0x0000, 0x18E3, 0x6B6D, 0x632C, 0x6B4D, 0x4A49, 0x0000,
    0x0000, 0x0000, 0x0000, 0x0000, 0x2945, 0x632C, 0x632C, 0x632C, 0x632C, 0x632C, 0x632C, 0x738E, 0x3186, 0x0000, 0x0000, 0x39C7,
    0x738E, 0x632C, 0x6B6D, 0x3186, 0x0000, 0x0000, 0x0000, 0x0000, 0x0020, 0x5ACB, 0x6B6D, 0x6B6D, 0x6B6D, 0x6B6D, 0x738E, 0x6B6D,
    0x7BCF, 0x2124, 0x0000, 0x0000, 0x528A, 0x7BCF, 0x6B6D, 0x738E, 0x4A69, 0x0020, 0x0020, 0x0020, 0x0841, 0x0000, 0x52AA, 0xB596,
    0xA514, 0xA514, 0x9CF3, 0x9CD3, 0x9CF3, 0x8410, 0x0020, 0x0000, 0x0000, 0x2945, 0x9CF3, 0x9CB2, 0x94B2, 0x9CD3, 0x528A, 0x0000,
    0x0000, 0x0000, 0x6B4D, 0x9CD3, 0x9492, 0x9471, 0x9492, 0x9492, 0x9492, 0x9CD3, 0x2965, 0x0000, 0x0020, 0x0020, 0x738E, 0x94B2,
    0x8C71, 0x9492, 0x73AE, 0x10A2, 0x0000, 0x0000, 0x2945, 0x9492, 0x94B2, 0x94B2, 0x94B2, 0x8C71, 0x8C71, 0x8C71, 0x8C71, 0x9471,
    0x8C71, 0x8C71, 0x8C71, 0x8C71, 0x8C71, 0x9472, 0x8C71, 0x9492, 0x9492, 0x9492, 0x8C71, 0x8C30, 0x8C51, 0x8C51, 0x8C51, 0x8C51,
    0x8C51, 0x8430, 0x8430, 0x8C71, 0x4A49, 0x0000, 0x8C71, 0xFFFF, 0xFFDF, 0xFFFF, 0xFFFF, 0xFFFF, 0xFFFF, 0xFFFF, 0xFFFF, 0xFFFF,
    0xFFFF, 0xFFFF, 0xFFFF, 0xFFFF, 0xFFFF, 0xFFFF, 0xFFFF, 0xFFFF, 0xFFFF, 0xFFFF, 0xFFFF, 0xFFFF, 0xFFFF, 0xFFFF, 0xE6FB, 0x10A2,
    0x5AEB, 0xA514, 0x9492, 0x8C71, 0x9492, 0x8C71, 0x9492, 0x94B2, 0x9492, 0x94B2, 0x9492, 0x9472, 0x8C71, 0x8C71, 0x9492, 0x8C71,
    0x9492, 0x94B2, 0x9492, 0x9492, 0x9492, 0x9472, 0x9471, 0x8C71, 0x94B2, 0x73AE, 0x0000, 0x0000, 0x0861, 0x7BEF, 0x8C71, 0x8C51,
    0x8C71, 0x8410, 0x630C, 0x18C3, 0x0000, 0x0020, 0x0000, 0x632C, 0x9CD3, 0x8C51, 0x9491, 0x9491, 0x94B2, 0x9CD3, 0x73AE, 0x0000,
    0x0000, 0x0000, 0x52AA, 0xAD54, 0xA4F3, 0x9CF3, 0x9CD3, 0x8410, 0x4A49, 0x0020, 0x0000, 0x0000, 0x4A69, 0x6B6D, 0x6B4D, 0x6B6D,
    0x632C, 0x632C, 0x6B4D, 0x632D, 0x632C, 0x632C, 0x630C, 0x630C, 0x632C, 0x634D, 0x6B4D, 0x6B4D, 0x632C, 0x6B4D, 0x632C, 0x632C,
    0x632C, 0x632C, 0x630C, 0x630C, 0x630C, 0x630C, 0x632C, 0x4A49, 0x0000, 0x0000, 0x0000, 0x2965, 0x632C, 0x5ACB, 0x5AEB, 0x5ACB,
    0x5AEB, 0x4228, 0x0000, 0x0000, 0x18C3, 0x5AEB, 0x5AEB, 0x52AA, 0x5ACB, 0x5ACB, 0x5AEB, 0x4208, 0x0000, 0x0000, 0x0000, 0x4228,
    0x630C, 0x52AA, 0x5ACB, 0x5ACB, 0x5AEB, 0x4228, 0x0020, 0x0000, 0x0000, 0x39E7, 0x5ACB, 0x5AEB, 0x630C, 0x632C, 0x630C, 0x5AEB,
    0x5ACB, 0x5ACB, 0x630C, 0x632C, 0x630C, 0x5AEB, 0x632C, 0x630C, 0x630C, 0x632C, 0x632C, 0x630C, 0x5AEB, 0x630C, 0x632C, 0x6B6D,
    0x632C, 0x6B4D, 0x632C, 0x6B4D, 0x632C, 0x632C, 0x6B4D, 0x632C, 0x5AEB, 0x630C, 0x5AEB, 0x632C, 0x632C, 0x6B4D, 0x632C, 0x630C,
    0x632C, 0x6B4D, 0x6B4D, 0x6B6D, 0x6B4D, 0x632C, 0x6B4D, 0x4229, 0x0000, 0x0000, 0x18C3, 0x6B6D, 0x6B4D, 0x6B6D, 0x6B4D, 0x630C,
    0x52AA, 0x2124, 0x0000, 0x0000, 0x0000, 0x528A, 0x630C, 0x630C, 0x6B2C, 0x6B4D, 0x6B4D, 0x73AE, 0x39E7, 0x0000, 0x0000, 0x2965,
    0x738E, 0x6B4D, 0x6B2D, 0x630B, 0x528A, 0x39C7, 0x0841, 0x0000, 0x0000, 0x1082, 0x6B4D, 0x736D, 0x6B6D, 0x738E, 0x738E, 0x6B6D,
    0x73AE, 0x3186, 0x0000, 0x0000, 0x4208, 0x7BEF, 0x738E, 0x738E, 0x73AE, 0x6B6D, 0x6B4D, 0x736D, 0x7BEF, 0x8430, 0xA514, 0xA534,
    0x9CF3, 0x9CF3, 0x9CF3, 0x9CD3, 0xA514, 0x6B6D, 0x0000, 0x0000, 0x0841, 0x9492, 0xA534, 0x9CF3, 0x9CD3, 0x9CD3, 0xA514, 0x5AEB,
    0x0000, 0x0000, 0x10A2, 0x9492, 0x9492, 0x9471, 0x9471, 0x9471, 0x94B2, 0x9492, 0x18C3, 0x0000, 0x0000, 0x4A49, 0x9CF3, 0x8C71,
    0x9492, 0x8C51, 0x9492, 0x8430, 0x18E3, 0x0000, 0x0000, 0x52AA, 0x9CF3, 0x9492, 0x94B2, 0x8C71, 0x9492, 0x9492, 0x8C71, 0x8C71,
    0x8C71, 0x8C71, 0x8C71, 0x8C51, 0x8C51, 0x8C71, 0x8C71, 0x8C51, 0x8C71, 0x8C71, 0x8C71, 0x8C71, 0x8C71, 0x8C71, 0x8C71, 0x8C71,
    0x8C51, 0x8C51, 0x8430, 0x8C51, 0x6B6D, 0x0000, 0x4208, 0xFFFF, 0xFFFF, 0xFFFF, 0xFFFF, 0xFFFF, 0xFFFF, 0xFFFF, 0xFFFF, 0xFFFF,
    0xFFFF, 0xFFFF, 0xFFFF, 0xFFFF, 0xFFFF, 0xFFFF, 0xFFFF, 0xFFFF, 0xFFFF, 0xFFFF, 0xFFFF, 0xFFFF, 0xFFDF, 0xFFFF, 0xAD55, 0x0020,
    0x7BEF, 0x9CD3, 0x8C51, 0x8C71, 0x8C71, 0x8C71, 0x8C71, 0x94B2, 0x94B2, 0x94B2, 0x94B2, 0x9492, 0x9492, 0x9492, 0x9492, 0x9492,
    0x9492, 0x9492, 0x8C71, 0x9492, 0x9492, 0x8C71, 0x8C71, 0x8C71, 0x9CD3, 0x4A69, 0x0000, 0x0000, 0x2965, 0x9471, 0x8430, 0x9471,
    0x9492, 0x9492, 0xA514, 0x73AE, 0x0000, 0x0020, 0x0000, 0x4A69, 0x9CF3, 0x8C71, 0x8C71, 0x9492, 0x94B2, 0xA514, 0x4A49, 0x0000,
    0x0000, 0x39C7, 0xA534, 0x9CD3, 0x9CD3, 0x9CF3, 0x9492, 0x630C, 0x5AEB, 0x0861, 0x0000, 0x0000, 0x4228, 0x630C, 0x6B2C, 0x6B6D,
    0x6B2C, 0x6B4D, 0x738E, 0x6B4D, 0x6B4D, 0x6B4D, 0x6B2D, 0x632C, 0x632C, 0x632C, 0x632C, 0x630C, 0x630C, 0x630C, 0x632C, 0x632C,
    0x632C, 0x630C, 0x5AEB, 0x630C, 0x630C, 0x5AEB, 0x5ACB, 0x630C, 0x2945, 0x0000, 0x0000, 0x0020, 0x528A, 0x630C, 0x5ACB, 0x5ACB,
    0x5ACB, 0x3186, 0x0000, 0x0000, 0x2124, 0x630C, 0x5AEB, 0x5AEB, 0x5ACB, 0x5AEB, 0x630C, 0x39E7, 0x0000, 0x0000, 0x2104, 0x5AEB,
    0x526A, 0x52AA, 0x52AA, 0x52AA, 0x528A, 0x52AA, 0x18C3, 0x0000, 0x0000, 0x4208, 0x5AEB, 0x5AEB, 0x630C, 0x630C, 0x5AEB, 0x5AEB,
    0x5AEB, 0x5AEB, 0x630C, 0x6B2D, 0x632C, 0x632C, 0x630C, 0x630C, 0x62EC, 0x632C, 0x630C, 0x6B4C, 0x630C, 0x5AEB, 0x630C, 0x6B4C,
    0x6B4D, 0x6B4D, 0x6B2D, 0x6B4D, 0x632C, 0x630C, 0x6B4D, 0x632C, 0x630C, 0x6B4C, 0x630C, 0x632C, 0x6B2C, 0x632C, 0x632C, 0x632C,
    0x632C, 0x6B4D, 0x6B4D, 0x6B6D, 0x736E, 0x6B6D, 0x6B4D, 0x4A69, 0x0000, 0x0000, 0x10A2, 0x6B6D, 0x6B4D, 0x6B4D, 0x6B4D, 0x6B2C,
    0x6B6D, 0x6B4D, 0x2104, 0x0000, 0x0000, 0x2945, 0x632C, 0x632C, 0x6B4D, 0x6B4D, 0x6B6D, 0x73AE, 0x4A49, 0x0000, 0x0000, 0x2124,
    0x632C, 0x6B4D, 0x632C, 0x632C, 0x6B6D, 0x7BCF, 0x4A69, 0x0000, 0x0000, 0x0000, 0x41E7, 0x73AE, 0x6B4D, 0x6B6D, 0x738E, 0x6B4D,
    0x738E, 0x4208, 0x0000, 0x0000, 0x31A6, 0x7BEF, 0x73AE, 0x7BCF, 0x73AE, 0x7BCF, 0x73AE, 0x7BCF, 0x7BEF, 0x8C51, 0xA534, 0xA534,
    0xA534, 0xA514, 0xA514, 0x9CF3, 0xA514, 0x7BEF, 0x0000, 0x0000, 0x0020, 0x7BEF, 0xAD55, 0x9CB3, 0x94B3, 0x9CD3, 0x9CD3, 0xAD55,
    0x5AEB, 0x0841, 0x39C7, 0x9492, 0x9491, 0x9492, 0x9492, 0x9492, 0x94B2, 0x9CD3, 0x2945, 0x0000, 0x0000, 0x2945, 0x9CF3, 0x94B2,
    0x8C71, 0x8C71, 0x8C30, 0x9492, 0x8410, 0x18E3, 0x1082, 0x73AE, 0x9CF3, 0x9492, 0x94B2, 0x9CB2, 0x94B2, 0x9492, 0x9472, 0x8C71,
    0x8C71, 0x8C71, 0x8C71, 0x8C51, 0x8C71, 0x8C71, 0x9492, 0x9492, 0x9492, 0x94B2, 0x9492, 0x8C71, 0x8C71, 0x8C71, 0x8C71, 0x8C51,
    0x8C51, 0x8C51, 0x8430, 0x8430, 0x8430, 0x1082, 0x10A2, 0xEF5D, 0xFFFF, 0xFFFF, 0xFFFF, 0xFFFF, 0xFFFF, 0xFFFF, 0xFFFF, 0xFFFF,
    0xFFFF, 0xFFFF, 0xFFFF, 0xFFFF, 0xFFFF, 0xFFFF, 0xFFFF, 0xFFFF, 0xFFFF, 0xFFFF, 0xFFFF, 0xFFFF, 0xFFDF, 0xFFFF, 0x6B4D, 0x0861,
    0x8C31, 0x8C51, 0x8C71, 0x9492, 0x9492, 0x9492, 0x9492, 0x94B2, 0x94B2, 0x94B2, 0x94B2, 0x9492, 0x9492, 0x9492, 0x8C72, 0x8C71,
    0x9492, 0x9492, 0x9492, 0x9492, 0x9492, 0x8C71, 0x8C71, 0x8C51, 0x9492, 0x2945, 0x0000, 0x0000, 0x528A, 0x94B2, 0x8C51, 0x9471,
    0x8C71, 0x8C71, 0x94B2, 0x8430, 0x0020, 0x0000, 0x0000, 0x5AEB, 0xA514, 0x9492, 0x9492, 0x9492, 0x9492, 0x9CF3, 0x31A6, 0x0000,
    0x0000, 0x6B6D, 0x9CF3, 0x94B2, 0x9CD3, 0x9CD3, 0x73AE, 0x632C, 0x5ACB, 0x0841, 0x0000, 0x0020, 0x52AA, 0x632C, 0x6B6D, 0x738D,
    0x6B4D, 0x6B6D, 0x6B6D, 0x6B4D, 0x6B4D, 0x632C, 0x6B2D, 0x632C, 0x632C, 0x6B4D, 0x632C, 0x632C, 0x632C, 0x632C, 0x632C, 0x632C,
    0x6B4D, 0x630C, 0x630C, 0x632C, 0x630C, 0x5B0C, 0x5AEB, 0x5ACB, 0x52AA, 0x0841, 0x0000, 0x0000, 0x18E3, 0x632C, 0x5AEB, 0x5AEB,
    0x5ACB, 0x3186, 0x0000, 0x0000, 0x39C7, 0x632C, 0x5ACB, 0x5AEB, 0x5ACA, 0x5ACB, 0x630C, 0x31A6, 0x0000, 0x0000, 0x2945, 0x5ACB,
    0x52AA, 0x52AA, 0x5ACB, 0x5ACB, 0x5ACB, 0x5AEB, 0x18C3, 0x0000, 0x0000, 0x4A28, 0x630C, 0x5AEB, 0x5AEB, 0x630C, 0x5ACB, 0x5AEB,
    0x630C, 0x630C, 0x632C, 0x630C, 0x630C, 0x630C, 0x632C, 0x630C, 0x5AEB, 0x630C, 0x632C, 0x632C, 0x632C, 0x630C, 0x5AEB, 0x630C,
    0x630C, 0x632C, 0x632C, 0x632C, 0x630C, 0x632C, 0x632C, 0x632C, 0x632C, 0x630C, 0x632C, 0x630C, 0x630C, 0x630C, 0x632C, 0x6B4D,
    0x632C, 0x6B4D, 0x6B4D, 0x6B4D, 0x632C, 0x6B4D, 0x6B4D, 0x5AAA, 0x0000, 0x0000, 0x10A2, 0x6B6D, 0x632C, 0x6B4D, 0x630C, 0x5ACB,
    0x630C, 0x632C, 0x4228, 0x0000, 0x0000, 0x2124, 0x6B4D, 0x6B4D, 0x6B4D, 0x6B4D, 0x6B4D, 0x6B6D, 0x528A, 0x0000, 0x0000, 0x10A2,
    0x632C, 0x6B2C, 0x630C, 0x6B4D, 0x632C, 0x630C, 0x6B4D, 0x18C3, 0x0000, 0x0000, 0x2945, 0x73AE, 0x73AE, 0x738E, 0x73AE, 0x738E,
    0x7BCF, 0x528A, 0x0000, 0x0000, 0x2103, 0x738E, 0x738E, 0x73AE, 0x738E, 0x73AE, 0x73AE, 0x7BCF, 0x7BCF, 0x7BEF, 0x9CD3, 0xAD75,
    0xA534, 0x9CF4, 0x9CF3, 0xA514, 0xA534, 0xA534, 0x2104, 0x0000, 0x0000, 0x10A2, 0x7BCF, 0xA514, 0xA4F4, 0x9CD3, 0x9CD3, 0xA514,
    0xA514, 0x8C51, 0x9492, 0x9492, 0x9492, 0x9492, 0x9472, 0x8C71, 0x8C71, 0x9CD3, 0x630C, 0x0000, 0x0020, 0x0000, 0x39C7, 0x8C71,
    0x9CD3, 0x9492, 0x8C71, 0x8C51, 0x94B2, 0x8C71, 0x8C51, 0x9CD3, 0x9492, 0x94B2, 0x94B2, 0x9492, 0x94B2, 0x9492, 0x9492, 0x9492,
    0x9492, 0x8C71, 0x8C71, 0x8C71, 0x8C71, 0x9492, 0x9492, 0x8C71, 0x8C71, 0x9492, 0x9472, 0x8C71, 0x9492, 0x9492, 0x8C71, 0x8C51,
    0x8C51, 0x8C51, 0x8C51, 0x8430, 0x8C71, 0x39C7, 0x0000, 0xBDD7, 0xFFFF, 0xFFDF, 0xFFFF, 0xFFFF, 0xFFFF, 0xFFFF, 0xFFFF, 0xFFFF,
    0xFFFF, 0xFFFF, 0xFFFF, 0xFFFF, 0xFFFF, 0xFFFF, 0xFFFF, 0xFFFF, 0xFFFF, 0xFFFF, 0xFFFF, 0xFFFF, 0xFFFF, 0xFFFF, 0x31A6, 0x2925,
    0x8C51, 0x8C51, 0x8C71, 0x8C71, 0x8C72, 0x9492, 0x9492, 0x9492, 0x9492, 0x9492, 0x94B2, 0x9492, 0x9492, 0x9471, 0x9472, 0x8C71,
    0x9492, 0x9492, 0x9492, 0x9492, 0x9492, 0x9492, 0x8C71, 0x8C71, 0x8410, 0x0861, 0x0000, 0x0000, 0x7BCF, 0x9CF3, 0x94B2, 0x9492,
    0x9492, 0x8C71, 0x9CB2, 0x6B4D, 0x0000, 0x0000, 0x0020, 0x83F0, 0x9CF3, 0x94B2, 0x9492, 0x94B2, 0x9492, 0x8C51, 0x1082, 0x0000,
    0x0020, 0x7BCF, 0x9CB2, 0x9492, 0x9CD3, 0x94B2, 0x6B4D, 0x6B6D, 0x4A49, 0x0000, 0x0000, 0x0861, 0x5ACB, 0x6B4D, 0x6B6D, 0x6B8D,
    0x6B6D, 0x6B6D, 0x738E, 0x6B4D, 0x632C, 0x632C, 0x6B4D, 0x6B4D, 0x632C, 0x632C, 0x632C, 0x6B4D, 0x6B4D, 0x6B6D, 0x6B4D, 0x630C,
    0x630C, 0x632C, 0x632C, 0x632C, 0x630C, 0x630C, 0x5AEB, 0x5AEB, 0x632C, 0x31A6, 0x0000, 0x0000, 0x0000, 0x4208, 0x630C, 0x52AA,
    0x5ACB, 0x52AA, 0x4A49, 0x4A6A, 0x630C, 0x5AEB, 0x52AA, 0x52AA, 0x5ACB, 0x5ACB, 0x630C, 0x2965, 0x0000, 0x0000, 0x2945, 0x5AEB,
    0x52AA, 0x5ACB, 0x5ACB, 0x5ACB, 0x5ACB, 0x5ACB, 0x10A2, 0x0000, 0x0000, 0x4A49, 0x632C, 0x5AEB, 0x630C, 0x5AEB, 0x5ACB, 0x5AEB,
    0x630C, 0x630C, 0x632C, 0x632C, 0x5AEB, 0x52AA, 0x4A69, 0x5ACB, 0x5AEB, 0x630C, 0x630C, 0x630C, 0x632C, 0x632C, 0x632C, 0x632C,
    0x630C, 0x630C, 0x632C, 0x632C, 0x630C, 0x6B6D, 0x6B6D, 0x632C, 0x630C, 0x630C, 0x632C, 0x6B4D, 0x632C, 0x6B4D, 0x6B4D, 0x6B4D,
    0x6B6D, 0x6B4D, 0x6B4D, 0x632C, 0x630C, 0x630C, 0x6B4D, 0x5ACB, 0x0020, 0x0000, 0x1082, 0x632C, 0x632C, 0x632C, 0x6B4D, 0x632D,
    0x630C, 0x6B4D, 0x39C7, 0x0000, 0x0000, 0x2945, 0x738E, 0x6B6D, 0x6B4D, 0x6B4D, 0x6B4D, 0x6B4D, 0x5ACB, 0x0020, 0x0000, 0x0861,
    0x632C, 0x632C, 0x632C, 0x632C, 0x632C, 0x632C, 0x738E, 0x2104, 0x0000, 0x0000, 0x2124, 0x7BCF, 0x7BCF, 0x7BCF, 0x73AE, 0x738E,
    0x738E, 0x5ACB, 0x0000, 0x0000, 0x1082, 0x7BCF, 0x8410, 0x7BCF, 0x73AE, 0x73AE, 0x7BEF, 0x8410, 0x8410, 0x7BCF, 0x8430, 0xA514,
    0xA514, 0xA534, 0x9CF3, 0x9CF3, 0x9CD3, 0xA514, 0x7BEF, 0x0841, 0x0000, 0x0000, 0x0020, 0x4208, 0x8410, 0xA513, 0xA514, 0x94B2,
    0x94B2, 0x9CF3, 0x94B2, 0x9492, 0x9492, 0x9492, 0x9492, 0x8C71, 0x8C71, 0x9492, 0x9CD3, 0x4228, 0x0000, 0x0000, 0x0000, 0x1082,
    0x4A49, 0x8410, 0x9CD3, 0x9CB2, 0x9492, 0x94B2, 0x9CD3, 0x94B2, 0x94B2, 0x94B2, 0x9492, 0x9492, 0x9491, 0x9492, 0x94B2, 0x9492,
    0x9492, 0x8C51, 0x8C71, 0x8C71, 0x8C71, 0x8C71, 0x9492, 0x8C71, 0x8C71, 0x8C71, 0x8C71, 0x8C71, 0x9492, 0x9472, 0x8C71, 0x8C51,
    0x8C71, 0x8C51, 0x8C51, 0x8C51, 0x9472, 0x5AEB, 0x0000, 0x738E, 0xFFFF, 0xFFDF, 0xFFFF, 0xFFFF, 0xFFFF, 0xFFFF, 0xFFFF, 0xFFFF,
    0xFFFF, 0xFFFF, 0xFFFF, 0xFFFF, 0xFFFF, 0xFFFF, 0xFFFF, 0xFFFF, 0xFFFF, 0xFFFF, 0xFFFF, 0xFFFF, 0xFFFF, 0xE73C, 0x1082, 0x528A,
    0x8C71, 0x8430, 0x8430, 0x8C51, 0x8C71, 0x9492, 0x94B2, 0x9492, 0x9492, 0x8C71, 0x9492, 0x9492, 0x9492, 0x9492, 0x9492, 0x9492,
    0x9492, 0x9492, 0x9492, 0x9472, 0x9492, 0x9492, 0x8C71, 0x94B2, 0x630C, 0x0000, 0x0000, 0x18C3, 0x9CB3, 0x9CD3, 0x94B2, 0x9492,
    0x9492, 0x8C51, 0x94B2, 0x4228, 0x0000, 0x0000, 0x2104, 0x9492, 0x9492, 0x9492, 0x9492, 0x9492, 0x9CD3, 0x738E, 0x0000, 0x0000,
    0x1082, 0x8C71, 0x9CF3, 0x9CF3, 0x9CF3, 0x7BEF, 0x632C, 0x6B6D, 0x39C7, 0x0000, 0x0000, 0x2104, 0x6B6D, 0x6B4D, 0x6B4D, 0x6B4D,
    0x6B4D, 0x6B6D, 0x6B6D, 0x6B4D, 0x630C, 0x632C, 0x6B4D, 0x632C, 0x630C, 0x630C, 0x630C, 0x6B2C, 0x6B4D, 0x6B6D, 0x6B4D, 0x6B4D,
    0x630C, 0x632C, 0x630C, 0x630C, 0x5AEB, 0x5AEB, 0x5AEB, 0x630C, 0x632D, 0x632C, 0x10A2, 0x0000, 0x0000, 0x1081, 0x52AA, 0x5AAA,
    0x5ACB, 0x5AEB, 0x632C, 0x632C, 0x5ACB, 0x5ACB, 0x5ACB, 0x52AA, 0x5ACB, 0x5ACA, 0x5AEB, 0x2104, 0x0000, 0x0000, 0x3186, 0x52AA,
    0x52AA, 0x5ACB, 0x528A, 0x5ACB, 0x5ACB, 0x52AA, 0x1082, 0x0000, 0x0000, 0x4A49, 0x630C, 0x5AEB, 0x630C, 0x62EC, 0x5ACB, 0x5ACB,
    0x630C, 0x630C, 0x630C, 0x632C, 0x632C, 0x2124, 0x0000, 0x0841, 0x52AA, 0x6B4D, 0x630C, 0x630C, 0x632C, 0x632C, 0x632C, 0x630C,
    0x630C, 0x630C, 0x632C, 0x630C, 0x630C, 0x6B4D, 0x6B4D, 0x6B4D, 0x632C, 0x632C, 0x630C, 0x6B6D, 0x738E, 0x6B6D, 0x6B6D, 0x6B4D,
    0x6B6D, 0x6B4D, 0x6B4D, 0x6B6D, 0x6B4D, 0x632C, 0x6B4D, 0x630C, 0x0841, 0x0000, 0x0841, 0x5AEB, 0x6B4D, 0x632C, 0x632C, 0x6B6D,
    0x6B6D, 0x4A69, 0x0841, 0x0000, 0x0000, 0x3186, 0x73AE, 0x6B4D, 0x6B4D, 0x6B6D, 0x6B6D, 0x6B4D, 0x5AEB, 0x0841, 0x0000, 0x0861,
    0x630C, 0x6B4D, 0x632C, 0x632C, 0x6B4D, 0x73AE, 0x4A69, 0x0020, 0x0000, 0x0000, 0x2945, 0x7BCE, 0x736D, 0x738E, 0x6B6D, 0x6B6D,
    0x6B4D, 0x6B4D, 0x0841, 0x0000, 0x0020, 0x39E7, 0x4A69, 0x4208, 0x632C, 0x7BCF, 0x73AE, 0x7BEF, 0x8410, 0x7BEF, 0x8410, 0x9CD3,
    0xAD55, 0xA514, 0xA4F4, 0x9CD3, 0x9CD3, 0x9CD3, 0xA534, 0x8410, 0x18C3, 0x0000, 0x0000, 0x0000, 0x0020, 0x3186, 0x736D, 0x94B2,
    0x9CD3, 0x94B2, 0x94B2, 0x9492, 0x94B2, 0x94B2, 0x9492, 0x9492, 0x9492, 0x94B2, 0x9CD3, 0xA514, 0x52AA, 0x0020, 0x0000, 0x0000,
    0x0000, 0x0841, 0x4228, 0x7BEF, 0x9CF3, 0x9CD3, 0x9492, 0x9CB2, 0x9CB2, 0x94B2, 0x94B2, 0x94B2, 0x94B2, 0x9492, 0x94B2, 0x9492,
    0x9492, 0x8C71, 0x8C71, 0x8C71, 0x8C71, 0x8C71, 0x9492, 0x9492, 0x9492, 0x8C71, 0x8C51, 0x8C71, 0x8C71, 0x8C71, 0x8C51, 0x8C51,
    0x8C71, 0x8C71, 0x8C71, 0x8C71, 0x9492, 0x7BEF, 0x0020, 0x39C7, 0xFFDF, 0xFFFF, 0xFFFF, 0xFFFF, 0xFFFF, 0xFFFF, 0xFFFF, 0xFFFF,
    0xFFFF, 0xFFFF, 0xFFFF, 0xFFFF, 0xFFFF, 0xFFFF, 0xFFFF, 0xFFFF, 0xFFFF, 0xFFFF, 0xFFFF, 0xFFDF, 0xFFFF, 0xAD75, 0x0000, 0x738E,
    0x8C71, 0x8C51, 0x8C51, 0x8C71, 0x9492, 0x9492, 0x9492, 0x9492, 0x94B2, 0x94B2, 0x9492, 0x9492, 0x9492, 0x94B2, 0x9492, 0x9492,
    0x94B2, 0x94B2, 0x94B2, 0x8C71, 0x9492, 0x94B2, 0x8C71, 0x94B2, 0x39C7, 0x0000, 0x0000, 0x39E7, 0xA514, 0x8C71, 0x9492, 0x8C71,
    0x9492, 0x9492, 0x9CB2, 0x2945, 0x0000, 0x0000, 0x4207, 0x9CF3, 0x9472, 0x9CB3, 0x9CB2, 0x9492, 0xA514, 0x5ACB, 0x0000, 0x0000,
    0x3186, 0x9CF3, 0x9CD3, 0xA513, 0x9492, 0x630C, 0x630C, 0x632D, 0x2945, 0x0000, 0x0000, 0x39E7, 0x73AE, 0x6B4D, 0x632C, 0x6B4D,
    0x6B4D, 0x6B4D, 0x6B4D, 0x632C, 0x630C, 0x632C, 0x632C, 0x632C, 0x632C, 0x632C, 0x630C, 0x6B4D, 0x6B4D, 0x6B4D, 0x6B4D, 0x6B4D,
    0x632C, 0x630C, 0x630C, 0x632C, 0x630C, 0x5AEB, 0x5ACB, 0x62EC, 0x630C, 0x6B6D, 0x4A49, 0x0000, 0x0000, 0x0000, 0x3186, 0x5ACB,
    0x5AEB, 0x5AEB, 0x5AEB, 0x5ACB, 0x5AEB, 0x52AA, 0x52AA, 0x5ACB, 0x5ACB, 0x52AA, 0x5ACA, 0x18C3, 0x0000, 0x0000, 0x4228, 0x5ACB,
    0x52AA, 0x5ACB, 0x52AA, 0x5ACB, 0x5ACB, 0x5ACB, 0x1082, 0x0000, 0x0000, 0x4228, 0x5AEB, 0x5AEB, 0x62EB, 0x5AEB, 0x5AEB, 0x5AEB,
    0x632C, 0x5AEB, 0x630C, 0x632C, 0x630C, 0x1082, 0x0000, 0x0000, 0x4A49, 0x632C, 0x630C, 0x630C, 0x632C, 0x632C, 0x632C, 0x630C,
    0x5AEB, 0x630C, 0x632C, 0x632C, 0x632C, 0x6B4D, 0x632C, 0x6B4D, 0x632C, 0x6B6D, 0x6B4D, 0x6B4D, 0x738E, 0x6B6D, 0x6B6D, 0x6B4D,
    0x632C, 0x6B4D, 0x6B4D, 0x6B4D, 0x6B4D, 0x632C, 0x630C, 0x632C, 0x0861, 0x0000, 0x0020, 0x5ACB, 0x6B4D, 0x630C, 0x630C, 0x2124,
    0x1082, 0x0020, 0x0000, 0x0000, 0x0000, 0x52AA, 0x6B2C, 0x632C, 0x632C, 0x6B4D, 0x738E, 0x6B6D, 0x632C, 0x0861, 0x0000, 0x0000,
    0x52AA, 0x6B6D, 0x6B4D, 0x6B4D, 0x528A, 0x2124, 0x0000, 0x0000, 0x0000, 0x0000, 0x4A69, 0x738E, 0x738E, 0x738E, 0x738E, 0x738E,
    0x6B6D, 0x738E, 0x10A2, 0x0000, 0x0000, 0x0000, 0x0000, 0x0000, 0x18E3, 0x7BAE, 0x73AE, 0x7BCF, 0x7BEF, 0x7BCF, 0x7BEF, 0x8431,
    0x9CF4, 0x9CF3, 0x9CF3, 0x9CF3, 0x9CF3, 0x9CD3, 0x9492, 0x9CF3, 0x94B3, 0x4A49, 0x0020, 0x0000, 0x0000, 0x0000, 0x0000, 0x2124,
    0x6B6D, 0x9CD3, 0x94B2, 0x94B2, 0x94B2, 0x94B2, 0x9492, 0x9492, 0x9492, 0x9492, 0x9CB2, 0x94B2, 0x9CD3, 0x73CE, 0x2124, 0x0000,
    0x0000, 0x0000, 0x0000, 0x0020, 0x3186, 0x7BEF, 0x9CD3, 0x9492, 0x9492, 0x94B2, 0x94B2, 0x9492, 0x94B2, 0x8C71, 0x94B2, 0x9492,
    0x9492, 0x8C71, 0x8C71, 0x9492, 0x9492, 0x9492, 0x9492, 0x9492, 0x8C71, 0x9492, 0x8C71, 0x8C30, 0x8C51, 0x8C71, 0x8C71, 0x8C71,
    0x8C51, 0x8C71, 0x8C71, 0x8C51, 0x8C71, 0x9492, 0x2945, 0x0020, 0xD69A, 0xFFFF, 0xFFFF, 0xFFFF, 0xFFFF, 0xFFFF, 0xFFFF, 0xFFFF,
    0xFFFF, 0xFFFF, 0xFFFF, 0xFFFF, 0xFFFF, 0xFFFF, 0xFFFF, 0xFFFF, 0xFFFF, 0xFFFF, 0xFFFF, 0xFFDF, 0xFFFF, 0x73AE, 0x0820, 0x8410,
    0x8C71, 0x8C71, 0x9492, 0x94B2, 0x9492, 0x9492, 0x94B2, 0x9492, 0x9492, 0x94B2, 0x94B2, 0x9492, 0x9492, 0x94B2, 0x9492, 0x9492,
    0x94B2, 0x9492, 0x9492, 0x8C71, 0x9492, 0x9492, 0x9492, 0x8C71, 0x18E3, 0x0000, 0x0000, 0x5AEB, 0x9CF3, 0x8C71, 0x9492, 0x8C71,
    0x8C51, 0x9492, 0x8430, 0x1062, 0x0000, 0x0000, 0x5AEB, 0x9CD3, 0x8C71, 0x9492, 0x9CD3, 0x9CD3, 0xA514, 0x39E7, 0x0000, 0x0000,
    0x52CB, 0xA534, 0x9492, 0x94B2, 0x738E, 0x632C, 0x632C, 0x632C, 0x18E3, 0x0000, 0x0000, 0x526A, 0x738E, 0x630C, 0x6B4D, 0x6B4D,
    0x630C, 0x630C, 0x6B4D, 0x6B4D, 0x632C, 0x632C, 0x632C, 0x6B4D, 0x6B4D, 0x6B6D, 0x6B4D, 0x632C, 0x632C, 0x632C, 0x6B6D, 0x630C,
    0x632C, 0x5AEB, 0x630C, 0x632C, 0x630C, 0x5AEB, 0x630C, 0x5AEB, 0x5AEB, 0x5AEB, 0x630C, 0x18C3, 0x0000, 0x0000, 0x0861, 0x630C,
    0x5AEB, 0x528A, 0x5ACA, 0x5AEB, 0x5AEB, 0x5ACB, 0x5ACB, 0x5ACB, 0x5ACB, 0x5AAA, 0x52AA, 0x10A2, 0x0000, 0x0000, 0x4A49, 0x52AA,
    0x52AA, 0x52AA, 0x5ACB, 0x5AEB, 0x62EC, 0x52AA, 0x0841, 0x0000, 0x0000, 0x4A28, 0x630C, 0x630C, 0x5AEB, 0x630C, 0x630C, 0x630C,
    0x632C, 0x630C, 0x632C, 0x632C, 0x5ACB, 0x0861, 0x0000, 0x0000, 0x4A49, 0x6B4D, 0x6B2C, 0x632C, 0x5AEB, 0x630C, 0x630C, 0x630C,
    0x5AEB, 0x632C, 0x6B4D, 0x632C, 0x632C, 0x6B4D, 0x6B2D, 0x632C, 0x632C, 0x6B2D, 0x6B4D, 0x6B4D, 0x6B6D, 0x6B4D, 0x6B4D, 0x6B4D,
    0x6B4D, 0x6B4D, 0x632C, 0x6B4D, 0x6B4D, 0x632C, 0x632C, 0x630C, 0x0882, 0x0000, 0x0000, 0x52AA, 0x6B6D, 0x6B4D, 0x5AEB, 0x0000,
    0x0000, 0x0000, 0x0000, 0x0000, 0x4A49, 0x6B6D, 0x630C, 0x6B2C, 0x6B4D, 0x6B4D, 0x738E, 0x738E, 0x6B6D, 0x10A2, 0x0000, 0x0000,
    0x4A49, 0x73AE, 0x73AE, 0x630C, 0x0020, 0x0000, 0x0000, 0x0020, 0x0000, 0x39C7, 0x7BCF, 0x6B6D, 0x6B6D, 0x6B6D, 0x6B6D, 0x6B6D,
    0x6B4D, 0x7BCF, 0x18E3, 0x0000, 0x0000, 0x0000, 0x0000, 0x0000, 0x0020, 0x738E, 0x7BCF, 0x7BCF, 0x73AE, 0x73AE, 0x7BCF, 0x7BF0,
    0x9492, 0x9CF3, 0x9CF3, 0xA514, 0x9CF3, 0x9CF3, 0x9CD3, 0x9CB3, 0x9CD3, 0xA514, 0x7BEF, 0x31A6, 0x0000, 0x0000, 0x0000, 0x0000,
    0x0000, 0x4A69, 0x9CD3, 0x9471, 0x9472, 0x9492, 0x94B2, 0x94B2, 0x94B2, 0x9492, 0x9492, 0x9492, 0x8C71, 0x9492, 0x9492, 0x6B4D,
    0x2925, 0x0000, 0x0000, 0x0000, 0x0000, 0x0861, 0x630C, 0x9CF3, 0x94B2, 0x9492, 0x9492, 0x8C71, 0x8C71, 0x9492, 0x94B2, 0x9492,
    0x9492, 0x9492, 0x9492, 0x9492, 0x9492, 0x8C71, 0x9492, 0x9492, 0x8C71, 0x9492, 0x9492, 0x8C51, 0x8C51, 0x9492, 0x9492, 0x8C71,
    0x8C71, 0x8C51, 0x8C51, 0x8C51, 0x8C51, 0x9492, 0x528A, 0x0000, 0x8C71, 0xFFFF, 0xFFDF, 0xFFFF, 0xFFFF, 0xFFFF, 0xFFFF, 0xFFFF,
    0xFFFF, 0xFFFF, 0xFFFF, 0xFFFF, 0xFFFF, 0xFFFF, 0xFFFF, 0xFFFF, 0xFFFF, 0xFFFF, 0xFFFF, 0xFFFF, 0xFFFF, 0x4228, 0x18E3, 0x9492,
    0x9492, 0x8C71, 0x9492, 0x8C71, 0x9492, 0x94B2, 0x9492, 0x9492, 0x9492, 0x9492, 0x9492, 0x9492, 0x94B2, 0x9492, 0x94B2, 0x9492,
    0x9492, 0x9492, 0x9492, 0x9492, 0x9492, 0x8C71, 0x8C71, 0x73AE, 0x0020, 0x0000, 0x0020, 0x7BCF, 0x9492, 0x8C71, 0x8C71, 0x9492,
    0x9492, 0x9CD3, 0x6B6D, 0x0000, 0x0000, 0x0020, 0x8C51, 0x9CD3, 0x94B2, 0x9492, 0x94B2, 0x9CD3, 0x94B2, 0x18C3, 0x0000, 0x0000,
    0x6B4D, 0xA514, 0x9CD3, 0x9492, 0x632C, 0x6B4D, 0x6B4D, 0x630C, 0x0861, 0x0000, 0x0020, 0x5AEB, 0x738E, 0x630C, 0x6B6D, 0x6B4D,
    0x6B4D, 0x6B4D, 0x6B6D, 0x6B6E, 0x6B6D, 0x6B4D, 0x632C, 0x632C, 0x630C, 0x6B2C, 0x6B4D, 0x6B4D, 0x632C, 0x6B4D, 0x6B6D, 0x630C,
    0x632C, 0x62EB, 0x630C, 0x632C, 0x632C, 0x5AEB, 0x5AEB, 0x5ACB, 0x630C, 0x5ACB, 0x5ACB, 0x4208, 0x0000, 0x0000, 0x0000, 0x3186,
    0x630C, 0x52AA, 0x52AA, 0x5ACB, 0x5AEB, 0x5ACB, 0x5ACB, 0x5ACB, 0x5ACB, 0x5AAA, 0x5ACB, 0x10A2, 0x0000, 0x0020, 0x4A69, 0x52AA,
    0x52AA, 0x52AA, 0x52AA, 0x528A, 0x5ACB, 0x528A, 0x0020, 0x0000, 0x0000, 0x4A69, 0x5AEB, 0x5AEB, 0x630B, 0x630C, 0x630C, 0x5AEB,
    0x632C, 0x632C, 0x630C, 0x632C, 0x62EC, 0x0861, 0x0000, 0x0000, 0x4228, 0x6B4D, 0x632C, 0x632C, 0x632C, 0x630C, 0x632C, 0x630C,
    0x632C, 0x6B2C, 0x632C, 0x630C, 0x632C, 0x6B4D, 0x6B6D, 0x6B4D, 0x6B4D, 0x630C, 0x6B4D, 0x6B6D, 0x6B6D, 0x6B6D, 0x6B4D, 0x6B4D,
    0x632C, 0x632C, 0x632C, 0x6B4D, 0x6B4D, 0x6B4D, 0x6B4D, 0x6B4D, 0x10A2, 0x0000, 0x0000, 0x4A49, 0x6B6D, 0x6B6D, 0x738E, 0x2104,
    0x0000, 0x0020, 0x2104, 0x5AAA, 0x73CE, 0x6B4D, 0x736D, 0x6B4D, 0x6B6D, 0x6B6D, 0x738E, 0x738E, 0x738E, 0x18E3, 0x0000, 0x0000,
    0x4228, 0x73AE, 0x6B6D, 0x632C, 0x1082, 0x0000, 0x0000, 0x0000, 0x4A49, 0x7BCF, 0x6B6D, 0x6B4D, 0x738E, 0x73AE, 0x738E, 0x6B6D,
    0x6B6D, 0x8410, 0x31A6, 0x0000, 0x0000, 0x0000, 0x10A2, 0x20E3, 0x31A6, 0x7BCF, 0x7BCF, 0x7BCF, 0x73AE, 0x73AE, 0x7BEF, 0x7BEF,
    0x9492, 0xA534, 0xA514, 0xA514, 0xA4F4, 0x9CF3, 0x9CD3, 0x94B2, 0x94B2, 0x9492, 0x9CF3, 0xA514, 0x73AE, 0x2965, 0x0000, 0x0000,
    0x0000, 0x0000, 0x39A6, 0x9492, 0x9CB2, 0x9492, 0x94B2, 0x94B2, 0x94B2, 0x94B2, 0x94B2, 0x9492, 0x9492, 0x9492, 0x9CB2, 0x9CF3,
    0x9CD3, 0x630C, 0x18E3, 0x0000, 0x0000, 0x0000, 0x0000, 0x528A, 0x9CF3, 0x94B2, 0x9492, 0x9492, 0x9492, 0x94B2, 0x94B2, 0x94B2,
    0x8C71, 0x9472, 0x9472, 0x8C71, 0x8C71, 0x8C71, 0x8C71, 0x9492, 0x9492, 0x9492, 0x8C71, 0x8C51, 0x8C71, 0x8C71, 0x8C71, 0x8C71,
    0x8C71, 0x8C51, 0x8C51, 0x8C51, 0x8430, 0x8C51, 0x6B6D, 0x0000, 0x52AA, 0xFFFF, 0xFFFF, 0xFFFF, 0xFFFF, 0xFFFF, 0xFFFF, 0xFFFF,
    0xFFFF, 0xFFFF, 0xFFFF, 0xFFFF, 0xFFFF, 0xFFFF, 0xFFFF, 0xFFFF, 0xFFFF, 0xFFFF, 0xFFFF, 0xFFFF, 0xE73C, 0x1082, 0x4228, 0x8C71,
    0x8C51, 0x8C71, 0x9492, 0x8C72, 0x8C72, 0x9492, 0x9492, 0x9492, 0x9492, 0x9492, 0x94B2, 0x9492, 0x9472, 0x9492, 0x9492, 0x9492,
    0x9492, 0x9492, 0x94B2, 0x9492, 0x9492, 0x8C51, 0x9492, 0x528A, 0x0000, 0x0000, 0x2104, 0x9492, 0x8C71, 0x9492, 0x8C71, 0x9471,
    0x94B2, 0xAD55, 0x528A, 0x0000, 0x0000, 0x10A2, 0x9CD3, 0x9CD3, 0x9CD3, 0x9CD3, 0x94B2, 0x9CD3, 0x7BCF, 0x0020, 0x0000, 0x0020,
    0x8C51, 0x9CF3, 0x9CF3, 0x7BCF, 0x632C, 0x630C, 0x6B4D, 0x52AA, 0x0000, 0x0000, 0x0861, 0x632C, 0x6B4D, 0x632C, 0x6B4D, 0x6B4D,
    0x6B2C, 0x6B4D, 0x6B6D, 0x6B6D, 0x738E, 0x738E, 0x632C, 0x5AEB, 0x5AEB, 0x630C, 0x632C, 0x6B4D, 0x632C, 0x632C, 0x632C, 0x632C,
    0x630C, 0x630C, 0x5AEB, 0x630C, 0x632C, 0x632C, 0x630C, 0x630C, 0x630C, 0x5ACB, 0x5ACB, 0x5AEB, 0x2124, 0x0000, 0x0000, 0x0020,
    0x4A69, 0x630C, 0x5AEB, 0x5AEB, 0x5ACA, 0x5AEB, 0x5ACA, 0x52AA, 0x52AA, 0x5ACB, 0x52AA, 0x0841, 0x0000, 0x0020, 0x528A, 0x5ACB,
    0x5ACB, 0x528A, 0x52AA, 0x4A69, 0x528A, 0x4A69, 0x0020, 0x0000, 0x0841, 0x5ACB, 0x5ACB, 0x52AA, 0x630B, 0x5AEB, 0x5AEB, 0x5AEB,
    0x62EB, 0x630C, 0x5AEB, 0x6B4D, 0x6B4D, 0x0861, 0x0000, 0x0000, 0x4228, 0x630C, 0x5AEB, 0x630C, 0x630C, 0x630C, 0x632C, 0x632C,
    0x630C, 0x630C, 0x630C, 0x630C, 0x630C, 0x632C, 0x6B6D, 0x6B6D, 0x6B4D, 0x632C, 0x6B2C, 0x6B4D, 0x738E, 0x6B6D, 0x6B4D, 0x6B4D,
    0x6B2D, 0x632C, 0x6B2D, 0x6B4D, 0x6B2D, 0x6B4D, 0x6B6D, 0x738E, 0x18E3, 0x0000, 0x0000, 0x4A29, 0x738E, 0x6B2C, 0x6B4D, 0x630C,
    0x630C, 0x6B6D, 0x73AE, 0x738E, 0x6B2C, 0x6B4D, 0x6B4D, 0x6B6D, 0x6B6D, 0x736E, 0x6B6D, 0x6B4D, 0x738E, 0x2945, 0x0000, 0x0000,
    0x39E7, 0x6B4D, 0x630C, 0x6B6D, 0x528A, 0x0000, 0x0000, 0x0000, 0x4A49, 0x738D, 0x738E, 0x738E, 0x6B6D, 0x736D, 0x6B6D, 0x6B6D,
    0x6B6D, 0x7BEF, 0x4208, 0x0000, 0x0000, 0x18E3, 0x7BEF, 0x7BEF, 0x8410, 0x7BAE, 0x7BCF, 0x7BEF, 0x7BEF, 0x73AE, 0x7BCF, 0x7BEF,
    0x8410, 0xA514, 0xA534, 0x9CD3, 0x9CF3, 0x9CD3, 0x94B2, 0x9CD3, 0x9CB2, 0x94B2, 0x9CD3, 0x94B2, 0x9CD3, 0x9CD3, 0x73AE, 0x2965,
    0x0000, 0x0000, 0x0000, 0x2965, 0x9492, 0x9CD3, 0x9CB3, 0x94B2, 0x94B2, 0x9492, 0x9492, 0x9492, 0x9492, 0x94B2, 0x94B2, 0x94B2,
    0x9492, 0x94B2, 0x8C71, 0x5AEB, 0x18C3, 0x0000, 0x0020, 0x0000, 0x39C7, 0x9CB3, 0x94B2, 0x94B2, 0x94B2, 0x94B2, 0x9492, 0x9492,
    0x94B2, 0x9492, 0x8C71, 0x9492, 0x8C71, 0x94B2, 0x9492, 0x9492, 0x9472, 0x9492, 0x8C71, 0x8C51, 0x8C71, 0x9492, 0x8C71, 0x8C51,
    0x8C51, 0x8C51, 0x8C51, 0x8C51, 0x8C51, 0x8C51, 0x8410, 0x1082, 0x10A2, 0xE73C, 0xFFFF, 0xFFFF, 0xFFFF, 0xFFFF, 0xFFFF, 0xFFFF,
    0xFFFF, 0xFFFF, 0xFFFF, 0xFFFF, 0xFFFF, 0xFFFF, 0xFFFF, 0xFFFF, 0xFFFF, 0xFFFF, 0xFFDF, 0xFFFF, 0xB5B6, 0x0000, 0x630C, 0x8C71,
    0x8C51, 0x8C71, 0x9492, 0x9492, 0x9492, 0x94B2, 0x9492, 0x9492, 0x9492, 0x9492, 0x9492, 0x8C71, 0x9492, 0x9492, 0x9492, 0x9492,
    0x9492, 0x9472, 0x9492, 0x9492, 0x9492, 0x9492, 0x94B2, 0x3186, 0x0000, 0x0000, 0x39E7, 0x9CF3, 0x8C71, 0x9492, 0x9492, 0x9492,
    0x9492, 0x9CF3, 0x2965, 0x0000, 0x0000, 0x2965, 0x9CF3, 0x94B2, 0x9CF3, 0x94B2, 0x94B2, 0xA4F4, 0x630C, 0x0000, 0x0000, 0x2104,
    0xA514, 0x9CF3, 0x8C71, 0x630C, 0x632C, 0x632C, 0x6B6D, 0x4228, 0x0000, 0x0000, 0x18E3, 0x738D, 0x6B4D, 0x632C, 0x6B4D, 0x6B6D,
    0x632C, 0x6B4D, 0x6B4D, 0x6B4D, 0x6B4D, 0x632D, 0x632C, 0x632C, 0x6B4D, 0x6B4D, 0x632C, 0x632C, 0x6B4D, 0x632C, 0x632C, 0x632C,
    0x632C, 0x6B4D, 0x630C, 0x630C, 0x5AEC, 0x5ACB, 0x31A6, 0x2965, 0x4A49, 0x62EC, 0x5AEB, 0x630C, 0x528A, 0x0020, 0x0000, 0x0000,
    0x18E3, 0x632C, 0x630C, 0x5AEB, 0x5ACB, 0x5AEB, 0x5AEB, 0x5ACB, 0x52AA, 0x5ACB, 0x4A49, 0x0000, 0x0000, 0x0841, 0x528A, 0x52AA,
    0x52AA, 0x528A, 0x52AA, 0x528A, 0x52AA, 0x4A49, 0x0000, 0x0000, 0x0841, 0x5ACB, 0x5ACB, 0x5ACB, 0x5ACB, 0x5ACB, 0x5ACB, 0x5ACB,
    0x6B4D, 0x632C, 0x630C, 0x6B4D, 0x630C, 0x0861, 0x0000, 0x0000, 0x4A49, 0x5AEB, 0x5AEB, 0x630C, 0x630C, 0x630C, 0x630C, 0x630C,
    0x630C, 0x630C, 0x630C, 0x632C, 0x632C, 0x6B4D, 0x6B4D, 0x632C, 0x6B4D, 0x632C, 0x632C, 0x630C, 0x630C, 0x630C, 0x632C, 0x6B2D,
    0x6B6D, 0x6B4D, 0x6B4D, 0x6B4D, 0x6B4D, 0x6B6D, 0x632C, 0x6B6D, 0x2104, 0x0000, 0x0000, 0x4228, 0x7BCF, 0x6B6D, 0x6B2C, 0x6B4D,
    0x738E, 0x73AE, 0x73AE, 0x738E, 0x738E, 0x6B6D, 0x6B6D, 0x6B6D, 0x6B6D, 0x6B6D, 0x6B6D, 0x6B4D, 0x6B6D, 0x3186, 0x0000, 0x0000,
    0x2965, 0x6B2C, 0x5ACB, 0x632C, 0x7BCF, 0x3186, 0x0000, 0x0000, 0x0841, 0x632C, 0x738E, 0x73AE, 0x6B6D, 0x736E, 0x738E, 0x73AE,
    0x6B6D, 0x73AE, 0x4A49, 0x0000, 0x0000, 0x18C3, 0x738E, 0x73AE, 0x73AE, 0x73AE, 0x7BCF, 0x7BCF, 0x7BCF, 0x8410, 0x7BCF, 0x7BEF,
    0x7BEF, 0x8C51, 0xA4F4, 0x9CF3, 0x9CF3, 0x9CD3, 0x9CD3, 0x9492, 0x9CF3, 0xA514, 0x9CF3, 0x9CD3, 0x94B2, 0x94B2, 0x9CF3, 0x9CF3,
    0x5AEB, 0x0020, 0x0000, 0x0000, 0x39E7, 0xA514, 0x9CD3, 0x9CD3, 0x9492, 0x9472, 0x9492, 0x94B2, 0x9492, 0x9492, 0x94B2, 0x94B2,
    0x9492, 0x9492, 0x9471, 0x9CD3, 0x9CD3, 0x4A49, 0x0000, 0x0000, 0x0000, 0x4228, 0xA514, 0x94B2, 0x94B2, 0x9492, 0x9472, 0x9492,
    0x94B2, 0x9CD3, 0x94B2, 0x94B2, 0x94B2, 0x94B2, 0x94B2, 0x9492, 0x94B2, 0x9492, 0x9492, 0x9492, 0x9492, 0x9492, 0x8C71, 0x8C71,
    0x8C51, 0x8C71, 0x8C51, 0x8C51, 0x8C51, 0x8430, 0x8C51, 0x39E7, 0x0000, 0xB5B6, 0xFFFF, 0xFFDF, 0xFFFF, 0xFFFF, 0xFFFF, 0xFFFF,
    0xFFFF, 0xFFFF, 0xFFFF, 0xFFFF, 0xFFFF, 0xFFFF, 0xFFFF, 0xFFFF, 0xFFFF, 0xFFFF, 0xFFDF, 0xFFFF, 0x7BEF, 0x0000, 0x7BCF, 0x8C51,
    0x8C51, 0x8C71, 0x8C71, 0x9492, 0x9492, 0x9492, 0x9492, 0x9492, 0x9492, 0x9492, 0x9492, 0x8C71, 0x9492, 0x94B2, 0x94B2, 0x9492,
    0x9492, 0x9492, 0x8C71, 0x8C71, 0x9492, 0x9492, 0x8C51, 0x1082, 0x0000, 0x0000, 0x5ACB, 0x9CB3, 0x8C71, 0x94B2, 0x94B2, 0x9471,
    0x9492, 0x7BCF, 0x0841, 0x0000, 0x0000, 0x52AA, 0xA514, 0x9472, 0x9CD3, 0x9CD3, 0x94B2, 0xA514, 0x4228, 0x0000, 0x0000, 0x4A28,
    0xAD55, 0x9CF3, 0x738E, 0x630C, 0x6B4D, 0x6B4D, 0x6B6D, 0x2945, 0x0000, 0x0000, 0x3186, 0x738E, 0x6B4D, 0x6B4D, 0x6B6D, 0x6B6D,
    0x6B4D, 0x6B4D, 0x632C, 0x632C, 0x632C, 0x6B4D, 0x632C, 0x632C, 0x6B6D, 0x6B4D, 0x630C, 0x632C, 0x632C, 0x6B6D, 0x6B4D, 0x6B6D,
    0x6B6D, 0x6B6D, 0x6B4D, 0x6B4D, 0x6B6D, 0x39C7, 0x0000, 0x0000, 0x2124, 0x630C, 0x5AEB, 0x5ACB, 0x5AEB, 0x2945, 0x0000, 0x0000,
    0x0000, 0x39E7, 0x632C, 0x630C, 0x5AEB, 0x5AEB, 0x5AEB, 0x52AA, 0x528A, 0x5ACB, 0x4228, 0x0000, 0x0000, 0x0861, 0x52AA, 0x5ACB,
    0x52AA, 0x528A, 0x528A, 0x52AA, 0x630C, 0x4A49, 0x0000, 0x0000, 0x0841, 0x5AAB, 0x5ACB, 0x5ACB, 0x5ACB, 0x5ACB, 0x62EB, 0x630C,
    0x6B2D, 0x632C, 0x630C, 0x632C, 0x5ACB, 0x0841, 0x0000, 0x0000, 0x4A49, 0x630C, 0x632C, 0x630C, 0x630C, 0x5AEB, 0x5AEB, 0x5ACB,
    0x630C, 0x630C, 0x632C, 0x6B4D, 0x6B4D, 0x6B6D, 0x6B4D, 0x6B4D, 0x6B2D, 0x632C, 0x632C, 0x630C, 0x630C, 0x632C, 0x630C, 0x6B4D,
    0x6B4D, 0x6B4D, 0x6B6D, 0x6B6D, 0x6B4D, 0x6B6D, 0x632C, 0x6B4D, 0x2104, 0x0000, 0x0000, 0x4228, 0x8410, 0x73AE, 0x6B6D, 0x6B4D,
    0x6B2D, 0x6B4D, 0x6B4D, 0x738E, 0x738E, 0x6B6D, 0x6B6D, 0x6B4D, 0x6B4D, 0x6B4D, 0x6B6D, 0x6B6D, 0x6B6D, 0x39C7, 0x0000, 0x0000,
    0x2945, 0x736E, 0x630C, 0x632C, 0x6B6D, 0x6B4D, 0x0861, 0x0000, 0x0000, 0x3186, 0x73AE, 0x738E, 0x6B6D, 0x6B6D, 0x6B6D, 0x738E,
    0x73AE, 0x73AE, 0x52AA, 0x0000, 0x0000, 0x0861, 0x6B6D, 0x738E, 0x738E, 0x738E, 0x73AE, 0x7BCF, 0x7BCF, 0x7BCF, 0x7BCF, 0x7BEF,
    0x8410, 0x73AE, 0x9492, 0xA4F4, 0x9CD3, 0x9CD3, 0x9CB2, 0x9CB3, 0x9CD3, 0x7BCF, 0x9492, 0x9CD3, 0x9492, 0x94B2, 0x94B2, 0x9492,
    0xA554, 0x630C, 0x0020, 0x0000, 0x0000, 0x6B4D, 0x9CF3, 0x9492, 0x9492, 0x94B2, 0x9CD3, 0x94B2, 0x9CD3, 0x8430, 0x630C, 0x8C51,
    0x8C51, 0x8C71, 0x9492, 0x9492, 0x94B2, 0xA534, 0x4A8A, 0x0000, 0x0020, 0x0000, 0x7BCF, 0x9CF3, 0x9472, 0x8C71, 0x8C71, 0x94B2,
    0x94B2, 0x9CD3, 0x9CD3, 0x9CD3, 0x94B2, 0x9492, 0x9492, 0x9492, 0x9492, 0x9492, 0x9492, 0x9492, 0x9492, 0x9492, 0x8C71, 0x9492,
    0x94B2, 0x8C71, 0x8C51, 0x8C51, 0x8C31, 0x8410, 0x8C51, 0x632C, 0x0000, 0x7BCF, 0xFFFF, 0xFFDF, 0xFFFF, 0xFFFF, 0xFFFF, 0xFFFF,
    0xFFFF, 0xFFFF, 0xFFFF, 0xFFFF, 0xFFFF, 0xFFFF, 0xFFFF, 0xFFFF, 0xFFFF, 0xFFFF, 0xFFFF, 0xFFFF, 0x4228, 0x18C3, 0x8C71, 0x8C51,
    0x9472, 0x8C71, 0x8C71, 0x8C71, 0x8C71, 0x9492, 0x9492, 0x9492, 0x9492, 0x9492, 0x9492, 0x9492, 0x94B2, 0x94B2, 0x9CD3, 0x94B2,
    0x94B2, 0x94B2, 0x9492, 0x8C71, 0x8C71, 0x94B2, 0x6B4D, 0x0000, 0x0000, 0x0020, 0x7BCF, 0x9492, 0x8C71, 0x8C71, 0x9CD3, 0x9CD3,
    0x8C51, 0x2124, 0x0000, 0x0000, 0x0841, 0x8C71, 0x9CF3, 0x9CD3, 0x94B2, 0x94B2, 0x9CD3, 0x9CF3, 0x2945, 0x0000, 0x0000, 0x52AA,
    0xAD75, 0x8C71, 0x6B6D, 0x6B6D, 0x632C, 0x6B4D, 0x5AEB, 0x0841, 0x0000, 0x0000, 0x4228, 0x6B6D, 0x632C, 0x6B6D, 0x6B6D, 0x6B4D,
    0x6B4D, 0x6B4D, 0x6B2C, 0x632C, 0x632C, 0x6B4D, 0x632C, 0x632C, 0x6B6D, 0x6B4D, 0x6B4D, 0x632C, 0x6B4D, 0x738E, 0x6B4D, 0x6B4D,
    0x6B6D, 0x6B4D, 0x6B6D, 0x6B4D, 0x6B4D, 0x2945, 0x0000, 0x0000, 0x3166, 0x630C, 0x5ACB, 0x5AEB, 0x5AEB, 0x52AA, 0x0861, 0x0000,
    0x0000, 0x0861, 0x52AA, 0x630C, 0x5AEB, 0x5AEB, 0x630C, 0x52AA, 0x52AA, 0x5ACB, 0x4208, 0x0000, 0x0000, 0x0841, 0x5269, 0x528A,
    0x5269, 0x528A, 0x5ACB, 0x5ACB, 0x630C, 0x31A6, 0x0000, 0x0000, 0x0861, 0x528A, 0x5AEB, 0x5AEB, 0x5ACB, 0x5AEB, 0x5AEB, 0x5AEB,
    0x5AEB, 0x5AEB, 0x5ACB, 0x632C, 0x5ACB, 0x0841, 0x0000, 0x0000, 0x528A, 0x632C, 0x632C, 0x632C, 0x632C, 0x632C, 0x632C, 0x5AEB,
    0x632C, 0x630C, 0x630C, 0x6B4D, 0x6B4D, 0x6B4D, 0x6B4D, 0x6B4D, 0x632C, 0x630C, 0x630C, 0x632C, 0x630C, 0x632C, 0x6B2C, 0x632C,
    0x632C, 0x6B6D, 0x6B6D, 0x738E, 0x6B4D, 0x632C, 0x738E, 0x6B4D, 0x2124, 0x0000, 0x0000, 0x39E7, 0x7BEF, 0x73AE, 0x6B6D, 0x6B4D,
    0x6B2D, 0x6B6D, 0x6B6D, 0x738E, 0x738E, 0x738E, 0x6B6D, 0x6B2C, 0x632C, 0x6B4D, 0x6B4D, 0x6B4D, 0x6B6D, 0x4228, 0x0000, 0x0000,
    0x18E3, 0x738E, 0x6B4D, 0x632C, 0x6B4D, 0x73AE, 0x4228, 0x0000, 0x0000, 0x0000, 0x5ACB, 0x738E, 0x6B4D, 0x6B4D, 0x6B4D, 0x738E,
    0x6B6D, 0x73AE, 0x6B4D, 0x0841, 0x0000, 0x0020, 0x630C, 0x73AE, 0x738E, 0x738E, 0x738E, 0x7BCF, 0x73AE, 0x73AE, 0x8410, 0x8410,
    0x7BEF, 0x7BAE, 0x8410, 0xA4F3, 0x9CF3, 0x9CF3, 0x9CD3, 0x94B2, 0x2965, 0x0000, 0x3186, 0x9492, 0x9492, 0x9492, 0x9CD3, 0x9CF3,
    0x94B2, 0x9CF3, 0x2945, 0x0000, 0x0000, 0x3186, 0x9CB2, 0x8C71, 0x94B2, 0x94B2, 0x9CD3, 0x9CF3, 0x8410, 0x10A2, 0x0000, 0x39C7,
    0x9CD3, 0x94B2, 0x94B2, 0x94B2, 0x94B2, 0x94B2, 0x9CF3, 0x18E3, 0x0000, 0x0000, 0x4208, 0x9CD3, 0x9492, 0x8C71, 0x8C71, 0x94B2,
    0x94B2, 0x94B2, 0x9CD3, 0x94B2, 0x94B2, 0x94B2, 0x94B2, 0x94B2, 0x94B2, 0x9492, 0x9492, 0x9472, 0x8C71, 0x9492, 0x9492, 0x9492,
    0x9492, 0x8C51, 0x8C51, 0x8430, 0x8430, 0x8410, 0x8C31, 0x73AE, 0x0000, 0x39A6, 0xFFDF, 0xFFFF, 0xFFFF, 0xFFFF, 0xFFFF, 0xFFFF,
    0xFFFF, 0xFFFF, 0xFFFF, 0xFFFF, 0xFFFF, 0xFFFF, 0xFFFF, 0xFFFF, 0xFFFF, 0xFFFF, 0xFFFF, 0xE71C, 0x1082, 0x39C7, 0x94B2, 0x8C71,
    0x9492, 0x8C71, 0x8C71, 0x8C71, 0x8C71, 0x9492, 0x9492, 0x9492, 0x94B2, 0x94B2, 0x9492, 0x8C71, 0x9492, 0x8C92, 0x94B2, 0x94B2,
    0x94B2, 0x9492, 0x9492, 0x8C71, 0x8C51, 0x9492, 0x4228, 0x0000, 0x0000, 0x2124, 0x94B2, 0x8C71, 0x9492, 0x8C51, 0x6B6E, 0x5ACB,
    0x18E3, 0x0000, 0x0020, 0x0000, 0x528A, 0x9CF3, 0x94B2, 0x94B2, 0x9CD3, 0x94B2, 0x9CD3, 0x9CD3, 0x2104, 0x0000, 0x0000, 0x10A2,
    0x8430, 0x6B6D, 0x62EB, 0x6B4D, 0x6B4D, 0x6B4D, 0x2104, 0x0000, 0x0000, 0x0841, 0x632C, 0x6B4C, 0x632C, 0x6B4D, 0x632C, 0x6B6D,
    0x6B4D, 0x6B4D, 0x6B4D, 0x632C, 0x6B4D, 0x6B4D, 0x6B4D, 0x6B4D, 0x6B4D, 0x6B4D, 0x6B6D, 0x738E, 0x6B6D, 0x738E, 0x738E, 0x6B6D,
    0x6B4D, 0x6B6D, 0x632D, 0x632C, 0x6B2D, 0x18C3, 0x0000, 0x0000, 0x4228, 0x632C, 0x5AEB, 0x5AEB, 0x5AEB, 0x630C, 0x4208, 0x0000,
    0x0020, 0x0000, 0x3186, 0x630C, 0x5ACB, 0x5AEB, 0x5AEB, 0x5ACB, 0x5AEB, 0x630C, 0x4208, 0x0000, 0x0000, 0x0000, 0x2924, 0x5AEB,
    0x5ACB, 0x5ACB, 0x52AA, 0x5AEB, 0x4228, 0x0841, 0x0000, 0x0000, 0x2124, 0x630C, 0x630C, 0x632C, 0x630C, 0x630C, 0x630C, 0x5AEB,
    0x5AEB, 0x5ACB, 0x5AEB, 0x632C, 0x528A, 0x0020, 0x0000, 0x0000, 0x52AA, 0x6B6D, 0x632C, 0x632C, 0x630C, 0x630C, 0x630C, 0x632C,
    0x632C, 0x630C, 0x630C, 0x632C, 0x632C, 0x632C, 0x6B4D, 0x6B4D, 0x632C, 0x630C, 0x630C, 0x630C, 0x632C, 0x632C, 0x630C, 0x630C,
    0x632C, 0x632C, 0x6B4D, 0x6B4D, 0x632C, 0x6B4D, 0x6B6D, 0x6B4D, 0x2965, 0x0000, 0x0000, 0x3186, 0x73AE, 0x6B6D, 0x6B4D, 0x6B6D,
    0x6B6D, 0x738E, 0x73AE, 0x738E, 0x738E, 0x6B4D, 0x6B6D, 0x6B4D, 0x632C, 0x6B4D, 0x6B6D, 0x6B4D, 0x6B4D, 0x4A69, 0x0000, 0x0000,
    0x18C3, 0x736D, 0x736D, 0x632C, 0x6B4D, 0x738E, 0x6B6D, 0x18E3, 0x0000, 0x0000, 0x2104, 0x73AE, 0x6B4D, 0x736E, 0x6B6D, 0x6B6D,
    0x736D, 0x6B6E, 0x6B4D, 0x10A2, 0x0000, 0x0000, 0x528A, 0x7BEF, 0x738E, 0x738E, 0x738E, 0x5AEB, 0x52AA, 0x52AA, 0x528A, 0x4A69,
    0x5B0C, 0x7BEF, 0x7BEF, 0x94B2, 0x9CF3, 0x9CD3, 0x9CD3, 0x9492, 0x1082, 0x0000, 0x0000, 0x4228, 0x9CD3, 0x9CD3, 0x9CF3, 0x94B3,
    0x94B2, 0x8C71, 0x18C3, 0x0000, 0x0000, 0x31A6, 0x9CD3, 0x8C71, 0x9492, 0x9492, 0x9492, 0x9CD3, 0x8410, 0x0000, 0x0000, 0x0000,
    0x4A49, 0x9CF3, 0x9492, 0x8C71, 0x8C71, 0x94B2, 0x94B2, 0x18E3, 0x0000, 0x0000, 0x3186, 0x9CD3, 0x9CD3, 0x9CD3, 0x9492, 0x94B2,
    0x94B2, 0x94B2, 0x94B2, 0x9CD3, 0x9CD3, 0x9CD3, 0x94B2, 0x9CD3, 0x9CD3, 0x9492, 0x9492, 0x8C72, 0x8C71, 0x9492, 0x9492, 0x8C71,
    0x8C71, 0x8C71, 0x8C51, 0x8C31, 0x8430, 0x8410, 0x8410, 0x8430, 0x2104, 0x0841, 0xDEDB, 0xFFFF, 0xFFFF, 0xFFFF, 0xFFFF, 0xFFFF,
    0xFFFF, 0xFFFF, 0xFFFF, 0xFFFF, 0xFFFF, 0xFFFF, 0xFFFF, 0xFFFF, 0xFFFF, 0xFFDF, 0xFFFF, 0xB596, 0x0000, 0x52AA, 0x9492, 0x8C71,
    0x8C71, 0x8C71, 0x8C71, 0x9492, 0x9492, 0x9492, 0x9492, 0x9492, 0x9492, 0x94B2, 0x9492, 0x9492, 0x9492, 0x9492, 0x9492, 0x9492,
    0x8C71, 0x9492, 0x9492, 0x9492, 0x8C71, 0x9492, 0x2945, 0x0000, 0x0000, 0x4A49, 0xA514, 0x8C71, 0x94B2, 0x39E7, 0x0000, 0x0000,
    0x0000, 0x0000, 0x0000, 0x4208, 0x94B2, 0x9491, 0x94B2, 0x9CD2, 0x9CD3, 0x9CD3, 0x9CB2, 0xA514, 0x31A6, 0x0000, 0x0020, 0x0000,
    0x2124, 0x6B4D, 0x630C, 0x630C, 0x630C, 0x2104, 0x0000, 0x0020, 0x0000, 0x4A49, 0x738E, 0x632C, 0x6B4D, 0x6B4D, 0x632C, 0x6B4D,
    0x6B4D, 0x6B4D, 0x6B4D, 0x632C, 0x6B4D, 0x6B6D, 0x73AE, 0x738E, 0x6B6D, 0x6B4D, 0x6B4D, 0x6B6D, 0x738E, 0x738E, 0x738E, 0x6B6D,
    0x6B4D, 0x6B4D, 0x6B4D, 0x6B4D, 0x630C, 0x1082, 0x0000, 0x0000, 0x52AA, 0x632C, 0x5AEB, 0x5AEB, 0x5AEB, 0x62EB, 0x632C, 0x18E3,
    0x0000, 0x0000, 0x0041, 0x4A69, 0x5AEB, 0x5AEB, 0x5AEB, 0x5AEB, 0x5AEB, 0x5ACB, 0x528A, 0x0841, 0x0000, 0x0000, 0x0000, 0x2945,
    0x5ACB, 0x52AA, 0x52AA, 0x4A49, 0x0841, 0x0000, 0x0000, 0x0000, 0x5AEB, 0x6B6D, 0x632C, 0x6B4D, 0x632C, 0x5AEB, 0x5AEB, 0x630C,
    0x5AEB, 0x5AEB, 0x62EC, 0x632C, 0x52AB, 0x0020, 0x0000, 0x0000, 0x528A, 0x6B2D, 0x630C, 0x630C, 0x630C, 0x5AEB, 0x630C, 0x632C,
    0x632C, 0x632C, 0x632C, 0x630C, 0x5AEB, 0x630C, 0x632C, 0x632C, 0x632C, 0x632C, 0x632C, 0x632C, 0x632C, 0x6B4D, 0x630C, 0x630C,
    0x630C, 0x630C, 0x632C, 0x630C, 0x6B4D, 0x6B6D, 0x6B4D, 0x738E, 0x39C7, 0x0000, 0x0000, 0x2965, 0x6B6D, 0x630C, 0x6B4D, 0x6B4D,
    0x6B6D, 0x6B4D, 0x6B6D, 0x738E, 0x6B4D, 0x6B6D, 0x6B4D, 0x6B6D, 0x6B6D, 0x6B6D, 0x738E, 0x6B6D, 0x632C, 0x52AA, 0x0000, 0x0000,
    0x1082, 0x6B6D, 0x738E, 0x6B4D, 0x6B4D, 0x6B6D, 0x736D, 0x528A, 0x0000, 0x0000, 0x0000, 0x4A69, 0x73AE, 0x738E, 0x6B6D, 0x738E,
    0x738E, 0x6B4D, 0x738E, 0x2124, 0x0000, 0x0000, 0x4208, 0x8410, 0x738E, 0x738E, 0x630C, 0x0841, 0x0000, 0x0000, 0x0000, 0x0000,
    0x0841, 0x738E, 0x8430, 0x9492, 0xA534, 0xA514, 0x94B2, 0x9CD3, 0x630C, 0x0000, 0x0000, 0x0000, 0x2965, 0x9492, 0x9CD3, 0x9492,
    0x9492, 0x2104, 0x0000, 0x0020, 0x0000, 0x5ACB, 0x9CF3, 0x9492, 0x9492, 0x94B2, 0x9492, 0x8C71, 0x9CD3, 0x5AEB, 0x0000, 0x0000,
    0x0000, 0x31A6, 0x9492, 0x9492, 0x9492, 0x9492, 0x2124, 0x0000, 0x0020, 0x0000, 0x4A49, 0xA514, 0x94B2, 0x9CD3, 0x94B2, 0x9492,
    0x94B2, 0x9492, 0x94B2, 0x94B2, 0x9492, 0x94B2, 0x94B2, 0x94B2, 0x94B2, 0x9CD3, 0x94B2, 0x9492, 0x9492, 0x9492, 0x9492, 0x9492,
    0x8C71, 0x8C71, 0x8C71, 0x8C51, 0x8430, 0x8430, 0x8410, 0x8C71, 0x4A49, 0x0000, 0xA514, 0xFFFF, 0xFFDF, 0xFFFF, 0xFFFF, 0xFFFF,
    0xFFFF, 0xFFFF, 0xFFFF, 0xFFFF, 0xFFFF, 0xFFFF, 0xFFFF, 0xFFFF, 0xFFFF, 0xFFDF, 0xFFFF, 0x7BEF, 0x0000, 0x738E, 0x8C51, 0x8C51,
    0x8C51, 0x8C71, 0x8C71, 0x9492, 0x9492, 0x9492, 0x9492, 0x9492, 0x9492, 0x9492, 0x9492, 0x94B2, 0x9492, 0x9492, 0x9492, 0x9472,
    0x9492, 0x94B2, 0x9492, 0x9492, 0x9CD3, 0x8430, 0x0841, 0x0000, 0x0000, 0x738E, 0x9CF3, 0x94B2, 0x9492, 0x1082, 0x0000, 0x0000,
    0x0000, 0x0841, 0x52AA, 0x9CF3, 0x9CD3, 0x94B2, 0x9CB3, 0x9CB3, 0x9CD3, 0x9CD3, 0x9CD3, 0x9CD3, 0x738D, 0x0000, 0x0000, 0x0000,
    0x2965, 0x738E, 0x630C, 0x738E, 0x4208, 0x0000, 0x0000, 0x0000, 0x31A6, 0x73AE, 0x632C, 0x632C, 0x632C, 0x632C, 0x632C, 0x6B2C,
    0x6B6D, 0x6B6D, 0x632C, 0x632C, 0x6B4D, 0x6B4D, 0x6B6D, 0x6B6D, 0x738E, 0x6B4D, 0x6B2C, 0x6B4D, 0x6B4D, 0x6B4D, 0x6B4D, 0x738E,
    0x6B6D, 0x6B6D, 0x6B6D, 0x6B6D, 0x632C, 0x0020, 0x0000, 0x0000, 0x62EB, 0x630C, 0x5AEB, 0x62EB, 0x5AEB, 0x5AEB, 0x630C, 0x4A69,
    0x0000, 0x0000, 0x0000, 0x528A, 0x630C, 0x5AEB, 0x5ACB, 0x5ACB, 0x5ACB, 0x52AA, 0x5AEB, 0x4208, 0x0000, 0x0000, 0x0000, 0x18C3,
    0x5ACB, 0x52AA, 0x5AEB, 0x31A6, 0x0000, 0x0000, 0x0000, 0x4208, 0x6B4D, 0x5AEB, 0x630C, 0x632C, 0x5AEB, 0x5AEB, 0x52AA, 0x5AEB,
    0x630C, 0x6B4D, 0x632C, 0x630C, 0x528A, 0x0020, 0x0000, 0x0000, 0x52AA, 0x632C, 0x632C, 0x632C, 0x630C, 0x5AEB, 0x630C, 0x630C,
    0x6B4D, 0x6B6D, 0x6B4D, 0x630C, 0x630C, 0x632C, 0x632C, 0x632C, 0x632C, 0x632C, 0x632C, 0x6B6D, 0x6B4D, 0x6B4D, 0x630C, 0x630C,
    0x632C, 0x6B2C, 0x6B2D, 0x632C, 0x6B4D, 0x6B6D, 0x6B6D, 0x73AE, 0x4208, 0x0000, 0x0000, 0x18E3, 0x6B6D, 0x6B4D, 0x73AE, 0x738E,
    0x7BCF, 0x6B6D, 0x6B4D, 0x736D, 0x6B6D, 0x6B6D, 0x6B6D, 0x6B4D, 0x738E, 0x6B6D, 0x738E, 0x738E, 0x6B6D, 0x632C, 0x0000, 0x0000,
    0x0000, 0x632C, 0x73AE, 0x73AE, 0x6B6D, 0x6B6D, 0x6B4D, 0x73AE, 0x3186, 0x0000, 0x0000, 0x18E3, 0x7BCF, 0x738E, 0x738E, 0x73AE,
    0x7BCF, 0x6B6D, 0x73CF, 0x31A6, 0x0000, 0x0000, 0x2924, 0x7BCF, 0x738E, 0x73AE, 0x6B4D, 0x0020, 0x0000, 0x0000, 0x0000, 0x0000,
    0x0000, 0x52AA, 0x7BEF, 0x7BEF, 0x9CD3, 0xA514, 0x9CD3, 0x94B2, 0xA514, 0x5AEB, 0x0000, 0x0000, 0x0000, 0x630C, 0x9CF3, 0x9492,
    0x9CD3, 0x39C6, 0x0000, 0x0000, 0x2104, 0x9492, 0x94B2, 0x9492, 0x9492, 0x9492, 0x9492, 0x9492, 0x9471, 0x9CF3, 0x630C, 0x0020,
    0x0000, 0x0000, 0x630C, 0x9CF3, 0x9492, 0x94B2, 0x3186, 0x0000, 0x0000, 0x1082, 0x8C51, 0x9CD3, 0x9CB2, 0x9CD3, 0x9CB2, 0x94B2,
    0x94B2, 0x94B2, 0x94B2, 0x9492, 0x9492, 0x94B2, 0x9CB3, 0x94B2, 0x94B2, 0x94B2, 0x94B2, 0x9492, 0x9492, 0x94B2, 0x9492, 0x9492,
    0x9471, 0x8C71, 0x8C71, 0x8C51, 0x8C30, 0x8430, 0x8430, 0x8C51, 0x6B4D, 0x0000, 0x5ACB, 0xFFFF, 0xFFFF, 0xFFFF, 0xFFFF, 0xFFFF,
    0xFFFF, 0xFFFF, 0xFFFF, 0xFFFF, 0xFFFF, 0xFFFF, 0xFFFF, 0xFFFF, 0xFFFF, 0xFFFF, 0xFFFF, 0x4228, 0x0020, 0x8410, 0x8C51, 0x8C71,
    0x8C71, 0x8C71, 0x8C51, 0x8C71, 0x8C71, 0x8C71, 0x8C51, 0x8C71, 0x9472, 0x8C71, 0x9492, 0x9492, 0x9492, 0x94B2, 0x9492, 0x9492,
    0x94B2, 0x9492, 0x9CB2, 0x94B2, 0x94B2, 0x8430, 0x18C3, 0x0841, 0x31A6, 0x9CD3, 0x94B2, 0x9492, 0x9492, 0x2965, 0x0861, 0x2104,
    0x4A28, 0x8410, 0x9CF3, 0x94B2, 0x94B2, 0x94B2, 0x8C71, 0x94B2, 0x9CD3, 0x9CD3, 0x9CD3, 0x94B2, 0xA514, 0x632C, 0x10A2, 0x1082,
    0x6B4D, 0x6B6D, 0x632C, 0x6B4D, 0x5AEB, 0x1082, 0x2104, 0x52AA, 0x738E, 0x630C, 0x632C, 0x630C, 0x630C, 0x630C, 0x6B4C, 0x6B4D,
    0x6B4D, 0x6B4D, 0x632C, 0x632C, 0x632C, 0x632C, 0x632C, 0x6B4D, 0x738E, 0x6B4D, 0x632C, 0x6B4D, 0x630C, 0x632C, 0x6B6D, 0x6B6D,
    0x738E, 0x6B6D, 0x6B6D, 0x6B6D, 0x632C, 0x18C3, 0x0861, 0x2965, 0x6B4D, 0x630C, 0x630C, 0x630C, 0x630C, 0x630C, 0x630C, 0x630C,
    0x3186, 0x0861, 0x39E7, 0x630C, 0x5ACB, 0x5ACB, 0x5AEB, 0x52AA, 0x5AEB, 0x52AA, 0x52AA, 0x5ACB, 0x4228, 0x10A2, 0x18E3, 0x5ACB,
    0x630C, 0x5ACB, 0x5ACB, 0x5ACB, 0x1082, 0x18A2, 0x52AA, 0x736E, 0x5AEB, 0x5AEB, 0x5AEB, 0x5AEB, 0x630C, 0x62EB, 0x5AEB, 0x630C,
    0x632C, 0x6B4D, 0x632C, 0x632C, 0x630C, 0x18E3, 0x0020, 0x2104, 0x632C, 0x630C, 0x5AEB, 0x62EB, 0x5AEB, 0x630C, 0x632C, 0x632C,
    0x6B4D, 0x632C, 0x632C, 0x630C, 0x630C, 0x632C, 0x632C, 0x632C, 0x630C, 0x632C, 0x630C, 0x6B4D, 0x6B6D, 0x6B4D, 0x630C, 0x5AEB,
    0x630C, 0x632C, 0x632C, 0x632C, 0x6B4D, 0x6B4D, 0x6B6D, 0x6B6D, 0x5AEB, 0x10A2, 0x0861, 0x4A49, 0x7BCF, 0x73AE, 0x738E, 0x736D,
    0x73AE, 0x738E, 0x6B6D, 0x6B6D, 0x738E, 0x6B6D, 0x738E, 0x6B4D, 0x6B6D, 0x6B6D, 0x6B6D, 0x6B6D, 0x6B4D, 0x7BCF, 0x39E7, 0x1082,
    0x2124, 0x6B6D, 0x736D, 0x738E, 0x738E, 0x6B6D, 0x6B6D, 0x738E, 0x738E, 0x2104, 0x1082, 0x4A49, 0x738E, 0x6B6D, 0x736D, 0x738E,
    0x73AE, 0x6B6D, 0x73AE, 0x5ACB, 0x10A2, 0x0861, 0x4A69, 0x8410, 0x6B6D, 0x738E, 0x7BCF, 0x31A6, 0x0861, 0x1082, 0x10A2, 0x18C3,
    0x10A2, 0x6B4D, 0x7BEF, 0x738E, 0x8410, 0x9CF3, 0x94B2, 0x9CD3, 0x9CD3, 0xA534, 0x73AE, 0x18C3, 0x18E3, 0x8C71, 0x9CD3, 0x94B2,
    0x9CD3, 0x9492, 0x39C7, 0x4208, 0x94B2, 0x9CD3, 0x94B2, 0x94B2, 0x94B2, 0x94B2, 0x9492, 0x9492, 0x94B2, 0x9492, 0x9CF3, 0x6B6D,
    0x18C3, 0x2104, 0x8C31, 0x9492, 0x9492, 0x9CD3, 0x9CD3, 0x39E7, 0x3186, 0x8430, 0x9CF3, 0x94B2, 0x9CD3, 0x9492, 0x9492, 0x94B2,
    0x94B2, 0x94B2, 0x94D2, 0x94B2, 0x9CD3, 0xA4F4, 0x9492, 0x9492, 0x94B2, 0x94B2, 0x94B2, 0x94B2, 0x94B2, 0x94B2, 0x9492, 0x9492,
    0x8C71, 0x8C71, 0x8C51, 0x8C51, 0x8C50, 0x8430, 0x8430, 0x8430, 0x8410, 0x1082, 0x10A2, 0xEF5D, 0xFFFF, 0xFFFF, 0xFFFF, 0xFFFF,
    0xFFFF, 0xFFFF, 0xFFFF, 0xFFFF, 0xFFFF, 0xFFFF, 0xFFFF, 0xFFFF, 0xFFFF, 0xFFFF, 0xE73C, 0x1082, 0x18C3, 0x8C51, 0x8C51, 0x8C71,
    0x8C51, 0x8C71, 0x8C71, 0x8C71, 0x9492, 0x8C71, 0x8C51, 0x8C71, 0x8C71, 0x8C51, 0x9492, 0x94B2, 0x9492, 0x9492, 0x9492, 0x94B2,
    0x9492, 0x9492, 0x9492, 0x94B2, 0x9492, 0x8C51, 0x8C71, 0x8430, 0x9CD3, 0x94B3, 0x9492, 0x9492, 0x9492, 0x9492, 0x8C71, 0x9CD3,
    0xA514, 0x94B2, 0x9492, 0x9CB2, 0x9CD3, 0x94B2, 0x8C71, 0x9492, 0x9CB2, 0x9CD3, 0x9CD3, 0x9CD3, 0x9CD3, 0xA535, 0x9CD3, 0x6B4D,
    0x6B2D, 0x6B4D, 0x632C, 0x630C, 0x632D, 0x6B4D, 0x7BEF, 0x738E, 0x632C, 0x6B4D, 0x6B4D, 0x630C, 0x632C, 0x6B4D, 0x6B4D, 0x6B2D,
    0x6B6D, 0x6B6D, 0x6B4D, 0x6B4D, 0x632C, 0x632C, 0x632C, 0x6B4D, 0x6B4D, 0x6B4D, 0x738E, 0x738E, 0x632C, 0x6B4D, 0x6B4D, 0x6B4D,
    0x6B4D, 0x6B4D, 0x6B4D, 0x6B4D, 0x6B4D, 0x6B4D, 0x6B6D, 0x6B6D, 0x632C, 0x632C, 0x5AEB, 0x5AEB, 0x5AEB, 0x5AEB, 0x5AEB, 0x5ACB,
    0x5AEB, 0x632C, 0x632C, 0x52AA, 0x5AEB, 0x5AEB, 0x5ACB, 0x5AEB, 0x5AEB, 0x5ACB, 0x5ACB, 0x528A, 0x5ACB, 0x5ACB, 0x6B6D, 0x6B4D,
    0x630C, 0x630C, 0x52AA, 0x5AEB, 0x5ACB, 0x6B4D, 0x6B6D, 0x5AEB, 0x630C, 0x5ACB, 0x5ACB, 0x5ACB, 0x62EC, 0x5AEB, 0x632C, 0x6B4D,
    0x630C, 0x5AEB, 0x5AEB, 0x632C, 0x6B4D, 0x5AEB, 0x5ACB, 0x630C, 0x630C, 0x630C, 0x630C, 0x630C, 0x632C, 0x632C, 0x632C, 0x6B4D,
    0x632C, 0x5AEB, 0x630C, 0x632C, 0x632C, 0x632C, 0x632C, 0x630C, 0x630C, 0x630C, 0x630C, 0x632C, 0x632C, 0x632C, 0x632C, 0x630C,
    0x5AEB, 0x630C, 0x5AEB, 0x632C, 0x6B6D, 0x6B6D, 0x6B4D, 0x736D, 0x738E, 0x6B4D, 0x6B4D, 0x7BAF, 0x6B6D, 0x6B4D, 0x738E, 0x6B6D,
    0x738E, 0x73AE, 0x738E, 0x7BEF, 0x738E, 0x6B6D, 0x6B6D, 0x6B6D, 0x6B6D, 0x736D, 0x6B6D, 0x6B6D, 0x632C, 0x6B4D, 0x73AE, 0x738E,
    0x736E, 0x6B6D, 0x6B4D, 0x6B4D, 0x738E, 0x6B6D, 0x6B4D, 0x738E, 0x73AE, 0x6B6D, 0x738E, 0x738E, 0x6B6D, 0x6B6D, 0x6B6D, 0x6B6D,
    0x6B6D, 0x6B6D, 0x6B6D, 0x738E, 0x738E, 0x738E, 0x8410, 0x73AE, 0x73AE, 0x6B6D, 0x6B4D, 0x73AE, 0x73AE, 0x738E, 0x7BF0, 0x8410,
    0x7BCF, 0x7BCF, 0x738E, 0x738E, 0x73AE, 0x94B2, 0x9CD3, 0x9CD3, 0x9CD3, 0x94B2, 0xA514, 0x94B2, 0x9492, 0x9CD3, 0x9CD3, 0x94B2,
    0x9492, 0x9492, 0x9CF3, 0xA514, 0x9CD3, 0x9492, 0x94B2, 0x9CD3, 0x94B2, 0x9CD3, 0x94B2, 0x94B2, 0x94B2, 0x94B2, 0x9492, 0x9CD3,
    0x8C71, 0x94B2, 0x9CD3, 0x9472, 0x94B2, 0x94B2, 0x9CD3, 0xA534, 0xA534, 0xA514, 0x94D2, 0x94B2, 0x94B2, 0x9492, 0x8C71, 0x9492,
    0x94B2, 0x94B2, 0x94B2, 0x9492, 0x94B2, 0x9CD3, 0x9492, 0x9492, 0x9492, 0x9492, 0x9492, 0x94B2, 0x9492, 0x94B2, 0x94B2, 0x9492,
    0x9471, 0x8C71, 0x8C71, 0x8C51, 0x8430, 0x8430, 0x8430, 0x8430, 0x8C51, 0x31A6, 0x0000, 0xBDD7, 0xFFFF, 0xFFFF, 0xFFFF, 0xFFFF,
    0xFFFF, 0xFFFF, 0xFFFF, 0xFFFF, 0xFFFF, 0xFFFF, 0xFFFF, 0xFFFF, 0xFFDF, 0xFFFF, 0xC618, 0x0000, 0x3186, 0x8C71, 0x8C51, 0x8C71,
    0x8C71, 0x9492, 0x8C71, 0x9471, 0x9471, 0x9492, 0x9492, 0x9492, 0x8C71, 0x8C71, 0x8C71, 0x9492, 0x9492, 0x94B2, 0x94B2, 0x9492,
    0x9492, 0x9492, 0x9492, 0x94B2, 0x94B2, 0x8C92, 0x94B2, 0x9492, 0x8C71, 0x94B2, 0x9492, 0x9492, 0x8C51, 0x9492, 0x9492, 0x8C71,
    0x8C71, 0x9472, 0x9CD3, 0x9492, 0x9CF3, 0x9CD3, 0x9492, 0x9492, 0x9492, 0x94B2, 0x9CD3, 0x9CF3, 0x94B2, 0x9CD3, 0x8C71, 0x6B4D,
    0x6B4D, 0x6B4D, 0x632C, 0x632C, 0x6B4D, 0x6B6D, 0x6B4D, 0x632C, 0x630C, 0x6B4C, 0x632C, 0x6B4C, 0x6B4D, 0x6B4D, 0x6B6D, 0x738E,
    0x738E, 0x6B6D, 0x6B6E, 0x6B4D, 0x6B4D, 0x634D, 0x6B4D, 0x6B6D, 0x6B6D, 0x6B6D, 0x738E, 0x73AE, 0x738E, 0x6B6D, 0x6B4D, 0x6B4D,
    0x6B4D, 0x6B6D, 0x6B6D, 0x6B4D, 0x632C, 0x632C, 0x632C, 0x632C, 0x632C, 0x632C, 0x630C, 0x630C, 0x632C, 0x630C, 0x5AEB, 0x5AEB,
    0x5AEB, 0x630C, 0x5ACB, 0x630C, 0x632C, 0x632C, 0x52AA, 0x5AEB, 0x5AEB, 0x5AEB, 0x630B, 0x5ACB, 0x528A, 0x5ACB, 0x52AA, 0x5ACB,
    0x5ACB, 0x5AEB, 0x5ACB, 0x5ACB, 0x5ACB, 0x62EC, 0x5AEB, 0x630C, 0x630C, 0x5AEB, 0x5ACB, 0x62EB, 0x5AEB, 0x5AEB, 0x630C, 0x5AEB,
    0x630C, 0x630C, 0x630C, 0x6B4D, 0x632C, 0x632C, 0x632C, 0x630C, 0x630C, 0x630C, 0x630C, 0x632C, 0x6B4D, 0x632C, 0x632C, 0x6B2C,
    0x6B4C, 0x632C, 0x6B4D, 0x6B4D, 0x632C, 0x6B4D, 0x630C, 0x632C, 0x6B2C, 0x630C, 0x630C, 0x630C, 0x5AEB, 0x632C, 0x632C, 0x630C,
    0x632C, 0x632C, 0x632C, 0x632C, 0x6B4D, 0x73AE, 0x736D, 0x6B6D, 0x738E, 0x632C, 0x6B2C, 0x6B6D, 0x6B6D, 0x6B4D, 0x738E, 0x738E,
    0x73AE, 0x73AE, 0x73AE, 0x73AE, 0x73AE, 0x6B6D, 0x6B6D, 0x738E, 0x73AE, 0x6B6D, 0x6B6D, 0x6B4C, 0x6B4D, 0x632C, 0x6B4D, 0x6B4D,
    0x6B6D, 0x738E, 0x738E, 0x6B6D, 0x738E, 0x6B4D, 0x6B6D, 0x6B6D, 0x6B6D, 0x6B6D, 0x738E, 0x6B6D, 0x738E, 0x738E, 0x73AE, 0x73AE,
    0x738E, 0x738E, 0x6B6D, 0x738E, 0x738E, 0x73AE, 0x6B6E, 0x73AE, 0x73AE, 0x738E, 0x738E, 0x738E, 0x738E, 0x738E, 0x7BCF, 0x7BCF,
    0x7BEF, 0x7BCF, 0x7BCF, 0x7BCF, 0x7BCE, 0x8C30, 0x9CF3, 0x9CD3, 0x9CD3, 0x9CD3, 0x94B2, 0x9CD3, 0x94B2, 0x94B2, 0x9CD3, 0x94B2,
    0x9492, 0x9492, 0x94B2, 0x94B2, 0x9492, 0x9492, 0x9492, 0x94B2, 0x9492, 0x94B2, 0x94B2, 0x94B2, 0x9492, 0x94B2, 0x94B2, 0x9492,
    0x9492, 0x9492, 0x8C71, 0x8C71, 0x9492, 0x9492, 0x94B2, 0x9CD3, 0x9CD3, 0x9CF3, 0x9CF3, 0x94B2, 0x9492, 0x9492, 0x9492, 0x94B2,
    0x94B2, 0x9CD3, 0x94B2, 0x8C71, 0x94B2, 0x94B2, 0x9492, 0x9492, 0x94B2, 0x9492, 0x94B2, 0x9492, 0x9492, 0x94B2, 0x94B2, 0x9492,
    0x9492, 0x8C71, 0x8C51, 0x8C51, 0x8430, 0x8430, 0x8430, 0x8430, 0x8C51, 0x5ACB, 0x0000, 0x6B6D, 0xFFFF, 0xFFDF, 0xFFFF, 0xFFFF,
    0xFFFF, 0xFFFF, 0xFFFF, 0xFFFF, 0xFFFF, 0xFFFF, 0xFFFF, 0xFFFF, 0xFFDF, 0xFFFF, 0x8C71, 0x0000, 0x4228, 0x9492, 0x8C71, 0x8C71,
    0x9492, 0x9492, 0x8C71, 0x8C71, 0x9471, 0x9492, 0x8C71, 0x9492, 0x8C71, 0x8C51, 0x8C71, 0x8C71, 0x8C71, 0x9492, 0x9492, 0x94B2,
    0x94B2, 0x9492, 0x94B2, 0x94B2, 0x9492, 0x94B2, 0x9492, 0x9472, 0x8C71, 0x9492, 0x9492, 0x9492, 0x8C71, 0x8C71, 0x8C71, 0x9492,
    0x9492, 0x9492, 0x94B2, 0x94B2, 0x9CF3, 0x9CF3, 0x9CB3, 0x94B2, 0x94B2, 0x94B3, 0x9CD3, 0x9CD3, 0x9492, 0x9472, 0x6B4D, 0x630C,
    0x6B4D, 0x6B4D, 0x632C, 0x632C, 0x6B4D, 0x738E, 0x6B6D, 0x6B4D, 0x630C, 0x632C, 0x630C, 0x632C, 0x632C, 0x632C, 0x6B6D, 0x73AE,
    0x6B6D, 0x6B6E, 0x6B4D, 0x6B4D, 0x6B4D, 0x630C, 0x632C, 0x632C, 0x632C, 0x6B4D, 0x738E, 0x6B6D, 0x6B6D, 0x632C, 0x6B4D, 0x6B6D,
    0x6B6D, 0x6B4D, 0x6B4D, 0x6B4D, 0x6B2D, 0x6B4D, 0x632C, 0x6B4D, 0x6B4D, 0x632C, 0x632C, 0x632C, 0x630C, 0x630C, 0x630C, 0x62EB,
    0x5AEB, 0x630C, 0x630C, 0x630C, 0x630C, 0x630C, 0x5ACB, 0x5AEB, 0x5ACB, 0x5AEB, 0x5AEB, 0x5ACB, 0x5ACB, 0x5ACB, 0x5ACB, 0x5ACB,
    0x5ACB, 0x5ACB, 0x5ACB, 0x5ACB, 0x5ACB, 0x5AEB, 0x5ACB, 0x5AEB, 0x5AEB, 0x5AEB, 0x5AEB, 0x5AEB, 0x630C, 0x630C, 0x630C, 0x5AEB,
    0x630B, 0x62EB, 0x630C, 0x632C, 0x630C, 0x6B4D, 0x632C, 0x632C, 0x6B6D, 0x632C, 0x632D, 0x632C, 0x632C, 0x6B2C, 0x6B2C, 0x5AEB,
    0x6B4D, 0x6B4D, 0x632C, 0x632C, 0x630C, 0x632C, 0x630C, 0x632C, 0x630C, 0x5AEB, 0x630C, 0x5AEB, 0x5AEB, 0x630C, 0x6B4D, 0x632C,
    0x6B2C, 0x6B4D, 0x6B4D, 0x6B4D, 0x630C, 0x6B4D, 0x6B6D, 0x6B6D, 0x6B6D, 0x6B4D, 0x6B6D, 0x6B6D, 0x6B6D, 0x738E, 0x738E, 0x73AE,
    0x738E, 0x6B6D, 0x738D, 0x738E, 0x6B6E, 0x738E, 0x6B6D, 0x738E, 0x73AE, 0x738E, 0x6B6D, 0x738E, 0x6B6D, 0x6B4D, 0x6B4D, 0x6B6D,
    0x738E, 0x6B6D, 0x6B6D, 0x738E, 0x6B6D, 0x738E, 0x6B6D, 0x6B4D, 0x738E, 0x73AE, 0x738E, 0x738E, 0x6B6D, 0x6B6E, 0x73AE, 0x7BCF,
    0x73AE, 0x738E, 0x6B6D, 0x6B6D, 0x6B6D, 0x738E, 0x738E, 0x73AE, 0x73AE, 0x73AE, 0x73AE, 0x738E, 0x6B6D, 0x73AE, 0x7BCF, 0x7BCF,
    0x7BEF, 0x8410, 0x8410, 0x7BEF, 0x7BEF, 0x8410, 0x9CD3, 0x9CD3, 0x9CD3, 0x9CD3, 0x9CD3, 0x9492, 0x9492, 0x94B2, 0x9492, 0x94B2,
    0x9492, 0x9492, 0x94B2, 0x9492, 0x9492, 0x9492, 0x9492, 0x9492, 0x9492, 0x9492, 0x94B2, 0x94B2, 0x94B2, 0x94B2, 0x9492, 0x94B2,
    0x9492, 0x9492, 0x9492, 0x8C71, 0x9492, 0x9492, 0x9492, 0x94B2, 0x94B2, 0x9CD3, 0x9CF3, 0x9CF3, 0x9492, 0x94B2, 0x94B3, 0x94B2,
    0x94B2, 0x94B2, 0x94B2, 0x9492, 0x9492, 0x94B2, 0x9492, 0x9492, 0x9492, 0x94B2, 0x94B2, 0x94B2, 0x9492, 0x8C71, 0x9492, 0x9492,
    0x9492, 0x8C71, 0x8C51, 0x8C51, 0x8C51, 0x8430, 0x8430, 0x8C51, 0x8C71, 0x7BCF, 0x0000, 0x3186, 0xFFDF, 0xFFFF, 0xFFFF, 0xFFFF,
    0xFFFF, 0xFFFF, 0xFFFF, 0xFFFF, 0xFFFF, 0xFFFF, 0xFFFF, 0xFFFF, 0xFFFF, 0xFFFF, 0x5289, 0x0000, 0x6B4D, 0x9492, 0x8C51, 0x8C71,
    0x9471, 0x8C71, 0x8C71, 0x8C51, 0x8C71, 0x9492, 0x9492, 0x8C71, 0x9492, 0x8C71, 0x8C71, 0x8C51, 0x8C71, 0x9492, 0x9492, 0x94B2,
    0x9492, 0x9492, 0x9492, 0x9CB2, 0x94B2, 0x9CD2, 0x9CD3, 0x94B2, 0x9492, 0x9492, 0x9492, 0x8C71, 0x9492, 0x9492, 0x94B2, 0x9492,
    0x94B2, 0x94B2, 0x9492, 0x9CD3, 0x9CB2, 0x94B2, 0x94B2, 0x9CD3, 0x94B2, 0x94B2, 0x9CD3, 0x94B2, 0x9CD3, 0x8410, 0x5ACB, 0x630C,
    0x632C, 0x6B4D, 0x632C, 0x632C, 0x6B4D, 0x6B6D, 0x6B4D, 0x6B4D, 0x632C, 0x632C, 0x6B4D, 0x630C, 0x632C, 0x6B6D, 0x6B6D, 0x6B6D,
    0x6B6D, 0x6B4D, 0x6B6D, 0x632C, 0x632C, 0x632C, 0x632C, 0x632C, 0x634C, 0x6B4D, 0x6B4D, 0x6B4D, 0x6B6D, 0x6B4D, 0x6B2D, 0x6B4D,
    0x632C, 0x6B4D, 0x6B6D, 0x632C, 0x630C, 0x6B4D, 0x6B4D, 0x6B6D, 0x6B4D, 0x632C, 0x630C, 0x630C, 0x630C, 0x62EB, 0x62EB, 0x5AEB,
    0x630C, 0x630C, 0x5AEB, 0x630C, 0x630B, 0x630C, 0x5ACB, 0x5ACB, 0x5AEB, 0x5AEB, 0x5ACB, 0x52AA, 0x52CA, 0x5ACB, 0x5ACB, 0x5ACB,
    0x5AEB, 0x5AEB, 0x5AEB, 0x630C, 0x5AEB, 0x5ACB, 0x5ACB, 0x5AEB, 0x5AEB, 0x62EB, 0x5AEB, 0x5AEB, 0x632C, 0x632C, 0x630C, 0x5AEB,
    0x630C, 0x630C, 0x630B, 0x630C, 0x632C, 0x6B4D, 0x6B4D, 0x630C, 0x6B4D, 0x632C, 0x632C, 0x630C, 0x630C, 0x6B2C, 0x6B4D, 0x632C,
    0x6B4D, 0x632C, 0x630C, 0x632C, 0x632C, 0x5AEB, 0x632C, 0x632C, 0x630C, 0x630C, 0x632C, 0x630C, 0x5AEB, 0x630C, 0x6B4D, 0x6B4D,
    0x632C, 0x6B2C, 0x6B4D, 0x6B4D, 0x632C, 0x632C, 0x632C, 0x6B4D, 0x6B4D, 0x6B4D, 0x6B6D, 0x6B6D, 0x6B6D, 0x6B6D, 0x738E, 0x73AE,
    0x738E, 0x738E, 0x6B6D, 0x738E, 0x6B6D, 0x6B4D, 0x6B2C, 0x738E, 0x73AE, 0x6B6D, 0x738E, 0x738E, 0x6B4D, 0x6B6D, 0x6B4D, 0x738E,
    0x6B6D, 0x6B2D, 0x6B4D, 0x6B6D, 0x6B6D, 0x6B6D, 0x6B6D, 0x6B6D, 0x6B8D, 0x738E, 0x738E, 0x736D, 0x6B6D, 0x6B4D, 0x6B6D, 0x738E,
    0x738E, 0x6B4D, 0x6B6D, 0x6B6D, 0x6B6D, 0x73AE, 0x73AE, 0x73AE, 0x73AE, 0x7BCF, 0x73AE, 0x738E, 0x7BCF, 0x7BCF, 0x7BCF, 0x7BCF,
    0x7BEF, 0x7BEF, 0x7BEF, 0x7BAE, 0x7BCF, 0x7BEF, 0x8C51, 0x94B2, 0x9492, 0x9CD3, 0x9CB2, 0x9492, 0x94B2, 0x9492, 0x9492, 0x9492,
    0x9492, 0x9492, 0x9492, 0x9492, 0x9492, 0x8C71, 0x8C71, 0x9492, 0x9492, 0x9492, 0x94B2, 0x94B2, 0x94B2, 0x94B2, 0x9492, 0x9492,
    0x9492, 0x9492, 0x9492, 0x94B2, 0x94B2, 0x9CB2, 0x9CB2, 0x94B2, 0x9492, 0x9CD3, 0xA4F3, 0x9CF3, 0x9CF3, 0x9CF3, 0x94B2, 0x9492,
    0x9CD3, 0x9CD3, 0x9CD3, 0x94B2, 0x94B2, 0x9492, 0x94B2, 0x9492, 0x9492, 0x9492, 0x9492, 0x94B2, 0x94B2, 0x9492, 0x9492, 0x9492,
    0x8C71, 0x8C71, 0x9492, 0x9471, 0x8C71, 0x8C71, 0x8C71, 0x8C51, 0x8C51, 0x8430, 0x18E3, 0x0020, 0xD69A, 0xFFFF, 0xFFDF, 0xFFFF,
    0xFFFF, 0xFFFF, 0xFFFF, 0xFFFF, 0xFFFF, 0xFFFF, 0xFFFF, 0xFFFF, 0xFFFF, 0xEF7D, 0x18E3, 0x0841, 0x8430, 0x8C71, 0x8C71, 0x8C71,
    0x8C51, 0x8C71, 0x8C51, 0x8C51, 0x8C51, 0x8C71, 0x9492, 0x8C71, 0x9492, 0x8C71, 0x8C71, 0x9492, 0x8C71, 0x9492, 0x9471, 0x9492,
    0x8C71, 0x8C71, 0x94B2, 0x9CD3, 0x9CD3, 0x9CD3, 0x9CD3, 0x94B2, 0x94B2, 0x94B2, 0x94B2, 0x9492, 0x9492, 0x9492, 0x94B2, 0x94B2,
    0x9492, 0x9492, 0x9492, 0x9CD3, 0x94B2, 0x9492, 0x9492, 0x94B2, 0x94B2, 0x94B2, 0x94B2, 0x9CD3, 0x94B2, 0x6B6D, 0x632C, 0x6B4D,
    0x738E, 0x6B4D, 0x6B4D, 0x6B4C, 0x6B4D, 0x632C, 0x6B4D, 0x6B4D, 0x6B4D, 0x6B6D, 0x6B6D, 0x6B2C, 0x6B4D, 0x6B6D, 0x738E, 0x738E,
    0x6B6D, 0x6B4D, 0x6B4D, 0x6B6D, 0x6B4D, 0x6B4D, 0x6B4D, 0x6B6D, 0x6B6D, 0x6B4D, 0x6B6D, 0x6B6D, 0x738E, 0x6B6D, 0x6B6D, 0x6B4D,
    0x6B4D, 0x6B6D, 0x6B6D, 0x632C, 0x6B4D, 0x6B4D, 0x6B4D, 0x632C, 0x6B6D, 0x632C, 0x62EB, 0x62EC, 0x632C, 0x632C, 0x5AEB, 0x5AEB,
    0x630C, 0x632C, 0x630C, 0x632C, 0x630C, 0x5AEB, 0x5ACB, 0x5ACA, 0x5ACA, 0x5ACB, 0x52AA, 0x5ACB, 0x5ACB, 0x5AEB, 0x5AEB, 0x630C,
    0x630C, 0x630C, 0x5AEB, 0x5AEB, 0x5ACB, 0x5ACB, 0x5AEB, 0x630C, 0x630C, 0x630C, 0x62EB, 0x630C, 0x630C, 0x632C, 0x6B2D, 0x630C,
    0x630C, 0x5AEB, 0x630C, 0x632C, 0x630C, 0x632C, 0x632C, 0x630C, 0x632C, 0x6B4D, 0x6B4D, 0x632C, 0x632C, 0x630C, 0x632C, 0x632C,
    0x6B4D, 0x632C, 0x6B4D, 0x6B4D, 0x632C, 0x630C, 0x632C, 0x632C, 0x630C, 0x62EB, 0x6B4D, 0x6B4D, 0x6B4D, 0x6B4D, 0x6B4D, 0x6B4D,
    0x632C, 0x6B2C, 0x630C, 0x632C, 0x632C, 0x630C, 0x634C, 0x6B4D, 0x6B6D, 0x6B6D, 0x73AE, 0x6B6D, 0x6B4D, 0x73AE, 0x73AE, 0x736D,
    0x738E, 0x6B6D, 0x6B6D, 0x6B6D, 0x738E, 0x6B6D, 0x632C, 0x6B6D, 0x738E, 0x6B4D, 0x738E, 0x738E, 0x6B6D, 0x6B6D, 0x6B6D, 0x738E,
    0x6B6D, 0x738E, 0x6B6D, 0x6B6D, 0x6B4D, 0x6B6D, 0x6B6D, 0x738E, 0x738E, 0x738E, 0x738E, 0x738E, 0x738E, 0x6B4D, 0x6B6D, 0x738D,
    0x6B4D, 0x632C, 0x6B4D, 0x6B4D, 0x6B6D, 0x73AE, 0x73AE, 0x73AE, 0x73AE, 0x73AE, 0x738E, 0x73AE, 0x7BCF, 0x7BCF, 0x7BCF, 0x7BCF,
    0x7BEF, 0x7BEF, 0x7BCF, 0x73AE, 0x7BCF, 0x7BCF, 0x73AE, 0x8C71, 0x9492, 0x94B2, 0x94B2, 0x9492, 0x94B2, 0x94B2, 0x94B2, 0x9492,
    0x9492, 0x9492, 0x9492, 0x9492, 0x8C71, 0x9492, 0x9492, 0x9492, 0x94B2, 0x94B2, 0x94B2, 0x9492, 0x9492, 0x9492, 0x9471, 0x9492,
    0x9492, 0x9492, 0x94B2, 0x9492, 0x9492, 0x94B2, 0x9CD3, 0x9CD3, 0x94B2, 0x94B2, 0x94B2, 0x9CD3, 0x9CD3, 0x9CD3, 0x94B2, 0x9492,
    0x9CD3, 0x9CD3, 0x9CD3, 0x9CD3, 0x94B2, 0x9492, 0x9492, 0x9492, 0x9492, 0x9492, 0x8C71, 0x94B2, 0x94B2, 0x94B2, 0x94B2, 0x94B2,
    0x9492, 0x9492, 0x9492, 0x9492, 0x9492, 0x8C71, 0x8C71, 0x8C71, 0x8C50, 0x8C51, 0x4228, 0x0000, 0x73AE, 0xFFFF, 0xFFDF, 0xFFFF,
    0xFFFF, 0xFFFF, 0xFFFF, 0xFFFF, 0xFFFF, 0xFFFF, 0xFFFF, 0xFFFF, 0xFFFF, 0xCE79, 0x0000, 0x2124, 0x8C71, 0x8C51, 0x8C71, 0x8C71,
    0x8C71, 0x8C71, 0x8C51, 0x8C71, 0x8C51, 0x8C71, 0x9471, 0x8C71, 0x8C71, 0x8C71, 0x8C71, 0x9492, 0x9492, 0x94B2, 0x9471, 0x8C71,
    0x8C51, 0x8C71, 0x9492, 0x94B2, 0x94B2, 0x9492, 0x94B2, 0x94B2, 0x94B2, 0x94B2, 0x94B2, 0x9492, 0x9492, 0x94B2, 0x94B2, 0x94B2,
    0x94B2, 0x9492, 0x9492, 0x94B2, 0x9CD3, 0x94B2, 0x94B2, 0x9CD3, 0x9CD3, 0x94B2, 0x94B2, 0x9CF3, 0x7BEF, 0x630C, 0x632C, 0x6B6D,
    0x6B6D, 0x6B6D, 0x6B6D, 0x6B6D, 0x632C, 0x632C, 0x6B4D, 0x6B4D, 0x6B4D, 0x6B4D, 0x6B6D, 0x738E, 0x6B6D, 0x6B6D, 0x738E, 0x738E,
    0x738E, 0x6B6D, 0x6B4D, 0x6B4D, 0x6B4D, 0x6B4D, 0x6B6D, 0x6B6D, 0x6B6D, 0x6B4D, 0x6B6D, 0x738E, 0x6B4D, 0x6B6D, 0x6B4D, 0x6B4D,
    0x6B4D, 0x6B4D, 0x6B4D, 0x6B6D, 0x6B4D, 0x6B4D, 0x6B4D, 0x6B6D, 0x630C, 0x6B4D, 0x630C, 0x632C, 0x6B4D, 0x632C, 0x630C, 0x630C,
    0x632C, 0x632C, 0x632C, 0x632C, 0x630C, 0x5ACB, 0x52AA, 0x5ACB, 0x5ACB, 0x5ACB, 0x5ACB, 0x5AEB, 0x5AEB, 0x630C, 0x632C, 0x630C,
    0x630C, 0x630C, 0x5AEB, 0x630B, 0x5ACB, 0x5ACB, 0x630C, 0x630C, 0x630C, 0x5AEB, 0x5AEB, 0x5AEB, 0x630C, 0x630C, 0x630C, 0x5AEB,
    0x5AEB, 0x630C, 0x630C, 0x5AEB, 0x5AEB, 0x632C, 0x632C, 0x630C, 0x6B4D, 0x6B6D, 0x632C, 0x630C, 0x630C, 0x630C, 0x630C, 0x630C,
    0x630C, 0x630C, 0x6B4D, 0x632D, 0x632C, 0x6B4D, 0x632C, 0x630C, 0x630C, 0x5AEB, 0x6B4D, 0x6B4D, 0x6B4D, 0x6B4D, 0x6B6D, 0x6B4D,
    0x6B4D, 0x632C, 0x6B4D, 0x632C, 0x630C, 0x630C, 0x632C, 0x6B2C, 0x6B6D, 0x738E, 0x738D, 0x6B6D, 0x738D, 0x738E, 0x738E, 0x738E,
    0x73AE, 0x738E, 0x738E, 0x6B6D, 0x738E, 0x738E, 0x6B6D, 0x6B6D, 0x6B6D, 0x6B6D, 0x6B8E, 0x738E, 0x736D, 0x6B6D, 0x6B6D, 0x6B6D,
    0x738E, 0x738E, 0x73AE, 0x738E, 0x6B6D, 0x6B6D, 0x6B4D, 0x738E, 0x73AE, 0x73AE, 0x738E, 0x6B6D, 0x738D, 0x738E, 0x6B6D, 0x6B6D,
    0x6B6D, 0x632C, 0x632C, 0x6B4D, 0x6B4D, 0x738E, 0x738E, 0x738E, 0x738E, 0x736D, 0x6B6D, 0x73AE, 0x73AE, 0x73AE, 0x73AE, 0x7BCF,
    0x7BCF, 0x7BEF, 0x7BCF, 0x73AE, 0x73AE, 0x73AE, 0x73AE, 0x8430, 0x94B2, 0x9492, 0x9492, 0x9492, 0x9492, 0x9492, 0x9492, 0x9492,
    0x9492, 0x9492, 0x94B2, 0x9492, 0x8C71, 0x9492, 0x9492, 0x9492, 0x94B2, 0x94B2, 0x94B2, 0x9492, 0x9492, 0x9492, 0x9492, 0x8C71,
    0x9491, 0x9492, 0x9492, 0x9492, 0x9492, 0x94B2, 0x94B2, 0x94B2, 0x9CD3, 0x94B2, 0x94B2, 0x94B2, 0x94B2, 0x94B2, 0x94B2, 0x94B2,
    0x94B2, 0x9492, 0x9492, 0x9CD3, 0x9CB2, 0x94B2, 0x9492, 0x9492, 0x9491, 0x9492, 0x8C71, 0x8C71, 0x9471, 0x9492, 0x94B2, 0x9492,
    0x9492, 0x94B2, 0x9492, 0x9492, 0x8C71, 0x8C51, 0x8C71, 0x8C51, 0x8C51, 0x8C71, 0x6B4D, 0x0000, 0x2124, 0xF79E, 0xFFFF, 0xFFFF,
    0xFFFF, 0xFFFF, 0xFFFF, 0xFFFF, 0xFFFF, 0xFFFF, 0xFFFF, 0xFFDF, 0xFFFF, 0x94B2, 0x0000, 0x4208, 0x9492, 0x8C51, 0x8C51, 0x8C71,
    0x8C71, 0x8C51, 0x8C71, 0x8C71, 0x8C71, 0x8C71, 0x8C71, 0x9492, 0x8C71, 0x8C71, 0x8C71, 0x9492, 0x9492, 0x9492, 0x9492, 0x8C71,
    0x9491, 0x9492, 0x94B2, 0x94B2, 0x94B2, 0x94B2, 0x94B2, 0x9CB3, 0x94B2, 0x94B2, 0x9CB2, 0x94B2, 0x94B2, 0x94B2, 0x94B2, 0x9492,
    0x9492, 0x8C71, 0x8C71, 0x9492, 0x94B2, 0x94B2, 0x94B2, 0x94B2, 0x94B2, 0x9CD3, 0x9CD3, 0x9492, 0x632C, 0x5AEB, 0x630C, 0x632C,
    0x630C, 0x6B4D, 0x6B4D, 0x6B6D, 0x6B4D, 0x632C, 0x632C, 0x6B4D, 0x6B4D, 0x632C, 0x632C, 0x632C, 0x6B4D, 0x6B4D, 0x6B4D, 0x6B4D,
    0x632C, 0x632C, 0x6B4D, 0x632C, 0x632C, 0x632C, 0x632C, 0x6B4D, 0x6B4D, 0x6B6D, 0x6B4D, 0x738E, 0x6B4D, 0x6B4D, 0x6B4D, 0x632C,
    0x634C, 0x632C, 0x630C, 0x630C, 0x6B4D, 0x632C, 0x6B4D, 0x6B4D, 0x632C, 0x632C, 0x5AEB, 0x632C, 0x632C, 0x632C, 0x630C, 0x630C,
    0x630C, 0x630C, 0x630C, 0x630C, 0x62EB, 0x5AEB, 0x630C, 0x630C, 0x630C, 0x5AEB, 0x5AEB, 0x5AEB, 0x5AEB, 0x630C, 0x62EB, 0x62EB,
    0x62EC, 0x5AEB, 0x5AEB, 0x630C, 0x630C, 0x630C, 0x630C, 0x630C, 0x630C, 0x62EB, 0x5AEB, 0x5AEB, 0x5AEB, 0x632C, 0x5AEB, 0x630C,
    0x630C, 0x632C, 0x632C, 0x630C, 0x5AEB, 0x5AEB, 0x630C, 0x632C, 0x6B4D, 0x632C, 0x630C, 0x5AEB, 0x62EB, 0x632C, 0x630C, 0x630B,
    0x5AEB, 0x632C, 0x632C, 0x632C, 0x632C, 0x632C, 0x632C, 0x630C, 0x630C, 0x630C, 0x6B4D, 0x6B4D, 0x6B4D, 0x6B4D, 0x6B4C, 0x6B4D,
    0x632C, 0x632C, 0x6B4D, 0x632C, 0x6B4D, 0x6B4D, 0x632C, 0x6B6D, 0x6B4D, 0x6B6D, 0x6B6D, 0x736D, 0x738E, 0x738E, 0x738E, 0x738E,
    0x738E, 0x73AE, 0x73AE, 0x6B6D, 0x738E, 0x738E, 0x6B6D, 0x6B6D, 0x6B6D, 0x6B6D, 0x6B6D, 0x6B4D, 0x738E, 0x6B6D, 0x6B4D, 0x6B4D,
    0x6B4D, 0x6B6D, 0x73AE, 0x738E, 0x6B6D, 0x738E, 0x632C, 0x6B6D, 0x736E, 0x6B6E, 0x6B6D, 0x632C, 0x632C, 0x6B6D, 0x6B4D, 0x6B6D,
    0x6B4D, 0x632C, 0x630C, 0x632C, 0x632C, 0x632C, 0x6B4D, 0x6B4D, 0x6B6D, 0x6B4D, 0x6B6D, 0x7BCF, 0x7BCF, 0x7BCF, 0x7BCF, 0x7BCE,
    0x73AE, 0x73AE, 0x73AE, 0x73AE, 0x73AE, 0x73AE, 0x73AE, 0x7BCF, 0x9471, 0x9492, 0x8C71, 0x9492, 0x9492, 0x94B2, 0x94B2, 0x94B2,
    0x9492, 0x9492, 0x9492, 0x9492, 0x9471, 0x9492, 0x9492, 0x9492, 0x94B2, 0x94B2, 0x94B2, 0x9492, 0x8C71, 0x9492, 0x9492, 0x9492,
    0x9492, 0x9471, 0x9492, 0x9492, 0x94B2, 0x94B2, 0x9CB2, 0x9CD3, 0x9CD3, 0x9CD3, 0x94B2, 0x9CD3, 0x94B2, 0x94B3, 0x94B2, 0x9CB3,
    0x94B2, 0x94B2, 0x9492, 0x94B2, 0x94B2, 0x94B2, 0x94B2, 0x9492, 0x9492, 0x94B2, 0x8C71, 0x8C51, 0x9492, 0x9471, 0x9492, 0x9492,
    0x9492, 0x9471, 0x8C71, 0x8C71, 0x8C71, 0x8C71, 0x8C71, 0x8C51, 0x8C51, 0x8C51, 0x8C51, 0x1082, 0x0841, 0xDEDB, 0xFFFF, 0xFFFF,
    0xFFFF, 0xFFFF, 0xFFFF, 0xFFFF, 0xFFFF, 0xFFFF, 0xFFFF, 0xFFDF, 0xFFFF, 0x5ACB, 0x0000, 0x632C, 0x9492, 0x8C51, 0x8C51, 0x8C71,
    0x8C51, 0x8C71, 0x8C71, 0x8C71, 0x8C51, 0x8C71, 0x9471, 0x9471, 0x8C71, 0x8C71, 0x8C71, 0x8C71, 0x8C51, 0x9492, 0x9492, 0x9492,
    0x94B2, 0x9CB2, 0x94B2, 0x94B2, 0x94B2, 0x9CB2, 0x9CD3, 0x9492, 0x9492, 0x9492, 0x9492, 0x94B2, 0x9CB2, 0x94B2, 0x94B2, 0x9492,
    0x9492, 0x8C71, 0x8C71, 0x9492, 0x94B2, 0x94B2, 0x9492, 0x9492, 0x9492, 0x94B2, 0x9CD3, 0x7BCF, 0x5AEB, 0x630C, 0x630C, 0x630C,
    0x630C, 0x632C, 0x6B6D, 0x6B6D, 0x6B4D, 0x6B4D, 0x632C, 0x632C, 0x632C, 0x632C, 0x6B4D, 0x6B6D, 0x6B4D, 0x6B4C, 0x6B6D, 0x6B6D,
    0x6B4D, 0x6B6D, 0x6B4D, 0x6B4D, 0x630C, 0x632C, 0x632C, 0x630C, 0x6B4D, 0x6B4D, 0x6B4D, 0x6B6D, 0x6B4D, 0x632C, 0x6B6D, 0x6B6D,
    0x632C, 0x632C, 0x632C, 0x630C, 0x632C, 0x632C, 0x632C, 0x632C, 0x632D, 0x630C, 0x630C, 0x630C, 0x630C, 0x630C, 0x630B, 0x630C,
    0x5AEB, 0x5ACB, 0x5AEB, 0x632C, 0x630C, 0x630C, 0x630C, 0x5AEB, 0x5ACB, 0x62EC, 0x5AEB, 0x5AEB, 0x5AEB, 0x630C, 0x630C, 0x630B,
    0x630C, 0x5ACB, 0x5AEB, 0x630C, 0x5AEB, 0x5AEB, 0x5AEB, 0x5AEB, 0x630C, 0x630C, 0x630C, 0x630C, 0x62EB, 0x630C, 0x5AEB, 0x630C,
    0x632C, 0x632C, 0x6B4D, 0x632C, 0x6B2D, 0x5AEB, 0x630C, 0x630C, 0x630C, 0x630C, 0x5AEB, 0x5AEB, 0x630C, 0x630C, 0x630C, 0x630C,
    0x630C, 0x632C, 0x632C, 0x630C, 0x6B2C, 0x632C, 0x632C, 0x630C, 0x630C, 0x632C, 0x6B4D, 0x6B6D, 0x632C, 0x632C, 0x632C, 0x6B4D,
    0x632C, 0x632C, 0x6B4D, 0x6B4D, 0x6B6D, 0x632C, 0x632C, 0x6B4D, 0x6B4D, 0x6B6D, 0x6B6D, 0x736D, 0x6B6D, 0x738E, 0x6B6D, 0x73AE,
    0x738E, 0x6B6D, 0x6B6D, 0x6B4D, 0x6B6D, 0x6B4D, 0x6B4D, 0x6B6D, 0x6B4D, 0x6B4D, 0x6B6D, 0x6B6D, 0x6B6D, 0x6B6D, 0x6B4D, 0x6B4D,
    0x738E, 0x738E, 0x738E, 0x738E, 0x6B6D, 0x6B6D, 0x6B4D, 0x6B4D, 0x738E, 0x6B6D, 0x6B4D, 0x632C, 0x632C, 0x632C, 0x632C, 0x6B6D,
    0x6B6D, 0x6B4D, 0x6B4D, 0x6B4D, 0x6B4D, 0x6B4D, 0x6B4D, 0x6B4D, 0x738E, 0x6B6D, 0x6B6D, 0x6B6D, 0x6B6D, 0x738E, 0x73AE, 0x7BCF,
    0x73AE, 0x73AE, 0x738E, 0x73AE, 0x73AE, 0x738E, 0x738E, 0x73AE, 0x83EF, 0x9492, 0x9492, 0x9492, 0x94B2, 0x9492, 0x9492, 0x94B2,
    0x9492, 0x8C71, 0x9492, 0x9492, 0x8C71, 0x8C71, 0x9491, 0x9492, 0x9492, 0x9492, 0x9492, 0x9492, 0x9492, 0x9492, 0x8C71, 0x8C71,
    0x8C71, 0x8C71, 0x9492, 0x9492, 0x9492, 0x94B2, 0x9CD3, 0x9CF3, 0x9CD3, 0x9CB2, 0x94B2, 0x9CD3, 0x9CF3, 0x94B2, 0x94B2, 0x9CD3,
    0x94B2, 0x9492, 0x9492, 0x9492, 0x94B2, 0x94B2, 0x94B2, 0x94B2, 0x9492, 0x9492, 0x9492, 0x9492, 0x8C71, 0x8C71, 0x9471, 0x9492,
    0x9492, 0x9471, 0x9471, 0x8C71, 0x8C71, 0x8C71, 0x8C51, 0x8C51, 0x8C51, 0x8C30, 0x8C71, 0x2945, 0x0000, 0xC638, 0xFFFF, 0xFFDF,
    0xFFFF, 0xFFFF, 0xFFFF, 0xFFFF, 0xFFFF, 0xFFFF, 0xFFFF, 0xFFFF, 0xF7BE, 0x2945, 0x0000, 0x7BEF, 0x8C71, 0x8C51, 0x8C51, 0x8C71,
    0x8C71, 0x8C71, 0x8C71, 0x8C51, 0x8C71, 0x8C71, 0x9471, 0x9471, 0x8C71, 0x8C71, 0x8C71, 0x8C71, 0x8C71, 0x9471, 0x9492, 0x9492,
    0x94B2, 0x94B2, 0x9492, 0x9492, 0x94B2, 0x94B2, 0x94B2, 0x9492, 0x8C71, 0x8C71, 0x8C71, 0x8C71, 0x94B2, 0x94B2, 0x94B2, 0x9492,
    0x9471, 0x8C71, 0x8C71, 0x8C71, 0x9492, 0x9492, 0x9492, 0x9492, 0x9492, 0x94B2, 0x9492, 0x632C, 0x630C, 0x630C, 0x632C, 0x630C,
    0x630C, 0x632C, 0x6B4D, 0x6B4D, 0x6B4D, 0x6B4D, 0x6B4D, 0x632C, 0x632C, 0x6B4D, 0x6B4D, 0x6B6D, 0x6B6D, 0x6B4D, 0x6B6D, 0x6B4D,
    0x6B6D, 0x738E, 0x6B6D, 0x6B6D, 0x6B6D, 0x632C, 0x632C, 0x632C, 0x632C, 0x6B4D, 0x6B4D, 0x6B2D, 0x6B2D, 0x632C, 0x6B6D, 0x6B6D,
    0x6B6D, 0x6B4D, 0x6B4D, 0x632C, 0x6B4D, 0x632C, 0x632C, 0x6B4D, 0x632C, 0x630C, 0x632C, 0x632C, 0x630C, 0x630C, 0x630C, 0x630C,
    0x5AEB, 0x5AEB, 0x5AEB, 0x630C, 0x632C, 0x630C, 0x630C, 0x5AEB, 0x5AEB, 0x5AEB, 0x630C, 0x5AEB, 0x5ACB, 0x5AEB, 0x630C, 0x62EC,
    0x5B0B, 0x5ACB, 0x52AA, 0x5AEB, 0x52AA, 0x52AA, 0x5AAA, 0x5ACB, 0x5AEB, 0x5AEB, 0x5AEB, 0x62EB, 0x5AEB, 0x630C, 0x632C, 0x6B2C,
    0x6B4D, 0x632C, 0x632C, 0x632C, 0x632C, 0x5AEB, 0x630C, 0x62EC, 0x5AEB, 0x630C, 0x5AEB, 0x5ACB, 0x5AEB, 0x62EB, 0x630C, 0x630C,
    0x630C, 0x630C, 0x630C, 0x5AEB, 0x5ACB, 0x5AEB, 0x630C, 0x630C, 0x632C, 0x632C, 0x6B4D, 0x632C, 0x632C, 0x6B4C, 0x632C, 0x6B6D,
    0x6B4D, 0x6B4D, 0x6B6D, 0x6B4D, 0x6B4D, 0x6B4D, 0x632C, 0x6B4D, 0x6B6D, 0x6B6D, 0x738E, 0x6B6D, 0x738E, 0x738E, 0x6B4D, 0x738D,
    0x6B6D, 0x738E, 0x6B6D, 0x738E, 0x738E, 0x6B6D, 0x6B4D, 0x6B4D, 0x6B4D, 0x6B4D, 0x6B6D, 0x738E, 0x6B6D, 0x6B6D, 0x6B4D, 0x6B6D,
    0x73AE, 0x738E, 0x738E, 0x738E, 0x6B4D, 0x632C, 0x6B4D, 0x6B6D, 0x738E, 0x6B6D, 0x6B4D, 0x6B4D, 0x632C, 0x632C, 0x6B4D, 0x6B6D,
    0x6B6D, 0x6B6D, 0x736D, 0x6B6D, 0x6B4D, 0x6B4D, 0x6B4D, 0x6B4D, 0x738E, 0x6B6D, 0x738E, 0x6B6D, 0x6B6D, 0x738E, 0x73AE, 0x7BCF,
    0x73AE, 0x738E, 0x6B6D, 0x73AE, 0x73AE, 0x73AE, 0x738E, 0x738E, 0x73AE, 0x8C71, 0x94B2, 0x94B2, 0x94B2, 0x8C71, 0x94B2, 0x9492,
    0x9492, 0x8C71, 0x9492, 0x8C71, 0x8C71, 0x8C71, 0x8C71, 0x9471, 0x9471, 0x8C71, 0x9492, 0x9492, 0x9492, 0x9471, 0x8C71, 0x9492,
    0x8C71, 0x8C71, 0x8C71, 0x9491, 0x9492, 0x9492, 0x94B2, 0x94B2, 0x9CB2, 0x9CD3, 0x9CF3, 0x9CF3, 0x9CD3, 0x94B2, 0x94B2, 0x94B2,
    0x94B2, 0x9492, 0x9492, 0x9492, 0x9492, 0x94B2, 0x8C71, 0x8C71, 0x9492, 0x9492, 0x9492, 0x94B2, 0x94B2, 0x9471, 0x8C71, 0x9471,
    0x9492, 0x9492, 0x9492, 0x9471, 0x8C71, 0x8C71, 0x8C51, 0x8C30, 0x8430, 0x8410, 0x8C71, 0x4A69, 0x0000, 0xA534, 0xFFFF, 0xFFDF,
    0xFFFF, 0xFFFF, 0xFFFF, 0xFFFF, 0xFFFF, 0xFFFF, 0xFFFF, 0xFFFF, 0xDEFB, 0x0841, 0x18C3, 0x8C51, 0x8C51, 0x8C30, 0x8C51, 0x8C71,
    0x9492, 0x8C71, 0x8C71, 0x8C71, 0x8C51, 0x8C51, 0x8C71, 0x8C71, 0x8C51, 0x8C51, 0x8C71, 0x9492, 0x8C71, 0x8C71, 0x8C71, 0x8C71,
    0x9491, 0x9492, 0x9492, 0x9492, 0x9492, 0x9492, 0x94B2, 0x94B2, 0x8C71, 0x8C71, 0x9491, 0x9492, 0x9491, 0x94B2, 0x94B2, 0x9492,
    0x9492, 0x9492, 0x8C71, 0x8C71, 0x9492, 0x9492, 0x9492, 0x9492, 0x9492, 0x94B2, 0x7BCF, 0x630C, 0x630C, 0x630C, 0x5AEB, 0x632C,
    0x632C, 0x632C, 0x632C, 0x632C, 0x6B2D, 0x6B4D, 0x6B6D, 0x632C, 0x5AEB, 0x632C, 0x6B2C, 0x6B4D, 0x6B4D, 0x6B4D, 0x6B2C, 0x632C,
    0x632C, 0x6B4D, 0x6B6D, 0x6B6D, 0x6B6D, 0x6B4D, 0x632C, 0x6B4D, 0x630C, 0x632C, 0x632C, 0x630C, 0x632C, 0x632C, 0x738E, 0x6B6D,
    0x6B6D, 0x6B6D, 0x6B6D, 0x632C, 0x632C, 0x632C, 0x630C, 0x6B4D, 0x632C, 0x632C, 0x632C, 0x632C, 0x62EB, 0x630B, 0x630C, 0x630C,
    0x630C, 0x630C, 0x630C, 0x632C, 0x62EC, 0x630C, 0x630C, 0x5AEB, 0x630C, 0x5AEB, 0x5ACB, 0x5ACB, 0x5AEB, 0x5ACB, 0x5AEB, 0x5AEB,
    0x5ACB, 0x5ACB, 0x5ACB, 0x5ACB, 0x5AEB, 0x52AA, 0x528A, 0x5ACB, 0x5AEB, 0x5AEB, 0x5ACB, 0x52AA, 0x5ACB, 0x632C, 0x5AEB, 0x630C,
    0x632C, 0x630C, 0x630C, 0x62EB, 0x5AEB, 0x5AEB, 0x632C, 0x632C, 0x632C, 0x630C, 0x5B0C, 0x5ACB, 0x5ACB, 0x630B, 0x62EB, 0x5AEB,
    0x5AEB, 0x5AEB, 0x632C, 0x5AEB, 0x5ACB, 0x5ACB, 0x630C, 0x630C, 0x6B4D, 0x6B4D, 0x630C, 0x630C, 0x6B6D, 0x6B4D, 0x632C, 0x6B4D,
    0x6B4D, 0x6B4D, 0x6B6D, 0x6B4D, 0x630C, 0x630C, 0x630C, 0x632C, 0x6B4D, 0x6B6D, 0x738E, 0x738E, 0x738E, 0x6B6D, 0x738E, 0x6B6D,
    0x6B4D, 0x6B4D, 0x6B6D, 0x6B6D, 0x6B6D, 0x6B6D, 0x6B6D, 0x738E, 0x736D, 0x6B6D, 0x6B8E, 0x6B6D, 0x6B4D, 0x738E, 0x6B6D, 0x6B6D,
    0x738E, 0x6B6D, 0x738E, 0x6B6D, 0x6B6D, 0x6B6D, 0x6B6D, 0x6B6D, 0x738E, 0x73AE, 0x738E, 0x6B4D, 0x6B6D, 0x6B6D, 0x6B6D, 0x6B6D,
    0x6B6D, 0x6B4D, 0x6B6D, 0x6B6D, 0x6B2C, 0x632C, 0x6B4D, 0x6B4D, 0x6B6D, 0x6B6D, 0x738E, 0x738E, 0x6B4D, 0x6B6D, 0x738E, 0x738E,
    0x738E, 0x73AE, 0x738E, 0x73AE, 0x73AE, 0x73AE, 0x73AE, 0x738E, 0x73AE, 0x8410, 0x9492, 0x9492, 0x9492, 0x9492, 0x94B2, 0x9492,
    0x8C71, 0x9492, 0x9492, 0x9492, 0x9492, 0x8C71, 0x8C71, 0x8C51, 0x8C51, 0x8C51, 0x8C71, 0x9492, 0x9492, 0x8C71, 0x8C71, 0x9471,
    0x9492, 0x9492, 0x9471, 0x8C71, 0x9492, 0x9CD2, 0x9CD3, 0x9492, 0x94B2, 0x9CD3, 0x9CD3, 0x94B2, 0x94B2, 0x94B2, 0x94B2, 0x94B2,
    0x94B2, 0x94B2, 0x94B2, 0x94B2, 0x94B2, 0x9492, 0x9492, 0x8C51, 0x8C71, 0x94B2, 0x9492, 0x94B2, 0x94B2, 0x9492, 0x8C71, 0x9471,
    0x8C71, 0x8C71, 0x9492, 0x8C51, 0x8C51, 0x8C51, 0x8C51, 0x8C51, 0x8C30, 0x8430, 0x8C51, 0x8430, 0x0020, 0x7BCF, 0xFFFF, 0xFFDF,
    0xFFFF, 0xFFFF, 0xFFFF, 0xFFFF, 0xFFFF, 0xFFFF, 0xFFDF, 0xFFFF, 0x9CF3, 0x0000, 0x31A6, 0x8C71, 0x8430, 0x8430, 0x8C30, 0x8C51,
    0x8C71, 0x8C71, 0x8C51, 0x8430, 0x8C51, 0x8C51, 0x8C51, 0x8C71, 0x8C51, 0x8C71, 0x8C71, 0x8C71, 0x8C71, 0x8C51, 0x8C51, 0x8C71,
    0x9471, 0x9491, 0x8C71, 0x8C71, 0x8C71, 0x8C71, 0x8C71, 0x8C51, 0x8C51, 0x8C71, 0x9492, 0x9471, 0x8C51, 0x8C51, 0x9491, 0x8C71,
    0x8C71, 0x8C71, 0x8C51, 0x8C51, 0x8C51, 0x8C71, 0x8C71, 0x8C71, 0x94B2, 0x8C30, 0x5ACB, 0x5AEB, 0x630C, 0x632C, 0x5B0B, 0x632C,
    0x632C, 0x632C, 0x630C, 0x630C, 0x630C, 0x632C, 0x6B4D, 0x632C, 0x630C, 0x630C, 0x632C, 0x632C, 0x6B4D, 0x6B4D, 0x6B2C, 0x632C,
    0x6B4D, 0x6B4D, 0x6B4D, 0x6B4D, 0x6B4D, 0x632C, 0x6B2C, 0x632C, 0x630C, 0x630C, 0x632C, 0x632C, 0x632C, 0x632C, 0x6B4D, 0x630C,
    0x6B2D, 0x6B6D, 0x632C, 0x632C, 0x632C, 0x630C, 0x630C, 0x6B2C, 0x632C, 0x630C, 0x5AEB, 0x5ACB, 0x5AEB, 0x5ACB, 0x5ACB, 0x5ACB,
    0x5AEB, 0x5AEB, 0x632C, 0x632C, 0x5AEB, 0x5AEB, 0x630C, 0x5AEB, 0x630C, 0x5AEB, 0x5ACB, 0x5ACB, 0x5ACB, 0x5ACB, 0x5AEB, 0x5AEB,
    0x5ACB, 0x5AAA, 0x52AA, 0x5ACB, 0x5ACB, 0x5ACB, 0x5ACB, 0x5AEB, 0x5ACB, 0x52AA, 0x5ACB, 0x52AA, 0x5AEB, 0x630B, 0x630C, 0x630C,
    0x62EB, 0x5AEB, 0x5AEB, 0x5ACB, 0x5AEB, 0x5ACB, 0x5AEB, 0x632C, 0x632C, 0x630C, 0x5AEB, 0x5ACB, 0x5ACB, 0x5AEB, 0x5ACB, 0x5ACB,
    0x5AEB, 0x5AEB, 0x630C, 0x630C, 0x630C, 0x5AEB, 0x630C, 0x630C, 0x630C, 0x630C, 0x5ACB, 0x5AEB, 0x632C, 0x632C, 0x632C, 0x632C,
    0x632C, 0x630C, 0x632C, 0x632C, 0x630C, 0x632C, 0x630C, 0x632C, 0x632C, 0x6B4D, 0x6B6D, 0x6B6D, 0x6B6D, 0x6B4D, 0x6B6D, 0x6B6D,
    0x6B4D, 0x632C, 0x632C, 0x632C, 0x632C, 0x632C, 0x632C, 0x6B4D, 0x632C, 0x6B6D, 0x6B6D, 0x6B6D, 0x6B4D, 0x6B6D, 0x738E, 0x6B6D,
    0x6B4D, 0x6B4D, 0x6B4D, 0x6B4D, 0x6B6D, 0x6B6D, 0x6B6D, 0x6B4D, 0x6B4D, 0x6B6D, 0x738E, 0x6B6D, 0x6B6D, 0x6B6D, 0x736D, 0x6B4D,
    0x6B4D, 0x6B4D, 0x6B4D, 0x6B4D, 0x632C, 0x630C, 0x632D, 0x6B4D, 0x632C, 0x632C, 0x6B4D, 0x6B4D, 0x6B4D, 0x736D, 0x6B6D, 0x6B6D,
    0x738E, 0x73AE, 0x738E, 0x738E, 0x738E, 0x736D, 0x738E, 0x73AE, 0x73AE, 0x73AE, 0x8430, 0x9471, 0x9492, 0x9492, 0x94B2, 0x9492,
    0x8C71, 0x9492, 0x9491, 0x8C71, 0x8C71, 0x8C71, 0x8C71, 0x8C71, 0x8C71, 0x8C51, 0x8C51, 0x8C71, 0x8C71, 0x8C51, 0x8C51, 0x8C51,
    0x8C71, 0x8C71, 0x8C71, 0x9471, 0x9492, 0x94B2, 0x94B2, 0x94B2, 0x94B2, 0x9492, 0x8C71, 0x8C71, 0x9491, 0x9492, 0x9492, 0x94B2,
    0x94B2, 0x94B2, 0x94B2, 0x9492, 0x9492, 0x9492, 0x9492, 0x8C71, 0x8C71, 0x9492, 0x9492, 0x8C71, 0x9492, 0x9472, 0x8C51, 0x8C51,
    0x8C51, 0x8C71, 0x8C51, 0x8C51, 0x8C51, 0x8C30, 0x8C51, 0x8430, 0x8430, 0x8C50, 0x8430, 0x9492, 0x3186, 0x39C7, 0xFFFF, 0xFFFF,
    0xFFFF, 0xFFFF, 0xFFFF, 0xFFFF, 0xFFFF, 0xFFFF, 0xFFDF, 0xFFFF, 0x5AEB, 0x0861, 0x8C51, 0x94B2, 0x9492, 0x9492, 0x9492, 0x9492,
    0x94B2, 0x94B2, 0x9492, 0x9492, 0x94B2, 0x9492, 0x94B2, 0x9CB2, 0x94B2, 0x9CD2, 0x94B2, 0x94B2, 0x94B2, 0x94B2, 0x94B2, 0x94B2,
    0x9CD3, 0x9CD3, 0x9CD3, 0x9CD3, 0x9CD3, 0x9CD3, 0x9CD3, 0x9CD3, 0x9CD3, 0x9CD2, 0x9CD3, 0x9CD3, 0xA514, 0x9CF3, 0x9CF3, 0x9CF3,
    0x9CD3, 0x9CD3, 0x94B2, 0x9492, 0x94B2, 0x94B2, 0x9CD3, 0x9CD3, 0x9CF3, 0x73AE, 0x5ACB, 0x630C, 0x630C, 0x6B4D, 0x6B4D, 0x6B6D,
    0x6B6D, 0x6B4D, 0x6B6D, 0x6B4D, 0x6B6D, 0x6B4D, 0x6B4D, 0x6B4D, 0x6B4D, 0x6B4D, 0x6B4D, 0x6B4C, 0x6B6D, 0x73AE, 0x738E, 0x738E,
    0x6B6D, 0x6B4D, 0x6B4D, 0x6B4D, 0x632C, 0x6B6D, 0x6B6D, 0x6B6D, 0x6B6D, 0x6B4D, 0x6B4D, 0x738E, 0x738E, 0x6B6D, 0x6B2C, 0x6B6D,
    0x73AE, 0x73AE, 0x73AE, 0x73AE, 0x738E, 0x6B4D, 0x6B6D, 0x738E, 0x6B6D, 0x6B4D, 0x630C, 0x632C, 0x6B4D, 0x6B4D, 0x6B4D, 0x632C,
    0x632C, 0x632C, 0x6B4D, 0x6B4D, 0x6B6D, 0x6B6D, 0x6B6D, 0x6B4D, 0x632C, 0x630C, 0x630C, 0x632C, 0x632C, 0x630C, 0x630C, 0x62EB,
    0x5AEB, 0x5ACB, 0x5AEB, 0x5AEB, 0x630C, 0x62EB, 0x5AEB, 0x62EB, 0x5ACB, 0x5ACB, 0x630C, 0x5AEB, 0x632C, 0x632C, 0x632C, 0x632C,
    0x632C, 0x630C, 0x630B, 0x630C, 0x630C, 0x630C, 0x632C, 0x6B4D, 0x6B4D, 0x630C, 0x632C, 0x630C, 0x632C, 0x632C, 0x630C, 0x630C,
    0x630C, 0x5AEB, 0x6B2C, 0x6B6D, 0x6B6D, 0x6B6D, 0x6B4D, 0x6B6D, 0x630C, 0x630C, 0x6B4D, 0x632C, 0x632C, 0x6B6D, 0x6B4D, 0x6B4D,
    0x6B6D, 0x6B6D, 0x6B6D, 0x6B6D, 0x6B4D, 0x6B4D, 0x6B6D, 0x738D, 0x738E, 0x6B6D, 0x6B6D, 0x6B6D, 0x6B6D, 0x6B6D, 0x73AE, 0x7BCF,
    0x73AE, 0x6B6D, 0x738E, 0x6B6D, 0x736E, 0x738E, 0x73AE, 0x73AE, 0x6B6D, 0x738E, 0x73AE, 0x73AE, 0x73AE, 0x738E, 0x738E, 0x738E,
    0x738E, 0x7BAE, 0x7BAE, 0x6B6D, 0x73AE, 0x7BAE, 0x7BCE, 0x73AE, 0x738E, 0x738E, 0x73AE, 0x7BCF, 0x738E, 0x738E, 0x738E, 0x73AE,
    0x6B6D, 0x736E, 0x6B4D, 0x6B6D, 0x6B6D, 0x6B6D, 0x6B6D, 0x6B4D, 0x632C, 0x738E, 0x738E, 0x738E, 0x73AE, 0x7BCE, 0x7BAE, 0x7BCF,
    0x7BCF, 0x7BCF, 0x7BCF, 0x73AE, 0x73AE, 0x73AE, 0x7BCF, 0x83EF, 0x7BCF, 0x738E, 0x83EF, 0x9CD3, 0x9CF3, 0x9CF3, 0x9CF3, 0x9CD3,
    0x9CD2, 0x94B2, 0x94B2, 0x94B2, 0x94B2, 0x9CD3, 0x9CF3, 0x9CF3, 0x9CD3, 0x9CD3, 0x94B2, 0x94B2, 0x94B2, 0x9CB3, 0x94B2, 0x94B2,
    0x9CB2, 0x94B2, 0x9CF3, 0xA4F3, 0x9CD3, 0x94B2, 0x9CB2, 0x9CD3, 0x9CF3, 0x9CD3, 0x94B2, 0x94B2, 0x9CB2, 0x9CD3, 0x9CD3, 0x9CD3,
    0x9CF3, 0x9CD3, 0x9CF3, 0x9CD3, 0x9CD3, 0x9CD3, 0x9CD3, 0xA514, 0x9CF3, 0x9CF3, 0x9CD3, 0x9CD3, 0x9CF3, 0x9CF3, 0x9CD3, 0x9CD3,
    0x9CD3, 0x9CD3, 0x9CD3, 0x9CD3, 0x9CD3, 0x9492, 0x9492, 0x94B2, 0x9492, 0x9492, 0x9492, 0x9CB2, 0x6B4C, 0x3186, 0xFFFF, 0xFFFF,
    0xFFFF, 0xFFFF, 0xFFFF, 0xFFFF, 0xFFFF, 0xFFFF, 0xFFDF, 0xCE79, 0x39E7, 0x18C3, 0x5ACB, 0x528A, 0x528A, 0x4A69, 0x4A69, 0x4A69,
    0x4A49, 0x4A69, 0x4A49, 0x4A49, 0x4A49, 0x4A49, 0x4A69, 0x4A49, 0x4A49, 0x4A49, 0x4A49, 0x4A28, 0x4228, 0x4228, 0x4A49, 0x4A49,
    0x4A49, 0x4A49, 0x4A49, 0x4A49, 0x4A49, 0x4A49, 0x4A69, 0x528A, 0x528A, 0x4A69, 0x4A69, 0x4A69, 0x52AA, 0x528A, 0x528A, 0x528A,
    0x4A69, 0x4A69, 0x4A69, 0x4A49, 0x4A49, 0x4A49, 0x4A69, 0x528A, 0x52AA, 0x39E7, 0x39A6, 0x31A6, 0x3186, 0x31A6, 0x31A6, 0x3186,
    0x31A6, 0x31A6, 0x31A6, 0x39C7, 0x39E7, 0x39C7, 0x39C7, 0x39E7, 0x39C7, 0x39C6, 0x39C7, 0x39E7, 0x39E7, 0x4208, 0x4208, 0x4208,
    0x39E7, 0x39C7, 0x39C7, 0x39C7, 0x39C7, 0x39E7, 0x3A08, 0x39E7, 0x39E7, 0x39E7, 0x39C7, 0x39C7, 0x31A6, 0x3186, 0x2965, 0x3186,
    0x31A6, 0x31A6, 0x31A6, 0x39C7, 0x39A6, 0x3186, 0x31A6, 0x3186, 0x3186, 0x2965, 0x2965, 0x2965, 0x3186, 0x3186, 0x31A6, 0x31A6,
    0x31A6, 0x2965, 0x3186, 0x3186, 0x3186, 0x3186, 0x31A6, 0x31A6, 0x31A6, 0x3186, 0x3186, 0x31A6, 0x3186, 0x2945, 0x2965, 0x2124,
    0x2945, 0x2945, 0x2965, 0x2965, 0x2965, 0x2945, 0x2965, 0x2965, 0x2965, 0x2965, 0x3186, 0x2965, 0x3186, 0x3186, 0x2965, 0x2965,
    0x3165, 0x3186, 0x3185, 0x3186, 0x31A6, 0x39C6, 0x39C7, 0x31A6, 0x3186, 0x2965, 0x2945, 0x2945, 0x3186, 0x31A6, 0x3186, 0x3186,
    0x3186, 0x3185, 0x3186, 0x31A6, 0x39C7, 0x31A6, 0x31A6, 0x3186, 0x3186, 0x3186, 0x31A6, 0x31A6, 0x31A6, 0x39C7, 0x31A6, 0x31A6,
    0x3186, 0x3186, 0x3186, 0x3186, 0x31A6, 0x31A6, 0x39A6, 0x39C6, 0x31A6, 0x31A6, 0x39C7, 0x31A6, 0x31A6, 0x39C7, 0x39C7, 0x39E7,
    0x39C7, 0x31A6, 0x31A6, 0x31A6, 0x31A6, 0x31A6, 0x31A6, 0x39C7, 0x39C7, 0x39A6, 0x39C7, 0x39C7, 0x39C7, 0x31A6, 0x3186, 0x31A6,
    0x31A6, 0x39C7, 0x39E7, 0x31A6, 0x31A6, 0x31A6, 0x31A6, 0x31A6, 0x31C6, 0x31A6, 0x31A6, 0x31A6, 0x31A6, 0x3186, 0x3165, 0x3166,
    0x3186, 0x3186, 0x3186, 0x3186, 0x3186, 0x3186, 0x3186, 0x3186, 0x2965, 0x2965, 0x2965, 0x3185, 0x31A6, 0x39C7, 0x39E7, 0x31A6,
    0x31A6, 0x3186, 0x3186, 0x3186, 0x31A6, 0x31A6, 0x39C7, 0x31A6, 0x31A6, 0x31A6, 0x39C7, 0x4A49, 0x4A49, 0x4A49, 0x4A49, 0x4A49,
    0x4228, 0x4228, 0x4208, 0x4207, 0x4207, 0x4228, 0x4228, 0x4A48, 0x4228, 0x4208, 0x4208, 0x39E7, 0x41E7, 0x4208, 0x4208, 0x4208,
    0x4208, 0x4208, 0x4228, 0x4228, 0x4208, 0x4208, 0x4208, 0x4208, 0x4228, 0x4228, 0x4228, 0x4228, 0x4A49, 0x4A49, 0x4A49, 0x4228,
    0x4208, 0x4208, 0x4208, 0x4208, 0x4208, 0x4228, 0x4228, 0x4A49, 0x4228, 0x4228, 0x4228, 0x4228, 0x4A49, 0x4A69, 0x4A49, 0x4A69,
    0x528A, 0x4A69, 0x4A69, 0x5269, 0x4A69, 0x4A49, 0x4A69, 0x528A, 0x528A, 0x5269, 0x5289, 0x528A, 0x4A49, 0x39E7, 0xEF7D, 0xFFFF,
    0xFFFF, 0xFFFF, 0xFFFF, 0xFFFF, 0xFFFF, 0xFFFF, 0xEF7D, 0x7BEF, 0x4A49, 0x39E7, 0x31A6, 0x3186, 0x2965, 0x2945, 0x2945, 0x2945,
    0x2144, 0x2124, 0x2945, 0x2945, 0x2945, 0x2945, 0x2945, 0x2945, 0x2945, 0x2945, 0x2924, 0x2945, 0x2945, 0x2945, 0x2945, 0x2945,
    0x2945, 0x2945, 0x2945, 0x2965, 0x2965, 0x2965, 0x2965, 0x2965, 0x2965, 0x2965, 0x2965, 0x2965, 0x2965, 0x2965, 0x2965, 0x2965,
    0x2965, 0x2965, 0x2965, 0x3186, 0x3186, 0x2965, 0x2945, 0x2945, 0x18E3, 0x18C3, 0x2124, 0x2104, 0x18E3, 0x18E3, 0x18E3, 0x18E3,
    0x18E3, 0x18E3, 0x18C3, 0x18E3, 0x18E3, 0x18E3, 0x2104, 0x2104, 0x2104, 0x2945, 0x2945, 0x2124, 0x2124, 0x2104, 0x2104, 0x2104,
    0x2124, 0x2124, 0x2124, 0x2104, 0x18E3, 0x18E3, 0x18E3, 0x2104, 0x2104, 0x2945, 0x2945, 0x2924, 0x2104, 0x2104, 0x18E3, 0x2104,
    0x2124, 0x2104, 0x2104, 0x2104, 0x2104, 0x2104, 0x2104, 0x18E3, 0x2124, 0x2124, 0x2944, 0x2145, 0x2104, 0x2124, 0x2104, 0x18E3,
    0x2104, 0x2124, 0x2104, 0x18C3, 0x18E3, 0x2104, 0x2104, 0x2124, 0x2104, 0x18E3, 0x2104, 0x2104, 0x18E3, 0x18E3, 0x18E3, 0x2124,
    0x2124, 0x2104, 0x2104, 0x18E3, 0x18E3, 0x2103, 0x2104, 0x2124, 0x2945, 0x2124, 0x2124, 0x2945, 0x2104, 0x18E3, 0x18E4, 0x2104,
    0x2124, 0x2104, 0x2124, 0x2124, 0x2104, 0x2104, 0x18E3, 0x18E3, 0x18E3, 0x2103, 0x18E3, 0x2104, 0x2124, 0x2124, 0x2124, 0x2124,
    0x2104, 0x2104, 0x2124, 0x2124, 0x2104, 0x2124, 0x2104, 0x2104, 0x2945, 0x2965, 0x2945, 0x2945, 0x2965, 0x2124, 0x18E3, 0x2104,
    0x2104, 0x2104, 0x2104, 0x2124, 0x2124, 0x2104, 0x2124, 0x2124, 0x2104, 0x2104, 0x2124, 0x2124, 0x2945, 0x2124, 0x2124, 0x2124,
    0x2124, 0x2124, 0x2124, 0x2124, 0x2124, 0x2104, 0x2104, 0x2124, 0x2945, 0x2124, 0x2124, 0x2124, 0x2124, 0x2104, 0x2124, 0x2104,
    0x2104, 0x2124, 0x2945, 0x2965, 0x2945, 0x2945, 0x2945, 0x2124, 0x2104, 0x2104, 0x2124, 0x2104, 0x2104, 0x2104, 0x2124, 0x2104,
    0x2124, 0x18E3, 0x2104, 0x2104, 0x18E3, 0x18C3, 0x18C3, 0x2104, 0x2104, 0x2124, 0x2945, 0x2104, 0x2104, 0x2104, 0x2104, 0x2104,
    0x2945, 0x2124, 0x2124, 0x2124, 0x2124, 0x2945, 0x2124, 0x2124, 0x2945, 0x2965, 0x3186, 0x3186, 0x3186, 0x3186, 0x31A6, 0x31A6,
    0x31A6, 0x31A6, 0x31A6, 0x31A6, 0x39C6, 0x31A6, 0x31A6, 0x31A6, 0x39C7, 0x31A6, 0x31A6, 0x31A6, 0x31A6, 0x31A6, 0x31A6, 0x31A6,
    0x31A6, 0x31A6, 0x31A6, 0x31A6, 0x31A6, 0x31A6, 0x31A6, 0x31A6, 0x31A6, 0x31A6, 0x31A6, 0x31A6, 0x31A6, 0x31A6, 0x31A6, 0x31A6,
    0x31A6, 0x39C7, 0x39C7, 0x31A6, 0x31A6, 0x3186, 0x3186, 0x3186, 0x3186, 0x3186, 0x31A6, 0x31A6, 0x39C6, 0x39C7, 0x39C7, 0x39C7,
    0x39C7, 0x31C6, 0x39C7, 0x39E7, 0x39E7, 0x39E7, 0x41E7, 0x4208, 0x4228, 0x4228, 0x4228, 0x52AA, 0x6B6D, 0x9CF3, 0xFFDF, 0xFFFF,
    0xFFFF, 0xFFFF, 0xFFFF, 0xFFFF, 0xFFFF, 0xEF3C, 0xA514, 0x8C51, 0x8C51, 0x8C51, 0x8C51, 0x8430, 0x8430, 0x8C30, 0x8C31, 0x8C51,
    0x8C51, 0x8C71, 0x8C71, 0x8C71, 0x9492, 0x9492, 0x9491, 0x8C71, 0x8C71, 0x9471, 0x9471, 0x9472, 0x9471, 0x9492, 0x9472, 0x9472,
    0x9492, 0x9492, 0x9492, 0x9492, 0x9492, 0x9492, 0x9492, 0x9492, 0x9492, 0x9492, 0x94B2, 0x9492, 0x9492, 0x9492, 0x9492, 0x9492,
    0x9492, 0x9492, 0x9492, 0x9492, 0x94B2, 0x9492, 0x9492, 0x8410, 0x5ACB, 0x5AEB, 0x630C, 0x62EC, 0x630C, 0x630C, 0x5AEB, 0x5AEB,
    0x5AEB, 0x5ACB, 0x52AA, 0x5ACB, 0x52AA, 0x52AA, 0x5ACB, 0x5AEB, 0x630C, 0x630C, 0x5AEB, 0x5AEB, 0x62EB, 0x5ACB, 0x5AAA, 0x5ACB,
    0x5ACB, 0x5ACB, 0x5AEB, 0x5ACB, 0x5ACB, 0x5ACB, 0x5ACB, 0x5AEB, 0x5ACB, 0x5AEB, 0x5AEB, 0x5AEB, 0x5AEB, 0x5AEB, 0x630C, 0x630C,
    0x5AEB, 0x630C, 0x5AEB, 0x62EB, 0x5AEB, 0x630C, 0x630C, 0x632C, 0x6B4D, 0x6B4D, 0x6B4C, 0x6B4D, 0x632C, 0x630C, 0x5AEB, 0x5ACB,
    0x5ACB, 0x5ACB, 0x5ACB, 0x52AB, 0x52CA, 0x5AEB, 0x5AEB, 0x5AEB, 0x5ACB, 0x5AEB, 0x5AEB, 0x630C, 0x5ACB, 0x630C, 0x630C, 0x632C,
    0x630C, 0x5AEB, 0x5AEB, 0x5ACB, 0x5ACB, 0x5AEB, 0x5AEB, 0x630C, 0x5AEB, 0x5AEB, 0x5AEB, 0x5ACB, 0x5ACB, 0x52AA, 0x52AA, 0x5AAB,
    0x5ACB, 0x5ACB, 0x5AEB, 0x5ACB, 0x5ACB, 0x52AA, 0x528A, 0x528A, 0x528A, 0x5ACB, 0x5ACB, 0x52AA, 0x5ACB, 0x5ACB, 0x5ACB, 0x5ACB,
    0x5AEB, 0x630B, 0x630C, 0x5AEB, 0x5AEB, 0x5AEB, 0x5ACB, 0x5AEB, 0x630C, 0x632C, 0x6B4D, 0x632C, 0x632C, 0x632C, 0x632C, 0x630C,
    0x630C, 0x632C, 0x632C, 0x6B4D, 0x6B4D, 0x632C, 0x630C, 0x632C, 0x632C, 0x630C, 0x6B4D, 0x6B4D, 0x6B6D, 0x6B4D, 0x6B4D, 0x6B4D,
    0x6B4D, 0x6B4D, 0x6B4D, 0x6B4D, 0x6B6D, 0x738E, 0x738E, 0x736E, 0x6B6D, 0x632C, 0x630C, 0x632C, 0x632C, 0x6B4D, 0x6B4D, 0x630C,
    0x630C, 0x632C, 0x632C, 0x6B4D, 0x6B4D, 0x6B4D, 0x632C, 0x630C, 0x632C, 0x630C, 0x5AEB, 0x630C, 0x62EB, 0x5AEB, 0x630C, 0x630C,
    0x5AEB, 0x5ACB, 0x5AEB, 0x5AEB, 0x5AEB, 0x5ACB, 0x5ACB, 0x5ACB, 0x5AEB, 0x630C, 0x630C, 0x630C, 0x5ACB, 0x5AEB, 0x5AEB, 0x5AEB,
    0x630C, 0x6B4D, 0x6B4D, 0x738D, 0x6B6D, 0x738E, 0x738E, 0x738E, 0x738E, 0x73AE, 0x738E, 0x738E, 0x8410, 0x9471, 0x9492, 0x94B2,
    0x94B2, 0x9CB2, 0x9CB2, 0x9CB2, 0x94B2, 0x94B2, 0x94B2, 0x94B2, 0x94B2, 0x94B2, 0x94B2, 0x94B2, 0x94B2, 0x94B2, 0x94B2, 0x94B2,
    0x94B2, 0x94B2, 0x94B2, 0x94B2, 0x9CB2, 0x9CD3, 0x9CD3, 0x9CD3, 0x9CD3, 0x9CB3, 0x94B2, 0x94B2, 0x94B2, 0x94B2, 0x94B2, 0x94B2,
    0x94D2, 0x9CD3, 0x9CD3, 0x94B2, 0x94B2, 0x94B2, 0x94B2, 0x94B2, 0x94B2, 0x94B2, 0x94B2, 0x94B2, 0x94B2, 0x9CB2, 0x94B2, 0x94B2,
    0x94B2, 0x94B2, 0x94B2, 0x94B2, 0x9CB2, 0x9CB3, 0x94B2, 0x94B2, 0x94B2, 0x94B2, 0x9492, 0x9492, 0x9CD3, 0xAD75, 0xC618, 0xFFDF,
    0xFFFF, 0xFFFF, 0xFFFF, 0xFFFF, 0xFFFF, 0xF7BE, 0xE71C, 0xC638, 0xB596, 0xA534, 0xA514, 0xA514, 0x9CF3, 0x9CD3, 0x94B2, 0x94B2,
    0x94B2, 0x94B2, 0x94B2, 0x94B2, 0x9CD3, 0x94B2, 0x94B2, 0x94B2, 0x9492, 0x9492, 0x9492, 0x8C71, 0x8C71, 0x8C71, 0x8C71, 0x8C71,
    0x8C51, 0x8C51, 0x8C51, 0x8C51, 0x8C30, 0x8C30, 0x8C31, 0x8C51, 0x8C51, 0x8C51, 0x8C51, 0x8C51, 0x8C30, 0x8C30, 0x8C30, 0x8C30,
    0x8C51, 0x8C51, 0x8C51, 0x8C51, 0x8C51, 0x8C51, 0x9471, 0x6B6D, 0x52AA, 0x5ACA, 0x528A, 0x528A, 0x5ACB, 0x52AA, 0x52AA, 0x52AA,
    0x5ACB, 0x5ACB, 0x528A, 0x52AA, 0x5ACB, 0x52AA, 0x528A, 0x528A, 0x528A, 0x528A, 0x528A, 0x52AA, 0x5ACB, 0x5ACB, 0x5ACB, 0x5ACB,
    0x5ACB, 0x5ACB, 0x52AA, 0x52AA, 0x528A, 0x5AEB, 0x5AEB, 0x52AA, 0x528A, 0x528A, 0x52AB, 0x52AA, 0x52AA, 0x5ACB, 0x528A, 0x52AA,
    0x5AEB, 0x52AA, 0x5ACB, 0x52AA, 0x5AAA, 0x52AA, 0x5ACA, 0x5AEB, 0x62EB, 0x5ACB, 0x5ACB, 0x5ACB, 0x5ACB, 0x5ACB, 0x5ACB, 0x528A,
    0x4A69, 0x528A, 0x528A, 0x52AA, 0x4A69, 0x52AA, 0x528A, 0x528A, 0x528A, 0x52AA, 0x5ACB, 0x5ACB, 0x528A, 0x5ACA, 0x5ACB, 0x52AA,
    0x52AA, 0x528A, 0x52AA, 0x52AA, 0x52AA, 0x52AA, 0x5ACB, 0x52AA, 0x528A, 0x4A69, 0x52AA, 0x528A, 0x528A, 0x528A, 0x52AA, 0x52AA,
    0x52AA, 0x52AA, 0x5ACB, 0x528A, 0x4A69, 0x528A, 0x4A69, 0x528A, 0x4A49, 0x528A, 0x52AA, 0x52AA, 0x52AA, 0x5269, 0x4A69, 0x528A,
    0x528A, 0x5ACB, 0x5ACB, 0x5ACB, 0x52AA, 0x528A, 0x52AA, 0x5ACB, 0x5ACB, 0x5ACB, 0x5AEB, 0x5AEB, 0x5AEB, 0x5ACB, 0x5ACB, 0x630C,
    0x630C, 0x630C, 0x632C, 0x6B4D, 0x6B4D, 0x5AEB, 0x5AEB, 0x630C, 0x632C, 0x62EB, 0x630C, 0x632C, 0x632C, 0x630C, 0x630C, 0x630C,
    0x630C, 0x632C, 0x630C, 0x5AEB, 0x632C, 0x630C, 0x630C, 0x630C, 0x632C, 0x630C, 0x630C, 0x630C, 0x5AEB, 0x630C, 0x630C, 0x632C,
    0x632C, 0x630C, 0x630C, 0x630C, 0x5AEB, 0x630C, 0x5AEB, 0x5AEB, 0x5ACB, 0x5AEB, 0x5ACB, 0x5AEB, 0x5ACB, 0x52AA, 0x52AA, 0x52AA,
    0x528A, 0x52AA, 0x5ACB, 0x52AA, 0x52AA, 0x5ACB, 0x5ACB, 0x52AA, 0x528A, 0x528A, 0x528A, 0x528A, 0x5ACB, 0x528A, 0x5ACB, 0x52AA,
    0x5AAA, 0x5AEB, 0x632C, 0x632C, 0x6B4D, 0x6B6D, 0x6B4D, 0x632C, 0x632C, 0x630C, 0x6B4D, 0x632C, 0x7BAE, 0x8C51, 0x8C30, 0x8C51,
    0x8C51, 0x8C71, 0x8C71, 0x8C51, 0x8C51, 0x8C51, 0x8C51, 0x8C51, 0x8C51, 0x8C51, 0x8C51, 0x8C51, 0x8C51, 0x8C51, 0x8C51, 0x8C51,
    0x8C51, 0x8C51, 0x8C51, 0x8C51, 0x8C71, 0x8C71, 0x8C71, 0x8C71, 0x8C51, 0x8C71, 0x8C51, 0x8C51, 0x8C51, 0x8C51, 0x8C51, 0x8C51,
    0x8C51, 0x8C51, 0x8C51, 0x8C51, 0x8C51, 0x8C51, 0x8C51, 0x8C51, 0x8C51, 0x8C51, 0x8C51, 0x8C51, 0x8C51, 0x8C51, 0x8C51, 0x8C51,
    0x8C51, 0x8C51, 0x8C51, 0x8C51, 0x8C51, 0x8C51, 0x8C71, 0x8C51, 0x8C51, 0x8C51, 0x8C30, 0x8410, 0x7BEF, 0x73AE, 0xA514, 0xF7BE,
    0xFFFF, 0xFFFF, 0xFFFF, 0xFFFF, 0xFFFF, 0xFFFF, 0xFFFF, 0xFFFF, 0xFFFF, 0xFFFF, 0xFFFF, 0xFFFF, 0xFFFF, 0xFFDF, 0xFFDF, 0xFFDF,
    0xFFDF, 0xF7BE, 0xF7BE, 0xF7BE, 0xF7BE, 0xF7BE, 0xF7BE, 0xF7BE, 0xF7BE, 0xF79E, 0xF79E, 0xF79E, 0xF79E, 0xF79E, 0xF79E, 0xF77D,
    0xEF7D, 0xEF7D, 0xEF7D, 0xEF5D, 0xEF5D, 0xEF5D, 0xEF5D, 0xEF5D, 0xEF5D, 0xEF5D, 0xEF5D, 0xEF5D, 0xEF5D, 0xEF5D, 0xEF3C, 0xE73C,
    0xE73C, 0xE73C, 0xEF5D, 0xEF5D, 0xEF5D, 0xEF5D, 0xE71C, 0x9CF3, 0x9CD3, 0x9492, 0x8C51, 0x8C71, 0x8C71, 0x9492, 0x9492, 0x94B2,
    0x94B2, 0x9492, 0x9492, 0x9492, 0x8C71, 0x9492, 0x8C71, 0x8C71, 0x8C51, 0x8430, 0x8C51, 0x8C71, 0x8C71, 0x9492, 0x94B2, 0x8C71,
    0x9CD3, 0xA514, 0x9CD3, 0x94B2, 0x94B2, 0x9CD3, 0x9492, 0x94B2, 0x94B2, 0x8C71, 0x94B3, 0x94B2, 0x94B2, 0x94B2, 0x9492, 0x8C51,
    0x94B2, 0x9492, 0x8C71, 0x9492, 0x9CF3, 0x9492, 0x9CD3, 0x9CD3, 0x9CD3, 0x9492, 0x9492, 0x8C30, 0x9491, 0x9CB2, 0x9CD3, 0x9CF3,
    0x8C71, 0x8C71, 0x8C71, 0x8C51, 0x8C51, 0x94B2, 0x9CD3, 0x94B2, 0x94B2, 0x9CD3, 0x9CD3, 0x8C51, 0x8C51, 0x8C71, 0x94B2, 0x8C71,
    0x8C71, 0x9CD3, 0x94B2, 0x9492, 0x8C71, 0x8C71, 0x8C71, 0x8C30, 0x8C71, 0x8C51, 0x94B2, 0x9472, 0x9492, 0x8C71, 0x9492, 0x8C71,
    0x8C51, 0x8C71, 0x8C51, 0x7BEF, 0x73AE, 0x7BCF, 0x73AE, 0x7BCF, 0x7BEF, 0x8451, 0x8C51, 0x8C71, 0x8C51, 0x8430, 0x8C51, 0x8C71,
    0x9492, 0x9CD3, 0x9492, 0x94B2, 0x94D3, 0x94B2, 0x9492, 0x9CD3, 0x9CD3, 0x9CB2, 0x9CD3, 0x9CD2, 0xA514, 0x9CF3, 0x9CF3, 0xAD55,
    0xAD75, 0xAD55, 0xAD75, 0xB596, 0xAD75, 0xA514, 0xAD55, 0xA534, 0xAD55, 0xA534, 0xAD75, 0xA554, 0xAD55, 0xA534, 0xA514, 0xA534,
    0xAD75, 0xAD55, 0xA4F4, 0x9492, 0xA514, 0xA4F3, 0x9CF3, 0xA534, 0xAD75, 0xAD55, 0xAD75, 0xAD75, 0xAD55, 0xAD55, 0xA534, 0xAD55,
    0xA534, 0xAD55, 0xAD55, 0xA514, 0x9CB2, 0x94B2, 0x9CD3, 0x9CD3, 0x9CF3, 0x9CF3, 0x9CF3, 0x9CD3, 0x9CF3, 0x9492, 0x8C71, 0x9492,
    0x9492, 0x94B3, 0x94B2, 0x9CD3, 0x8C71, 0x9CB3, 0x9CD3, 0x9CD3, 0x9CD3, 0x9CD3, 0x9492, 0x94B2, 0x9CF3, 0x8C71, 0x9CF3, 0x9CF3,
    0xA534, 0xA514, 0xA534, 0xA514, 0xA514, 0xA534, 0xAD35, 0xA514, 0xAD55, 0xB596, 0xB596, 0xB596, 0xBDD7, 0xE71C, 0xEF5D, 0xEF5D,
    0xEF5D, 0xEF5D, 0xEF5D, 0xEF5D, 0xEF5D, 0xEF5D, 0xE75D, 0xEF3C, 0xE73C, 0xE73C, 0xE73C, 0xE73C, 0xE73C, 0xEF5D, 0xEF5D, 0xEF3C,
    0xEF5D, 0xEF5D, 0xEF5D, 0xEF5D, 0xEF5D, 0xEF5D, 0xEF5D, 0xEF3D, 0xEF5D, 0xEF5D, 0xEF5D, 0xEF5D, 0xEF5D, 0xEF5D, 0xEF5D, 0xEF5D,
    0xEF5D, 0xEF5D, 0xEF3C, 0xE73C, 0xE73C, 0xE73C, 0xE73C, 0xE73C, 0xE73C, 0xE73C, 0xE73C, 0xE73C, 0xE73C, 0xE73C, 0xE73C, 0xE73C,
    0xE73C, 0xEF5C, 0xEF5D, 0xEF5D, 0xEF5D, 0xEF5D, 0xEF5D, 0xEF5D, 0xEF5D, 0xEF5D, 0xEF5D, 0xE71C, 0xD69A, 0xD69A, 0xFFDF, 0xFFFF,
    0xFFFF, 0xFFFF, 0xFFFF, 0xFFFF, 0xFFFF, 0xFFFF, 0xFFFF, 0xFFFF, 0xFFFF, 0xFFFF, 0xFFFF, 0xFFFF, 0xFFFF, 0xFFFF, 0xFFFF, 0xFFFF,
    0xFFFF, 0xFFFF, 0xFFFF, 0xFFFF, 0xFFFF, 0xFFFF, 0xFFFF, 0xFFFF, 0xFFFF, 0xFFFF, 0xFFFF, 0xFFFF, 0xFFFF, 0xFFFF, 0xFFFF, 0xFFFF,
    0xFFFF, 0xFFFF, 0xFFFF, 0xFFFF, 0xFFFF, 0xFFFF, 0xFFFF, 0xFFFF, 0xFFFF, 0xFFFF, 0xFFFF, 0xFFFF, 0xFFFF, 0xFFFF, 0xFFFF, 0xFFFF,
    0xFFFF, 0xFFFF, 0xFFFF, 0xFFFF, 0xFFFF, 0xFFFF, 0xCE79, 0xA534, 0xA534, 0xA514, 0x9CF3, 0x9CF3, 0xA534, 0x9CF4, 0x9CD3, 0x9CF3,
    0x9CF3, 0x9CD3, 0xA534, 0x9D14, 0xA534, 0xA534, 0xA514, 0xA534, 0xA514, 0xA514, 0xA514, 0x9CD3, 0x9CF4, 0xA514, 0xA534, 0xAD55,
    0xB596, 0xB596, 0xB596, 0xAD55, 0xA534, 0xA4F4, 0x9CF3, 0x9CF3, 0xA534, 0xAD75, 0xAD55, 0xA534, 0x9CF3, 0x9CD3, 0x9CF4, 0xA534,
    0xA534, 0xA535, 0xA534, 0xA534, 0xAD55, 0xB575, 0xAD75, 0xA534, 0xA4F4, 0xA514, 0xA514, 0xAD55, 0xAD55, 0xAD75, 0xB576, 0xAD55,
    0xAD55, 0xA534, 0xA534, 0xA534, 0xAD75, 0xB576, 0xA535, 0xAD55, 0xA514, 0x9CF3, 0x9CF3, 0x9CD3, 0x9CF3, 0xA514, 0xA534, 0xA534,
    0x9CF3, 0xAD55, 0xA534, 0xA514, 0xA514, 0xA514, 0xA534, 0x9CF3, 0x9CF3, 0xA514, 0xA514, 0xA514, 0x9CF3, 0x9CF3, 0xA534, 0xA514,
    0x9CD3, 0x9492, 0x9492, 0x94B2, 0x9CD3, 0x9492, 0x9492, 0x9492, 0x94B2, 0x94B2, 0x9492, 0x9471, 0x9492, 0x94B2, 0x9CD3, 0x9CD3,
    0x9CF3, 0xA514, 0xA534, 0xA534, 0xA514, 0xAD55, 0xA534, 0xA534, 0x9CF3, 0xA514, 0xA534, 0xA534, 0xA514, 0xAD75, 0xAD75, 0xB596,
    0xB596, 0xB5B6, 0xB5B6, 0xBDD7, 0xBDD7, 0xBDD7, 0xC618, 0xB5B6, 0xBDF7, 0xBDD7, 0xBDF7, 0xB5B6, 0xB5B6, 0xBDB7, 0xBDD7, 0xBDF7,
    0xBDF7, 0xBDD7, 0xBDD7, 0xBDF7, 0xBDF7, 0xBDF7, 0xBDD7, 0xBDD7, 0xBDD7, 0xBDB6, 0xBDB7, 0xBDF7, 0xC618, 0xC618, 0xC618, 0xBDD7,
    0xB5B6, 0xB5B6, 0xA534, 0xB596, 0xAD75, 0xA534, 0xAD75, 0xA534, 0xB596, 0xB596, 0xAD75, 0xB596, 0xAD75, 0xAD55, 0xAD55, 0xA534,
    0xA514, 0x9CD3, 0x9CF3, 0xA534, 0xAD55, 0xAD75, 0xA514, 0xA514, 0xA514, 0xAD75, 0xAD55, 0xAD34, 0xA534, 0xA514, 0xAD75, 0xB596,
    0xB596, 0xB596, 0xB5B6, 0xB596, 0xBDB6, 0xB596, 0xB5B6, 0xC5F8, 0xC618, 0xC618, 0xC618, 0xBDD7, 0xB596, 0xDEFB, 0xFFFF, 0xFFFF,
    0xFFFF, 0xFFFF, 0xFFFF, 0xFFFF, 0xFFFF, 0xFFFF, 0xFFFF, 0xFFFF, 0xFFFF, 0xFFFF, 0xFFFF, 0xFFFF, 0xFFFF, 0xFFFF, 0xFFFF, 0xFFFF,
    0xFFFF, 0xFFFF, 0xFFFF, 0xFFFF, 0xFFFF, 0xFFFF, 0xFFFF, 0xFFFF, 0xFFFF, 0xFFFF, 0xFFFF, 0xFFFF, 0xFFFF, 0xFFFF, 0xFFFF, 0xFFFF,
    0xFFFF, 0xFFFF, 0xFFFF, 0xFFFF, 0xFFFF, 0xFFFF, 0xFFFF, 0xFFFF, 0xFFFF, 0xFFFF, 0xFFFF, 0xFFFF, 0xFFFF, 0xFFFF, 0xFFFF, 0xFFFF,
    0xFFFF, 0xFFFF, 0xFFFF, 0xFFFF, 0xFFFF, 0xFFFF, 0xFFFF, 0xFFFF, 0xFFFF, 0xFFFF, 0xFFFF, 0xFFFF, 0xFFFF, 0xFFFF, 0xFFFF, 0xFFFF,
    0xFFFF, 0xFFFF, 0xFFFF, 0xFFFF, 0xFFFF, 0xFFFF, 0xFFFF, 0xFFFF, 0xFFFF, 0xFFFF, 0xFFFF, 0xFFFF, 0xFFFF, 0xFFFF, 0xFFFF, 0xFFFF,
    0xFFFF, 0xFFFF, 0xFFFF, 0xFFFF, 0xFFFF, 0xFFFF, 0xFFFF, 0xFFFF, 0xFFFF, 0xFFFF, 0xFFFF, 0xFFFF, 0xFFFF, 0xFFFF, 0xFFFF, 0xFFFF,
    0xFFFF, 0xFFFF, 0xFFFF, 0xFFFF, 0xFFFF, 0xFFFF, 0xFFFF, 0xFFFF, 0xFFFF, 0xFFFF, 0xFFFF, 0xFFFF, 0xFFFF, 0xFFFF, 0xFFFF, 0xFFFF,
    0xFFFF, 0xFFFF, 0xFFFF, 0xFFFF, 0xFFFF, 0xEF5D, 0xA534, 0x9CF3, 0xA4F3, 0xAD55, 0xA534, 0x9CF3, 0xA514, 0xA534, 0x9CD3, 0x9CD3,
    0x9CF4, 0x9CD3, 0x9CD3, 0x9CF3, 0xA534, 0x9CF3, 0x9CF3, 0x9CF3, 0xA514, 0x9CD3, 0xA514, 0xA4F3, 0xA4F4, 0x9CF3, 0x9CF3, 0xA514,
    0xAD55, 0xAD55, 0xAD55, 0xAD55, 0xAD55, 0xAD75, 0xAD75, 0xA534, 0xA514, 0xA534, 0xAD55, 0xA534, 0xA534, 0xA534, 0xA534, 0xA514,
    0xA534, 0xA514, 0xAD55, 0x9CF3, 0xA514, 0xAD55, 0xA534, 0xA514, 0xA534, 0x9CF3, 0xA514, 0xA514, 0xA534, 0xAD75, 0xAD55, 0xA534,
    0x9CD3, 0x94B2, 0x9CD3, 0x9CD3, 0xAD55, 0xA514, 0xA514, 0x9CF3, 0x9CF3, 0x9CF3, 0x9CD3, 0x9CD3, 0x9CD3, 0x94B2, 0x9492, 0x9CF3,
    0x9CD3, 0x9CF3, 0xA514, 0x9CF3, 0xA514, 0xA514, 0xA514, 0x9CD3, 0x9CF3, 0x9CD3, 0x9CF3, 0xA514, 0xA514, 0x9492, 0x9CB3, 0x9CD3,
    0x9CF3, 0x9492, 0x9492, 0x94B2, 0x9CF3, 0x9CF3, 0x9CD3, 0x9CD3, 0x9CD3, 0x94B2, 0x9492, 0x9492, 0x9CD3, 0x9CD3, 0x9CD3, 0x9CD3,
    0xA514, 0x9CD3, 0x9CF3, 0xA514, 0xA534, 0xAD55, 0xAD55, 0xA514, 0x9CF3, 0x9CD3, 0x9CD3, 0x9CD3, 0xA514, 0xA534, 0xAD75, 0xAD55,
    0xA534, 0xB575, 0xB5B6, 0xB5B6, 0xAD75, 0xB5B6, 0xBDF7, 0xBDD7, 0xC618, 0xB5B6, 0xBDD7, 0xB5B6, 0xBDD7, 0xBDB6, 0xB596, 0xBDD7,
    0xB5B6, 0xB5B6, 0xB596, 0xBDD7, 0xBDF7, 0xBDD7, 0xBDF7, 0xC618, 0xBDF7, 0xBDD7, 0xB5B6, 0xB5B6, 0xB5B6, 0xB596, 0xB596, 0xAD75,
    0xB596, 0xB576, 0xB596, 0xAD75, 0xB596, 0xB5B6, 0xB596, 0xAD55, 0xA534, 0xB575, 0xAD55, 0xAD55, 0xAD55, 0xA534, 0xAD55, 0xAD35,
    0xA514, 0x9CD3, 0x9CF3, 0x9CF3, 0x9CF3, 0x9CF3, 0xA514, 0xA514, 0xA514, 0xA534, 0xB596, 0xB596, 0xB596, 0xAD55, 0xA534, 0xA514,
    0xAD55, 0xAD75, 0xB5B6, 0xB596, 0xB596, 0xB5B6, 0xB5B6, 0xBDB6, 0xC618, 0xBDD7, 0xBDF7, 0xBDF7, 0xBDD7, 0xC618, 0xF7BE, 0xFFFF,
    0xFFFF, 0xFFFF, 0xFFFF, 0xFFFF, 0xFFFF, 0xFFFF, 0xFFFF, 0xFFFF, 0xFFFF, 0xFFFF, 0xFFFF, 0xFFFF, 0xFFFF, 0xFFFF, 0xFFFF, 0xFFFF,
    0xFFFF, 0xFFFF, 0xFFFF, 0xFFFF, 0xFFFF, 0xFFFF, 0xFFFF, 0xFFFF, 0xFFFF, 0xFFFF, 0xFFFF, 0xFFFF, 0xFFFF, 0xFFFF, 0xFFFF, 0xFFFF,
    0xFFFF, 0xFFFF, 0xFFFF, 0xFFFF, 0xFFFF, 0xFFFF, 0xFFFF, 0xFFFF, 0xFFFF, 0xFFFF, 0xFFFF, 0xFFFF, 0xFFFF, 0xFFFF, 0xFFFF, 0xFFFF,
    0xFFFF, 0xFFFF, 0xFFFF, 0xFFFF, 0xFFFF, 0xFFFF, 0xFFFF, 0xFFFF, 0xFFFF, 0xFFFF, 0xFFFF, 0xFFFF, 0xFFFF, 0xFFFF, 0xFFFF, 0xFFFF,
    0xFFFF, 0xFFFF, 0xFFFF, 0xFFFF, 0xFFFF, 0xFFFF, 0xFFFF, 0xFFFF, 0xFFFF, 0xFFFF, 0xFFFF, 0xFFFF, 0xFFFF, 0xFFFF, 0xFFFF, 0xFFFF,
    0xFFFF, 0xFFFF, 0xFFFF, 0xFFFF, 0xFFFF, 0xFFFF, 0xFFFF, 0xFFFF, 0xFFFF, 0xFFFF, 0xFFFF, 0xFFFF, 0xFFFF, 0xFFFF, 0xFFFF, 0xFFFF,
    0xFFFF, 0xFFFF, 0xFFFF, 0xFFFF, 0xFFFF, 0xFFFF, 0xFFFF, 0xFFFF, 0xFFFF, 0xFFFF, 0xFFFF, 0xFFFF, 0xFFFF, 0xFFFF, 0xFFFF, 0xFFFF,
    0xFFFF, 0xFFFF, 0xFFFF, 0xFFFF, 0xFFFF, 0xBDF7, 0x9CF3, 0xA514, 0x9CD3, 0xA514, 0x9CF3, 0xA534, 0x9CF3, 0x9CF3, 0x9CD3, 0x94B2,
    0x9CF3, 0x9CF3, 0x9CD3, 0x9CD3, 0xAD55, 0xAD55, 0x9CF3, 0x94B2, 0x9492, 0x94B2, 0xA514, 0xAD55, 0xAD55, 0xA534, 0x9D13, 0xA534,
    0xAD55, 0xA534, 0xA534, 0xAD55, 0xAD55, 0xAD75, 0xAD75, 0xAD75, 0xAD75, 0xAD75, 0xAD55, 0xAD55, 0xB596, 0xAD75, 0xAD55, 0xA534,
    0xA514, 0xA514, 0xA514, 0xA534, 0xAD55, 0xA534, 0xA514, 0x9CF3, 0xA534, 0xAD55, 0xA534, 0xAD55, 0xA514, 0xA534, 0xA534, 0x9CF3,
    0x9CD3, 0x9CD3, 0x9CD3, 0x9CB3, 0xA514, 0x9CF3, 0x9CF3, 0xA554, 0xA514, 0xA514, 0xA514, 0x9CD3, 0x9CD3, 0x9CD3, 0x94B2, 0x9CF3,
    0x9CF3, 0x9CD3, 0xA514, 0x9CD3, 0x9CF3, 0x9CF3, 0xA514, 0x9CD3, 0x9CF3, 0x9CF3, 0x9CD3, 0x9CF3, 0xA514, 0x9492, 0x94B2, 0x9492,
    0x9492, 0x94B2, 0x94B2, 0x9CD3, 0x9CD3, 0xA514, 0xA514, 0x9CF3, 0x9CD3, 0x9CB2, 0x9492, 0x9492, 0x9CD3, 0x9CD3, 0xAD55, 0xA534,
    0x9CD3, 0x9CD3, 0x9CF3, 0x9CF3, 0xA514, 0x9CD3, 0x94B2, 0x9CD3, 0x9CF3, 0x9CD3, 0xA4F3, 0xAD55, 0xA534, 0xAD75, 0xB5B6, 0xB596,
    0xB5B6, 0xB596, 0xBDD7, 0xBDD7, 0xB596, 0xBDD7, 0xC618, 0xBDF7, 0xBDF7, 0xB5B6, 0xBDD7, 0xB5B6, 0xBDD7, 0xBDD7, 0xBDD7, 0xBDD7,
    0xC618, 0xBDF7, 0xB5B6, 0xBDD7, 0xBDF7, 0xBDB6, 0xBDF7, 0xBDF7, 0xC618, 0xB5B6, 0xBDD7, 0xB5B6, 0xB5B6, 0xAD75, 0xBDB7, 0xB596,
    0xAD75, 0xB596, 0xB575, 0xAD75, 0xB596, 0xB596, 0xBDF7, 0xB596, 0xAD55, 0xA534, 0xAD55, 0xA534, 0xA514, 0xA4F3, 0xAD34, 0xA534,
    0xAD55, 0x9CF3, 0x9CF3, 0x9CF3, 0xA514, 0x9CF3, 0xA534, 0xAD55, 0xA514, 0xA514, 0xAD55, 0xBDD7, 0xB5B6, 0xAD75, 0xAD75, 0xAD55,
    0xA534, 0xA534, 0xAD75, 0xB596, 0xAD75, 0xB575, 0xB575, 0xB596, 0xBDF7, 0xBDF7, 0xBDF7, 0xBDF7, 0xC618, 0xB596, 0xDEDB, 0xFFFF,
    0xFFFF, 0xFFFF, 0xFFFF, 0xFFFF, 0xFFFF, 0xFFFF, 0xFFFF, 0xFFFF, 0xFFFF, 0xFFFF, 0xFFFF, 0xFFFF, 0xFFFF, 0xFFFF, 0xFFFF, 0xFFFF,
    0xFFFF, 0xFFFF, 0xFFFF, 0xFFFF, 0xFFFF, 0xFFFF, 0xFFFF, 0xFFFF, 0xFFFF, 0xFFFF, 0xFFFF, 0xFFFF, 0xFFFF, 0xFFFF, 0xFFFF, 0xFFFF,
    0xFFFF, 0xFFFF, 0xFFFF, 0xFFFF, 0xFFFF, 0xFFFF, 0xFFFF, 0xFFFF, 0xFFFF, 0xFFFF, 0xFFFF, 0xFFFF, 0xFFFF, 0xFFFF, 0xFFFF, 0xFFFF,
    0xFFFF, 0xFFFF, 0xFFFF, 0xFFFF, 0xFFFF, 0xFFFF, 0xFFFF, 0xFFFF, 0xFFFF, 0xFFFF, 0xFFFF, 0xFFFF, 0xFFFF, 0xFFFF, 0xFFFF, 0xFFFF,
    0xFFFF, 0xFFFF, 0xFFFF, 0xFFFF, 0xFFFF, 0xFFFF, 0xFFFF, 0xFFFF, 0xFFFF, 0xFFFF, 0xFFFF, 0xFFFF, 0xFFFF, 0xFFFF, 0xFFFF, 0xFFFF,
    0xFFFF, 0xFFFF, 0xFFFF, 0xFFFF, 0xFFFF, 0xFFFF, 0xFFFF, 0xFFFF, 0xFFFF, 0xFFFF, 0xFFFF, 0xFFFF, 0xFFFF, 0xFFFF, 0xFFFF, 0xFFFF,
    0xFFFF, 0xFFFF, 0xFFFF, 0xFFFF, 0xFFFF, 0xFFFF, 0xFFFF, 0xFFFF, 0xFFFF, 0xFFFF, 0xFFFF, 0xFFFF, 0xFFFF, 0xFFFF, 0xFFFF, 0xFFFF,
    0xFFFF, 0xFFFF, 0xFFFF, 0xFFFF, 0xEF5D, 0x9CD3, 0x9CD3, 0xA514, 0xA514, 0xA514, 0xAD55, 0xA534, 0xA514, 0x9CF3, 0x9CD3, 0x94B2,
    0x9CD3, 0x9CD3, 0x9CF3, 0x9CF3, 0xA534, 0xAD55, 0xA514, 0x9CD3, 0x9492, 0x94B2, 0xA514, 0xA534, 0xA514, 0xA534, 0xA534, 0x9CF3,
    0x9CD3, 0x9CD3, 0x9CF3, 0xAD75, 0xA534, 0xA534, 0xA534, 0xA534, 0xA534, 0xA534, 0xAD75, 0xAD75, 0xAD75, 0xAD55, 0xA534, 0xAD55,
    0xAD55, 0xA534, 0x9CD3, 0x9CF3, 0xA534, 0xA534, 0xA514, 0xA534, 0xA534, 0xAD34, 0xAD75, 0xAD75, 0xAD75, 0xA514, 0xA514, 0xA514,
    0x9CD3, 0x9CD3, 0x9CD3, 0x9CD3, 0xA534, 0xA514, 0x9CF3, 0xA534, 0xA514, 0x9CF3, 0x9CD3, 0x9CF3, 0xA534, 0xA514, 0xA514, 0xA534,
    0xA534, 0xA534, 0x9CF3, 0x9CF3, 0xA514, 0x9CF3, 0x9CD3, 0x9CD3, 0x9CF3, 0xA534, 0xA514, 0x94B2, 0x9CD3, 0x94B2, 0x9CD3, 0xA4F4,
    0x94B2, 0x9492, 0x8C51, 0x94B2, 0x9CD3, 0x94B2, 0x9CD3, 0x9CD3, 0x9CF3, 0x94B2, 0x8C51, 0x9492, 0x9CF3, 0x9CF3, 0x9CF3, 0xA514,
    0x9CD3, 0x9CD3, 0x9CD3, 0x9CF3, 0xA514, 0xA514, 0x9CF3, 0xA514, 0xA534, 0x9CF3, 0x9CF3, 0xAD55, 0xAD75, 0xB596, 0xBDF7, 0xBDF7,
    0xB5B6, 0xB596, 0xB576, 0xB5B6, 0xB596, 0xBDD7, 0xBDD7, 0xB5B6, 0xB596, 0xBDD7, 0xB5B6, 0xB575, 0xB596, 0xBDD7, 0xBDF7, 0xBDD7,
    0xC618, 0xBDF7, 0xC618, 0xBDD7, 0xBDB7, 0xBDD7, 0xBDD7, 0xC618, 0xBDB7, 0xB5B6, 0xBDD7, 0xBDD7, 0xB5B6, 0xBDB7, 0xBDB6, 0xBDD7,
    0xB596, 0xB596, 0xB5B6, 0xAD75, 0xAD55, 0xB596, 0xB596, 0xB5B6, 0xAD75, 0xA534, 0xA534, 0xA534, 0xA534, 0xA514, 0xA514, 0x9CF3,
    0xA534, 0x9CF3, 0x94B2, 0x9CF3, 0xA514, 0xA534, 0xA534, 0xA514, 0xA4F3, 0xA514, 0xA514, 0xAD55, 0xAD75, 0xAD55, 0xB596, 0xB596,
    0xAD55, 0xAD55, 0xAD55, 0xAD75, 0xB5B6, 0xB596, 0xB575, 0xB5B6, 0xBDD7, 0xBDF7, 0xBDF7, 0xB5B6, 0xBDF7, 0xBDD7, 0xC618, 0xF7BE,
    0xFFFF, 0xFFFF, 0xFFFF, 0xFFFF, 0xFFFF, 0xFFFF, 0xFFFF, 0xFFFF, 0xFFFF, 0xFFFF, 0xFFFF, 0xFFFF, 0xFFFF, 0xFFFF, 0xFFFF, 0xFFFF,
    0xFFFF, 0xFFFF, 0xFFFF, 0xFFFF, 0xFFFF, 0xFFFF, 0xFFFF, 0xFFFF, 0xFFFF, 0xFFFF, 0xFFFF, 0xFFFF, 0xFFFF, 0xFFFF, 0xFFFF, 0xFFFF,
    0xFFFF, 0xFFFF, 0xFFFF, 0xFFFF, 0xFFFF, 0xFFFF, 0xFFFF, 0xFFFF, 0xFFFF, 0xFFFF, 0xFFFF, 0xFFFF, 0xFFFF, 0xFFFF, 0xFFFF, 0xFFFF,
    0xFFFF, 0xFFFF, 0xFFFF, 0xFFFF, 0xFFFF, 0xFFFF, 0xFFFF, 0xFFFF, 0xFFFF, 0xFFFF, 0xFFFF, 0xFFFF, 0xFFFF, 0xFFFF, 0xFFFF, 0xFFFF,
    0xFFFF, 0xFFFF, 0xFFFF, 0xFFFF, 0xFFFF, 0xFFFF, 0xFFFF, 0xFFFF, 0xFFFF, 0xFFFF, 0xFFFF, 0xFFFF, 0xFFFF, 0xFFFF, 0xFFFF, 0xFFFF,
    0xFFFF, 0xFFFF, 0xFFFF, 0xFFFF, 0xFFFF, 0xFFFF, 0xFFFF, 0xFFFF, 0xFFFF, 0xFFFF, 0xFFFF, 0xFFFF, 0xFFFF, 0xFFFF, 0xFFFF, 0xFFFF,
    0xFFFF, 0xFFFF, 0xFFFF, 0xFFFF, 0xFFFF, 0xFFFF, 0xFFFF, 0xFFFF, 0xFFFF, 0xFFFF, 0xFFFF, 0xFFFF, 0xFFFF, 0xFFFF, 0xFFFF, 0xFFFF,
    0xFFFF, 0xFFFF, 0xFFFF, 0xFFFF, 0xBDF7, 0x9CD2, 0x9CD3, 0x9CF3, 0xA534, 0xA514, 0x9CF3, 0xA514, 0xAD35, 0xA534, 0xA514, 0x9CD3,
    0x9CF3, 0x9CF3, 0x9CF3, 0x9CF3, 0x9CD3, 0xA514, 0x9CD3, 0x9CF3, 0x9CF3, 0xA514, 0xA514, 0xA514, 0xA534, 0xA534, 0xAD75, 0x9CF3,
    0x9CF3, 0xA4F4, 0xA514, 0xAD75, 0xB5B6, 0xAD75, 0xAD55, 0xAD55, 0xA514, 0x9CF3, 0xAD55, 0xAD55, 0xA514, 0x9CF3, 0xA534, 0xA534,
    0xA534, 0xA534, 0x9CF3, 0x9CF3, 0xAD55, 0xAD55, 0xA534, 0xA534, 0xA534, 0xA534, 0xA534, 0xA514, 0xAD55, 0xA534, 0x9CF3, 0xA534,
    0xA514, 0x9CD3, 0x94B2, 0x9CF3, 0xA514, 0xA514, 0xA514, 0xA514, 0x9CF3, 0xA534, 0xA514, 0xA514, 0xAD34, 0xA534, 0xA534, 0xA514,
    0xA534, 0xAD55, 0xA534, 0xA534, 0xA514, 0x9CF3, 0xA514, 0xA514, 0x9CF3, 0x9CF3, 0x9CF3, 0x9CD3, 0x94B2, 0x9CD3, 0xA4F3, 0xAD55,
    0xAD35, 0x9CD3, 0x9CF3, 0x9CD3, 0x9CF3, 0x9CD3, 0x9CD3, 0x9CD3, 0xA514, 0x94B2, 0x9CD3, 0x94B2, 0x9492, 0xA514, 0x9CF3, 0xA534,
    0xA514, 0xA534, 0xA534, 0xA514, 0xA514, 0xA514, 0xA534, 0xA534, 0xA534, 0xA514, 0xA534, 0xAD75, 0xAD55, 0xAD55, 0xB5B6, 0xB575,
    0xB576, 0xBDB7, 0xB5B6, 0xB596, 0xB596, 0xBDD7, 0xBDD7, 0xB5B6, 0xB596, 0xC5F7, 0xB5B6, 0xBDF7, 0xBDF7, 0xC618, 0xC618, 0xBDD7,
    0xBDB6, 0xBDF7, 0xB5B6, 0xB5B6, 0xBDD7, 0xC5F7, 0xBDF7, 0xCE59, 0xBDF7, 0xB596, 0xB5B6, 0xB596, 0xB575, 0xB5B6, 0xBDD7, 0xBDD7,
    0xBDD7, 0xBDD7, 0xB5B6, 0xAD75, 0xAD34, 0xAD75, 0xB596, 0xAD55, 0xAD75, 0xAD55, 0xAD55, 0xAD55, 0xA514, 0xAD55, 0xAD75, 0xA534,
    0xA534, 0xA514, 0x9CF3, 0x9CD3, 0xA514, 0xA4F4, 0xA514, 0xA514, 0x9CF3, 0x9CF3, 0x9CF3, 0xA534, 0xAD34, 0xA514, 0xAD35, 0xAD75,
    0xAD75, 0xB575, 0xBDD7, 0xAD75, 0xB5B6, 0xAD75, 0xB596, 0xBDD7, 0xB5B6, 0xBDF7, 0xBDD7, 0xBDF7, 0xBDD7, 0xBDD7, 0xB5B6, 0xDEDB,
    0xFFFF, 0xFFFF, 0xFFFF, 0xFFFF, 0xFFFF, 0xFFFF, 0xFFFF, 0xFFFF, 0xFFFF, 0xFFFF, 0xFFFF, 0xFFFF, 0xFFFF, 0xFFFF, 0xFFFF, 0xFFFF,
    0xFFFF, 0xFFFF, 0xFFFF, 0xFFFF, 0xFFFF, 0xFFFF, 0xFFFF, 0xFFFF, 0xFFFF, 0xFFFF, 0xFFFF, 0xFFFF, 0xFFFF, 0xFFFF, 0xFFFF, 0xFFFF,
    0xFFFF, 0xFFFF, 0xFFFF, 0xFFFF, 0xFFFF, 0xFFFF, 0xFFFF, 0xFFFF, 0xFFFF, 0xFFFF, 0xFFFF, 0xFFFF, 0xFFFF, 0xFFFF, 0xFFFF, 0xFFFF,
    0xFFFF, 0xFFFF, 0xFFFF, 0xFFFF, 0xFFFF, 0xFFFF, 0xFFFF, 0xFFFF, 0xFFFF, 0xFFFF, 0xFFFF, 0xFFFF, 0xFFFF, 0xFFFF, 0xFFFF, 0xFFFF,
    0xFFFF, 0xFFFF, 0xFFFF, 0xFFFF, 0xFFFF, 0xFFFF, 0xFFFF, 0xFFFF, 0xFFFF, 0xFFFF, 0xFFFF, 0xFFFF, 0xFFFF, 0xFFFF, 0xFFFF, 0xFFFF,
    0xFFFF, 0xFFFF, 0xFFFF, 0xFFFF, 0xFFFF, 0xFFFF, 0xFFFF, 0xFFFF, 0xFFFF, 0xFFFF, 0xFFFF, 0xFFFF, 0xFFFF, 0xFFFF, 0xFFFF, 0xFFFF,
    0xFFFF, 0xFFFF, 0xFFFF, 0xFFFF, 0xFFFF, 0xFFFF, 0xFFFF, 0xFFFF, 0xFFFF, 0xFFFF, 0xFFFF, 0xFFFF, 0xFFFF, 0xFFFF, 0xFFFF, 0xFFFF,
    0xFFFF, 0xFFFF, 0xFFFF, 0xEF5D, 0xA514, 0x9CF3, 0x9CF3, 0xA514, 0xA534, 0xA514, 0x9CF3, 0x9CD3, 0x9CD3, 0x9CF3, 0x9CF3, 0x9CD3,
    0x9CF3, 0xA514, 0xA514, 0xA514, 0x9CF3, 0x9CD3, 0x9CF3, 0xA514, 0x9CD3, 0x9CF3, 0x9CF3, 0xAD55, 0xAD55, 0x9CF3, 0xA534, 0xAD55,
    0xA535, 0xA534, 0xA514, 0xA534, 0xAD75, 0xAD55, 0xA534, 0xA514, 0xAD55, 0xA534, 0xA534, 0xA514, 0xA534, 0xAD75, 0xAD55, 0xAD55,
    0xA534, 0xAD55, 0xAD35, 0x9CF3, 0xA534, 0xAD55, 0xAD55, 0xAD75, 0xA534, 0xA534, 0x9CF4, 0xA514, 0xA4F4, 0x9CF3, 0x9CD3, 0x9CF3,
    0xA4F3, 0x9CF3, 0x9CD3, 0x9CF3, 0xA514, 0x9CF3, 0x9CF3, 0x9CF3, 0xAD55, 0xAD34, 0xAD55, 0xA534, 0x9CD3, 0xA534, 0xAD75, 0xA534,
    0xA514, 0xA534, 0xAD75, 0xAD55, 0xA534, 0xA514, 0x9CF3, 0x9CF3, 0x9CF3, 0x9CF3, 0x9CF3, 0x94B2, 0x9CF3, 0x9CD3, 0x94B2, 0xA514,
    0xA534, 0xA514, 0x9CF3, 0x9472, 0x9CD3, 0x9CD3, 0x9CD3, 0x9CD3, 0xAD35, 0x9CF3, 0xA514, 0xA514, 0x94B2, 0xA514, 0x9CD3, 0xA4F4,
    0xA514, 0xAD55, 0xA534, 0xA514, 0x9CF3, 0x9CD3, 0x9CF3, 0xAD75, 0xAD55, 0xAD55, 0xAD55, 0xAD55, 0xAD75, 0xB575, 0xB5B6, 0xB596,
    0xB596, 0xB5B6, 0xBDF7, 0xBDD7, 0xBDD7, 0xC618, 0xBDF7, 0xBDD7, 0xBDD7, 0xBDF7, 0xBDD7, 0xC618, 0xBDF7, 0xBDF7, 0xBDF7, 0xB596,
    0xBDF7, 0xCE59, 0xC618, 0xC5F8, 0xBDF7, 0xBDF7, 0xBDD7, 0xBDD7, 0xB5B6, 0xAD55, 0xB5B6, 0xB5B6, 0xB596, 0xBDD7, 0xBDF7, 0xBDF7,
    0xB5B6, 0xB596, 0xB5B6, 0xAD75, 0xAD55, 0xAD75, 0xAD55, 0xAD55, 0xAD75, 0xA534, 0xA534, 0xAD55, 0xA514, 0xA514, 0xA534, 0xA514,
    0xAD55, 0xAD55, 0x9CF3, 0x9CF3, 0xA534, 0xA4F4, 0xA514, 0xA534, 0xA534, 0x9CF3, 0x94B2, 0x9CF3, 0xAD55, 0xA514, 0xAD35, 0xAD75,
    0xAD75, 0xB5B6, 0xBDD7, 0xB5B6, 0xB5B6, 0xB596, 0xB596, 0xBDD7, 0xB575, 0xBDD7, 0xBDF7, 0xC618, 0xBDD7, 0xC5F8, 0xBDD7, 0xCE59,
    0xFFDF, 0xFFFF, 0xFFFF, 0xFFFF, 0xFFFF, 0xFFFF, 0xFFFF, 0xFFFF, 0xFFFF, 0xFFFF, 0xFFFF, 0xFFFF, 0xFFFF, 0xFFFF, 0xFFFF, 0xFFFF,
    0xFFFF, 0xFFFF, 0xFFFF, 0xFFFF, 0xFFFF, 0xFFFF, 0xFFFF, 0xFFFF, 0xFFFF, 0xFFFF, 0xFFFF, 0xFFFF, 0xFFFF, 0xFFFF, 0xFFFF, 0xFFFF,
    0xFFFF, 0xFFFF, 0xFFFF, 0xFFFF, 0xFFFF, 0xFFFF, 0xFFFF, 0xFFFF, 0xFFFF, 0xFFFF, 0xFFFF, 0xFFFF, 0xFFFF, 0xFFFF, 0xFFFF, 0xFFFF,
    0xFFFF, 0xFFFF, 0xFFFF, 0xFFFF, 0xFFFF, 0xFFFF, 0xFFFF, 0xFFFF, 0xFFFF, 0xFFFF, 0xFFFF, 0xFFFF, 0xFFFF, 0xFFFF, 0xFFFF, 0xFFFF,
    0xFFFF, 0xFFFF, 0xFFFF, 0xFFFF, 0xFFFF, 0xFFFF, 0xFFFF, 0xFFFF, 0xFFFF, 0xFFFF, 0xFFFF, 0xFFFF, 0xFFFF, 0xFFFF, 0xFFFF, 0xFFFF,
    0xFFFF, 0xFFFF, 0xFFFF, 0xFFFF, 0xFFFF, 0xFFFF, 0xFFFF, 0xFFFF, 0xFFFF, 0xFFFF, 0xFFFF, 0xFFFF, 0xFFFF, 0xFFFF, 0xFFFF, 0xFFFF,
    0xFFFF, 0xFFFF, 0xFFFF, 0xFFFF, 0xFFFF, 0xFFFF, 0xFFFF, 0xFFFF, 0xFFFF, 0xFFFF, 0xFFFF, 0xFFFF, 0xFFFF, 0xFFFF, 0xFFFF, 0xFFFF,
    0xFFFF, 0xFFFF, 0xFFFF, 0xC618, 0xA4F3, 0xA534, 0x9CF3, 0x9CF3, 0xA534, 0xAD35, 0xA514, 0x9CF3, 0x94B2, 0x9492, 0x9492, 0x94B2,
    0x9CF3, 0x9CF3, 0x9CD3, 0x9CD3, 0x94B2, 0x9CD3, 0x9CF3, 0x9CF3, 0x9492, 0x9CD3, 0xA514, 0xA514, 0xA514, 0xA514, 0xA514, 0xA535,
    0xAD75, 0xAD55, 0xAD55, 0xA534, 0xAD55, 0xAD75, 0xA514, 0xA534, 0xA514, 0xA4F4, 0xA534, 0xA514, 0xA514, 0xAD75, 0xAD55, 0xAD55,
    0x9CF3, 0xAD55, 0xB596, 0xA534, 0xA514, 0xA534, 0xAD75, 0xB596, 0xA534, 0xAD55, 0xA4F4, 0xA514, 0x9CD3, 0x9CB3, 0x9CD3, 0x9CF3,
    0x9CD3, 0x9CD3, 0x94B2, 0xA534, 0xA514, 0xA514, 0xAD55, 0xAD55, 0xA514, 0xA534, 0x9CD3, 0x9CB2, 0x9492, 0xA534, 0x9CF3, 0x9CF3,
    0xAD55, 0x9CF3, 0xAD55, 0xAD55, 0x9CF3, 0xA534, 0xA534, 0x9CF3, 0x9CD3, 0x9CF3, 0x94B2, 0x9471, 0xA514, 0xA534, 0x94B2, 0x94B2,
    0xA514, 0xAD55, 0x9CD3, 0x9492, 0x9CD3, 0x9CF3, 0x9492, 0x94B2, 0xAD75, 0xA514, 0xA514, 0xA514, 0x9CD3, 0x94B2, 0x9492, 0x94B2,
    0x9CF3, 0xAD55, 0xA514, 0x9CD3, 0x9CF3, 0x9CD3, 0x9CF4, 0xB5B6, 0xAD55, 0xAD75, 0xAD75, 0xB596, 0xBDD7, 0xB596, 0xA534, 0xAD75,
    0xB596, 0xBDD7, 0xBDD7, 0xBDD7, 0xB5B6, 0xC5F8, 0xBDD7, 0xB5B6, 0xBDF7, 0xC638, 0xC618, 0xC617, 0xBDF7, 0xCE38, 0xC618, 0xC618,
    0xCE79, 0xCE59, 0xC618, 0xBDF7, 0xC618, 0xBDF7, 0xBDD7, 0xAD75, 0xAD75, 0xAD55, 0xBDB6, 0xBDD7, 0xB5B6, 0xBDD7, 0xC618, 0xBDD7,
    0xAD55, 0xAD55, 0xAD55, 0xAD75, 0xB596, 0xB596, 0xAD55, 0xAD55, 0xAD55, 0xAD55, 0xA534, 0xAD75, 0xAD55, 0xAD55, 0xA534, 0xA514,
    0xA514, 0x9CF3, 0x9CD3, 0xA514, 0xA534, 0xA514, 0xA534, 0xAD55, 0xA534, 0xA514, 0xA514, 0xA534, 0xB5B6, 0x9CF3, 0xA514, 0xAD34,
    0xAD55, 0xB575, 0xB5B6, 0xB5B6, 0xB596, 0xAD55, 0xB596, 0xBDD7, 0xB5B6, 0xB596, 0xB596, 0xBDD7, 0xBDB6, 0xBDD7, 0xBDD7, 0xC638,
    0xDEFB, 0xFFFF, 0xFFFF, 0xFFFF, 0xFFFF, 0xFFFF, 0xFFFF, 0xFFFF, 0xFFFF, 0xFFFF, 0xFFFF, 0xFFFF, 0xFFFF, 0xFFFF, 0xFFFF, 0xFFFF,
    0xFFFF, 0xFFFF, 0xFFFF, 0xFFFF, 0xFFFF, 0xFFFF, 0xFFFF, 0xFFFF, 0xFFFF, 0xFFFF, 0xFFFF, 0xFFFF, 0xFFFF, 0xFFFF, 0xFFFF, 0xFFFF,
    0xFFFF, 0xFFFF, 0xFFFF, 0xFFFF, 0xFFFF, 0xFFFF, 0xFFFF, 0xFFFF, 0xFFFF, 0xFFFF, 0xFFFF, 0xFFFF, 0xFFFF, 0xFFFF, 0xFFFF, 0xFFFF,
    0xFFFF, 0xFFFF, 0xFFFF, 0xFFFF, 0xFFFF, 0xFFFF, 0xFFFF, 0xFFFF, 0xFFFF, 0xFFFF, 0xFFFF, 0xFFFF, 0xFFFF, 0xFFFF, 0xFFFF, 0xFFFF,
    0x0000, 0x0000, 0x0000, 0x0000, 0x0000, 0x0000, 0x0000, 0x0000, 0x0000, 0x0000, 0x0000, 0x0000, 0x0000, 0x0000, 0x0000, 0x0000,
    0x0000, 0x0000, 0x0000, 0x0000, 0x0000, 0x0000, 0x0000, 0x0000, 0x0000, 0x0000, 0x0000, 0x0000, 0x0000, 0x0000, 0x0000, 0x0000,
    0x0000, 0x0000, 0x0000, 0x0000, 0x0000, 0x0000, 0x0000, 0x0000, 0x0000, 0x0000, 0x0000, 0x0000, 0x0000, 0x0000, 0x0000, 0x0000,
    0x0000, 0x0000, 0x0000, 0x0000, 0x0000, 0x0000, 0x0000, 0x0000, 0x0000, 0x0000, 0x0000, 0x0000, 0x0000, 0x0000, 0x0000, 0x0000,
    0x0000, 0x0000, 0x0000, 0x0000, 0x0000, 0x0000, 0x0000, 0x0000, 0x0000, 0x0000, 0x0000, 0x0000, 0x0000, 0x0000, 0x0000, 0x0000,
    0x0000, 0x0000, 0x0000, 0x0000, 0x0000, 0x0000, 0x0000, 0x0000, 0x0000, 0x0000, 0x0000, 0x0000, 0x0000, 0x0000, 0x0000, 0x0000,
    0x0000, 0x0000, 0x0000, 0x0000, 0x0000, 0x0000, 0x0000, 0x0000, 0x0000, 0x0000, 0x0000, 0x0000, 0x0000, 0x0000, 0x0000, 0x0000,
    0x0000, 0x0000, 0x0000, 0x0000, 0x0000, 0x0000, 0x0000, 0x0000, 0x0000, 0x0000, 0x0000, 0x0000, 0x0000, 0x0000, 0x0000, 0x0000,
    0x0000, 0x0000, 0x0000, 0x0000, 0x0000, 0x0000, 0x0000, 0x0000, 0x0000, 0x0000, 0x0000, 0x0000, 0x0000, 0x0000, 0x0000, 0x0000,
    0x0000, 0x0000, 0x0000, 0x0000, 0x0000, 0x0000, 0x0000, 0x0000, 0x0000, 0x0000, 0x0000, 0x0000, 0x0000, 0x0000, 0x0000, 0x0000,
    0x0000, 0x0000, 0x0000, 0x0000, 0x0000, 0x0000, 0x0000, 0x0000, 0x0000, 0x0000, 0x0000, 0x0000, 0x0000, 0x0000, 0x0000, 0x0000,
    0x0000, 0x0000, 0x0000, 0x0000, 0x0000, 0x0000, 0x0000, 0x0000, 0x0000, 0x0000, 0x0000, 0x0000, 0x0000, 0x0000, 0x0000, 0x0000,
    0x0000, 0x0000, 0x0000, 0x0000, 0x0000, 0x0000, 0x0000, 0x0000, 0x0000, 0x0000, 0x0000, 0x0000, 0x0000, 0x0000, 0x0000, 0x0000,
    0x0000, 0x0000, 0x0000, 0x0000, 0x0000, 0x0000, 0x0000, 0x0000, 0x0000, 0x0000, 0x0000, 0x0000, 0x0000, 0x0000, 0x0000, 0x0000,
    0x0000, 0x0000, 0x0000, 0x0000, 0x0000, 0x0000, 0x0000, 0x0000, 0x0000, 0x0000, 0x0000, 0x0000, 0x0000, 0x0000, 0x0000, 0x0000,
    0x0000, 0x0000, 0x0000, 0x0000, 0x0000, 0x0000, 0x0000, 0x0000, 0x0000, 0x0000, 0x0000, 0x0000, 0x0000, 0x0000, 0x0000, 0x0000,
    0x0000, 0x0000, 0x0000, 0x0000, 0x0000, 0x0000, 0x0000, 0x0000, 0x0000, 0x0000, 0x0000, 0x0000, 0x0000, 0x0000, 0x0000, 0x0000,
    0x0000, 0x0000, 0x0000, 0x0000, 0x0000, 0x0000, 0x0000, 0x0000, 0x0000, 0x0000, 0x0000, 0x0000, 0x0000, 0x0000, 0x0000, 0x0000,
    0x0000, 0x0000, 0x0000, 0x0000, 0x0000, 0x0000, 0x0000, 0x0000, 0x0000, 0x0000, 0x0000, 0x0000, 0x0000, 0x0000, 0x0000, 0x0000,
    0x0000, 0x0000, 0x0000, 0x0000, 0x0000, 0x0000, 0x0000, 0x0000, 0x0000, 0x0000, 0x0000, 0x0000, 0x0000, 0x0000, 0x0000, 0x0000,
    0x0000, 0x0000, 0x0000, 0x0000, 0x0000, 0x0000, 0x0000, 0x0000, 0x0000, 0x0000, 0x0000, 0x0000, 0x0000, 0x0000, 0x0000, 0x0000,
    0x0000, 0x0000, 0x0000, 0x0000, 0x0000, 0x0000, 0x0000, 0x0000, 0x0000, 0x0000, 0x0000, 0x0000, 0x0000, 0x0000, 0x0000, 0x0000,
    0x0000, 0x0000, 0x0000, 0x0000, 0x0000, 0x0000, 0x0000, 0x0000, 0x0000, 0x0000, 0x0000, 0x0000, 0x0000, 0x0000, 0x0000, 0x0000,
    0x0000, 0x0000, 0x0000, 0x0000, 0x0000, 0x0000, 0x0000, 0x0000, 0x0000, 0x0000, 0x0000, 0x0000, 0x0000, 0x0000, 0x0000, 0x0000,
    0x0000, 0x0000, 0x0000, 0x0000, 0x0000, 0x0000, 0x0000, 0x0000, 0x0000, 0x0000, 0x0000, 0x0000, 0x0000, 0x0000, 0x0000, 0x0000,
    0x0000, 0x0000, 0x0000, 0x0000, 0x0000, 0x0000, 0x0000, 0x0000, 0x0000, 0x0000, 0x0000, 0x0000, 0x0000, 0x0000, 0x0000, 0x0000,
    0x0000, 0x0000, 0x0000, 0x0000, 0x0000, 0x0000, 0x0000, 0x0000, 0x0000, 0x0000, 0x0000, 0x0000, 0x0000, 0x0000, 0x0000, 0x0000,
    0x0000, 0x0000, 0x0000, 0x0000, 0x0000, 0x0000, 0x0000, 0x0000, 0x0000, 0x0000, 0x0000, 0x0000, 0x0000, 0x0000, 0x0000, 0x0000,
    0x0000, 0x0000, 0x0000, 0x0000, 0x0000, 0x0000, 0x0000, 0x0000, 0x0000, 0x0000, 0x0000, 0x0000, 0x0000, 0x0000, 0x0000, 0x0000,
    0x0000, 0x0000, 0x0000, 0x0000, 0x0000, 0x0000, 0x0000, 0x0000, 0x0000, 0x0000, 0x0000, 0x0000, 0x0000, 0x0000, 0x0000, 0x0000,
    0x0000, 0x0000, 0x0000, 0x0000, 0x0000, 0x0000, 0x0000, 0x0000, 0x0000, 0x0000, 0x0000, 0x0000, 0x0000, 0x0000, 0x0000, 0x0000,
    0x0000, 0x0000, 0x0000, 0x0000, 0x0000, 0x0000, 0x0000, 0x0000, 0x0000, 0x0000, 0x0000, 0x0000, 0x0000, 0x0000, 0x0000, 0x0000,
    0x0000, 0x0000, 0x0000, 0x0000, 0x0000, 0x0000, 0x0000, 0x0000, 0x0000, 0x0000, 0x0000, 0x0000, 0x0000, 0x0000, 0x0000, 0x0000,
    0x0000, 0x0000, 0x0000, 0x0000, 0x0000, 0x0000, 0x0000, 0x0000, 0x0000, 0x0000, 0x0000, 0x0000, 0x0000, 0x0000, 0x0000, 0x0000,
    0x0000, 0x0000, 0x0000, 0x0000, 0x0000, 0x0000, 0x0000, 0x0000, 0x0000, 0x0000, 0x0000, 0x0000, 0x0000, 0x0000, 0x0000, 0x0000,
    0x0000, 0x0000, 0x0000, 0x0000, 0x0000, 0x0000, 0x0000, 0x0000, 0x0000, 0x0000, 0x0000, 0x0000, 0x0000, 0x0000, 0x0000, 0x0000,
    0x0000, 0x0000, 0x0000, 0x0000, 0x0000, 0x0000, 0x0000, 0x0000, 0x0000, 0x0000, 0x0000, 0x0000, 0x0000, 0x0000, 0x0000, 0x0000,
    0x0000, 0x0000, 0x0000, 0x0000, 0x0000, 0x0000, 0x0000, 0x0000, 0x0000, 0x0000, 0x0000, 0x0000, 0x0000, 0x0000, 0x0000, 0x0000,
    0x0000, 0x0000, 0x0000, 0x0000, 0x0000, 0x0000, 0x0000, 0x0000, 0x0000, 0x0000, 0x0000, 0x0000, 0x0000, 0x0000, 0x0000, 0x0000,
    0x0000, 0x0000, 0x0000, 0x0000, 0x0000, 0x0000, 0x0000, 0x0000, 0x0000, 0x0000, 0x0000, 0x0000, 0x0000, 0x0000, 0x0000, 0x0000,
    0x0000, 0x0000, 0x0000, 0x0000, 0x0000, 0x0000, 0x0000, 0x0000, 0x0000, 0x0000, 0x0000, 0x0000, 0x0000, 0x0000, 0x0000, 0x0000,
    0x0000, 0x0000, 0x0000, 0x0000, 0x0000, 0x0000, 0x0000, 0x0000, 0x0000, 0x0000, 0x0000, 0x0000, 0x0000, 0x0000, 0x0000, 0x0000,
    0x0000, 0x0000, 0x0000, 0x0000, 0x0000, 0x0000, 0x0000, 0x0000, 0x0000, 0x0000, 0x0000, 0x0000, 0x0000, 0x0000, 0x0000, 0x0000,
    0x0000, 0x0000, 0x0000, 0x0000, 0x0000, 0x0000, 0x0000, 0x0000, 0x0000, 0x0000, 0x0000, 0x0000, 0x0000, 0x0000, 0x0000, 0x0000,
    0x0000, 0x0000, 0x0000, 0x0000, 0x0000, 0x0000, 0x0000, 0x0000, 0x0000, 0x0000, 0x0000, 0x0000, 0x0000, 0x0000, 0x0000, 0x0000,
    0x0000, 0x0000, 0x0000, 0x0000, 0x0000, 0x0000, 0x0000, 0x0000, 0x0000, 0x0000, 0x0000, 0x0000, 0x0000, 0x0000, 0x0000, 0x0000,
    0x0000, 0x0000, 0x0000, 0x0000, 0x0000, 0x0000, 0x0000, 0x0000, 0x0000, 0x0000, 0x0000, 0x0000, 0x0000, 0x0000, 0x0000, 0x0000,
    0x0000, 0x0000, 0x0000, 0x0000, 0x0000, 0x0000, 0x0000, 0x0000, 0x0000, 0x0000, 0x0000, 0x0000, 0x0000, 0x0000, 0x0000, 0x0000,
    0x0000, 0x0000, 0x0000, 0x0000, 0x0000, 0x0000, 0x0000, 0x0000, 0x0000, 0x0000, 0x0000, 0x0000, 0x0000, 0x0000, 0x0000, 0x0000,
    0x0000, 0x0000, 0x0000, 0x0000, 0x0000, 0x0000, 0x0000, 0x0000, 0x0000, 0x0000, 0x0000, 0x0000, 0x0000, 0x0000, 0x0000, 0x0000,
    0x0000, 0x0000, 0x0000, 0x0000, 0x0000, 0x0000, 0x0000, 0x0000, 0x0000, 0x0000, 0x0000, 0x0000, 0x0000, 0x0000, 0x0000, 0x0000,
    0x0000, 0x0000, 0x0000, 0x0000, 0x0000, 0x0000, 0x0000, 0x0000, 0x0000, 0x0000, 0x0000, 0x0000, 0x0000, 0x0000, 0x0000, 0x0000,
    0x0000, 0x0000, 0x0000, 0x0000, 0x0000, 0x0000, 0x0000, 0x0000, 0x0000, 0x0000, 0x0000, 0x0000, 0x0000, 0x0000, 0x0000, 0x0000,
    0x0000, 0x0000, 0x0000, 0x0000, 0x0000, 0x0000, 0x0000, 0x0000, 0x0000, 0x0000, 0x0000, 0x0000, 0x0000, 0x0000, 0x0000, 0x0000,
    0x0000, 0x0000, 0x0000, 0x0000, 0x0000, 0x0000, 0x0000, 0x0000, 0x0000, 0x0000, 0x0000, 0x0000, 0x0000, 0x0000, 0x0000, 0x0000,
    0x0000, 0x0000, 0x0000, 0x0000, 0x0000, 0x0000, 0x0000, 0x0000, 0x0000, 0x0000, 0x0000, 0x0000, 0x0000, 0x0000, 0x0000, 0x0000,
    0x0000, 0x0000, 0x0000, 0x0000, 0x0000, 0x0000, 0x0000, 0x0000, 0x0000, 0x0000, 0x0000, 0x0000, 0x0000, 0x0000, 0x0000, 0x0000,
    0x0000, 0x0000, 0x0000, 0x0000, 0x0000, 0x0000, 0x0000, 0x0000, 0x0000, 0x0000, 0x0000, 0x0000, 0x0000, 0x0000, 0x0000, 0x0000,
    0x0000, 0x0000, 0x0000, 0x0000, 0x0000, 0x0000, 0x0000, 0x0000, 0x0000, 0x0000, 0x0000, 0x0000, 0x0000, 0x0000, 0x0000, 0x0000,
    0x0000, 0x0000, 0x0000, 0x0000, 0x0000, 0x0000, 0x0000, 0x0000, 0x0000, 0x0000, 0x0000, 0x0000, 0x0000, 0x0000, 0x0000, 0x0000,
    0x0000, 0x0000, 0x0000, 0x0000, 0x0000, 0x0000, 0x0000, 0x0000, 0x0000, 0x0000, 0x0000, 0x0000, 0x0000, 0x0000, 0x0000, 0x0000,
    0x0000, 0x0000, 0x0000, 0x0000, 0x0000, 0x0000, 0x0000, 0x0000, 0x0000, 0x0000, 0x0000, 0x0000, 0x0000, 0x0000, 0x0000, 0x0000,
    0x0000, 0x0000, 0x0000, 0x0000, 0x0000, 0x0000, 0x0000, 0x0000, 0x0000, 0x0000, 0x0000, 0x0000, 0x0000, 0x0000, 0x0000, 0x0000,
    0x0000, 0x0000, 0x0000, 0x0000, 0x0000, 0x0000, 0x0000, 0x0000, 0x0000, 0x0000, 0x0000, 0x0000, 0x0000, 0x0000, 0x0000, 0x0000,
    0x0000, 0x0000, 0x0000, 0x0000, 0x0000, 0x0000, 0x0000, 0x0000, 0x0000, 0x0000, 0x0000, 0x0000, 0x0000, 0x0000, 0x0000, 0x0000,
    0x0000, 0x0000, 0x0000, 0x0000, 0x0000, 0x0000, 0x0000, 0x0000, 0x0000, 0x0000, 0x0000, 0x0000, 0x0000, 0x0000, 0x0000, 0x0000,
    0x0000, 0x0000, 0x0000, 0x0000, 0x0000, 0x0000, 0x0000, 0x0000, 0x0000, 0x0000, 0x0000, 0x0000, 0x0000, 0x0000, 0x0000, 0x0000,
    0x0000, 0x0000, 0x0000, 0x0000, 0x0000, 0x0000, 0x0000, 0x0000, 0x0000, 0x0000, 0x0000, 0x0000, 0x0000, 0x0000, 0x0000, 0x0000,
    0x0000, 0x0000, 0x0000, 0x0000, 0x0000, 0x0000, 0x0000, 0x0000, 0x0000, 0x0000, 0x0000, 0x0000, 0x0000, 0x0000, 0x0000, 0x0000,
    0x0000, 0x0000, 0x0000, 0x0000, 0x0000, 0x0000, 0x0000, 0x0000, 0x0000, 0x0000, 0x0000, 0x0000, 0x0000, 0x0000, 0x0000, 0x0000,
    0x0000, 0x0000, 0x0000, 0x0000, 0x0000, 0x0000, 0x0000, 0x0000, 0x0000, 0x0000, 0x0000, 0x0000, 0x0000, 0x0000, 0x0000, 0x0000,
    0x0000, 0x0000, 0x0000, 0x0000, 0x0000, 0x0000, 0x0000, 0x0000, 0x0000, 0x0000, 0x0000, 0x0000, 0x0000, 0x0000, 0x0000, 0x0000,
    0x0000, 0x0000, 0x0000, 0x0000, 0x0000, 0x0000, 0x0000, 0x0000, 0x0000, 0x0000, 0x0000, 0x0000, 0x0000, 0x0000, 0x0000, 0x0000,
    0x0000, 0x0000, 0x0000, 0x0000, 0x0000, 0x0000, 0x0000, 0x0000, 0x0000, 0x0000, 0x0000, 0x0000, 0x0000, 0x0000, 0x0000, 0x0000,
    0x0000, 0x0000, 0x0000, 0x0000, 0x0000, 0x0000, 0x0000, 0x0000, 0x0000, 0x0000, 0x0000, 0x0000, 0x0000, 0x0000, 0x0000, 0x0000,
    0x0000, 0x0000, 0x0000, 0x0000, 0x0000, 0x0000, 0x0000, 0x0000, 0x0000, 0x0000, 0x0000, 0x0000, 0x0000, 0x0000, 0x0000, 0x0000,
    0x0000, 0x0000, 0x0000, 0x0000, 0x0000, 0x0000, 0x0000, 0x0000, 0x0000, 0x0000, 0x0000, 0x0000, 0x0000, 0x0000, 0x0000, 0x0000,
    0x0000, 0x0000, 0x0000, 0x0000, 0x0000, 0x0000, 0x0000, 0x0000, 0x0000, 0x0000, 0x0000, 0x0000, 0x0000, 0x0000, 0x0000, 0x0000,
    0x0000, 0x0000, 0x0000, 0x0000, 0x0000, 0x0000, 0x0000, 0x0000, 0x0000, 0x0000, 0x0000, 0x0000, 0x0000, 0x0000, 0x0000, 0x0000,
    0x0000, 0x0000, 0x0000, 0x0000, 0x0000, 0x0000, 0x0000, 0x0000, 0x0000, 0x0000, 0x0000, 0x0000, 0x0000, 0x0000, 0x0000, 0x0000,
    0x0000, 0x0000, 0x0000, 0x0000, 0x0000, 0x0000, 0x0000, 0x0000, 0x0000, 0x0000, 0x0000, 0x0000, 0x0000, 0x0000, 0x0000, 0x0000,
    0x0000, 0x0000, 0x0000, 0x0000, 0x0000, 0x0000, 0x0000, 0x0000, 0x0000, 0x0000, 0x0000, 0x0000, 0x0000, 0x0000, 0x0000, 0x0000,
    0x0000, 0x0000, 0x0000, 0x0000, 0x0000, 0x0000, 0x0000, 0x0000, 0x0000, 0x0000, 0x0000, 0x0000, 0x0000, 0x0000, 0x0000, 0x0000,
    0x0000, 0x0000, 0x0000, 0x0000, 0x0000, 0x0000, 0x0000, 0x0000, 0x0000, 0x0000, 0x0000, 0x0000, 0x0000, 0x0000, 0x0000, 0x0000,
    0x0000, 0x0000, 0x0000, 0x0000, 0x0000, 0x0000, 0x0000, 0x0000, 0x0000, 0x0000, 0x0000, 0x0000, 0x0000, 0x0000, 0x0000, 0x0000,
    0x0000, 0x0000, 0x0000, 0x0000, 0x0000, 0x0000, 0x0000, 0x0000, 0x0000, 0x0000, 0x0000, 0x0000, 0x0000, 0x0000, 0x0000, 0x0000,
    0x0000, 0x0000, 0x0000, 0x0000, 0x0000, 0x0000, 0x0000, 0x0000, 0x0000, 0x0000, 0x0000, 0x0000, 0x0000, 0x0000, 0x0000, 0x0000,
    0x0000, 0x0000, 0x0000, 0x0000, 0x0000, 0x0000, 0x0000, 0x0000, 0x0000, 0x0000, 0x0000, 0x0000, 0x0000, 0x0000, 0x0000, 0x0000,
    0x0000, 0x0000, 0x0000, 0x0000, 0x0000, 0x0000, 0x0000, 0x0000, 0x0000, 0x0000, 0x0000, 0x0000, 0x0000, 0x0000, 0x0000, 0x0000,
    0x0000, 0x0000, 0x0000, 0x0000, 0x0000, 0x0000, 0x0000, 0x0000, 0x0000, 0x0000, 0x0000, 0x0000, 0x0000, 0x0000, 0x0000, 0x0000,
    0x0000, 0x0000, 0x0000, 0x0000, 0x0000, 0x0000, 0x0000, 0x0000, 0x0000, 0x0000, 0x0000, 0x0000, 0x0000, 0x0000, 0x0000, 0x0000,
    0x0000, 0x0000, 0x0000, 0x0000, 0x0000, 0x0000, 0x0000, 0x0000, 0x0000, 0x0000, 0x0000, 0x0000, 0x0000, 0x0000, 0x0000, 0x0000,
    0x0000, 0x0000, 0x0000, 0x0000, 0x0000, 0x0000, 0x0000, 0x0000, 0x0000, 0x0000, 0x0000, 0x0000, 0x0000, 0x0000, 0x0000, 0x0000,
    0x0000, 0x0000, 0x0000, 0x0000, 0x0000, 0x0000, 0x0000, 0x0000, 0x0000, 0x0000, 0x0000, 0x0000, 0x0000, 0x0000, 0x0000, 0x0000,
    0x0000, 0x0000, 0x0000, 0x0000, 0x0000, 0x0000, 0x0000, 0x0000, 0x0000, 0x0000, 0x0000, 0x0000, 0x0000, 0x0000, 0x0000, 0x0000,
    0x0000, 0x0000, 0x0000, 0x0000, 0x0000, 0x0000, 0x0000, 0x0000, 0x0000, 0x0000, 0x0000, 0x0000, 0x0000, 0x0000, 0x0000, 0x0000,
    0x0000, 0x0000, 0x0000, 0x0000, 0x0000, 0x0000, 0x0000, 0x0000, 0x0000, 0x0000, 0x0000, 0x0000, 0x0000, 0x0000, 0x0000, 0x0000,
    0x0000, 0x0000, 0x0000, 0x0000, 0x0000, 0x0000, 0x0000, 0x0000, 0x0000, 0x0000, 0x0000, 0x0000, 0x0000, 0x0000, 0x0000, 0x0000,
    0x0000, 0x0000, 0x0000, 0x0000, 0x0000, 0x0000, 0x0000, 0x0000, 0x0000, 0x0000, 0x0000, 0x0000, 0x0000, 0x0000, 0x0000, 0x0000,
    0x0000, 0x0000, 0x0000, 0x0000, 0x0000, 0x0000, 0x0000, 0x0000, 0x0000, 0x0000, 0x0000, 0x0000, 0x0000, 0x0000, 0x0000, 0x0000,
    0x0000, 0x0000, 0x0000, 0x0000, 0x0000, 0x0000, 0x0000, 0x0000, 0x0000, 0x0000, 0x0000, 0x0000, 0x0000, 0x0000, 0x0000, 0x0000,
    0x0000, 0x0000, 0x0000, 0x0000, 0x0000, 0x0000, 0x0000, 0x0000, 0x0000, 0x0000, 0x0000, 0x0000, 0x0000, 0x0000, 0x0000, 0x0000,
    0x0000, 0x0000, 0x0000, 0x0000, 0x0000, 0x0000, 0x0000, 0x0000, 0x0000, 0x0000, 0x0000, 0x0000, 0x0000, 0x0000, 0x0000, 0x0000,
    0x0000, 0x0000, 0x0000, 0x0000, 0x0000, 0x0000, 0x0000, 0x0000, 0x0000, 0x0000, 0x0000, 0x0000, 0x0000, 0x0000, 0x0000, 0x0000,
    0x0000, 0x0000, 0x0000, 0x0000, 0x0000, 0x0000, 0x0000, 0x0000, 0x0000, 0x0000, 0x0000, 0x0000, 0x0000, 0x0000, 0x0000, 0x0000,
    0x0000, 0x0000, 0x0000, 0x0000, 0x0000, 0x0000, 0x0000, 0x0000, 0x0000, 0x0000, 0x0000, 0x0000, 0x0000, 0x0000, 0x0000, 0x0000,
    0x0000, 0x0000, 0x0000, 0x0000, 0x0000, 0x0000, 0x0000, 0x0000, 0x0000, 0x0000, 0x0000, 0x0000, 0x0000, 0x0000, 0x0000, 0x0000,
    0x0000, 0x0000, 0x0000, 0x0000, 0x0000, 0x0000, 0x0000, 0x0000, 0x0000, 0x0000, 0x0000, 0x0000, 0x0000, 0x0000, 0x0000, 0x0000,
    0x0000, 0x0000, 0x0000, 0x0000, 0x0000, 0x0000, 0x0000, 0x0000, 0x0000, 0x0000, 0x0000, 0x0000, 0x0000, 0x0000, 0x0000, 0x0000,
    0x0000, 0x0000, 0x0000, 0x0000, 0x0000, 0x0000, 0x0000, 0x0000, 0x0000, 0x0000, 0x0000, 0x0000, 0x0000, 0x0000, 0x0000, 0x0000,
    0x0000, 0x0000, 0x0000, 0x0000, 0x0000, 0x0000, 0x0000, 0x0000, 0x0000, 0x0000, 0x0000, 0x0000, 0x0000, 0x0000, 0x0000, 0x0000,
    0x0000, 0x0000, 0x0000, 0x0000, 0x0000, 0x0000, 0x0000, 0x0000, 0x0000, 0x0000, 0x0000, 0x0000, 0x0000, 0x0000, 0x0000, 0x0000,
    0x0000, 0x0000, 0x0000, 0x0000, 0x0000, 0x0000, 0x0000, 0x0000, 0x0000, 0x0000, 0x0000, 0x0000, 0x0000, 0x0000, 0x0000, 0x0000,
    0x0000, 0x0000, 0x0000, 0x0000, 0x0000, 0x0000, 0x0000, 0x0000, 0x0000, 0x0000, 0x0000, 0x0000, 0x0000, 0x0000, 0x0000, 0x0000,
    0x0000, 0x0000, 0x0000, 0x0000, 0x0000, 0x0000, 0x0000, 0x0000, 0x0000, 0x0000, 0x0000, 0x0000, 0x0000, 0x0000, 0x0000, 0x0000,
    0x0000, 0x0000, 0x0000, 0x0000, 0x0000, 0x0000, 0x0000, 0x0000, 0x0000, 0x0000, 0x0000, 0x0000, 0x0000, 0x0000, 0x0000, 0x0000,
    0x0000, 0x0000, 0x0000, 0x0000, 0x0000, 0x0000, 0x0000, 0x0000, 0x0000, 0x0000, 0x0000, 0x0000, 0x0000, 0x0000, 0x0000, 0x0000,
    0x0000, 0x0000, 0x0000, 0x0000, 0x0000, 0x0000, 0x0000, 0x0000, 0x0000, 0x0000, 0x0000, 0x0000, 0x0000, 0x0000, 0x0000, 0x0000,
    0x0000, 0x0000, 0x0000, 0x0000, 0x0000, 0x0000, 0x0000, 0x0000, 0x0000, 0x0000, 0x0000, 0x0000, 0x0000, 0x0000, 0x0000, 0x0000,
    0x0000, 0x0000, 0x0000, 0x0000, 0x0000, 0x0000, 0x0000, 0x0000, 0x0000, 0x0000, 0x0000, 0x0000, 0x0000, 0x0000, 0x0000, 0x0000,
    0x0000, 0x0000, 0x0000, 0x0000, 0x0000, 0x0000, 0x0000, 0x0000, 0x0000, 0x0000, 0x0000, 0x0000, 0x0000, 0x0000, 0x0000, 0x0000,
    0x0000, 0x0000, 0x0000, 0x0000, 0x0000, 0x0000, 0x0000, 0x0000, 0x0000, 0x0000, 0x0000, 0x0000, 0x0000, 0x0000, 0x0000, 0x0000,
    0x0000, 0x0000, 0x0000, 0x0000, 0x0000, 0x0000, 0x0000, 0x0000, 0x0000, 0x0000, 0x0000, 0x0000, 0x0000, 0x0000, 0x0000, 0x0000,
    0x0000, 0x0000, 0x0000, 0x0000, 0x0000, 0x0000, 0x0000, 0x0000, 0x0000, 0x0000, 0x0000, 0x0000, 0x0000, 0x0000, 0x0000, 0x0000,
    0x0000, 0x0000, 0x0000, 0x0000, 0x0000, 0x0000, 0x0000, 0x0000, 0x0000, 0x0000, 0x0000, 0x0000, 0x0000, 0x0000, 0x0000, 0x0000,
    0x0000, 0x0000, 0x0000, 0x0000, 0x0000, 0x0000, 0x0000, 0x0000, 0x0000, 0x0000, 0x0000, 0x0000, 0x0000, 0x0000, 0x0000, 0x0000,
    0x0000, 0x0000, 0x0000, 0x0000, 0x0000, 0x0000, 0x0000, 0x0000, 0x0000, 0x0000, 0x0000, 0x0000, 0x0000, 0x0000, 0x0000, 0x0000,
    0x0000, 0x0000, 0x0000, 0x0000, 0x0000, 0x0000, 0x0000, 0x0000, 0x0000, 0x0000, 0x0000, 0x0000, 0x0000, 0x0000, 0x0000, 0x0000,
    0x0000, 0x0000, 0x0000, 0x0000, 0x0000, 0x0000, 0x0000, 0x0000, 0x0000, 0x0000, 0x0000, 0x0000, 0x0000, 0x0000, 0x0000, 0x0000,
    0x0000, 0x0000, 0x0000, 0x0000, 0x0000, 0x0000, 0x0000, 0x0000, 0x0000, 0x0000, 0x0000, 0x0000, 0x0000, 0x0000, 0x0000, 0x0000,
    0x0000, 0x0000, 0x0000, 0x0000, 0x0000, 0x0000, 0x0000, 0x0000, 0x0000, 0x0000, 0x0000, 0x0000, 0x0000, 0x0000, 0x0000, 0x0000,
    0x0000, 0x0000, 0x0000, 0x0000, 0x0000, 0x0000, 0x0000, 0x0000, 0x0000, 0x0000, 0x0000, 0x0000, 0x0000, 0x0000, 0x0000, 0x0000,
    0x0000, 0x0000, 0x0000, 0x0000, 0x0000, 0x0000, 0x0000, 0x0000, 0x0000, 0x0000, 0x0000, 0x0000, 0x0000, 0x0000, 0x0000, 0x0000,
    0x0000, 0x0000, 0x0000, 0x0000, 0x0000, 0x0000, 0x0000, 0x0000, 0x0000, 0x0000, 0x0000, 0x0000, 0x0000, 0x0000, 0x0000, 0x0000,
    0x0000, 0x0000, 0x0000, 0x0000, 0x0000, 0x0000, 0x0000, 0x0000, 0x0000, 0x0000, 0x0000, 0x0000, 0x0000, 0x0000, 0x0000, 0x0000,
    0x0000, 0x0000, 0x0000, 0x0000, 0x0000, 0x0000, 0x0000, 0x0000, 0x0000, 0x0000, 0x0000, 0x0000, 0x0000, 0x0000, 0x0000, 0x0000,
    0x0000, 0x0000, 0x0000, 0x0000, 0x0000, 0x0000, 0x0000, 0x0000, 0x0000, 0x0000, 0x0000, 0x0000, 0x0000, 0x0000, 0x0000, 0x0000,
    0x0000, 0x0000, 0x0000, 0x0000, 0x0000, 0x0000, 0x0000, 0x0000, 0x0000, 0x0000, 0x0000, 0x0000, 0x0000, 0x0000, 0x0000, 0x0000,
    0x0000, 0x0000, 0x0000, 0x0000, 0x0000, 0x0000, 0x0000, 0x0000, 0x0000, 0x0000, 0x0000, 0x0000, 0x0000, 0x0000, 0x0000, 0x0000,
    0x0000, 0x0000, 0x0000, 0x0000, 0x0000, 0x0000, 0x0000, 0x0000, 0x0000, 0x0000, 0x0000, 0x0000, 0x0000, 0x0000, 0x0000, 0x0000,
    0x0000, 0x0000, 0x0000, 0x0000, 0x0000, 0x0000, 0x0000, 0x0000, 0x0000, 0x0000, 0x0000, 0x0000, 0x0000, 0x0000, 0x0000, 0x0000,
    0x0000, 0x0000, 0x0000, 0x0000, 0x0000, 0x0000, 0x0000, 0x0000, 0x0000, 0x0000, 0x0000, 0x0000, 0x0000, 0x0000, 0x0000, 0x0000,
    0x0000, 0x0000, 0x0000, 0x0000, 0x0000, 0x0000, 0x0000, 0x0000, 0x0000, 0x0000, 0x0000, 0x0000, 0x0000, 0x0000, 0x0000, 0x0000,
    0x0000, 0x0000, 0x0000, 0x0000, 0x0000, 0x0000, 0x0000, 0x0000, 0x0000, 0x0000, 0x0000, 0x0000, 0x0000, 0x0000, 0x0000, 0x0000,
    0x0000, 0x0000, 0x0000, 0x0000, 0x0000, 0x0000, 0x0000, 0x0000, 0x0000, 0x0000, 0x0000, 0x0000, 0x0000, 0x0000, 0x0000, 0x0000,
    0x0000, 0x0000, 0x0000, 0x0000, 0x0000, 0x0000, 0x0000, 0x0000, 0x0000, 0x0000, 0x0000, 0x0000, 0x0000, 0x0000, 0x0000, 0x0000,
    0x0000, 0x0000, 0x0000, 0x0000, 0x0000, 0x0000, 0x0000, 0x0000, 0x0000, 0x0000, 0x0000, 0x0000, 0x0000, 0x0000, 0x0000, 0x0000,
    0x0000, 0x0000, 0x0000, 0x0000, 0x0000, 0x0000, 0x0000, 0x0000, 0x0000, 0x0000, 0x0000, 0x0000, 0x0000, 0x0000, 0x0000, 0x0000,
    0x0000, 0x0000, 0x0000, 0x0000, 0x0000, 0x0000, 0x0000, 0x0000, 0x0000, 0x0000, 0x0000, 0x0000, 0x0000, 0x0000, 0x0000, 0x0000,
    0x0000, 0x0000, 0x0000, 0x0000, 0x0000, 0x0000, 0x0000, 0x0000, 0x0000, 0x0000, 0x0000, 0x0000, 0x0000, 0x0000, 0x0000, 0x0000,
    0x0000, 0x0000, 0x0000, 0x0000, 0x0000, 0x0000, 0x0000, 0x0000, 0x0000, 0x0000, 0x0000, 0x0000, 0x0000, 0x0000, 0x0000, 0x0000,
    0x0000, 0x0000, 0x0000, 0x0000, 0x0000, 0x0000, 0x0000, 0x0000, 0x0000, 0x0000, 0x0000, 0x0000, 0x0000, 0x0000, 0x0000, 0x0000,
    0x0000, 0x0000, 0x0000, 0x0000, 0x0000, 0x0000, 0x0000, 0x0000, 0x0000, 0x0000, 0x0000, 0x0000, 0x0000, 0x0000, 0x0000, 0x0000,
    0x0000, 0x0000, 0x0000, 0x0000, 0x0000, 0x0000, 0x0000, 0x0000, 0x0000, 0x0000, 0x0000, 0x0000, 0x0000, 0x0000, 0x0000, 0x0000,
    0x0000, 0x0000, 0x0000, 0x0000, 0x0000, 0x0000, 0x0000, 0x0000, 0x0000, 0x0000, 0x0000, 0x0000, 0x0000, 0x0000, 0x0000, 0x0000,
    0x0000, 0x0000, 0x0000, 0x0000, 0x0000, 0x0000, 0x0000, 0x0000, 0x0000, 0x0000, 0x0000, 0x0000, 0x0000, 0x0000, 0x0000, 0x0000,
    0x0000, 0x0000, 0x0000, 0x0000, 0x0000, 0x0000, 0x0000, 0x0000, 0x0000, 0x0000, 0x0000, 0x0000, 0x0000, 0x0000, 0x0000, 0x0000,
    0x0000, 0x0000, 0x0000, 0x0000, 0x0000, 0x0000, 0x0000, 0x0000, 0x0000, 0x0000, 0x0000, 0x0000, 0x0000, 0x0000, 0x0000, 0x0000,
    0x0000, 0x0000, 0x0000, 0x0000, 0x0000, 0x0000, 0x0000, 0x0000, 0x0000, 0x0000, 0x0000, 0x0000, 0x0000, 0x0000, 0x0000, 0x0000,
    0x0000, 0x0000, 0x0000, 0x0000, 0x0000, 0x0000, 0x0000, 0x0000, 0x0000, 0x0000, 0x0000, 0x0000, 0x0000, 0x0000, 0x0000, 0x0000,
    0x0000, 0x0000, 0x0000, 0x0000, 0x0000, 0x0000, 0x0000, 0x0000, 0x0000, 0x0000, 0x0000, 0x0000, 0x0000, 0x0000, 0x0000, 0x0000,
    0x0000, 0x0000, 0x0000, 0x0000, 0x0000, 0x0000, 0x0000, 0x0000, 0x0000, 0x0000, 0x0000, 0x0000, 0x0000, 0x0000, 0x0000, 0x0000,
    0x0000, 0x0000, 0x0000, 0x0000, 0x0000, 0x0000, 0x0000, 0x0000, 0x0000, 0x0000, 0x0000, 0x0000, 0x0000, 0x0000, 0x0000, 0x0000,
    0x0000, 0x0000, 0x0000, 0x0000, 0x0000, 0x0000, 0x0000, 0x0000, 0x0000, 0x0000, 0x0000, 0x0000, 0x0000, 0x0000, 0x0000, 0x0000,
    0x0000, 0x0000, 0x0000, 0x0000, 0x0000, 0x0000, 0x0000, 0x0000, 0x0000, 0x0000, 0x0000, 0x0000, 0x0000, 0x0000, 0x0000, 0x0000,
    0x0000, 0x0000, 0x0000, 0x0000, 0x0000, 0x0000, 0x0000, 0x0000, 0x0000, 0x0000, 0x0000, 0x0000, 0x0000, 0x0000, 0x0000, 0x0000,
    0x0000, 0x0000, 0x0000, 0x0000, 0x0000, 0x0000, 0x0000, 0x0000, 0x0000, 0x0000, 0x0000, 0x0000, 0x0000, 0x0000, 0x0000, 0x0000,
    0x0000, 0x0000, 0x0000, 0x0000, 0x0000, 0x0000, 0x0000, 0x0000, 0x0000, 0x0000, 0x0000, 0x0000, 0x0000, 0x0000, 0x0000, 0x0000,
    0x0000, 0x0000, 0x0000, 0x0000, 0x0000, 0x0000, 0x0000, 0x0000, 0x0000, 0x0000, 0x0000, 0x0000, 0x0000, 0x0000, 0x0000, 0x0000,
    0x0000, 0x0000, 0x0000, 0x0000, 0x0000, 0x0000, 0x0000, 0x0000, 0x0000, 0x0000, 0x0000, 0x0000, 0x0000, 0x0000, 0x0000, 0x0000,
    0x0000, 0x0000, 0x0000, 0x0000, 0x0000, 0x0000, 0x0000, 0x0000, 0x0000, 0x0000, 0x0000, 0x0000, 0x0000, 0x0000, 0x0000, 0x0000,
    0x0000, 0x0000, 0x0000, 0x0000, 0x0000, 0x0000, 0x0000, 0x0000, 0x0000, 0x0000, 0x0000, 0x0000, 0x0000, 0x0000, 0x0000, 0x0000,
    0x0000, 0x0000, 0x0000, 0x0000, 0x0000, 0x0000, 0x0000, 0x0000, 0x0000, 0x0000, 0x0000, 0x0000, 0x0000, 0x0000, 0x0000, 0x0000,
    0x0000, 0x0000, 0x0000, 0x0000, 0x0000, 0x0000, 0x0000, 0x0000, 0x0000, 0x0000, 0x0000, 0x0000, 0x0000, 0x0000, 0x0000, 0x0000,
    0x0000, 0x0000, 0x0000, 0x0000, 0x0000, 0x0000, 0x0000, 0x0000, 0x0000, 0x0000, 0x0000, 0x0000, 0x0000, 0x0000, 0x0000, 0x0000,
    0x0000, 0x0000, 0x0000, 0x0000, 0x0000, 0x0000, 0x0000, 0x0000, 0x0000, 0x0000, 0x0000, 0x0000, 0x0000, 0x0000, 0x0000, 0x0000,
    0x0000, 0x0000, 0x0000, 0x0000, 0x0000, 0x0000, 0x0000, 0x0000, 0x0000, 0x0000, 0x0000, 0x0000, 0x0000, 0x0000, 0x0000, 0x0000,
    0x0000, 0x0000, 0x0000, 0x0000, 0x0000, 0x0000, 0x0000, 0x0000, 0x0000, 0x0000, 0x0000, 0x0000, 0x0000, 0x0000, 0x0000, 0x0000,
    0x0000, 0x0000, 0x0000, 0x0000, 0x0000, 0x0000, 0x0000, 0x0000, 0x0000, 0x0000, 0x0000, 0x0000, 0x0000, 0x0000, 0x0000, 0x0000,
    0x0000, 0x0000, 0x0000, 0x0000, 0x0000, 0x0000, 0x0000, 0x0000, 0x0000, 0x0000, 0x0000, 0x0000, 0x0000, 0x0000, 0x0000, 0x0000,
    0x0000, 0x0000, 0x0000, 0x0000, 0x0000, 0x0000, 0x0000, 0x0000, 0x0000, 0x0000, 0x0000, 0x0000, 0x0000, 0x0000, 0x0000, 0x0000,
    0x0000, 0x0000, 0x0000, 0x0000, 0x0000, 0x0000, 0x0000, 0x0000, 0x0000, 0x0000, 0x0000, 0x0000, 0x0000, 0x0000, 0x0000, 0x0000,
    0x0000, 0x0000, 0x0000, 0x0000, 0x0000, 0x0000, 0x0000, 0x0000, 0x0000, 0x0000, 0x0000, 0x0000, 0x0000, 0x0000, 0x0000, 0x0000,
    0x0000, 0x0000, 0x0000, 0x0000, 0x0000, 0x0000, 0x0000, 0x0000, 0x0000, 0x0000, 0x0000, 0x0000, 0x0000, 0x0000, 0x0000, 0x0000,
    0x0000, 0x0000, 0x0000, 0x0000, 0x0000, 0x0000, 0x0000, 0x0000, 0x0000, 0x0000, 0x0000, 0x0000, 0x0000, 0x0000, 0x0000, 0x0000,
    0x0000, 0x0000, 0x0000, 0x0000, 0x0000, 0x0000, 0x0000, 0x0000, 0x0000, 0x0000, 0x0000, 0x0000, 0x0000, 0x0000, 0x0000, 0x0000,
    0x0000, 0x0000, 0x0000, 0x0000, 0x0000, 0x0000, 0x0000, 0x0000, 0x0000, 0x0000, 0x0000, 0x0000, 0x0000, 0x0000, 0x0000, 0x0000,
    0x0000, 0x0000, 0x0000, 0x0000, 0x0000, 0x0000, 0x0000, 0x0000, 0x0000, 0x0000, 0x0000, 0x0000, 0x0000, 0x0000, 0x0000, 0x0000,
    0x0000, 0x0000, 0x0000, 0x0000, 0x0000, 0x0000, 0x0000, 0x0000, 0x0000, 0x0000, 0x0000, 0x0000, 0x0000, 0x0000, 0x0000, 0x0000,
    0x0000, 0x0000, 0x0000, 0x0000, 0x0000, 0x0000, 0x0000, 0x0000, 0x0000, 0x0000, 0x0000, 0x0000, 0x0000, 0x0000, 0x0000, 0x0000,
    0x0000, 0x0000, 0x0000, 0x0000, 0x0000, 0x0000, 0x0000, 0x0000, 0x0000, 0x0000, 0x0000, 0x0000, 0x0000, 0x0000, 0x0000, 0x0000,
    0x0000, 0x0000, 0x0000, 0x0000, 0x0000, 0x0000, 0x0000, 0x0000, 0x0000, 0x0000, 0x0000, 0x0000, 0x0000, 0x0000, 0x0000, 0x0000,
    0x0000, 0x0000, 0x0000, 0x0000, 0x0000, 0x0000, 0x0000, 0x0000, 0x0000, 0x0000, 0x0000, 0x0000, 0x0000, 0x0000, 0x0000, 0x0000,
    0x0000, 0x0000, 0x0000, 0x0000, 0x0000, 0x0000, 0x0000, 0x0000, 0x0000, 0x0000, 0x0000, 0x0000, 0x0000, 0x0000, 0x0000, 0x0000,
    0x0000, 0x0000, 0x0000, 0x0000, 0x0000, 0x0000, 0x0000, 0x0000, 0x0000, 0x0000, 0x0000, 0x0000, 0x0000, 0x0000, 0x0000, 0x0000,
    0x0000, 0x0000, 0x0000, 0x0000, 0x0000, 0x0000, 0x0000, 0x0000, 0x0000, 0x0000, 0x0000, 0x0000, 0x0000, 0x0000, 0x0000, 0x0000,
    0x0000, 0x0000, 0x0000, 0x0000, 0x0000, 0x0000, 0x0000, 0x0000, 0x0000, 0x0000, 0x0000, 0x0000, 0x0000, 0x0000, 0x0000, 0x0000,
    0x0000, 0x0000, 0x0000, 0x0000, 0x0000, 0x0000, 0x0000, 0x0000, 0x0000, 0x0000, 0x0000, 0x0000, 0x0000, 0x0000, 0x0000, 0x0000,
    0x0000, 0x0000, 0x0000, 0x0000, 0x0000, 0x0000, 0x0000, 0x0000, 0x0000, 0x0000, 0x0000, 0x0000, 0x0000, 0x0000, 0x0000, 0x0000,
    0x0000, 0x0000, 0x0000, 0x0000, 0x0000, 0x0000, 0x0000, 0x0000, 0x0000, 0x0000, 0x0000, 0x0000, 0x0000, 0x0000, 0x0000, 0x0000,
    0x0000, 0x0000, 0x0000, 0x0000, 0x0000, 0x0000, 0x0000, 0x0000, 0x0000, 0x0000, 0x0000, 0x0000, 0x0000, 0x0000, 0x0000, 0x0000,
    0x0000, 0x0000, 0x0000, 0x0000, 0x0000, 0x0000, 0x0000, 0x0000, 0x0000, 0x0000, 0x0000, 0x0000, 0x0000, 0x0000, 0x0000, 0x0000,
    0x0000, 0x0000, 0x0000, 0x0000, 0x0000, 0x0000, 0x0000, 0x0000, 0x0000, 0x0000, 0x0000, 0x0000, 0x0000, 0x0000, 0x0000, 0x0000,
    0x0000, 0x0000, 0x0000, 0x0000, 0x0000, 0x0000, 0x0000, 0x0000, 0x0000, 0x0000, 0x0000, 0x0000, 0x0000, 0x0000, 0x0000, 0x0000,
    0x0000, 0x0000, 0x0000, 0x0000, 0x0000, 0x0000, 0x0000, 0x0000, 0x0000, 0x0000, 0x0000, 0x0000, 0x0000, 0x0000, 0x0000, 0x0000,
    0x0000, 0x0000, 0x0000, 0x0000, 0x0000, 0x0000, 0x0000, 0x0000, 0x0000, 0x0000, 0x0000, 0x0000, 0x0000, 0x0000, 0x0000, 0x0000,
    0x0000, 0x0000, 0x0000, 0x0000, 0x0000, 0x0000, 0x0000, 0x0000, 0x0000, 0x0000, 0x0000, 0x0000, 0x0000, 0x0000, 0x0000, 0x0000,
    0x0000, 0x0000, 0x0000, 0x0000, 0x0000, 0x0000, 0x0000, 0x0000, 0x0000, 0x0000, 0x0000, 0x0000, 0x0000, 0x0000, 0x0000, 0x0000,
    0x0000, 0x0000, 0x0000, 0x0000, 0x0000, 0x0000, 0x0000, 0x0000, 0x0000, 0x0000, 0x0000, 0x0000, 0x0000, 0x0000, 0x0000, 0x0000,
    0x0000, 0x0000, 0x0000, 0x0000, 0x0000, 0x0000, 0x0000, 0x0000, 0x0000, 0x0000, 0x0000, 0x0000, 0x0000, 0x0000, 0x0000, 0x0000,
    0x0000, 0x0000, 0x0000, 0x0000, 0x0000, 0x0000, 0x0000, 0x0000, 0x0000, 0x0000, 0x0000, 0x0000, 0x0000, 0x0000, 0x0000, 0x0000,
    0x0000, 0x0000, 0x0000, 0x0000, 0x0000, 0x0000, 0x0000, 0x0000, 0x0000, 0x0000, 0x0000, 0x0000, 0x0000, 0x0000, 0x0000, 0x0000,
    0x0000, 0x0000, 0x0000, 0x0000, 0x0000, 0x0000, 0x0000, 0x0000, 0x0000, 0x0000, 0x0000, 0x0000, 0x0000, 0x0000, 0x0000, 0x0000,
    0x0000, 0x0000, 0x0000, 0x0000, 0x0000, 0x0000, 0x0000, 0x0000, 0x0000, 0x0000, 0x0000, 0x0000, 0x0000, 0x0000, 0x0000, 0x0000,
    0x0000, 0x0000, 0x0000, 0x0000, 0x0000, 0x0000, 0x0000, 0x0000, 0x0000, 0x0000, 0x0000, 0x0000, 0x0000, 0x0000, 0x0000, 0x0000,
    0x0000, 0x0000, 0x0000, 0x0000, 0x0000, 0x0000, 0x0000, 0x0000, 0x0000, 0x0000, 0x0000, 0x0000, 0x0000, 0x0000, 0x0000, 0x0000,
    0x0000, 0x0000, 0x0000, 0x0000, 0x0000, 0x0000, 0x0000, 0x0000, 0x0000, 0x0000, 0x0000, 0x0000, 0x0000, 0x0000, 0x0000, 0x0000,
    0x0000, 0x0000, 0x0000, 0x0000, 0x0000, 0x0000, 0x0000, 0x0000, 0x0000, 0x0000, 0x0000, 0x0000, 0x0000, 0x0000, 0x0000, 0x0000,
    0x0000, 0x0000, 0x0000, 0x0000, 0x0000, 0x0000, 0x0000, 0x0000, 0x0000, 0x0000, 0x0000, 0x0000, 0x0000, 0x0000, 0x0000, 0x0000,
    0x0000, 0x0000, 0x0000, 0x0000, 0x0000, 0x0000, 0x0000, 0x0000, 0x0000, 0x0000, 0x0000, 0x0000, 0x0000, 0x0000, 0x0000, 0x0000,
    0x0000, 0x0000, 0x0000, 0x0000, 0x0000, 0x0000, 0x0000, 0x0000, 0x0000, 0x0000, 0x0000, 0x0000, 0x0000, 0x0000, 0x0000, 0x0000,
    0x0000, 0x0000, 0x0000, 0x0000, 0x0000, 0x0000, 0x0000, 0x0000, 0x0000, 0x0000, 0x0000, 0x0000, 0x0000, 0x0000, 0x0000, 0x0000,
    0x0000, 0x0000, 0x0000, 0x0000, 0x0000, 0x0000, 0x0000, 0x0000, 0x0000, 0x0000, 0x0000, 0x0000, 0x0000, 0x0000, 0x0000, 0x0000,
    0x0000, 0x0000, 0x0000, 0x0000, 0x0000, 0x0000, 0x0000, 0x0000, 0x0000, 0x0000, 0x0000, 0x0000, 0x0000, 0x0000, 0x0000, 0x0000,
    0x0000, 0x0000, 0x0000, 0x0000, 0x0000, 0x0000, 0x0000, 0x0000, 0x0000, 0x0000, 0x0000, 0x0000, 0x0000, 0x0000, 0x0000, 0x0000,
    0x0000, 0x0000, 0x0000, 0x0000, 0x0000, 0x0000, 0x0000, 0x0000, 0x0000, 0x0000, 0x0000, 0x0000, 0x0000, 0x0000, 0x0000, 0x0000,
    0x0000, 0x0000, 0x0000, 0x0000, 0x0000, 0x0000, 0x0000, 0x0000, 0x0000, 0x0000, 0x0000, 0x0000, 0x0000, 0x0000, 0x0000, 0x0000,
    0x0000, 0x0000, 0x0000, 0x0000, 0x0000, 0x0000, 0x0000, 0x0000, 0x0000, 0x0000, 0x0000, 0x0000, 0x0000, 0x0000, 0x0000, 0x0000,
    0x0000, 0x0000, 0x0000, 0x0000, 0x0000, 0x0000, 0x0000, 0x0000, 0x0000, 0x0000, 0x0000, 0x0000, 0x0000, 0x0000, 0x0000, 0x0000,
    0x0000, 0x0000, 0x0000, 0x0000, 0x0000, 0x0000, 0x0000, 0x0000, 0x0000, 0x0000, 0x0000, 0x0000, 0x0000, 0x0000, 0x0000, 0x0000,
    0x0000, 0x0000, 0x0000, 0x0000, 0x0000, 0x0000, 0x0000, 0x0000, 0x0000, 0x0000, 0x0000, 0x0000, 0x0000, 0x0000, 0x0000, 0x0000,
    0x0000, 0x0000, 0x0000, 0x0000, 0x0000, 0x0000, 0x0000, 0x0000, 0x0000, 0x0000, 0x0000, 0x0000, 0x0000, 0x0000, 0x0000, 0x0000,
    0x0000, 0x0000, 0x0000, 0x0000, 0x0000, 0x0000, 0x0000, 0x0000, 0x0000, 0x0000, 0x0000, 0x0000, 0x0000, 0x0000, 0x0000, 0x0000,
    0x0000, 0x0000, 0x0000, 0x0000, 0x0000, 0x0000, 0x0000, 0x0000, 0x0000, 0x0000, 0x0000, 0x0000, 0x0000, 0x0000, 0x0000, 0x0000,
    0x0000, 0x0000, 0x0000, 0x0000, 0x0000, 0x0000, 0x0000, 0x0000, 0x0000, 0x0000, 0x0000, 0x0000, 0x0000, 0x0000, 0x0000, 0x0000,
    0x0000, 0x0000, 0x0000, 0x0000, 0x0000, 0x0000, 0x0000, 0x0000, 0x0000, 0x0000, 0x0000, 0x0000, 0x0000, 0x0000, 0x0000, 0x0000,
    0x0000, 0x0000, 0x0000, 0x0000, 0x0000, 0x0000, 0x0000, 0x0000, 0x0000, 0x0000, 0x0000, 0x0000, 0x0000, 0x0000, 0x0000, 0x0000,
    0x0000, 0x0000, 0x0000, 0x0000, 0x0000, 0x0000, 0x0000, 0x0000, 0x0000, 0x0000, 0x0000, 0x0000, 0x0000, 0x0000, 0x0000, 0x0000,
    0x0000, 0x0000, 0x0000, 0x0000, 0x0000, 0x0000, 0x0000, 0x0000, 0x0000, 0x0000, 0x0000, 0x0000, 0x0000, 0x0000, 0x0000, 0x0000,
    0x0000, 0x0000, 0x0000, 0x0000, 0x0000, 0x0000, 0x0000, 0x0000, 0x0000, 0x0000, 0x0000, 0x0000, 0x0000, 0x0000, 0x0000, 0x0000,
    0x0000, 0x0000, 0x0000, 0x0000, 0x0000, 0x0000, 0x0000, 0x0000, 0x0000, 0x0000, 0x0000, 0x0000, 0x0000, 0x0000, 0x0000, 0x0000,
    0x0000, 0x0000, 0x0000, 0x0000, 0x0000, 0x0000, 0x0000, 0x0000, 0x0000, 0x0000, 0x0000, 0x0000, 0x0000, 0x0000, 0x0000, 0x0000,
    0x0000, 0x0000, 0x0000, 0x0000, 0x0000, 0x0000, 0x0000, 0x0000, 0x0000, 0x0000, 0x0000, 0x0000, 0x0000, 0x0000, 0x0000, 0x0000,
    0x0000, 0x0000, 0x0000, 0x0000, 0x0000, 0x0000, 0x0000, 0x0000, 0x0000, 0x0000, 0x0000, 0x0000, 0x0000, 0x0000, 0x0000, 0x0000,
    0x0000, 0x0000, 0x0000, 0x0000, 0x0000, 0x0000, 0x0000, 0x0000, 0x0000, 0x0000, 0x0000, 0x0000, 0x0000, 0x0000, 0x0000, 0x0000,
    0x0000, 0x0000, 0x0000, 0x0000, 0x0000, 0x0000, 0x0000, 0x0000, 0x0000, 0x0000, 0x0000, 0x0000, 0x0000, 0x0000, 0x0000, 0x0000,
    0x0000, 0x0000, 0x0000, 0x0000, 0x0000, 0x0000, 0x0000, 0x0000, 0x0000, 0x0000, 0x0000, 0x0000, 0x0000, 0x0000, 0x0000, 0x0000,
    0x0000, 0x0000, 0x0000, 0x0000, 0x0000, 0x0000, 0x0000, 0x0000, 0x0000, 0x0000, 0x0000, 0x0000, 0x0000, 0x0000, 0x0000, 0x0000,
    0x0000, 0x0000, 0x0000, 0x0000, 0x0000, 0x0000, 0x0000, 0x0000, 0x0000, 0x0000, 0x0000, 0x0000, 0x0000, 0x0000, 0x0000, 0x0000,
    0x0000, 0x0000, 0x0000, 0x0000, 0x0000, 0x0000, 0x0000, 0x0000, 0x0000, 0x0000, 0x0000, 0x0000, 0x0000, 0x0000, 0x0000, 0x0000,
    0x0000, 0x0000, 0x0000, 0x0000, 0x0000, 0x0000, 0x0000, 0x0000, 0x0000, 0x0000, 0x0000, 0x0000, 0x0000, 0x0000, 0x0000, 0x0000,
    0x0000, 0x0000, 0x0000, 0x0000, 0x0000, 0x0000, 0x0000, 0x0000, 0x0000, 0x0000, 0x0000, 0x0000, 0x0000, 0x0000, 0x0000, 0x0000,
    0x0000, 0x0000, 0x0000, 0x0000, 0x0000, 0x0000, 0x0000, 0x0000, 0x0000, 0x0000, 0x0000, 0x0000, 0x0000, 0x0000, 0x0000, 0x0000,
    0x0000, 0x0000, 0x0000, 0x0000, 0x0000, 0x0000, 0x0000, 0x0000, 0x0000, 0x0000, 0x0000, 0x0000, 0x0000, 0x0000, 0x0000, 0x0000,
    0x0000, 0x0000, 0x0000, 0x0000, 0x0000, 0x0000, 0x0000, 0x0000, 0x0000, 0x0000, 0x0000, 0x0000, 0x0000, 0x0000, 0x0000, 0x0000,
    0x0000, 0x0000, 0x0000, 0x0000, 0x0000, 0x0000, 0x0000, 0x0000, 0x0000, 0x0000, 0x0000, 0x0000, 0x0000, 0x0000, 0x0000, 0x0000,
    0x0000, 0x0000, 0x0000, 0x0000, 0x0000, 0x0000, 0x0000, 0x0000, 0x0000, 0x0000, 0x0000, 0x0000, 0x0000, 0x0000, 0x0000, 0x0000,
    0x0000, 0x0000, 0x0000, 0x0000, 0x0000, 0x0000, 0x0000, 0x0000, 0x0000, 0x0000, 0x0000, 0x0000, 0x0000, 0x0000, 0x0000, 0x0000,
    0x0000, 0x0000, 0x0000, 0x0000, 0x0000, 0x0000, 0x0000, 0x0000, 0x0000, 0x0000, 0x0000, 0x0000, 0x0000, 0x0000, 0x0000, 0x0000,
    0x0000, 0x0000, 0x0000, 0x0000, 0x0000, 0x0000, 0x0000, 0x0000, 0x0000, 0x0000, 0x0000, 0x0000, 0x0000, 0x0000, 0x0000, 0x0000,
    0x0000, 0x0000, 0x0000, 0x0000, 0x0000, 0x0000, 0x0000, 0x0000, 0x0000, 0x0000, 0x0000, 0x0000, 0x0000, 0x0000, 0x0000, 0x0000,
    0x0000, 0x0000, 0x0000, 0x0000, 0x0000, 0x0000, 0x0000, 0x0000, 0x0000, 0x0000, 0x0000, 0x0000, 0x0000, 0x0000, 0x0000, 0x0000,
    0x0000, 0x0000, 0x0000, 0x0000, 0x0000, 0x0000, 0x0000, 0x0000, 0x0000, 0x0000, 0x0000, 0x0000, 0x0000, 0x0000, 0x0000, 0x0000,
    0x0000, 0x0000, 0x0000, 0x0000, 0x0000, 0x0000, 0x0000, 0x0000, 0x0000, 0x0000, 0x0000, 0x0000, 0x0000, 0x0000, 0x0000, 0x0000,
    0x0000, 0x0000, 0x0000, 0x0000, 0x0000, 0x0000, 0x0000, 0x0000, 0x0000, 0x0000, 0x0000, 0x0000, 0x0000, 0x0000, 0x0000, 0x0000,
    0x0000, 0x0000, 0x0000, 0x0000, 0x0000, 0x0000, 0x0000, 0x0000, 0x0000, 0x0000, 0x0000, 0x0000, 0x0000, 0x0000, 0x0000, 0x0000,
    0x0000, 0x0000, 0x0000, 0x0000, 0x0000, 0x0000, 0x0000, 0x0000, 0x0000, 0x0000, 0x0000, 0x0000, 0x0000, 0x0000, 0x0000, 0x0000,
    0x0000, 0x0000, 0x0000, 0x0000, 0x0000, 0x0000, 0x0000, 0x0000, 0x0000, 0x0000, 0x0000, 0x0000, 0x0000, 0x0000, 0x0000, 0x0000,
    0x0000, 0x0000, 0x0000, 0x0000, 0x0000, 0x0000, 0x0000, 0x0000, 0x0000, 0x0000, 0x0000, 0x0000, 0x0000, 0x0000, 0x0000, 0x0000,
    0x0000, 0x0000, 0x0000, 0x0000, 0x0000, 0x0000, 0x0000, 0x0000, 0x0000, 0x0000, 0x0000, 0x0000, 0x0000, 0x0000, 0x0000, 0x0000,
    0x0000, 0x0000, 0x0000, 0x0000, 0x0000, 0x0000, 0x0000, 0x0000, 0x0000, 0x0000, 0x0000, 0x0000, 0x0000, 0x0000, 0x0000, 0x0000,
    0x0000, 0x0000, 0x0000, 0x0000, 0x0000, 0x0000, 0x0000, 0x0000, 0x0000, 0x0000, 0x0000, 0x0000, 0x0000, 0x0000, 0x0000, 0x0000,
    0x0000, 0x0000, 0x0000, 0x0000, 0x0000, 0x0000, 0x0000, 0x0000, 0x0000, 0x0000, 0x0000, 0x0000, 0x0000, 0x0000, 0x0000, 0x0000,
    0x0000, 0x0000, 0x0000, 0x0000, 0x0000, 0x0000, 0x0000, 0x0000, 0x0000, 0x0000, 0x0000, 0x0000, 0x0000, 0x0000, 0x0000, 0x0000,
    0x0000, 0x0000, 0x0000, 0x0000, 0x0000, 0x0000, 0x0000, 0x0000, 0x0000, 0x0000, 0x0000, 0x0000, 0x0000, 0x0000, 0x0000, 0x0000,
    0x0000, 0x0000, 0x0000, 0x0000, 0x0000, 0x0000, 0x0000, 0x0000, 0x0000, 0x0000, 0x0000, 0x0000, 0x0000, 0x0000, 0x0000, 0x0000,
    0x0000, 0x0000, 0x0000, 0x0000, 0x0000, 0x0000, 0x0000, 0x0000, 0x0000, 0x0000, 0x0000, 0x0000, 0x0000, 0x0000, 0x0000, 0x0000,
    0x0000, 0x0000, 0x0000, 0x0000, 0x0000, 0x0000, 0x0000, 0x0000, 0x0000, 0x0000, 0x0000, 0x0000, 0x0000, 0x0000, 0x0000, 0x0000,
    0x0000, 0x0000, 0x0000, 0x0000, 0x0000, 0x0000, 0x0000, 0x0000, 0x0000, 0x0000, 0x0000, 0x0000, 0x0000, 0x0000, 0x0000, 0x0000,
    0x0000, 0x0000, 0x0000, 0x0000, 0x0000, 0x0000, 0x0000, 0x0000, 0x0000, 0x0000, 0x0000, 0x0000, 0x0000, 0x0000, 0x0000, 0x0000,
    0x0000, 0x0000, 0x0000, 0x0000, 0x0000, 0x0000, 0x0000, 0x0000, 0x0000, 0x0000, 0x0000, 0x0000, 0x0000, 0x0000, 0x0000, 0x0000,
    0x0000, 0x0000, 0x0000, 0x0000, 0x0000, 0x0000, 0x0000, 0x0000, 0x0000, 0x0000, 0x0000, 0x0000, 0x0000, 0x0000, 0x0000, 0x0000,
    0x0000, 0x0000, 0x0000, 0x0000, 0x0000, 0x0000, 0x0000, 0x0000, 0x0000, 0x0000, 0x0000, 0x0000, 0x0000, 0x0000, 0x0000, 0x0000,
    0x0000, 0x0000, 0x0000, 0x0000, 0x0000, 0x0000, 0x0000, 0x0000, 0x0000, 0x0000, 0x0000, 0x0000, 0x0000, 0x0000, 0x0000, 0x0000,
    0x0000, 0x0000, 0x0000, 0x0000, 0x0000, 0x0000, 0x0000, 0x0000, 0x0000, 0x0000, 0x0000, 0x0000, 0x0000, 0x0000, 0x0000, 0x0000,
    0x0000, 0x0000, 0x0000, 0x0000, 0x0000, 0x0000, 0x0000, 0x0000, 0x0000, 0x0000, 0x0000, 0x0000, 0x0000, 0x0000, 0x0000, 0x0000,
    0x0000, 0x0000, 0x0000, 0x0000, 0x0000, 0x0000, 0x0000, 0x0000, 0x0000, 0x0000, 0x0000, 0x0000, 0x0000, 0x0000, 0x0000, 0x0000,
    0x0000, 0x0000, 0x0000, 0x0000, 0x0000, 0x0000, 0x0000, 0x0000, 0x0000, 0x0000, 0x0000, 0x0000, 0x0000, 0x0000, 0x0000, 0x0000,
    0x0000, 0x0000, 0x0000, 0x0000, 0x0000, 0x0000, 0x0000, 0x0000, 0x0000, 0x0000, 0x0000, 0x0000, 0x0000, 0x0000, 0x0000, 0x0000,
    0x0000, 0x0000, 0x0000, 0x0000, 0x0000, 0x0000, 0x0000, 0x0000, 0x0000, 0x0000, 0x0000, 0x0000, 0x0000, 0x0000, 0x0000, 0x0000,
    0x0000, 0x0000, 0x0000, 0x0000, 0x0000, 0x0000, 0x0000, 0x0000, 0x0000, 0x0000, 0x0000, 0x0000, 0x0000, 0x0000, 0x0000, 0x0000,
    0x0000, 0x0000, 0x0000, 0x0000, 0x0000, 0x0000, 0x0000, 0x0000, 0x0000, 0x0000, 0x0000, 0x0000, 0x0000, 0x0000, 0x0000, 0x0000,
    0x0000, 0x0000, 0x0000, 0x0000, 0x0000, 0x0000, 0x0000, 0x0000, 0x0000, 0x0000, 0x0000, 0x0000, 0x0000, 0x0000, 0x0000, 0x0000,
    0x0000, 0x0000, 0x0000, 0x0000, 0x0000, 0x0000, 0x0000, 0x0000, 0x0000, 0x0000, 0x0000, 0x0000, 0x0000, 0x0000, 0x0000, 0x0000,
    0x0000, 0x0000, 0x0000, 0x0000, 0x0000, 0x0000, 0x0000, 0x0000, 0x0000, 0x0000, 0x0000, 0x0000, 0x0000, 0x0000, 0x0000, 0x0000,
    0x0000, 0x0000, 0x0000, 0x0000, 0x0000, 0x0000, 0x0000, 0x0000, 0x0000, 0x0000, 0x0000, 0x0000, 0x0000, 0x0000, 0x0000, 0x0000,
    0x0000, 0x0000, 0x0000, 0x0000, 0x0000, 0x0000, 0x0000, 0x0000, 0x0000, 0x0000, 0x0000, 0x0000, 0x0000, 0x0000, 0x0000, 0x0000,
    0x0000, 0x0000, 0x0000, 0x0000, 0x0000, 0x0000, 0x0000, 0x0000, 0x0000, 0x0000, 0x0000, 0x0000, 0x0000, 0x0000, 0x0000, 0x0000,
    0x0000, 0x0000, 0x0000, 0x0000, 0x0000, 0x0000, 0x0000, 0x0000, 0x0000, 0x0000, 0x0000, 0x0000, 0x0000, 0x0000, 0x0000, 0x0000,
    0x0000, 0x0000, 0x0000, 0x0000, 0x0000, 0x0000, 0x0000, 0x0000, 0x0000, 0x0000, 0x0000, 0x0000, 0x0000, 0x0000, 0x0000, 0x0000,
    0x0000, 0x0000, 0x0000, 0x0000, 0x0000, 0x0000, 0x0000, 0x0000, 0x0000, 0x0000, 0x0000, 0x0000, 0x0000, 0x0000, 0x0000, 0x0000,
    0x0000, 0x0000, 0x0000, 0x0000, 0x0000, 0x0000, 0x0000, 0x0000, 0x0000, 0x0000, 0x0000, 0x0000, 0x0000, 0x0000, 0x0000, 0x0000,
    0x0000, 0x0000, 0x0000, 0x0000, 0x0000, 0x0000, 0x0000, 0x0000, 0x0000, 0x0000, 0x0000, 0x0000, 0x0000, 0x0000, 0x0000, 0x0000,
    0x0000, 0x0000, 0x0000, 0x0000, 0x0000, 0x0000, 0x0000, 0x0000, 0x0000, 0x0000, 0x0000, 0x0000, 0x0000, 0x0000, 0x0000, 0x0000,
    0x0000, 0x0000, 0x0000, 0x0000, 0x0000, 0x0000, 0x0000, 0x0000, 0x0000, 0x0000, 0x0000, 0x0000, 0x0000, 0x0000, 0x0000, 0x0000,
    0x0000, 0x0000, 0x0000, 0x0000, 0x0000, 0x0000, 0x0000, 0x0000, 0x0000, 0x0000, 0x0000, 0x0000, 0x0000, 0x0000, 0x0000, 0x0000,
    0x0000, 0x0000, 0x0000, 0x0000, 0x0000, 0x0000, 0x0000, 0x0000, 0x0000, 0x0000, 0x0000, 0x0000, 0x0000, 0x0000, 0x0000, 0x0000,
    0x0000, 0x0000, 0x0000, 0x0000, 0x0000, 0x0000, 0x0000, 0x0000, 0x0000, 0x0000, 0x0000, 0x0000, 0x0000, 0x0000, 0x0000, 0x0000,
    0x0000, 0x0000, 0x0000, 0x0000, 0x0000, 0x0000, 0x0000, 0x0000, 0x0000, 0x0000, 0x0000, 0x0000, 0x0000, 0x0000, 0x0000, 0x0000,
    0x0000, 0x0000, 0x0000, 0x0000, 0x0000, 0x0000, 0x0000, 0x0000, 0x0000, 0x0000, 0x0000, 0x0000, 0x0000, 0x0000, 0x0000, 0x0000,
    0x0000, 0x0000, 0x0000, 0x0000, 0x0000, 0x0000, 0x0000, 0x0000, 0x0000, 0x0000, 0x0000, 0x0000, 0x0000, 0x0000, 0x0000, 0x0000,
    0x0000, 0x0000, 0x0000, 0x0000, 0x0000, 0x0000, 0x0000, 0x0000, 0x0000, 0x0000, 0x0000, 0x0000, 0x0000, 0x0000, 0x0000, 0x0000,
    0x0000, 0x0000, 0x0000, 0x0000, 0x0000, 0x0000, 0x0000, 0x0000, 0x0000, 0x0000, 0x0000, 0x0000, 0x0000, 0x0000, 0x0000, 0x0000,
    0x0000, 0x0000, 0x0000, 0x0000, 0x0000, 0x0000, 0x0000, 0x0000, 0x0000, 0x0000, 0x0000, 0x0000, 0x0000, 0x0000, 0x0000, 0x0000,
    0x0000, 0x0000, 0x0000, 0x0000, 0x0000, 0x0000, 0x0000, 0x0000, 0x0000, 0x0000, 0x0000, 0x0000, 0x0000, 0x0000, 0x0000, 0x0000,
    0x0000, 0x0000, 0x0000, 0x0000, 0x0000, 0x0000, 0x0000, 0x0000, 0x0000, 0x0000, 0x0000, 0x0000, 0x0000, 0x0000, 0x0000, 0x0000,
    0x0000, 0x0000, 0x0000, 0x0000, 0x0000, 0x0000, 0x0000, 0x0000, 0x0000, 0x0000, 0x0000, 0x0000, 0x0000, 0x0000, 0x0000, 0x0000,
    0x0000, 0x0000, 0x0000, 0x0000, 0x0000, 0x0000, 0x0000, 0x0000, 0x0000, 0x0000, 0x0000, 0x0000, 0x0000, 0x0000, 0x0000, 0x0000,
    0x0000, 0x0000, 0x0000, 0x0000, 0x0000, 0x0000, 0x0000, 0x0000, 0x0000, 0x0000, 0x0000, 0x0000, 0x0000, 0x0000, 0x0000, 0x0000,
    0x0000, 0x0000, 0x0000, 0x0000, 0x0000, 0x0000, 0x0000, 0x0000, 0x0000, 0x0000, 0x0000, 0x0000, 0x0000, 0x0000, 0x0000, 0x0000,
    0x0000, 0x0000, 0x0000, 0x0000, 0x0000, 0x0000, 0x0000, 0x0000, 0x0000, 0x0000, 0x0000, 0x0000, 0x0000, 0x0000, 0x0000, 0x0000,
    0x0000, 0x0000, 0x0000, 0x0000, 0x0000, 0x0000, 0x0000, 0x0000, 0x0000, 0x0000, 0x0000, 0x0000, 0x0000, 0x0000, 0x0000, 0x0000,
    0x0000, 0x0000, 0x0000, 0x0000, 0x0000, 0x0000, 0x0000, 0x0000, 0x0000, 0x0000, 0x0000, 0x0000, 0x0000, 0x0000, 0x0000, 0x0000,
    0x0000, 0x0000, 0x0000, 0x0000, 0x0000, 0x0000, 0x0000, 0x0000, 0x0000, 0x0000, 0x0000, 0x0000, 0x0000, 0x0000, 0x0000, 0x0000,
    0x0000, 0x0000, 0x0000, 0x0000, 0x0000, 0x0000, 0x0000, 0x0000, 0x0000, 0x0000, 0x0000, 0x0000, 0x0000, 0x0000, 0x0000, 0x0000,
    0x0000, 0x0000, 0x0000, 0x0000, 0x0000, 0x0000, 0x0000, 0x0000, 0x0000, 0x0000, 0x0000, 0x0000, 0x0000, 0x0000, 0x0000, 0x0000,
    0x0000, 0x0000, 0x0000, 0x0000, 0x0000, 0x0000, 0x0000, 0x0000, 0x0000, 0x0000, 0x0000, 0x0000, 0x0000, 0x0000, 0x0000, 0x0000,
    0x0000, 0x0000, 0x0000, 0x0000, 0x0000, 0x0000, 0x0000, 0x0000, 0x0000, 0x0000, 0x0000, 0x0000, 0x0000, 0x0000, 0x0000, 0x0000,
    0x0000, 0x0000, 0x0000, 0x0000, 0x0000, 0x0000, 0x0000, 0x0000, 0x0000, 0x0000, 0x0000, 0x0000, 0x0000, 0x0000, 0x0000, 0x0000,
    0x0000, 0x0000, 0x0000, 0x0000, 0x0000, 0x0000, 0x0000, 0x0000, 0x0000, 0x0000, 0x0000, 0x0000, 0x0000, 0x0000, 0x0000, 0x0000,
    0x0000, 0x0000, 0x0000, 0x0000, 0x0000, 0x0000, 0x0000, 0x0000, 0x0000, 0x0000, 0x0000, 0x0000, 0x0000, 0x0000, 0x0000, 0x0000,
    0x0000, 0x0000, 0x0000, 0x0000, 0x0000, 0x0000, 0x0000, 0x0000, 0x0000, 0x0000, 0x0000, 0x0000, 0x0000, 0x0000, 0x0000, 0x0000,
    0x0000, 0x0000, 0x0000, 0x0000, 0x0000, 0x0000, 0x0000, 0x0000, 0x0000, 0x0000, 0x0000, 0x0000, 0x0000, 0x0000, 0x0000, 0x0000,
    0x0000, 0x0000, 0x0000, 0x0000, 0x0000, 0x0000, 0x0000, 0x0000, 0x0000, 0x0000, 0x0000, 0x0000, 0x0000, 0x0000, 0x0000, 0x0000,
    0x0000, 0x0000, 0x0000, 0x0000, 0x0000, 0x0000, 0x0000, 0x0000, 0x0000, 0x0000, 0x0000, 0x0000, 0x0000, 0x0000, 0x0000, 0x0000,
    0x0000, 0x0000, 0x0000, 0x0000, 0x0000, 0x0000, 0x0000, 0x0000, 0x0000, 0x0000, 0x0000, 0x0000, 0x0000, 0x0000, 0x0000, 0x0000,
    0x0000, 0x0000, 0x0000, 0x0000, 0x0000, 0x0000, 0x0000, 0x0000, 0x0000, 0x0000, 0x0000, 0x0000, 0x0000, 0x0000, 0x0000, 0x0000,
    0x0000, 0x0000, 0x0000, 0x0000, 0x0000, 0x0000, 0x0000, 0x0000, 0x0000, 0x0000, 0x0000, 0x0000, 0x0000, 0x0000, 0x0000, 0x0000,
    0x0000, 0x0000, 0x0000, 0x0000, 0x0000, 0x0000, 0x0000, 0x0000, 0x0000, 0x0000, 0x0000, 0x0000, 0x0000, 0x0000, 0x0000, 0x0000,
    0x0000, 0x0000, 0x0000, 0x0000, 0x0000, 0x0000, 0x0000, 0x0000, 0x0000, 0x0000, 0x0000, 0x0000, 0x0000, 0x0000, 0x0000, 0x0000,
    0x0000, 0x0000, 0x0000, 0x0000, 0x0000, 0x0000, 0x0000, 0x0000, 0x0000, 0x0000, 0x0000, 0x0000, 0x0000, 0x0000, 0x0000, 0x0000,
    0x0000, 0x0000, 0x0000, 0x0000, 0x0000, 0x0000, 0x0000, 0x0000, 0x0000, 0x0000, 0x0000, 0x0000, 0x0000, 0x0000, 0x0000, 0x0000,
    0x0000, 0x0000, 0x0000, 0x0000, 0x0000, 0x0000, 0x0000, 0x0000, 0x0000, 0x0000, 0x0000, 0x0000, 0x0000, 0x0000, 0x0000, 0x0000,
    0x0000, 0x0000, 0x0000, 0x0000, 0x0000, 0x0000, 0x0000, 0x0000, 0x0000, 0x0000, 0x0000, 0x0000, 0x0000, 0x0000, 0x0000, 0x0000,
    0x0000, 0x0000, 0x0000, 0x0000, 0x0000, 0x0000, 0x0000, 0x0000, 0x0000, 0x0000, 0x0000, 0x0000, 0x0000, 0x0000, 0x0000, 0x0000,
    0x0000, 0x0000, 0x0000, 0x0000, 0x0000, 0x0000, 0x0000, 0x0000, 0x0000, 0x0000, 0x0000, 0x0000, 0x0000, 0x0000, 0x0000, 0x0000,
    0x0000, 0x0000, 0x0000, 0x0000, 0x0000, 0x0000, 0x0000, 0x0000, 0x0000, 0x0000, 0x0000, 0x0000, 0x0000, 0x0000, 0x0000, 0x0000,
    0x0000, 0x0000, 0x0000, 0x0000, 0x0000, 0x0000, 0x0000, 0x0000, 0x0000, 0x0000, 0x0000, 0x0000, 0x0000, 0x0000, 0x0000, 0x0000,
    0x0000, 0x0000, 0x0000, 0x0000, 0x0000, 0x0000, 0x0000, 0x0000, 0x0000, 0x0000, 0x0000, 0x0000, 0x0000, 0x0000, 0x0000, 0x0000,
    0x0000, 0x0000, 0x0000, 0x0000, 0x0000, 0x0000, 0x0000, 0x0000, 0x0000, 0x0000, 0x0000, 0x0000, 0x0000, 0x0000, 0x0000, 0x0000,
    0x0000, 0x0000, 0x0000, 0x0000, 0x0000, 0x0000, 0x0000, 0x0000, 0x0000, 0x0000, 0x0000, 0x0000, 0x0000, 0x0000, 0x0000, 0x0000,
    0x0000, 0x0000, 0x0000, 0x0000, 0x0000, 0x0000, 0x0000, 0x0000, 0x0000, 0x0000, 0x0000, 0x0000, 0x0000, 0x0000, 0x0000, 0x0000,
    0x0000, 0x0000, 0x0000, 0x0000, 0x0000, 0x0000, 0x0000, 0x0000, 0x0000, 0x0000, 0x0000, 0x0000, 0x0000, 0x0000, 0x0000, 0x0000,
    0x0000, 0x0000, 0x0000, 0x0000, 0x0000, 0x0000, 0x0000, 0x0000, 0x0000, 0x0000, 0x0000, 0x0000, 0x0000, 0x0000, 0x0000, 0x0000,
    0x0000, 0x0000, 0x0000, 0x0000, 0x0000, 0x0000, 0x0000, 0x0000, 0x0000, 0x0000, 0x0000, 0x0000, 0x0000, 0x0000, 0x0000, 0x0000,
    0x0000, 0x0000, 0x0000, 0x0000, 0x0000, 0x0000, 0x0000, 0x0000, 0x0000, 0x0000, 0x0000, 0x0000, 0x0000, 0x0000, 0x0000, 0x0000,
    0x0000, 0x0000, 0x0000, 0x0000, 0x0000, 0x0000, 0x0000, 0x0000, 0x0000, 0x0000, 0x0000, 0x0000, 0x0000, 0x0000, 0x0000, 0x0000,
    0x0000, 0x0000, 0x0000, 0x0000, 0x0000, 0x0000, 0x0000, 0x0000, 0x0000, 0x0000, 0x0000, 0x0000, 0x0000, 0x0000, 0x0000, 0x0000,
    0x0000, 0x0000, 0x0000, 0x0000, 0x0000, 0x0000, 0x0000, 0x0000, 0x0000, 0x0000, 0x0000, 0x0000, 0x0000, 0x0000, 0x0000, 0x0000,
    0x0000, 0x0000, 0x0000, 0x0000, 0x0000, 0x0000, 0x0000, 0x0000, 0x0000, 0x0000, 0x0000, 0x0000, 0x0000, 0x0000, 0x0000, 0x0000,
    0x0000, 0x0000, 0x0000, 0x0000, 0x0000, 0x0000, 0x0000, 0x0000, 0x0000, 0x0000, 0x0000, 0x0000, 0x0000, 0x0000, 0x0000, 0x0000,
    0x0000, 0x0000, 0x0000, 0x0000, 0x0000, 0x0000, 0x0000, 0x0000, 0x0000, 0x0000, 0x0000, 0x0000, 0x0000, 0x0000, 0x0000, 0x0000,
    0x0000, 0x0000, 0x0000, 0x0000, 0x0000, 0x0000, 0x0000, 0x0000, 0x0000, 0x0000, 0x0000, 0x0000, 0x0000, 0x0000, 0x0000, 0x0000,
    0x0000, 0x0000, 0x0000, 0x0000, 0x0000, 0x0000, 0x0000, 0x0000, 0x0000, 0x0000, 0x0000, 0x0000, 0x0000, 0x0000, 0x0000, 0x0000,
    0x0000, 0x0000, 0x0000, 0x0000, 0x0000, 0x0000, 0x0000, 0x0000, 0x0000, 0x0000, 0x0000, 0x0000, 0x0000, 0x0000, 0x0000, 0x0000,
    0x0000, 0x0000, 0x0000, 0x0000, 0x0000, 0x0000, 0x0000, 0x0000, 0x0000, 0x0000, 0x0000, 0x0000, 0x0000, 0x0000, 0x0000, 0x0000,
    0x0000, 0x0000, 0x0000, 0x0000, 0x0000, 0x0000, 0x0000, 0x0000, 0x0000, 0x0000, 0x0000, 0x0000, 0x0000, 0x0000, 0x0000, 0x0000,
    0x0000, 0x0000, 0x0000, 0x0000, 0x0000, 0x0000, 0x0000, 0x0000, 0x0000, 0x0000, 0x0000, 0x0000, 0x0000, 0x0000, 0x0000, 0x0000,
    0x0000, 0x0000, 0x0000, 0x0000, 0x0000, 0x0000, 0x0000, 0x0000, 0x0000, 0x0000, 0x0000, 0x0000, 0x0000, 0x0000, 0x0000, 0x0000,
    0x0000, 0x0000, 0x0000, 0x0000, 0x0000, 0x0000, 0x0000, 0x0000, 0x0000, 0x0000, 0x0000, 0x0000, 0x0000, 0x0000, 0x0000, 0x0000,
    0x0000, 0x0000, 0x0000, 0x0000, 0x0000, 0x0000, 0x0000, 0x0000, 0x0000, 0x0000, 0x0000, 0x0000, 0x0000, 0x0000, 0x0000, 0x0000,
    0x0000, 0x0000, 0x0000, 0x0000, 0x0000, 0x0000, 0x0000, 0x0000, 0x0000, 0x0000, 0x0000, 0x0000, 0x0000, 0x0000, 0x0000, 0x0000,
    0x0000, 0x0000, 0x0000, 0x0000, 0x0000, 0x0000, 0x0000, 0x0000, 0x0000, 0x0000, 0x0000, 0x0000, 0x0000, 0x0000, 0x0000, 0x0000,
    0x0000, 0x0000, 0x0000, 0x0000, 0x0000, 0x0000, 0x0000, 0x0000, 0x0000, 0x0000, 0x0000, 0x0000, 0x0000, 0x0000, 0x0000, 0x0000,
    0x0000, 0x0000, 0x0000, 0x0000, 0x0000, 0x0000, 0x0000, 0x0000, 0x0000, 0x0000, 0x0000, 0x0000, 0x0000, 0x0000, 0x0000, 0x0000,
    0x0000, 0x0000, 0x0000, 0x0000, 0x0000, 0x0000, 0x0000, 0x0000, 0x0000, 0x0000, 0x0000, 0x0000, 0x0000, 0x0000, 0x0000, 0x0000,
    0x0000, 0x0000, 0x0000, 0x0000, 0x0000, 0x0000, 0x0000, 0x0000, 0x0000, 0x0000, 0x0000, 0x0000, 0x0000, 0x0000, 0x0000, 0x0000,
    0x0000, 0x0000, 0x0000, 0x0000, 0x0000, 0x0000, 0x0000, 0x0000, 0x0000, 0x0000, 0x0000, 0x0000, 0x0000, 0x0000, 0x0000, 0x0000,
    0x0000, 0x0000, 0x0000, 0x0000, 0x0000, 0x0000, 0x0000, 0x0000, 0x0000, 0x0000, 0x0000, 0x0000, 0x0000, 0x0000, 0x0000, 0x0000,
    0x0000, 0x0000, 0x0000, 0x0000, 0x0000, 0x0000, 0x0000, 0x0000, 0x0000, 0x0000, 0x0000, 0x0000, 0x0000, 0x0000, 0x0000, 0x0000,
};
